Time_s,DetectorVoltage_V,Power_dB,RelativeAmplitude,RelativePower
0.296,0.414,16.56,0.177827941003892,0.0316227766016838
0.296,0.194,7.76,0.0645654229034656,0.00416869383470336
0.296,0.466,18.64,0.225943577022098,0.0510504999975407
0.296,0.129,5.16,0.0478630092322639,0.00229086765276777
0.296,0.453,18.12,0.212813904598271,0.0452897579903621
0.296,0.207,8.28,0.0685488226452661,0.00469894108605215
0.297,0.466,18.64,0.225943577022098,0.0510504999975407
0.297,0.569,22.76,0.363078054770101,0.131825673855641
0.297,0.362,14.48,0.139958732257262,0.0195884467350599
0.297,0.544,21.76,0.323593656929628,0.10471285480509
0.297,0.298,11.92,0.10423174293933,0.0108642562361707
0.297,0.518,20.72,0.287078058202469,0.0824138115013002
0.297,0.608,24.32,0.434510224171571,0.188799134909629
0.297,0.492,19.68,0.254683025258504,0.0648634433548238
0.297,0.595,23.8,0.409260659730011,0.167494287602644
0.297,0.66,26.4,0.552077439280757,0.304789498962798
0.297,0.582,23.28,0.385478357665772,0.148593564228701
0.297,0.634,25.36,0.489778819368446,0.239883291901949
0.297,0.66,26.4,0.552077439280757,0.304789498962798
0.297,0.634,25.36,0.489778819368446,0.239883291901949
0.297,0.66,26.4,0.552077439280757,0.304789498962798
0.297,0.647,25.88,0.519995996533516,0.270395836410884
0.297,0.634,25.36,0.489778819368446,0.239883291901949
0.298,0.647,25.88,0.519995996533516,0.270395836410884
0.298,0.608,24.32,0.434510224171571,0.188799134909629
0.369,0.66,26.4,0.552077439280757,0.304789498962798
0.369,0.621,24.84,0.461317574560379,0.212813904598271
0.369,0.531,21.24,0.304789498962798,0.0928966386779936
0.369,0.634,25.36,0.489778819368446,0.239883291901949
0.369,0.556,22.24,0.341979442513709,0.116949939101987
0.369,0.401,16.04,0.167494287602644,0.0280543363795171
0.382,0.582,23.28,0.385478357665772,0.148593564228701
0.382,0.453,18.12,0.212813904598271,0.0452897579903621
0.487,0.168,6.72,0.0572796030985829,0.00328095293113119
0.487,0.492,19.68,0.254683025258504,0.0648634433548238
0.487,0.181,7.24,0.0608135001278718,0.00369828179780266
0.488,0.44,17.6,0.200447202736516,0.040179081084894
0.488,0.298,11.92,0.10423174293933,0.0108642562361707
0.488,0.375,15,0.148593564228701,0.022080047330189
0.488,0.544,21.76,0.323593656929628,0.10471285480509
0.488,0.311,12.44,0.110662378397767,0.0122461619926505
0.571,0.531,21.24,0.304789498962798,0.0928966386779936
0.571,0.44,17.6,0.200447202736516,0.040179081084894
0.571,0.505,20.2,0.270395836410884,0.0731139083483417
0.571,0.595,23.8,0.409260659730011,0.167494287602644
0.571,0.466,18.64,0.225943577022098,0.0510504999975407
0.571,0.582,23.28,0.385478357665772,0.148593564228701
0.571,0.647,25.88,0.519995996533516,0.270395836410884
0.591,0.582,23.28,0.385478357665772,0.148593564228701
0.591,0.634,25.36,0.489778819368446,0.239883291901949
0.608,0.647,25.88,0.519995996533516,0.270395836410884
0.625,0.621,24.84,0.461317574560379,0.212813904598271
0.625,0.66,26.4,0.552077439280757,0.304789498962798
0.64,0.66,26.4,0.552077439280757,0.304789498962798
0.654,0.647,25.88,0.519995996533516,0.270395836410884
0.67,0.647,25.88,0.519995996533516,0.270395836410884
0.67,0.608,24.32,0.434510224171571,0.188799134909629
0.685,0.647,25.88,0.519995996533516,0.270395836410884
0.701,0.621,24.84,0.461317574560379,0.212813904598271
0.717,0.556,22.24,0.341979442513709,0.116949939101987
0.717,0.634,25.36,0.489778819368446,0.239883291901949
0.744,0.569,22.76,0.363078054770101,0.131825673855641
0.744,0.427,17.08,0.188799134909629,0.0356451133426244
0.783,0.569,22.76,0.363078054770101,0.131825673855641
0.783,0.466,18.64,0.225943577022098,0.0510504999975407
0.785,0.168,6.72,0.0572796030985829,0.00328095293113119
0.813,0.505,20.2,0.270395836410884,0.0731139083483417
0.813,0.505,20.2,0.270395836410884,0.0731139083483417
0.813,0.388,15.52,0.157761126969935,0.0248885731828239
0.834,0.298,11.92,0.10423174293933,0.0108642562361707
0.852,0.349,13.96,0.131825673855641,0.0173780082874937
0.852,0.544,21.76,0.323593656929628,0.10471285480509
0.868,0.272,10.88,0.0924698173938222,0.00855066712884683
0.884,0.518,20.72,0.287078058202469,0.0824138115013002
0.884,0.181,7.24,0.0608135001278718,0.00369828179780266
0.899,0.492,19.68,0.254683025258504,0.0648634433548238
0.915,0.608,24.32,0.434510224171571,0.188799134909629
0.93,0.453,18.12,0.212813904598271,0.0452897579903621
0.93,0.582,23.28,0.385478357665772,0.148593564228701
0.946,0.634,25.36,0.489778819368446,0.239883291901949
0.961,0.556,22.24,0.341979442513709,0.116949939101987
0.977,0.634,25.36,0.489778819368446,0.239883291901949
0.991,0.66,26.4,0.552077439280757,0.304789498962798
0.991,0.621,24.84,0.461317574560379,0.212813904598271
1.008,0.66,26.4,0.552077439280757,0.304789498962798
1.022,0.66,26.4,0.552077439280757,0.304789498962798
1.038,0.647,25.88,0.519995996533516,0.270395836410884
1.038,0.66,26.4,0.552077439280757,0.304789498962798
1.055,0.621,24.84,0.461317574560379,0.212813904598271
1.072,0.66,26.4,0.552077439280757,0.304789498962798
1.088,0.647,25.88,0.519995996533516,0.270395836410884
1.088,0.569,22.76,0.363078054770101,0.131825673855641
1.102,0.647,25.88,0.519995996533516,0.270395836410884
1.118,0.582,23.28,0.385478357665772,0.148593564228701
1.132,0.453,18.12,0.212813904598271,0.0452897579903621
1.148,0.595,23.8,0.409260659730011,0.167494287602644
1.148,0.492,19.68,0.254683025258504,0.0648634433548238
1.165,0.181,7.24,0.0608135001278718,0.00369828179780266
1.181,0.518,20.72,0.287078058202469,0.0824138115013002
1.181,0.259,10.36,0.0870963589956081,0.00758577575029184
1.196,0.375,15,0.148593564228701,0.022080047330189
1.213,0.349,13.96,0.131825673855641,0.0173780082874937
1.228,0.311,12.44,0.110662378397767,0.0122461619926505
1.228,0.531,21.24,0.304789498962798,0.0928966386779936
1.244,0.22,8.8,0.0727779804536824,0.00529663443891658
1.261,0.505,20.2,0.270395836410884,0.0731139083483417
1.275,0.181,7.24,0.0608135001278718,0.00369828179780266
1.276,0.479,19.16,0.239883291901949,0.0575439937337157
1.29,0.595,23.8,0.409260659730011,0.167494287602644
1.306,0.44,17.6,0.200447202736516,0.040179081084894
1.321,0.569,22.76,0.363078054770101,0.131825673855641
1.337,0.634,25.36,0.489778819368446,0.239883291901949
1.337,0.531,21.24,0.304789498962798,0.0928966386779936
1.353,0.634,25.36,0.489778819368446,0.239883291901949
1.367,0.647,25.88,0.519995996533516,0.270395836410884
1.383,0.621,24.84,0.461317574560379,0.212813904598271
1.383,0.647,25.88,0.519995996533516,0.270395836410884
1.398,0.634,25.36,0.489778819368446,0.239883291901949
1.412,0.647,25.88,0.519995996533516,0.270395836410884
1.428,0.647,25.88,0.519995996533516,0.270395836410884
1.443,0.621,24.84,0.461317574560379,0.212813904598271
1.443,0.66,26.4,0.552077439280757,0.304789498962798
1.458,0.647,25.88,0.519995996533516,0.270395836410884
1.473,0.569,22.76,0.363078054770101,0.131825673855641
1.487,0.647,25.88,0.519995996533516,0.270395836410884
1.503,0.582,23.28,0.385478357665772,0.148593564228701
1.503,0.466,18.64,0.225943577022098,0.0510504999975407
1.517,0.608,24.32,0.434510224171571,0.188799134909629
1.534,0.505,20.2,0.270395836410884,0.0731139083483417
1.548,0.259,10.36,0.0870963589956081,0.00758577575029184
1.564,0.544,21.76,0.323593656929628,0.10471285480509
1.564,0.311,12.44,0.110662378397767,0.0122461619926505
1.579,0.336,13.44,0.124165230759241,0.0154170045294956
1.594,0.388,15.52,0.157761126969935,0.0248885731828239
1.609,0.246,9.84,0.0820351544329818,0.00672976656284318
1.609,0.518,20.72,0.287078058202469,0.0824138115013002
1.624,0.569,22.76,0.363078054770101,0.131825673855641
1.64,0.492,19.68,0.254683025258504,0.0648634433548238
1.655,0.595,23.8,0.409260659730011,0.167494287602644
1.67,0.44,17.6,0.200447202736516,0.040179081084894
1.67,0.582,23.28,0.385478357665772,0.148593564228701
1.684,0.388,15.52,0.157761126969935,0.0248885731828239
1.7,0.569,22.76,0.363078054770101,0.131825673855641
1.715,0.634,25.36,0.489778819368446,0.239883291901949
1.73,0.544,21.76,0.323593656929628,0.10471285480509
1.73,0.621,24.84,0.461317574560379,0.212813904598271
1.746,0.647,25.88,0.519995996533516,0.270395836410884
1.762,0.621,24.84,0.461317574560379,0.212813904598271
1.777,0.647,25.88,0.519995996533516,0.270395836410884
1.777,0.66,26.4,0.552077439280757,0.304789498962798
1.791,0.647,25.88,0.519995996533516,0.270395836410884
1.806,0.66,26.4,0.552077439280757,0.304789498962798
1.821,0.634,25.36,0.489778819368446,0.239883291901949
1.836,0.66,26.4,0.552077439280757,0.304789498962798
1.837,0.647,25.88,0.519995996533516,0.270395836410884
1.852,0.582,23.28,0.385478357665772,0.148593564228701
1.867,0.647,25.88,0.519995996533516,0.270395836410884
1.883,0.608,24.32,0.434510224171571,0.188799134909629
1.883,0.492,19.68,0.254683025258504,0.0648634433548238
1.899,0.608,24.32,0.434510224171571,0.188799134909629
1.914,0.505,20.2,0.270395836410884,0.0731139083483417
1.931,0.272,10.88,0.0924698173938222,0.00855066712884683
1.931,0.544,21.76,0.323593656929628,0.10471285480509
1.947,0.349,13.96,0.131825673855641,0.0173780082874937
1.961,0.298,11.92,0.10423174293933,0.0108642562361707
1.976,0.414,16.56,0.177827941003892,0.0316227766016838
1.992,0.246,9.84,0.0820351544329818,0.00672976656284318
1.992,0.492,19.68,0.254683025258504,0.0648634433548238
2.008,0.181,7.24,0.0608135001278718,0.00369828179780266
2.023,0.479,19.16,0.239883291901949,0.0575439937337157
2.039,0.582,23.28,0.385478357665772,0.148593564228701
2.039,0.427,17.08,0.188799134909629,0.0356451133426244
2.055,0.569,22.76,0.363078054770101,0.131825673855641
2.07,0.388,15.52,0.157761126969935,0.0248885731828239
2.086,0.556,22.24,0.341979442513709,0.116949939101987
2.086,0.621,24.84,0.461317574560379,0.212813904598271
2.101,0.531,21.24,0.304789498962798,0.0928966386779936
2.117,0.608,24.32,0.434510224171571,0.188799134909629
2.134,0.647,25.88,0.519995996533516,0.270395836410884
2.134,0.608,24.32,0.434510224171571,0.188799134909629
2.148,0.647,25.88,0.519995996533516,0.270395836410884
2.164,0.66,26.4,0.552077439280757,0.304789498962798
2.179,0.647,25.88,0.519995996533516,0.270395836410884
2.195,0.647,25.88,0.519995996533516,0.270395836410884
2.195,0.634,25.36,0.489778819368446,0.239883291901949
2.21,0.647,25.88,0.519995996533516,0.270395836410884
2.226,0.647,25.88,0.519995996533516,0.270395836410884
2.241,0.595,23.8,0.409260659730011,0.167494287602644
2.241,0.647,25.88,0.519995996533516,0.270395836410884
2.256,0.595,23.8,0.409260659730011,0.167494287602644
2.272,0.505,20.2,0.270395836410884,0.0731139083483417
2.287,0.621,24.84,0.461317574560379,0.212813904598271
2.301,0.544,21.76,0.323593656929628,0.10471285480509
2.302,0.336,13.44,0.124165230759241,0.0154170045294956
2.316,0.556,22.24,0.341979442513709,0.116949939101987
2.333,0.401,16.04,0.167494287602644,0.0280543363795171
2.348,0.505,20.2,0.270395836410884,0.0731139083483417
2.348,0.453,18.12,0.212813904598271,0.0452897579903621
2.363,0.168,6.72,0.0572796030985829,0.00328095293113119
2.378,0.492,19.68,0.254683025258504,0.0648634433548238
2.394,0.181,7.24,0.0608135001278718,0.00369828179780266
2.41,0.453,18.12,0.212813904598271,0.0452897579903621
2.41,0.582,23.28,0.385478357665772,0.148593564228701
2.425,0.401,16.04,0.167494287602644,0.0280543363795171
2.443,0.569,22.76,0.363078054770101,0.131825673855641
2.458,0.336,13.44,0.124165230759241,0.0154170045294956
2.458,0.544,21.76,0.323593656929628,0.10471285480509
2.474,0.621,24.84,0.461317574560379,0.212813904598271
2.489,0.518,20.72,0.287078058202469,0.0824138115013002
2.504,0.595,23.8,0.409260659730011,0.167494287602644
2.504,0.66,26.4,0.552077439280757,0.304789498962798
2.521,0.595,23.8,0.409260659730011,0.167494287602644
2.536,0.647,25.88,0.519995996533516,0.270395836410884
2.552,0.66,26.4,0.552077439280757,0.304789498962798
2.552,0.647,25.88,0.519995996533516,0.270395836410884
2.567,0.66,26.4,0.552077439280757,0.304789498962798
2.583,0.647,25.88,0.519995996533516,0.270395836410884
2.598,0.66,26.4,0.552077439280757,0.304789498962798
2.598,0.647,25.88,0.519995996533516,0.270395836410884
2.613,0.595,23.8,0.409260659730011,0.167494287602644
2.629,0.66,26.4,0.552077439280757,0.304789498962798
2.645,0.608,24.32,0.434510224171571,0.188799134909629
2.645,0.518,20.72,0.287078058202469,0.0824138115013002
2.661,0.634,25.36,0.489778819368446,0.239883291901949
2.677,0.544,21.76,0.323593656929628,0.10471285480509
2.693,0.362,14.48,0.139958732257262,0.0195884467350599
2.693,0.556,22.24,0.341979442513709,0.116949939101987
2.708,0.414,16.56,0.177827941003892,0.0316227766016838
2.725,0.207,8.28,0.0685488226452661,0.00469894108605215
2.74,0.453,18.12,0.212813904598271,0.0452897579903621
2.74,0.168,6.72,0.0572796030985829,0.00328095293113119
2.756,0.453,18.12,0.212813904598271,0.0452897579903621
2.772,0.194,7.76,0.0645654229034656,0.00416869383470336
2.788,0.414,16.56,0.177827941003892,0.0316227766016838
2.788,0.556,22.24,0.341979442513709,0.116949939101987
2.805,0.362,14.48,0.139958732257262,0.0195884467350599
2.82,0.544,21.76,0.323593656929628,0.10471285480509
2.835,0.285,11.4,0.0981747943019984,0.0096382902362397
2.835,0.518,20.72,0.287078058202469,0.0824138115013002
2.852,0.608,24.32,0.434510224171571,0.188799134909629
2.868,0.492,19.68,0.254683025258504,0.0648634433548238
2.884,0.608,24.32,0.434510224171571,0.188799134909629
2.884,0.647,25.88,0.519995996533516,0.270395836410884
2.9,0.582,23.28,0.385478357665772,0.148593564228701
2.915,0.634,25.36,0.489778819368446,0.239883291901949
2.931,0.66,26.4,0.552077439280757,0.304789498962798
2.931,0.621,24.84,0.461317574560379,0.212813904598271
2.946,0.66,26.4,0.552077439280757,0.304789498962798
2.962,0.647,25.88,0.519995996533516,0.270395836410884
2.978,0.66,26.4,0.552077439280757,0.304789498962798
2.994,0.647,25.88,0.519995996533516,0.270395836410884
2.994,0.608,24.32,0.434510224171571,0.188799134909629
3.011,0.66,26.4,0.552077439280757,0.304789498962798
3.026,0.608,24.32,0.434510224171571,0.188799134909629
3.026,0.544,21.76,0.323593656929628,0.10471285480509
3.042,0.634,25.36,0.489778819368446,0.239883291901949
3.058,0.556,22.24,0.341979442513709,0.116949939101987
3.073,0.388,15.52,0.157761126969935,0.0248885731828239
3.073,0.582,23.28,0.385478357665772,0.148593564228701
3.09,0.44,17.6,0.200447202736516,0.040179081084894
3.106,0.168,6.72,0.0572796030985829,0.00328095293113119
3.122,0.479,19.16,0.239883291901949,0.0575439937337157
3.122,0.414,16.56,0.177827941003892,0.0316227766016838
3.138,0.44,17.6,0.200447202736516,0.040179081084894
3.153,0.259,10.36,0.0870963589956081,0.00758577575029184
3.168,0.531,21.24,0.304789498962798,0.0928966386779936
3.168,0.556,22.24,0.341979442513709,0.116949939101987
3.184,0.336,13.44,0.124165230759241,0.0154170045294956
3.201,0.544,21.76,0.323593656929628,0.10471285480509
3.217,0.259,10.36,0.0870963589956081,0.00758577575029184
3.217,0.518,20.72,0.287078058202469,0.0824138115013002
3.233,0.608,24.32,0.434510224171571,0.188799134909629
3.249,0.479,19.16,0.239883291901949,0.0575439937337157
3.266,0.595,23.8,0.409260659730011,0.167494287602644
3.266,0.647,25.88,0.519995996533516,0.270395836410884
3.281,0.569,22.76,0.363078054770101,0.131825673855641
3.298,0.634,25.36,0.489778819368446,0.239883291901949
3.314,0.647,25.88,0.519995996533516,0.270395836410884
3.314,0.634,25.36,0.489778819368446,0.239883291901949
3.33,0.647,25.88,0.519995996533516,0.270395836410884
3.346,0.647,25.88,0.519995996533516,0.270395836410884
3.362,0.647,25.88,0.519995996533516,0.270395836410884
3.362,0.647,25.88,0.519995996533516,0.270395836410884
3.378,0.608,24.32,0.434510224171571,0.188799134909629
3.394,0.66,26.4,0.552077439280757,0.304789498962798
3.409,0.621,24.84,0.461317574560379,0.212813904598271
3.41,0.556,22.24,0.341979442513709,0.116949939101987
3.425,0.634,25.36,0.489778819368446,0.239883291901949
3.442,0.569,22.76,0.363078054770101,0.131825673855641
3.458,0.414,16.56,0.177827941003892,0.0316227766016838
3.459,0.582,23.28,0.385478357665772,0.148593564228701
3.474,0.466,18.64,0.225943577022098,0.0510504999975407
3.491,0.168,6.72,0.0572796030985829,0.00328095293113119
3.491,0.492,19.68,0.254683025258504,0.0648634433548238
3.507,0.22,8.8,0.0727779804536824,0.00529663443891658
3.523,0.414,16.56,0.177827941003892,0.0316227766016838
3.54,0.298,11.92,0.10423174293933,0.0108642562361707
3.54,0.349,13.96,0.131825673855641,0.0173780082874937
3.557,0.531,21.24,0.304789498962798,0.0928966386779936
3.573,0.272,10.88,0.0924698173938222,0.00855066712884683
3.589,0.518,20.72,0.287078058202469,0.0824138115013002
3.589,0.311,12.44,0.110662378397767,0.0122461619926505
3.606,0.492,19.68,0.254683025258504,0.0648634433548238
3.622,0.582,23.28,0.385478357665772,0.148593564228701
3.622,0.453,18.12,0.212813904598271,0.0452897579903621
3.639,0.582,23.28,0.385478357665772,0.148593564228701
3.656,0.634,25.36,0.489778819368446,0.239883291901949
3.671,0.569,22.76,0.363078054770101,0.131825673855641
3.671,0.634,25.36,0.489778819368446,0.239883291901949
3.688,0.66,26.4,0.552077439280757,0.304789498962798
3.705,0.634,25.36,0.489778819368446,0.239883291901949
3.722,0.66,26.4,0.552077439280757,0.304789498962798
3.722,0.647,25.88,0.519995996533516,0.270395836410884
3.738,0.66,26.4,0.552077439280757,0.304789498962798
3.755,0.647,25.88,0.519995996533516,0.270395836410884
3.755,0.621,24.84,0.461317574560379,0.212813904598271
3.771,0.66,26.4,0.552077439280757,0.304789498962798
3.787,0.621,24.84,0.461317574560379,0.212813904598271
3.805,0.556,22.24,0.341979442513709,0.116949939101987
3.806,0.634,25.36,0.489778819368446,0.239883291901949
3.823,0.608,24.32,0.434510224171571,0.188799134909629
3.84,0.44,17.6,0.200447202736516,0.040179081084894
3.84,0.595,23.8,0.409260659730011,0.167494287602644
3.856,0.479,19.16,0.239883291901949,0.0575439937337157
3.873,0.168,6.72,0.0572796030985829,0.00328095293113119
3.873,0.518,20.72,0.287078058202469,0.0824138115013002
3.89,0.259,10.36,0.0870963589956081,0.00758577575029184
3.905,0.375,15,0.148593564228701,0.022080047330189
3.922,0.324,12.96,0.117489755493953,0.0138038426460288
3.922,0.336,13.44,0.124165230759241,0.0154170045294956
3.939,0.544,21.76,0.323593656929628,0.10471285480509
3.955,0.246,9.84,0.0820351544329818,0.00672976656284318
3.955,0.518,20.72,0.287078058202469,0.0824138115013002
3.972,0.155,6.2,0.0539510622515128,0.00291071711806661
3.989,0.595,23.8,0.409260659730011,0.167494287602644
4.005,0.582,23.28,0.385478357665772,0.148593564228701
4.005,0.44,17.6,0.200447202736516,0.040179081084894
4.022,0.582,23.28,0.385478357665772,0.148593564228701
4.038,0.634,25.36,0.489778819368446,0.239883291901949
4.054,0.569,22.76,0.363078054770101,0.131825673855641
4.054,0.634,25.36,0.489778819368446,0.239883291901949
4.071,0.647,25.88,0.519995996533516,0.270395836410884
4.087,0.621,24.84,0.461317574560379,0.212813904598271
4.087,0.647,25.88,0.519995996533516,0.270395836410884
4.104,0.647,25.88,0.519995996533516,0.270395836410884
4.122,0.647,25.88,0.519995996533516,0.270395836410884
4.138,0.647,25.88,0.519995996533516,0.270395836410884
4.138,0.634,25.36,0.489778819368446,0.239883291901949
4.156,0.66,26.4,0.552077439280757,0.304789498962798
4.172,0.634,25.36,0.489778819368446,0.239883291901949
4.172,0.569,22.76,0.363078054770101,0.131825673855641
4.189,0.634,25.36,0.489778819368446,0.239883291901949
4.205,0.595,23.8,0.409260659730011,0.167494287602644
4.205,0.492,19.68,0.254683025258504,0.0648634433548238
4.223,0.595,23.8,0.409260659730011,0.167494287602644
4.239,0.492,19.68,0.254683025258504,0.0648634433548238
4.257,0.22,8.8,0.0727779804536824,0.00529663443891658
4.257,0.531,21.24,0.304789498962798,0.0928966386779936
4.273,0.298,11.92,0.10423174293933,0.0108642562361707
4.29,0.349,13.96,0.131825673855641,0.0173780082874937
4.29,0.388,15.52,0.157761126969935,0.0248885731828239
4.306,0.272,10.88,0.0924698173938222,0.00855066712884683
4.323,0.518,20.72,0.287078058202469,0.0824138115013002
4.339,0.181,7.24,0.0608135001278718,0.00369828179780266
4.339,0.492,19.68,0.254683025258504,0.0648634433548238
4.356,0.336,13.44,0.124165230759241,0.0154170045294956
4.373,0.44,17.6,0.200447202736516,0.040179081084894
4.373,0.608,24.32,0.434510224171571,0.188799134909629
4.389,0.414,16.56,0.177827941003892,0.0316227766016838
4.407,0.582,23.28,0.385478357665772,0.148593564228701
4.424,0.634,25.36,0.489778819368446,0.239883291901949
4.424,0.544,21.76,0.323593656929628,0.10471285480509
4.441,0.634,25.36,0.489778819368446,0.239883291901949
4.458,0.66,26.4,0.552077439280757,0.304789498962798
4.458,0.608,24.32,0.434510224171571,0.188799134909629
4.474,0.66,26.4,0.552077439280757,0.304789498962798
4.492,0.66,26.4,0.552077439280757,0.304789498962798
4.492,0.647,25.88,0.519995996533516,0.270395836410884
4.508,0.66,26.4,0.552077439280757,0.304789498962798
4.525,0.634,25.36,0.489778819368446,0.239883291901949
4.542,0.66,26.4,0.552077439280757,0.304789498962798
4.542,0.634,25.36,0.489778819368446,0.239883291901949
4.559,0.569,22.76,0.363078054770101,0.131825673855641
4.575,0.647,25.88,0.519995996533516,0.270395836410884
4.575,0.595,23.8,0.409260659730011,0.167494287602644
4.591,0.479,19.16,0.239883291901949,0.0575439937337157
4.607,0.608,24.32,0.434510224171571,0.188799134909629
4.625,0.518,20.72,0.287078058202469,0.0824138115013002
4.625,0.272,10.88,0.0924698173938222,0.00855066712884683
4.642,0.544,21.76,0.323593656929628,0.10471285480509
4.66,0.349,13.96,0.131825673855641,0.0173780082874937
4.66,0.311,12.44,0.110662378397767,0.0122461619926505
4.678,0.401,16.04,0.167494287602644,0.0280543363795171
4.695,0.246,9.84,0.0820351544329818,0.00672976656284318
4.695,0.492,19.68,0.254683025258504,0.0648634433548238
4.713,0.181,7.24,0.0608135001278718,0.00369828179780266
4.733,0.479,19.16,0.239883291901949,0.0575439937337157
4.733,0.595,23.8,0.409260659730011,0.167494287602644
4.75,0.44,17.6,0.200447202736516,0.040179081084894
4.769,0.569,22.76,0.363078054770101,0.131825673855641
4.769,0.388,15.52,0.157761126969935,0.0248885731828239
4.788,0.544,21.76,0.323593656929628,0.10471285480509
4.805,0.621,24.84,0.461317574560379,0.212813904598271
4.805,0.544,21.76,0.323593656929628,0.10471285480509
4.823,0.621,24.84,0.461317574560379,0.212813904598271
4.841,0.634,25.36,0.489778819368446,0.239883291901949
4.841,0.595,23.8,0.409260659730011,0.167494287602644
4.859,0.647,25.88,0.519995996533516,0.270395836410884
4.876,0.66,26.4,0.552077439280757,0.304789498962798
4.876,0.647,25.88,0.519995996533516,0.270395836410884
4.893,0.66,26.4,0.552077439280757,0.304789498962798
4.911,0.634,25.36,0.489778819368446,0.239883291901949
4.911,0.647,25.88,0.519995996533516,0.270395836410884
4.928,0.634,25.36,0.489778819368446,0.239883291901949
4.944,0.595,23.8,0.409260659730011,0.167494287602644
4.945,0.647,25.88,0.519995996533516,0.270395836410884
4.962,0.608,24.32,0.434510224171571,0.188799134909629
4.98,0.505,20.2,0.270395836410884,0.0731139083483417
4.981,0.621,24.84,0.461317574560379,0.212813904598271
4.997,0.531,21.24,0.304789498962798,0.0928966386779936
5.015,0.311,12.44,0.110662378397767,0.0122461619926505
5.015,0.556,22.24,0.341979442513709,0.116949939101987
5.033,0.375,15,0.148593564228701,0.022080047330189
5.05,0.272,10.88,0.0924698173938222,0.00855066712884683
5.068,0.44,17.6,0.200447202736516,0.040179081084894
5.068,0.181,7.24,0.0608135001278718,0.00369828179780266
5.085,0.479,19.16,0.239883291901949,0.0575439937337157
5.102,0.272,10.88,0.0924698173938222,0.00855066712884683
5.102,0.453,18.12,0.212813904598271,0.0452897579903621
5.12,0.582,23.28,0.385478357665772,0.148593564228701
5.136,0.414,16.56,0.177827941003892,0.0316227766016838
5.136,0.556,22.24,0.341979442513709,0.116949939101987
5.155,0.324,12.96,0.117489755493953,0.0138038426460288
5.172,0.544,21.76,0.323593656929628,0.10471285480509
5.172,0.621,24.84,0.461317574560379,0.212813904598271
5.19,0.505,20.2,0.270395836410884,0.0731139083483417
5.207,0.608,24.32,0.434510224171571,0.188799134909629
5.207,0.647,25.88,0.519995996533516,0.270395836410884
5.224,0.595,23.8,0.409260659730011,0.167494287602644
5.241,0.647,25.88,0.519995996533516,0.270395836410884
5.241,0.647,25.88,0.519995996533516,0.270395836410884
5.258,0.647,25.88,0.519995996533516,0.270395836410884
5.276,0.66,26.4,0.552077439280757,0.304789498962798
5.293,0.647,25.88,0.519995996533516,0.270395836410884
5.293,0.66,26.4,0.552077439280757,0.304789498962798
5.311,0.634,25.36,0.489778819368446,0.239883291901949
5.328,0.582,23.28,0.385478357665772,0.148593564228701
5.328,0.647,25.88,0.519995996533516,0.270395836410884
5.346,0.621,24.84,0.461317574560379,0.212813904598271
5.364,0.518,20.72,0.287078058202469,0.0824138115013002
5.364,0.621,24.84,0.461317574560379,0.212813904598271
5.383,0.544,21.76,0.323593656929628,0.10471285480509
5.401,0.349,13.96,0.131825673855641,0.0173780082874937
5.401,0.556,22.24,0.341979442513709,0.116949939101987
5.421,0.621,24.84,0.461317574560379,0.212813904598271
5.421,0.22,8.8,0.0727779804536824,0.00529663443891658
5.44,0.453,18.12,0.212813904598271,0.0452897579903621
5.458,0.168,6.72,0.0572796030985829,0.00328095293113119
5.458,0.466,18.64,0.225943577022098,0.0510504999975407
5.477,0.194,7.76,0.0645654229034656,0.00416869383470336
5.494,0.427,17.08,0.188799134909629,0.0356451133426244
5.495,0.569,22.76,0.363078054770101,0.131825673855641
5.511,0.375,15,0.148593564228701,0.022080047330189
5.528,0.544,21.76,0.323593656929628,0.10471285480509
5.528,0.311,12.44,0.110662378397767,0.0122461619926505
5.546,0.531,21.24,0.304789498962798,0.0928966386779936
5.563,0.608,24.32,0.434510224171571,0.188799134909629
5.563,0.492,19.68,0.254683025258504,0.0648634433548238
5.583,0.595,23.8,0.409260659730011,0.167494287602644
5.602,0.647,25.88,0.519995996533516,0.270395836410884
5.602,0.582,23.28,0.385478357665772,0.148593564228701
5.619,0.634,25.36,0.489778819368446,0.239883291901949
5.637,0.647,25.88,0.519995996533516,0.270395836410884
5.637,0.621,24.84,0.461317574560379,0.212813904598271
5.656,0.66,26.4,0.552077439280757,0.304789498962798
5.674,0.647,25.88,0.519995996533516,0.270395836410884
5.674,0.647,25.88,0.519995996533516,0.270395836410884
5.692,0.647,25.88,0.519995996533516,0.270395836410884
5.712,0.608,24.32,0.434510224171571,0.188799134909629
5.712,0.647,25.88,0.519995996533516,0.270395836410884
5.731,0.608,24.32,0.434510224171571,0.188799134909629
5.731,0.531,21.24,0.304789498962798,0.0928966386779936
5.75,0.634,25.36,0.489778819368446,0.239883291901949
5.768,0.556,22.24,0.341979442513709,0.116949939101987
5.768,0.375,15,0.148593564228701,0.022080047330189
5.785,0.569,22.76,0.363078054770101,0.131825673855641
5.803,0.44,17.6,0.200447202736516,0.040179081084894
5.803,0.207,8.28,0.0685488226452661,0.00469894108605215
5.82,0.466,18.64,0.225943577022098,0.0510504999975407
5.838,0.181,7.24,0.0608135001278718,0.00369828179780266
5.838,0.453,18.12,0.212813904598271,0.0452897579903621
5.857,0.22,8.8,0.0727779804536824,0.00529663443891658
5.876,0.401,16.04,0.167494287602644,0.0280543363795171
5.876,0.544,21.76,0.323593656929628,0.10471285480509
5.893,0.336,13.44,0.124165230759241,0.0154170045294956
5.911,0.544,21.76,0.323593656929628,0.10471285480509
5.911,0.246,9.84,0.0820351544329818,0.00672976656284318
5.927,0.518,20.72,0.287078058202469,0.0824138115013002
5.945,0.608,24.32,0.434510224171571,0.188799134909629
5.945,0.492,19.68,0.254683025258504,0.0648634433548238
5.962,0.595,23.8,0.409260659730011,0.167494287602644
5.981,0.647,25.88,0.519995996533516,0.270395836410884
5.981,0.582,23.28,0.385478357665772,0.148593564228701
6.001,0.647,25.88,0.519995996533516,0.270395836410884
6.019,0.66,26.4,0.552077439280757,0.304789498962798
6.019,0.634,25.36,0.489778819368446,0.239883291901949
6.037,0.66,26.4,0.552077439280757,0.304789498962798
6.054,0.634,25.36,0.489778819368446,0.239883291901949
6.054,0.66,26.4,0.552077439280757,0.304789498962798
6.072,0.647,25.88,0.519995996533516,0.270395836410884
6.09,0.608,24.32,0.434510224171571,0.188799134909629
6.09,0.647,25.88,0.519995996533516,0.270395836410884
6.107,0.634,25.36,0.489778819368446,0.239883291901949
6.125,0.531,21.24,0.304789498962798,0.0928966386779936
6.125,0.634,25.36,0.489778819368446,0.239883291901949
6.143,0.569,22.76,0.363078054770101,0.131825673855641
6.16,0.414,16.56,0.177827941003892,0.0316227766016838
6.161,0.582,23.28,0.385478357665772,0.148593564228701
6.179,0.466,18.64,0.225943577022098,0.0510504999975407
6.197,0.181,7.24,0.0608135001278718,0.00369828179780266
6.197,0.492,19.68,0.254683025258504,0.0648634433548238
6.214,0.233,9.32,0.0772680585095702,0.00597035286583837
6.233,0.427,17.08,0.188799134909629,0.0356451133426244
6.233,0.505,20.2,0.270395836410884,0.0731139083483417
6.25,0.349,13.96,0.131825673855641,0.0173780082874937
6.268,0.544,21.76,0.323593656929628,0.10471285480509
6.268,0.285,11.4,0.0981747943019984,0.0096382902362397
6.287,0.518,20.72,0.287078058202469,0.0824138115013002
6.304,0.22,8.8,0.0727779804536824,0.00529663443891658
6.304,0.479,19.16,0.239883291901949,0.0575439937337157
6.322,0.608,24.32,0.434510224171571,0.188799134909629
6.343,0.466,18.64,0.225943577022098,0.0510504999975407
6.343,0.582,23.28,0.385478357665772,0.148593564228701
6.36,0.634,25.36,0.489778819368446,0.239883291901949
6.38,0.569,22.76,0.363078054770101,0.131825673855641
6.38,0.634,25.36,0.489778819368446,0.239883291901949
6.399,0.66,26.4,0.552077439280757,0.304789498962798
6.399,0.621,24.84,0.461317574560379,0.212813904598271
6.416,0.66,26.4,0.552077439280757,0.304789498962798
6.434,0.647,25.88,0.519995996533516,0.270395836410884
6.434,0.66,26.4,0.552077439280757,0.304789498962798
6.452,0.66,26.4,0.552077439280757,0.304789498962798
6.47,0.621,24.84,0.461317574560379,0.212813904598271
6.47,0.66,26.4,0.552077439280757,0.304789498962798
6.488,0.634,25.36,0.489778819368446,0.239883291901949
6.507,0.556,22.24,0.341979442513709,0.116949939101987
6.507,0.647,25.88,0.519995996533516,0.270395836410884
6.525,0.582,23.28,0.385478357665772,0.148593564228701
6.543,0.44,17.6,0.200447202736516,0.040179081084894
6.543,0.595,23.8,0.409260659730011,0.167494287602644
6.562,0.479,19.16,0.239883291901949,0.0575439937337157
6.582,0.168,6.72,0.0572796030985829,0.00328095293113119
6.582,0.505,20.2,0.270395836410884,0.0731139083483417
6.6,0.233,9.32,0.0772680585095702,0.00597035286583837
6.6,0.401,16.04,0.167494287602644,0.0280543363795171
6.618,0.336,13.44,0.124165230759241,0.0154170045294956
6.636,0.336,13.44,0.124165230759241,0.0154170045294956
6.636,0.531,21.24,0.304789498962798,0.0928966386779936
6.655,0.246,9.84,0.0820351544329818,0.00672976656284318
6.673,0.505,20.2,0.270395836410884,0.0731139083483417
6.673,0.194,7.76,0.0645654229034656,0.00416869383470336
6.692,0.492,19.68,0.254683025258504,0.0648634433548238
6.711,0.595,23.8,0.409260659730011,0.167494287602644
6.711,0.453,18.12,0.212813904598271,0.0452897579903621
6.729,0.582,23.28,0.385478357665772,0.148593564228701
6.748,0.634,25.36,0.489778819368446,0.239883291901949
6.748,0.556,22.24,0.341979442513709,0.116949939101987
6.766,0.634,25.36,0.489778819368446,0.239883291901949
6.766,0.647,25.88,0.519995996533516,0.270395836410884
6.784,0.608,24.32,0.434510224171571,0.188799134909629
6.803,0.66,26.4,0.552077439280757,0.304789498962798
6.803,0.66,26.4,0.552077439280757,0.304789498962798
6.822,0.647,25.88,0.519995996533516,0.270395836410884
6.841,0.647,25.88,0.519995996533516,0.270395836410884
6.841,0.634,25.36,0.489778819368446,0.239883291901949
6.86,0.647,25.88,0.519995996533516,0.270395836410884
6.878,0.634,25.36,0.489778819368446,0.239883291901949
6.878,0.569,22.76,0.363078054770101,0.131825673855641
6.898,0.647,25.88,0.519995996533516,0.270395836410884
6.898,0.582,23.28,0.385478357665772,0.148593564228701
6.917,0.466,18.64,0.225943577022098,0.0510504999975407
6.936,0.608,24.32,0.434510224171571,0.188799134909629
6.936,0.505,20.2,0.270395836410884,0.0731139083483417
6.953,0.22,8.8,0.0727779804536824,0.00529663443891658
6.972,0.531,21.24,0.304789498962798,0.0928966386779936
6.972,0.311,12.44,0.110662378397767,0.0122461619926505
6.991,0.362,14.48,0.139958732257262,0.0195884467350599
6.991,0.362,14.48,0.139958732257262,0.0195884467350599
7.01,0.272,10.88,0.0924698173938222,0.00855066712884683
7.03,0.518,20.72,0.287078058202469,0.0824138115013002
7.03,0.194,7.76,0.0645654229034656,0.00416869383470336
7.047,0.505,20.2,0.270395836410884,0.0731139083483417
7.066,0.595,23.8,0.409260659730011,0.167494287602644
7.066,0.453,18.12,0.212813904598271,0.0452897579903621
7.084,0.582,23.28,0.385478357665772,0.148593564228701
7.102,0.401,16.04,0.167494287602644,0.0280543363795171
7.103,0.556,22.24,0.341979442513709,0.116949939101987
7.121,0.634,25.36,0.489778819368446,0.239883291901949
7.139,0.544,21.76,0.323593656929628,0.10471285480509
7.139,0.634,25.36,0.489778819368446,0.239883291901949
7.157,0.66,26.4,0.552077439280757,0.304789498962798
7.176,0.621,24.84,0.461317574560379,0.212813904598271
7.176,0.66,26.4,0.552077439280757,0.304789498962798
7.193,0.66,26.4,0.552077439280757,0.304789498962798
7.212,0.647,25.88,0.519995996533516,0.270395836410884
7.212,0.66,26.4,0.552077439280757,0.304789498962798
7.23,0.634,25.36,0.489778819368446,0.239883291901949
7.23,0.66,26.4,0.552077439280757,0.304789498962798
7.247,0.634,25.36,0.489778819368446,0.239883291901949
7.267,0.569,22.76,0.363078054770101,0.131825673855641
7.267,0.647,25.88,0.519995996533516,0.270395836410884
7.284,0.595,23.8,0.409260659730011,0.167494287602644
7.303,0.479,19.16,0.239883291901949,0.0575439937337157
7.303,0.608,24.32,0.434510224171571,0.188799134909629
7.32,0.505,20.2,0.270395836410884,0.0731139083483417
7.338,0.233,9.32,0.0772680585095702,0.00597035286583837
7.338,0.531,21.24,0.304789498962798,0.0928966386779936
7.354,0.324,12.96,0.117489755493953,0.0138038426460288
7.372,0.311,12.44,0.110662378397767,0.0122461619926505
7.391,0.388,15.52,0.157761126969935,0.0248885731828239
7.391,0.233,9.32,0.0772680585095702,0.00597035286583837
7.408,0.505,20.2,0.270395836410884,0.0731139083483417
7.425,0.181,7.24,0.0608135001278718,0.00369828179780266
7.425,0.466,18.64,0.225943577022098,0.0510504999975407
7.443,0.582,23.28,0.385478357665772,0.148593564228701
7.461,0.44,17.6,0.200447202736516,0.040179081084894
7.461,0.582,23.28,0.385478357665772,0.148593564228701
7.479,0.401,16.04,0.167494287602644,0.0280543363795171
7.497,0.544,21.76,0.323593656929628,0.10471285480509
7.497,0.621,24.84,0.461317574560379,0.212813904598271
7.766,0.531,21.24,0.304789498962798,0.0928966386779936
7.766,0.621,24.84,0.461317574560379,0.212813904598271
7.766,0.647,25.88,0.519995996533516,0.270395836410884
7.766,0.608,24.32,0.434510224171571,0.188799134909629
7.766,0.647,25.88,0.519995996533516,0.270395836410884
7.766,0.647,25.88,0.519995996533516,0.270395836410884
7.766,0.634,25.36,0.489778819368446,0.239883291901949
7.766,0.647,25.88,0.519995996533516,0.270395836410884
7.766,0.634,25.36,0.489778819368446,0.239883291901949
7.766,0.647,25.88,0.519995996533516,0.270395836410884
7.766,0.647,25.88,0.519995996533516,0.270395836410884
7.766,0.595,23.8,0.409260659730011,0.167494287602644
7.766,0.647,25.88,0.519995996533516,0.270395836410884
7.766,0.595,23.8,0.409260659730011,0.167494287602644
7.766,0.492,19.68,0.254683025258504,0.0648634433548238
7.767,0.608,24.32,0.434510224171571,0.188799134909629
7.767,0.531,21.24,0.304789498962798,0.0928966386779936
7.767,0.298,11.92,0.10423174293933,0.0108642562361707
7.767,0.556,22.24,0.341979442513709,0.116949939101987
7.767,0.388,15.52,0.157761126969935,0.0248885731828239
7.767,0.285,11.4,0.0981747943019984,0.0096382902362397
7.767,0.414,16.56,0.177827941003892,0.0316227766016838
7.767,0.401,16.04,0.167494287602644,0.0280543363795171
7.787,0.505,20.2,0.270395836410884,0.0731139083483417
7.804,0.181,7.24,0.0608135001278718,0.00369828179780266
7.804,0.466,18.64,0.225943577022098,0.0510504999975407
7.823,0.582,23.28,0.385478357665772,0.148593564228701
7.84,0.414,16.56,0.177827941003892,0.0316227766016838
7.84,0.569,22.76,0.363078054770101,0.131825673855641
7.86,0.362,14.48,0.139958732257262,0.0195884467350599
7.878,0.544,21.76,0.323593656929628,0.10471285480509
7.878,0.634,25.36,0.489778819368446,0.239883291901949
7.895,0.531,21.24,0.304789498962798,0.0928966386779936
7.913,0.621,24.84,0.461317574560379,0.212813904598271
7.913,0.66,26.4,0.552077439280757,0.304789498962798
7.933,0.608,24.32,0.434510224171571,0.188799134909629
7.95,0.647,25.88,0.519995996533516,0.270395836410884
7.951,0.647,25.88,0.519995996533516,0.270395836410884
7.969,0.634,25.36,0.489778819368446,0.239883291901949
7.969,0.66,26.4,0.552077439280757,0.304789498962798
7.986,0.647,25.88,0.519995996533516,0.270395836410884
8.005,0.66,26.4,0.552077439280757,0.304789498962798
8.005,0.647,25.88,0.519995996533516,0.270395836410884
8.023,0.595,23.8,0.409260659730011,0.167494287602644
8.041,0.647,25.88,0.519995996533516,0.270395836410884
8.041,0.608,24.32,0.434510224171571,0.188799134909629
8.058,0.505,20.2,0.270395836410884,0.0731139083483417
8.077,0.608,24.32,0.434510224171571,0.188799134909629
8.077,0.531,21.24,0.304789498962798,0.0928966386779936
8.095,0.324,12.96,0.117489755493953,0.0138038426460288
8.113,0.556,22.24,0.341979442513709,0.116949939101987
8.113,0.401,16.04,0.167494287602644,0.0280543363795171
8.131,0.233,9.32,0.0772680585095702,0.00597035286583837
8.149,0.44,17.6,0.200447202736516,0.040179081084894
8.149,0.246,9.84,0.0820351544329818,0.00672976656284318
8.167,0.466,18.64,0.225943577022098,0.0510504999975407
8.186,0.181,7.24,0.0608135001278718,0.00369828179780266
8.186,0.427,17.08,0.188799134909629,0.0356451133426244
8.202,0.582,23.28,0.385478357665772,0.148593564228701
8.221,0.375,15,0.148593564228701,0.022080047330189
8.221,0.556,22.24,0.341979442513709,0.116949939101987
8.24,0.324,12.96,0.117489755493953,0.0138038426460288
8.258,0.544,21.76,0.323593656929628,0.10471285480509
8.258,0.621,24.84,0.461317574560379,0.212813904598271
8.277,0.505,20.2,0.270395836410884,0.0731139083483417
8.294,0.608,24.32,0.434510224171571,0.188799134909629
8.294,0.647,25.88,0.519995996533516,0.270395836410884
8.312,0.595,23.8,0.409260659730011,0.167494287602644
8.33,0.647,25.88,0.519995996533516,0.270395836410884
8.33,0.66,26.4,0.552077439280757,0.304789498962798
8.348,0.634,25.36,0.489778819368446,0.239883291901949
8.366,0.66,26.4,0.552077439280757,0.304789498962798
8.366,0.647,25.88,0.519995996533516,0.270395836410884
8.385,0.647,25.88,0.519995996533516,0.270395836410884
8.402,0.66,26.4,0.552077439280757,0.304789498962798
8.402,0.595,23.8,0.409260659730011,0.167494287602644
8.42,0.66,26.4,0.552077439280757,0.304789498962798
8.438,0.608,24.32,0.434510224171571,0.188799134909629
8.438,0.531,21.24,0.304789498962798,0.0928966386779936
8.456,0.621,24.84,0.461317574560379,0.212813904598271
8.474,0.544,21.76,0.323593656929628,0.10471285480509
8.475,0.375,15,0.148593564228701,0.022080047330189
8.492,0.569,22.76,0.363078054770101,0.131825673855641
8.492,0.427,17.08,0.188799134909629,0.0356451133426244
8.511,0.194,7.76,0.0645654229034656,0.00416869383470336
8.528,0.466,18.64,0.225943577022098,0.0510504999975407
8.529,0.155,6.2,0.0539510622515128,0.00291071711806661
8.546,0.466,18.64,0.225943577022098,0.0510504999975407
8.564,0.207,8.28,0.0685488226452661,0.00469894108605215
8.564,0.414,16.56,0.177827941003892,0.0316227766016838
8.582,0.569,22.76,0.363078054770101,0.131825673855641
8.6,0.362,14.48,0.139958732257262,0.0195884467350599
8.601,0.544,21.76,0.323593656929628,0.10471285480509
8.618,0.285,11.4,0.0981747943019984,0.0096382902362397
8.636,0.518,20.72,0.287078058202469,0.0824138115013002
8.636,0.608,24.32,0.434510224171571,0.188799134909629
8.654,0.505,20.2,0.270395836410884,0.0731139083483417
8.672,0.595,23.8,0.409260659730011,0.167494287602644
8.672,0.634,25.36,0.489778819368446,0.239883291901949
8.689,0.608,24.32,0.434510224171571,0.188799134909629
8.707,0.647,25.88,0.519995996533516,0.270395836410884
8.707,0.66,26.4,0.552077439280757,0.304789498962798
8.725,0.634,25.36,0.489778819368446,0.239883291901949
8.743,0.647,25.88,0.519995996533516,0.270395836410884
8.743,0.634,25.36,0.489778819368446,0.239883291901949
8.761,0.66,26.4,0.552077439280757,0.304789498962798
8.779,0.647,25.88,0.519995996533516,0.270395836410884
8.779,0.608,24.32,0.434510224171571,0.188799134909629
8.796,0.66,26.4,0.552077439280757,0.304789498962798
8.815,0.608,24.32,0.434510224171571,0.188799134909629
8.815,0.531,21.24,0.304789498962798,0.0928966386779936
8.832,0.621,24.84,0.461317574560379,0.212813904598271
8.85,0.556,22.24,0.341979442513709,0.116949939101987
8.85,0.401,16.04,0.167494287602644,0.0280543363795171
8.867,0.582,23.28,0.385478357665772,0.148593564228701
8.885,0.44,17.6,0.200447202736516,0.040179081084894
8.885,0.168,6.72,0.0572796030985829,0.00328095293113119
8.904,0.479,19.16,0.239883291901949,0.0575439937337157
8.921,0.194,7.76,0.0645654229034656,0.00416869383470336
8.921,0.427,17.08,0.188799134909629,0.0356451133426244
8.941,0.259,10.36,0.0870963589956081,0.00758577575029184
8.957,0.375,15,0.148593564228701,0.022080047330189
8.957,0.544,21.76,0.323593656929628,0.10471285480509
8.975,0.298,11.92,0.10423174293933,0.0108642562361707
8.993,0.531,21.24,0.304789498962798,0.0928966386779936
8.993,0.246,9.84,0.0820351544329818,0.00672976656284318
9.013,0.505,20.2,0.270395836410884,0.0731139083483417
9.032,0.608,24.32,0.434510224171571,0.188799134909629
9.032,0.479,19.16,0.239883291901949,0.0575439937337157
9.051,0.595,23.8,0.409260659730011,0.167494287602644
9.069,0.647,25.88,0.519995996533516,0.270395836410884
9.069,0.582,23.28,0.385478357665772,0.148593564228701
9.088,0.634,25.36,0.489778819368446,0.239883291901949
9.105,0.66,26.4,0.552077439280757,0.304789498962798
9.105,0.634,25.36,0.489778819368446,0.239883291901949
9.123,0.66,26.4,0.552077439280757,0.304789498962798
9.141,0.647,25.88,0.519995996533516,0.270395836410884
9.141,0.647,25.88,0.519995996533516,0.270395836410884
9.159,0.66,26.4,0.552077439280757,0.304789498962798
9.175,0.608,24.32,0.434510224171571,0.188799134909629
9.175,0.66,26.4,0.552077439280757,0.304789498962798
9.193,0.634,25.36,0.489778819368446,0.239883291901949
9.21,0.556,22.24,0.341979442513709,0.116949939101987
9.21,0.634,25.36,0.489778819368446,0.239883291901949
9.227,0.569,22.76,0.363078054770101,0.131825673855641
9.245,0.401,16.04,0.167494287602644,0.0280543363795171
9.245,0.582,23.28,0.385478357665772,0.148593564228701
9.262,0.453,18.12,0.212813904598271,0.0452897579903621
9.281,0.181,7.24,0.0608135001278718,0.00369828179780266
9.281,0.505,20.2,0.270395836410884,0.0731139083483417
9.298,0.194,7.76,0.0645654229034656,0.00416869383470336
9.315,0.414,16.56,0.177827941003892,0.0316227766016838
9.315,0.285,11.4,0.0981747943019984,0.0096382902362397
9.334,0.349,13.96,0.131825673855641,0.0173780082874937
9.35,0.544,21.76,0.323593656929628,0.10471285480509
9.351,0.259,10.36,0.0870963589956081,0.00758577575029184
9.368,0.518,20.72,0.287078058202469,0.0824138115013002
9.384,0.181,7.24,0.0608135001278718,0.00369828179780266
9.403,0.492,19.68,0.254683025258504,0.0648634433548238
9.403,0.595,23.8,0.409260659730011,0.167494287602644
9.422,0.466,18.64,0.225943577022098,0.0510504999975407
9.422,0.582,23.28,0.385478357665772,0.148593564228701
9.44,0.634,25.36,0.489778819368446,0.239883291901949
9.458,0.556,22.24,0.341979442513709,0.116949939101987
9.458,0.634,25.36,0.489778819368446,0.239883291901949
9.476,0.647,25.88,0.519995996533516,0.270395836410884
9.496,0.634,25.36,0.489778819368446,0.239883291901949
9.496,0.647,25.88,0.519995996533516,0.270395836410884
9.712,0.647,25.88,0.519995996533516,0.270395836410884
9.713,0.66,26.4,0.552077439280757,0.304789498962798
9.713,0.647,25.88,0.519995996533516,0.270395836410884
9.713,0.621,24.84,0.461317574560379,0.212813904598271
9.713,0.647,25.88,0.519995996533516,0.270395836410884
9.713,0.634,25.36,0.489778819368446,0.239883291901949
9.713,0.556,22.24,0.341979442513709,0.116949939101987
9.713,0.634,25.36,0.489778819368446,0.239883291901949
9.713,0.582,23.28,0.385478357665772,0.148593564228701
9.713,0.44,17.6,0.200447202736516,0.040179081084894
9.713,0.595,23.8,0.409260659730011,0.167494287602644
9.713,0.492,19.68,0.254683025258504,0.0648634433548238
9.713,0.181,7.24,0.0608135001278718,0.00369828179780266
9.713,0.505,20.2,0.270395836410884,0.0731139083483417
9.713,0.246,9.84,0.0820351544329818,0.00672976656284318
9.713,0.388,15.52,0.157761126969935,0.0248885731828239
9.713,0.336,13.44,0.124165230759241,0.0154170045294956
9.713,0.401,16.04,0.167494287602644,0.0280543363795171
9.73,0.544,21.76,0.323593656929628,0.10471285480509
9.748,0.246,9.84,0.0820351544329818,0.00672976656284318
9.748,0.505,20.2,0.270395836410884,0.0731139083483417
9.765,0.168,6.72,0.0572796030985829,0.00328095293113119
9.783,0.479,19.16,0.239883291901949,0.0575439937337157
9.783,0.595,23.8,0.409260659730011,0.167494287602644
9.799,0.427,17.08,0.188799134909629,0.0356451133426244
9.816,0.582,23.28,0.385478357665772,0.148593564228701
9.816,0.634,25.36,0.489778819368446,0.239883291901949
9.834,0.556,22.24,0.341979442513709,0.116949939101987
9.851,0.608,24.32,0.434510224171571,0.188799134909629
9.851,0.66,26.4,0.552077439280757,0.304789498962798
9.868,0.621,24.84,0.461317574560379,0.212813904598271
9.885,0.66,26.4,0.552077439280757,0.304789498962798
9.903,0.66,26.4,0.552077439280757,0.304789498962798
9.903,0.647,25.88,0.519995996533516,0.270395836410884
9.921,0.66,26.4,0.552077439280757,0.304789498962798
9.937,0.621,24.84,0.461317574560379,0.212813904598271
9.937,0.66,26.4,0.552077439280757,0.304789498962798
9.954,0.634,25.36,0.489778819368446,0.239883291901949
9.972,0.569,22.76,0.363078054770101,0.131825673855641
9.972,0.647,25.88,0.519995996533516,0.270395836410884
9.99,0.582,23.28,0.385478357665772,0.148593564228701
10.008,0.466,18.64,0.225943577022098,0.0510504999975407
10.008,0.595,23.8,0.409260659730011,0.167494287602644
10.025,0.492,19.68,0.254683025258504,0.0648634433548238
10.042,0.194,7.76,0.0645654229034656,0.00416869383470336
10.042,0.518,20.72,0.287078058202469,0.0824138115013002
10.059,0.298,11.92,0.10423174293933,0.0108642562361707
10.076,0.336,13.44,0.124165230759241,0.0154170045294956
10.076,0.362,14.48,0.139958732257262,0.0195884467350599
10.095,0.285,11.4,0.0981747943019984,0.0096382902362397
10.113,0.518,20.72,0.287078058202469,0.0824138115013002
10.113,0.207,8.28,0.0685488226452661,0.00469894108605215
10.13,0.479,19.16,0.239883291901949,0.0575439937337157
10.147,0.466,18.64,0.225943577022098,0.0510504999975407
10.164,0.466,18.64,0.225943577022098,0.0510504999975407
10.164,0.582,23.28,0.385478357665772,0.148593564228701
10.182,0.414,16.56,0.177827941003892,0.0316227766016838
10.199,0.569,22.76,0.363078054770101,0.131825673855641
10.199,0.634,25.36,0.489778819368446,0.239883291901949
10.217,0.544,21.76,0.323593656929628,0.10471285480509
10.234,0.621,24.84,0.461317574560379,0.212813904598271
10.235,0.66,26.4,0.552077439280757,0.304789498962798
10.252,0.608,24.32,0.434510224171571,0.188799134909629
10.27,0.647,25.88,0.519995996533516,0.270395836410884
10.27,0.647,25.88,0.519995996533516,0.270395836410884
10.287,0.647,25.88,0.519995996533516,0.270395836410884
10.305,0.66,26.4,0.552077439280757,0.304789498962798
10.305,0.647,25.88,0.519995996533516,0.270395836410884
10.324,0.66,26.4,0.552077439280757,0.304789498962798
10.343,0.634,25.36,0.489778819368446,0.239883291901949
10.343,0.595,23.8,0.409260659730011,0.167494287602644
10.361,0.647,25.88,0.519995996533516,0.270395836410884
10.378,0.608,24.32,0.434510224171571,0.188799134909629
10.378,0.492,19.68,0.254683025258504,0.0648634433548238
10.397,0.621,24.84,0.461317574560379,0.212813904598271
10.415,0.531,21.24,0.304789498962798,0.0928966386779936
10.415,0.272,10.88,0.0924698173938222,0.00855066712884683
10.434,0.544,21.76,0.323593656929628,0.10471285480509
10.434,0.336,13.44,0.124165230759241,0.0154170045294956
10.453,0.324,12.96,0.117489755493953,0.0138038426460288
10.471,0.401,16.04,0.167494287602644,0.0280543363795171
10.471,0.518,20.72,0.287078058202469,0.0824138115013002
10.489,0.505,20.2,0.270395836410884,0.0731139083483417
10.507,0.168,6.72,0.0572796030985829,0.00328095293113119
10.507,0.479,19.16,0.239883291901949,0.0575439937337157
10.526,0.582,23.28,0.385478357665772,0.148593564228701
10.543,0.544,21.76,0.323593656929628,0.10471285480509
10.543,0.582,23.28,0.385478357665772,0.148593564228701
10.561,0.388,15.52,0.157761126969935,0.0248885731828239
10.577,0.556,22.24,0.341979442513709,0.116949939101987
10.577,0.647,25.88,0.519995996533516,0.270395836410884
10.596,0.544,21.76,0.323593656929628,0.10471285480509
10.612,0.621,24.84,0.461317574560379,0.212813904598271
10.612,0.647,25.88,0.519995996533516,0.270395836410884
10.63,0.608,24.32,0.434510224171571,0.188799134909629
10.648,0.647,25.88,0.519995996533516,0.270395836410884
10.665,0.66,26.4,0.552077439280757,0.304789498962798
10.665,0.647,25.88,0.519995996533516,0.270395836410884
10.682,0.673,26.92,0.586138164514029,0.343557947899875
10.7,0.634,25.36,0.489778819368446,0.239883291901949
10.7,0.66,26.4,0.552077439280757,0.304789498962798
10.717,0.634,25.36,0.489778819368446,0.239883291901949
10.734,0.595,23.8,0.409260659730011,0.167494287602644
10.734,0.647,25.88,0.519995996533516,0.270395836410884
10.752,0.608,24.32,0.434510224171571,0.188799134909629
10.769,0.505,20.2,0.270395836410884,0.0731139083483417
10.769,0.621,24.84,0.461317574560379,0.212813904598271
10.787,0.518,20.72,0.287078058202469,0.0824138115013002
10.804,0.285,11.4,0.0981747943019984,0.0096382902362397
10.804,0.544,21.76,0.323593656929628,0.10471285480509
10.822,0.375,15,0.148593564228701,0.022080047330189
10.84,0.259,10.36,0.0870963589956081,0.00758577575029184
10.84,0.414,16.56,0.177827941003892,0.0316227766016838
10.857,0.207,8.28,0.0685488226452661,0.00469894108605215
10.875,0.479,19.16,0.239883291901949,0.0575439937337157
10.875,0.155,6.2,0.0539510622515128,0.00291071711806661
10.893,0.466,18.64,0.225943577022098,0.0510504999975407
10.912,0.582,23.28,0.385478357665772,0.148593564228701
10.912,0.427,17.08,0.188799134909629,0.0356451133426244
10.932,0.569,22.76,0.363078054770101,0.131825673855641
10.95,0.349,13.96,0.131825673855641,0.0173780082874937
10.95,0.544,21.76,0.323593656929628,0.10471285480509
10.97,0.634,25.36,0.489778819368446,0.239883291901949
10.97,0.518,20.72,0.287078058202469,0.0824138115013002
10.988,0.608,24.32,0.434510224171571,0.188799134909629
11.007,0.66,26.4,0.552077439280757,0.304789498962798
11.008,0.595,23.8,0.409260659730011,0.167494287602644
11.026,0.647,25.88,0.519995996533516,0.270395836410884
11.043,0.66,26.4,0.552077439280757,0.304789498962798
11.043,0.647,25.88,0.519995996533516,0.270395836410884
11.061,0.66,26.4,0.552077439280757,0.304789498962798
11.079,0.647,25.88,0.519995996533516,0.270395836410884
11.079,0.66,26.4,0.552077439280757,0.304789498962798
11.097,0.647,25.88,0.519995996533516,0.270395836410884
11.114,0.595,23.8,0.409260659730011,0.167494287602644
11.114,0.66,26.4,0.552077439280757,0.304789498962798
11.133,0.621,24.84,0.461317574560379,0.212813904598271
11.152,0.518,20.72,0.287078058202469,0.0824138115013002
11.152,0.66,26.4,0.552077439280757,0.304789498962798
11.169,0.556,22.24,0.341979442513709,0.116949939101987
11.188,0.582,23.28,0.385478357665772,0.148593564228701
11.188,0.556,22.24,0.341979442513709,0.116949939101987
11.206,0.401,16.04,0.167494287602644,0.0280543363795171
11.224,0.233,9.32,0.0772680585095702,0.00597035286583837
11.224,0.466,18.64,0.225943577022098,0.0510504999975407
11.243,0.142,5.68,0.0508159442560561,0.0025822601906346
11.262,0.595,23.8,0.409260659730011,0.167494287602644
11.262,0.194,7.76,0.0645654229034656,0.00416869383470336
11.279,0.44,17.6,0.200447202736516,0.040179081084894
11.279,0.556,22.24,0.341979442513709,0.116949939101987
11.297,0.401,16.04,0.167494287602644,0.0280543363795171
11.314,0.556,22.24,0.341979442513709,0.116949939101987
11.332,0.324,12.96,0.117489755493953,0.0138038426460288
11.333,0.531,21.24,0.304789498962798,0.0928966386779936
11.35,0.621,24.84,0.461317574560379,0.212813904598271
11.369,0.518,20.72,0.287078058202469,0.0824138115013002
11.369,0.608,24.32,0.434510224171571,0.188799134909629
11.386,0.647,25.88,0.519995996533516,0.270395836410884
11.404,0.595,23.8,0.409260659730011,0.167494287602644
11.404,0.647,25.88,0.519995996533516,0.270395836410884
11.42,0.66,26.4,0.552077439280757,0.304789498962798
11.437,0.647,25.88,0.519995996533516,0.270395836410884
11.438,0.66,26.4,0.552077439280757,0.304789498962798
11.454,0.647,25.88,0.519995996533516,0.270395836410884
11.472,0.66,26.4,0.552077439280757,0.304789498962798
11.472,0.647,25.88,0.519995996533516,0.270395836410884
11.489,0.595,23.8,0.409260659730011,0.167494287602644
11.507,0.66,26.4,0.552077439280757,0.304789498962798
11.507,0.621,24.84,0.461317574560379,0.212813904598271
11.525,0.531,21.24,0.304789498962798,0.0928966386779936
11.544,0.621,24.84,0.461317574560379,0.212813904598271
11.544,0.556,22.24,0.341979442513709,0.116949939101987
11.562,0.531,21.24,0.304789498962798,0.0928966386779936
11.578,0.569,22.76,0.363078054770101,0.131825673855641
11.578,0.427,17.08,0.188799134909629,0.0356451133426244
11.596,0.194,7.76,0.0645654229034656,0.00416869383470336
11.612,0.466,18.64,0.225943577022098,0.0510504999975407
11.612,0.129,5.16,0.0478630092322639,0.00229086765276777
11.63,0.453,18.12,0.212813904598271,0.0452897579903621
11.647,0.22,8.8,0.0727779804536824,0.00529663443891658
11.664,0.401,16.04,0.167494287602644,0.0280543363795171
11.664,0.569,22.76,0.363078054770101,0.131825673855641
11.682,0.349,13.96,0.131825673855641,0.0173780082874937
11.699,0.544,21.76,0.323593656929628,0.10471285480509
11.699,0.272,10.88,0.0924698173938222,0.00855066712884683
11.717,0.518,20.72,0.287078058202469,0.0824138115013002
11.736,0.608,24.32,0.434510224171571,0.188799134909629
11.736,0.492,19.68,0.254683025258504,0.0648634433548238
11.753,0.595,23.8,0.409260659730011,0.167494287602644
11.771,0.66,26.4,0.552077439280757,0.304789498962798
11.771,0.582,23.28,0.385478357665772,0.148593564228701
11.79,0.647,25.88,0.519995996533516,0.270395836410884
11.809,0.66,26.4,0.552077439280757,0.304789498962798
11.809,0.634,25.36,0.489778819368446,0.239883291901949
11.825,0.647,25.88,0.519995996533516,0.270395836410884
11.843,0.647,25.88,0.519995996533516,0.270395836410884
11.843,0.647,25.88,0.519995996533516,0.270395836410884
11.86,0.647,25.88,0.519995996533516,0.270395836410884
11.878,0.608,24.32,0.434510224171571,0.188799134909629
11.878,0.66,26.4,0.552077439280757,0.304789498962798
11.896,0.621,24.84,0.461317574560379,0.212813904598271
11.914,0.544,21.76,0.323593656929628,0.10471285480509
11.914,0.634,25.36,0.489778819368446,0.239883291901949
11.931,0.556,22.24,0.341979442513709,0.116949939101987
11.949,0.401,16.04,0.167494287602644,0.0280543363795171
11.949,0.582,23.28,0.385478357665772,0.148593564228701
11.966,0.427,17.08,0.188799134909629,0.0356451133426244
11.983,0.168,6.72,0.0572796030985829,0.00328095293113119
11.983,0.466,18.64,0.225943577022098,0.0510504999975407
12,0.194,7.76,0.0645654229034656,0.00416869383470336
12.018,0.427,17.08,0.188799134909629,0.0356451133426244
12.035,0.259,10.36,0.0870963589956081,0.00758577575029184
12.035,0.388,15.52,0.157761126969935,0.0248885731828239
12.051,0.556,22.24,0.341979442513709,0.116949939101987
12.069,0.336,13.44,0.124165230759241,0.0154170045294956
12.069,0.531,21.24,0.304789498962798,0.0928966386779936
12.087,0.233,9.32,0.0772680585095702,0.00597035286583837
12.105,0.505,20.2,0.270395836410884,0.0731139083483417
12.105,0.608,24.32,0.434510224171571,0.188799134909629
12.121,0.479,19.16,0.239883291901949,0.0575439937337157
12.139,0.595,23.8,0.409260659730011,0.167494287602644
12.139,0.647,25.88,0.519995996533516,0.270395836410884
12.157,0.569,22.76,0.363078054770101,0.131825673855641
12.174,0.634,25.36,0.489778819368446,0.239883291901949
12.174,0.66,26.4,0.552077439280757,0.304789498962798
12.191,0.621,24.84,0.461317574560379,0.212813904598271
12.208,0.66,26.4,0.552077439280757,0.304789498962798
12.208,0.647,25.88,0.519995996533516,0.270395836410884
12.225,0.647,25.88,0.519995996533516,0.270395836410884
12.243,0.647,25.88,0.519995996533516,0.270395836410884
12.26,0.621,24.84,0.461317574560379,0.212813904598271
12.26,0.66,26.4,0.552077439280757,0.304789498962798
12.278,0.634,25.36,0.489778819368446,0.239883291901949
12.294,0.556,22.24,0.341979442513709,0.116949939101987
12.294,0.634,25.36,0.489778819368446,0.239883291901949
12.312,0.569,22.76,0.363078054770101,0.131825673855641
12.33,0.427,17.08,0.188799134909629,0.0356451133426244
12.33,0.595,23.8,0.409260659730011,0.167494287602644
12.348,0.466,18.64,0.225943577022098,0.0510504999975407
12.365,0.194,7.76,0.0645654229034656,0.00416869383470336
12.366,0.505,20.2,0.270395836410884,0.0731139083483417
12.383,0.233,9.32,0.0772680585095702,0.00597035286583837
12.4,0.401,16.04,0.167494287602644,0.0280543363795171
12.4,0.311,12.44,0.110662378397767,0.0122461619926505
12.417,0.349,13.96,0.131825673855641,0.0173780082874937
12.434,0.544,21.76,0.323593656929628,0.10471285480509
12.434,0.272,10.88,0.0924698173938222,0.00855066712884683
12.452,0.531,21.24,0.304789498962798,0.0928966386779936
12.469,0.168,6.72,0.0572796030985829,0.00328095293113119
12.486,0.492,19.68,0.254683025258504,0.0648634433548238
12.486,0.595,23.8,0.409260659730011,0.167494287602644
12.504,0.453,18.12,0.212813904598271,0.0452897579903621
12.522,0.582,23.28,0.385478357665772,0.148593564228701
12.522,0.647,25.88,0.519995996533516,0.270395836410884
12.539,0.556,22.24,0.341979442513709,0.116949939101987
12.556,0.634,25.36,0.489778819368446,0.239883291901949
12.556,0.66,26.4,0.552077439280757,0.304789498962798
12.573,0.621,24.84,0.461317574560379,0.212813904598271
12.592,0.647,25.88,0.519995996533516,0.270395836410884
12.592,0.647,25.88,0.519995996533516,0.270395836410884
12.608,0.66,26.4,0.552077439280757,0.304789498962798
12.626,0.66,26.4,0.552077439280757,0.304789498962798
12.626,0.608,24.32,0.434510224171571,0.188799134909629
12.642,0.66,26.4,0.552077439280757,0.304789498962798
12.659,0.634,25.36,0.489778819368446,0.239883291901949
12.677,0.556,22.24,0.341979442513709,0.116949939101987
12.677,0.647,25.88,0.519995996533516,0.270395836410884
12.695,0.582,23.28,0.385478357665772,0.148593564228701
12.712,0.44,17.6,0.200447202736516,0.040179081084894
12.712,0.595,23.8,0.409260659730011,0.167494287602644
12.731,0.492,19.68,0.254683025258504,0.0648634433548238
12.748,0.207,8.28,0.0685488226452661,0.00469894108605215
12.749,0.518,20.72,0.287078058202469,0.0824138115013002
12.766,0.259,10.36,0.0870963589956081,0.00758577575029184
12.783,0.375,15,0.148593564228701,0.022080047330189
12.783,0.518,20.72,0.287078058202469,0.0824138115013002
12.8,0.621,24.84,0.461317574560379,0.212813904598271
12.818,0.531,21.24,0.304789498962798,0.0928966386779936
12.818,0.259,10.36,0.0870963589956081,0.00758577575029184
12.835,0.505,20.2,0.270395836410884,0.0731139083483417
12.855,0.194,7.76,0.0645654229034656,0.00416869383470336
12.855,0.479,19.16,0.239883291901949,0.0575439937337157
12.874,0.582,23.28,0.385478357665772,0.148593564228701
12.89,0.44,17.6,0.200447202736516,0.040179081084894
12.89,0.582,23.28,0.385478357665772,0.148593564228701
12.909,0.634,25.36,0.489778819368446,0.239883291901949
12.928,0.556,22.24,0.341979442513709,0.116949939101987
12.928,0.634,25.36,0.489778819368446,0.239883291901949
12.945,0.66,26.4,0.552077439280757,0.304789498962798
12.963,0.621,24.84,0.461317574560379,0.212813904598271
12.963,0.647,25.88,0.519995996533516,0.270395836410884
12.982,0.66,26.4,0.552077439280757,0.304789498962798
12.999,0.66,26.4,0.552077439280757,0.304789498962798
12.999,0.66,26.4,0.552077439280757,0.304789498962798
13.016,0.634,25.36,0.489778819368446,0.239883291901949
13.034,0.66,26.4,0.552077439280757,0.304789498962798
13.034,0.634,25.36,0.489778819368446,0.239883291901949
13.051,0.569,22.76,0.363078054770101,0.131825673855641
13.068,0.647,25.88,0.519995996533516,0.270395836410884
13.068,0.595,23.8,0.409260659730011,0.167494287602644
13.086,0.466,18.64,0.225943577022098,0.0510504999975407
13.104,0.595,23.8,0.409260659730011,0.167494287602644
13.104,0.505,20.2,0.270395836410884,0.0731139083483417
13.122,0.233,9.32,0.0772680585095702,0.00597035286583837
13.138,0.531,21.24,0.304789498962798,0.0928966386779936
13.138,0.311,12.44,0.110662378397767,0.0122461619926505
13.155,0.336,13.44,0.124165230759241,0.0154170045294956
13.173,0.375,15,0.148593564228701,0.022080047330189
13.189,0.272,10.88,0.0924698173938222,0.00855066712884683
13.189,0.518,20.72,0.287078058202469,0.0824138115013002
13.206,0.181,7.24,0.0608135001278718,0.00369828179780266
13.224,0.492,19.68,0.254683025258504,0.0648634433548238
13.224,0.595,23.8,0.409260659730011,0.167494287602644
13.241,0.466,18.64,0.225943577022098,0.0510504999975407
13.259,0.582,23.28,0.385478357665772,0.148593564228701
13.259,0.414,16.56,0.177827941003892,0.0316227766016838
13.276,0.569,22.76,0.363078054770101,0.131825673855641
13.293,0.634,25.36,0.489778819368446,0.239883291901949
13.293,0.544,21.76,0.323593656929628,0.10471285480509
13.31,0.66,26.4,0.552077439280757,0.304789498962798
13.327,0.66,26.4,0.552077439280757,0.304789498962798
13.344,0.621,24.84,0.461317574560379,0.212813904598271
13.344,0.66,26.4,0.552077439280757,0.304789498962798
13.362,0.66,26.4,0.552077439280757,0.304789498962798
13.38,0.647,25.88,0.519995996533516,0.270395836410884
13.38,0.66,26.4,0.552077439280757,0.304789498962798
13.398,0.634,25.36,0.489778819368446,0.239883291901949
13.415,0.647,25.88,0.519995996533516,0.270395836410884
13.415,0.634,25.36,0.489778819368446,0.239883291901949
13.432,0.582,23.28,0.385478357665772,0.148593564228701
13.449,0.647,25.88,0.519995996533516,0.270395836410884
13.449,0.608,24.32,0.434510224171571,0.188799134909629
13.467,0.479,19.16,0.239883291901949,0.0575439937337157
13.484,0.608,24.32,0.434510224171571,0.188799134909629
13.484,0.518,20.72,0.287078058202469,0.0824138115013002
13.501,0.259,10.36,0.0870963589956081,0.00758577575029184
13.519,0.544,21.76,0.323593656929628,0.10471285480509
13.519,0.349,13.96,0.131825673855641,0.0173780082874937
13.537,0.311,12.44,0.110662378397767,0.0122461619926505
13.556,0.414,16.56,0.177827941003892,0.0316227766016838
13.556,0.246,9.84,0.0820351544329818,0.00672976656284318
13.573,0.505,20.2,0.270395836410884,0.0731139083483417
13.591,0.155,6.2,0.0539510622515128,0.00291071711806661
13.591,0.466,18.64,0.225943577022098,0.0510504999975407
13.608,0.595,23.8,0.409260659730011,0.167494287602644
13.625,0.427,17.08,0.188799134909629,0.0356451133426244
13.642,0.569,22.76,0.363078054770101,0.131825673855641
13.642,0.388,15.52,0.157761126969935,0.0248885731828239
13.66,0.556,22.24,0.341979442513709,0.116949939101987
13.678,0.634,25.36,0.489778819368446,0.239883291901949
13.678,0.531,21.24,0.304789498962798,0.0928966386779936
13.696,0.621,24.84,0.461317574560379,0.212813904598271
13.715,0.647,25.88,0.519995996533516,0.270395836410884
13.715,0.608,24.32,0.434510224171571,0.188799134909629
13.731,0.66,26.4,0.552077439280757,0.304789498962798
13.749,0.66,26.4,0.552077439280757,0.304789498962798
13.749,0.647,25.88,0.519995996533516,0.270395836410884
13.766,0.66,26.4,0.552077439280757,0.304789498962798
13.784,0.647,25.88,0.519995996533516,0.270395836410884
13.784,0.66,26.4,0.552077439280757,0.304789498962798
13.801,0.647,25.88,0.519995996533516,0.270395836410884
13.818,0.595,23.8,0.409260659730011,0.167494287602644
13.818,0.647,25.88,0.519995996533516,0.270395836410884
13.835,0.608,24.32,0.434510224171571,0.188799134909629
13.853,0.505,20.2,0.270395836410884,0.0731139083483417
13.853,0.621,24.84,0.461317574560379,0.212813904598271
13.87,0.531,21.24,0.304789498962798,0.0928966386779936
13.888,0.298,11.92,0.10423174293933,0.0108642562361707
13.888,0.544,21.76,0.323593656929628,0.10471285480509
13.907,0.375,15,0.148593564228701,0.022080047330189
13.928,0.285,11.4,0.0981747943019984,0.0096382902362397
13.928,0.427,17.08,0.188799134909629,0.0356451133426244
13.945,0.194,7.76,0.0645654229034656,0.00416869383470336
13.963,0.479,19.16,0.239883291901949,0.0575439937337157
13.963,0.155,6.2,0.0539510622515128,0.00291071711806661
13.981,0.453,18.12,0.212813904598271,0.0452897579903621
13.998,0.582,23.28,0.385478357665772,0.148593564228701
13.998,0.401,16.04,0.167494287602644,0.0280543363795171
14.016,0.556,22.24,0.341979442513709,0.116949939101987
14.033,0.349,13.96,0.131825673855641,0.0173780082874937
14.033,0.544,21.76,0.323593656929628,0.10471285480509
14.051,0.621,24.84,0.461317574560379,0.212813904598271
14.069,0.518,20.72,0.287078058202469,0.0824138115013002
14.069,0.608,24.32,0.434510224171571,0.188799134909629
14.087,0.647,25.88,0.519995996533516,0.270395836410884
14.103,0.595,23.8,0.409260659730011,0.167494287602644
14.103,0.647,25.88,0.519995996533516,0.270395836410884
14.122,0.66,26.4,0.552077439280757,0.304789498962798
14.139,0.647,25.88,0.519995996533516,0.270395836410884
14.139,0.647,25.88,0.519995996533516,0.270395836410884
14.156,0.647,25.88,0.519995996533516,0.270395836410884
14.174,0.647,25.88,0.519995996533516,0.270395836410884
14.174,0.647,25.88,0.519995996533516,0.270395836410884
14.192,0.595,23.8,0.409260659730011,0.167494287602644
14.209,0.647,25.88,0.519995996533516,0.270395836410884
14.227,0.608,24.32,0.434510224171571,0.188799134909629
14.227,0.531,21.24,0.304789498962798,0.0928966386779936
14.244,0.621,24.84,0.461317574560379,0.212813904598271
14.262,0.556,22.24,0.341979442513709,0.116949939101987
14.262,0.349,13.96,0.131825673855641,0.0173780082874937
14.279,0.556,22.24,0.341979442513709,0.116949939101987
14.296,0.414,16.56,0.177827941003892,0.0316227766016838
14.296,0.311,12.44,0.110662378397767,0.0122461619926505
14.314,0.453,18.12,0.212813904598271,0.0452897579903621
14.331,0.194,7.76,0.0645654229034656,0.00416869383470336
14.331,0.479,19.16,0.239883291901949,0.0575439937337157
14.349,0.22,8.8,0.0727779804536824,0.00529663443891658
14.366,0.427,17.08,0.188799134909629,0.0356451133426244
14.366,0.569,22.76,0.363078054770101,0.131825673855641
14.384,0.375,15,0.148593564228701,0.022080047330189
14.402,0.556,22.24,0.341979442513709,0.116949939101987
14.402,0.311,12.44,0.110662378397767,0.0122461619926505
14.419,0.531,21.24,0.304789498962798,0.0928966386779936
14.437,0.621,24.84,0.461317574560379,0.212813904598271
14.437,0.505,20.2,0.270395836410884,0.0731139083483417
14.456,0.621,24.84,0.461317574560379,0.212813904598271
14.473,0.66,26.4,0.552077439280757,0.304789498962798
14.473,0.595,23.8,0.409260659730011,0.167494287602644
14.491,0.647,25.88,0.519995996533516,0.270395836410884
14.509,0.66,26.4,0.552077439280757,0.304789498962798
14.509,0.634,25.36,0.489778819368446,0.239883291901949
14.527,0.66,26.4,0.552077439280757,0.304789498962798
14.543,0.647,25.88,0.519995996533516,0.270395836410884
14.543,0.66,26.4,0.552077439280757,0.304789498962798
14.562,0.647,25.88,0.519995996533516,0.270395836410884
14.58,0.608,24.32,0.434510224171571,0.188799134909629
14.58,0.66,26.4,0.552077439280757,0.304789498962798
14.597,0.608,24.32,0.434510224171571,0.188799134909629
14.614,0.518,20.72,0.287078058202469,0.0824138115013002
14.614,0.634,25.36,0.489778819368446,0.239883291901949
14.631,0.595,23.8,0.409260659730011,0.167494287602644
14.649,0.375,15,0.148593564228701,0.022080047330189
14.667,0.569,22.76,0.363078054770101,0.131825673855641
14.667,0.427,17.08,0.188799134909629,0.0356451133426244
14.686,0.194,7.76,0.0645654229034656,0.00416869383470336
14.686,0.466,18.64,0.225943577022098,0.0510504999975407
14.705,0.142,5.68,0.0508159442560561,0.0025822601906346
14.723,0.453,18.12,0.212813904598271,0.0452897579903621
14.723,0.207,8.28,0.0685488226452661,0.00469894108605215
14.74,0.401,16.04,0.167494287602644,0.0280543363795171
14.759,0.556,22.24,0.341979442513709,0.116949939101987
14.759,0.349,13.96,0.131825673855641,0.0173780082874937
14.779,0.531,21.24,0.304789498962798,0.0928966386779936
14.797,0.285,11.4,0.0981747943019984,0.0096382902362397
14.797,0.518,20.72,0.287078058202469,0.0824138115013002
14.814,0.608,24.32,0.434510224171571,0.188799134909629
14.832,0.492,19.68,0.254683025258504,0.0648634433548238
14.832,0.608,24.32,0.434510224171571,0.188799134909629
14.849,0.647,25.88,0.519995996533516,0.270395836410884
14.867,0.595,23.8,0.409260659730011,0.167494287602644
14.867,0.634,25.36,0.489778819368446,0.239883291901949
14.884,0.647,25.88,0.519995996533516,0.270395836410884
14.903,0.621,24.84,0.461317574560379,0.212813904598271
14.903,0.647,25.88,0.519995996533516,0.270395836410884
14.921,0.647,25.88,0.519995996533516,0.270395836410884
14.939,0.647,25.88,0.519995996533516,0.270395836410884
14.939,0.647,25.88,0.519995996533516,0.270395836410884
14.956,0.621,24.84,0.461317574560379,0.212813904598271
14.975,0.647,25.88,0.519995996533516,0.270395836410884
14.975,0.621,24.84,0.461317574560379,0.212813904598271
14.994,0.556,22.24,0.341979442513709,0.116949939101987
15.012,0.634,25.36,0.489778819368446,0.239883291901949
15.012,0.569,22.76,0.363078054770101,0.131825673855641
15.032,0.414,16.56,0.177827941003892,0.0316227766016838
15.032,0.595,23.8,0.409260659730011,0.167494287602644
15.05,0.453,18.12,0.212813904598271,0.0452897579903621
15.067,0.168,6.72,0.0572796030985829,0.00328095293113119
15.067,0.505,20.2,0.270395836410884,0.0731139083483417
15.086,0.194,7.76,0.0645654229034656,0.00416869383470336
15.104,0.427,17.08,0.188799134909629,0.0356451133426244
15.104,0.272,10.88,0.0924698173938222,0.00855066712884683
15.121,0.375,15,0.148593564228701,0.022080047330189
15.14,0.556,22.24,0.341979442513709,0.116949939101987
15.14,0.531,21.24,0.304789498962798,0.0928966386779936
15.164,0.531,21.24,0.304789498962798,0.0928966386779936
15.164,0.233,9.32,0.0772680585095702,0.00597035286583837
15.19,0.505,20.2,0.270395836410884,0.0731139083483417
15.19,0.608,24.32,0.434510224171571,0.188799134909629
15.208,0.479,19.16,0.239883291901949,0.0575439937337157
15.227,0.595,23.8,0.409260659730011,0.167494287602644
15.227,0.647,25.88,0.519995996533516,0.270395836410884
15.249,0.582,23.28,0.385478357665772,0.148593564228701
15.249,0.647,25.88,0.519995996533516,0.270395836410884
15.266,0.66,26.4,0.552077439280757,0.304789498962798
15.284,0.647,25.88,0.519995996533516,0.270395836410884
15.284,0.673,26.92,0.586138164514029,0.343557947899875
15.302,0.66,26.4,0.552077439280757,0.304789498962798
15.32,0.66,26.4,0.552077439280757,0.304789498962798
15.32,0.66,26.4,0.552077439280757,0.304789498962798
15.338,0.608,24.32,0.434510224171571,0.188799134909629
15.356,0.66,26.4,0.552077439280757,0.304789498962798
15.356,0.634,25.36,0.489778819368446,0.239883291901949
15.375,0.556,22.24,0.341979442513709,0.116949939101987
15.393,0.647,25.88,0.519995996533516,0.270395836410884
15.393,0.582,23.28,0.385478357665772,0.148593564228701
15.41,0.427,17.08,0.188799134909629,0.0356451133426244
15.429,0.595,23.8,0.409260659730011,0.167494287602644
15.429,0.466,18.64,0.225943577022098,0.0510504999975407
15.446,0.233,9.32,0.0772680585095702,0.00597035286583837
15.464,0.492,19.68,0.254683025258504,0.0648634433548238
15.464,0.246,9.84,0.0820351544329818,0.00672976656284318
15.483,0.414,16.56,0.177827941003892,0.0316227766016838
15.501,0.324,12.96,0.117489755493953,0.0138038426460288
15.501,0.362,14.48,0.139958732257262,0.0195884467350599
15.519,0.556,22.24,0.341979442513709,0.116949939101987
15.52,0.272,10.88,0.0924698173938222,0.00855066712884683
15.539,0.531,21.24,0.304789498962798,0.0928966386779936
15.557,0.246,9.84,0.0820351544329818,0.00672976656284318
15.557,0.492,19.68,0.254683025258504,0.0648634433548238
15.577,0.569,22.76,0.363078054770101,0.131825673855641
15.595,0.414,16.56,0.177827941003892,0.0316227766016838
15.595,0.544,21.76,0.323593656929628,0.10471285480509
15.614,0.608,24.32,0.434510224171571,0.188799134909629
15.633,0.544,21.76,0.323593656929628,0.10471285480509
15.633,0.621,24.84,0.461317574560379,0.212813904598271
15.651,0.66,26.4,0.552077439280757,0.304789498962798
15.651,0.634,25.36,0.489778819368446,0.239883291901949
15.669,0.673,26.92,0.586138164514029,0.343557947899875
15.687,0.686,27.44,0.62230028516916,0.387257644921617
15.687,0.686,27.44,0.62230028516916,0.387257644921617
15.705,0.712,28.48,0.701455298419971,0.492039535681451
15.723,0.673,26.92,0.586138164514029,0.343557947899875
15.724,0.712,28.48,0.701455298419971,0.492039535681451
15.741,0.712,28.48,0.701455298419971,0.492039535681451
15.761,0.634,25.36,0.489778819368446,0.239883291901949
15.761,0.725,29,0.744731973905989,0.554625712957911
15.78,0.647,25.88,0.519995996533516,0.270395836410884
15.798,0.518,20.72,0.287078058202469,0.0824138115013002
15.798,0.673,26.92,0.586138164514029,0.343557947899875
15.816,0.556,22.24,0.341979442513709,0.116949939101987
15.835,0.22,8.8,0.0727779804536824,0.00529663443891658
15.835,0.569,22.76,0.363078054770101,0.131825673855641
15.854,0.324,12.96,0.117489755493953,0.0138038426460288
15.854,0.492,19.68,0.254683025258504,0.0648634433548238
15.873,0.414,16.56,0.177827941003892,0.0316227766016838
15.891,0.349,13.96,0.131825673855641,0.0173780082874937
15.891,0.582,23.28,0.385478357665772,0.148593564228701
15.909,0.233,9.32,0.0772680585095702,0.00597035286583837
15.927,0.544,21.76,0.323593656929628,0.10471285480509
15.927,0.142,5.68,0.0508159442560561,0.0025822601906346
15.945,0.492,19.68,0.254683025258504,0.0648634433548238
15.965,0.621,24.84,0.461317574560379,0.212813904598271
15.965,0.44,17.6,0.200447202736516,0.040179081084894
15.984,0.582,23.28,0.385478357665772,0.148593564228701
15.984,0.634,25.36,0.489778819368446,0.239883291901949
16.002,0.544,21.76,0.323593656929628,0.10471285480509
16.02,0.608,24.32,0.434510224171571,0.188799134909629
16.02,0.621,24.84,0.461317574560379,0.212813904598271
16.038,0.595,23.8,0.409260659730011,0.167494287602644
16.057,0.608,24.32,0.434510224171571,0.188799134909629
16.057,0.608,24.32,0.434510224171571,0.188799134909629
16.075,0.595,23.8,0.409260659730011,0.167494287602644
16.094,0.608,24.32,0.434510224171571,0.188799134909629
16.094,0.569,22.76,0.363078054770101,0.131825673855641
16.112,0.608,24.32,0.434510224171571,0.188799134909629
16.13,0.569,22.76,0.363078054770101,0.131825673855641
16.13,0.505,20.2,0.270395836410884,0.0731139083483417
16.148,0.569,22.76,0.363078054770101,0.131825673855641
16.167,0.505,20.2,0.270395836410884,0.0731139083483417
16.167,0.66,26.4,0.552077439280757,0.304789498962798
16.185,0.505,20.2,0.270395836410884,0.0731139083483417
16.203,0.401,16.04,0.167494287602644,0.0280543363795171
16.203,0.155,6.2,0.0539510622515128,0.00291071711806661
16.221,0.401,16.04,0.167494287602644,0.0280543363795171
16.239,0.233,9.32,0.0772680585095702,0.00597035286583837
16.239,0.246,9.84,0.0820351544329818,0.00672976656284318
16.255,0.246,9.84,0.0820351544329818,0.00672976656284318
16.274,0.181,7.24,0.0608135001278718,0.00369828179780266
16.274,0.349,13.96,0.131825673855641,0.0173780082874937
16.293,0.155,6.2,0.0539510622515128,0.00291071711806661
16.312,0.311,12.44,0.110662378397767,0.0122461619926505
16.312,0.401,16.04,0.167494287602644,0.0280543363795171
16.328,0.246,9.84,0.0820351544329818,0.00672976656284318
16.328,0.388,15.52,0.157761126969935,0.0248885731828239
16.348,0.531,21.24,0.304789498962798,0.0928966386779936
16.365,0.349,13.96,0.131825673855641,0.0173780082874937
16.365,0.44,17.6,0.200447202736516,0.040179081084894
16.383,0.336,13.44,0.124165230759241,0.0154170045294956
16.402,0.414,16.56,0.177827941003892,0.0316227766016838
16.402,0.44,17.6,0.200447202736516,0.040179081084894
16.42,0.388,15.52,0.157761126969935,0.0248885731828239
16.439,0.427,17.08,0.188799134909629,0.0356451133426244
16.439,0.44,17.6,0.200447202736516,0.040179081084894
16.458,0.427,17.08,0.188799134909629,0.0356451133426244
16.477,0.427,17.08,0.188799134909629,0.0356451133426244
16.478,0.427,17.08,0.188799134909629,0.0356451133426244
16.498,0.466,18.64,0.225943577022098,0.0510504999975407
16.498,0.427,17.08,0.188799134909629,0.0356451133426244
16.517,0.362,14.48,0.139958732257262,0.0195884467350599
16.536,0.427,17.08,0.188799134909629,0.0356451133426244
16.536,0.388,15.52,0.157761126969935,0.0248885731828239
16.555,0.272,10.88,0.0924698173938222,0.00855066712884683
16.574,0.401,16.04,0.167494287602644,0.0280543363795171
16.574,0.336,13.44,0.124165230759241,0.0154170045294956
16.592,0.181,7.24,0.0608135001278718,0.00369828179780266
16.592,0.336,13.44,0.124165230759241,0.0154170045294956
16.61,0.259,10.36,0.0870963589956081,0.00758577575029184
16.63,0.168,6.72,0.0572796030985829,0.00328095293113119
16.63,0.207,8.28,0.0685488226452661,0.00469894108605215
16.65,0.233,9.32,0.0772680585095702,0.00597035286583837
16.668,0.272,10.88,0.0924698173938222,0.00855066712884683
16.67,0.142,5.68,0.0508159442560561,0.0025822601906346
16.688,0.479,19.16,0.239883291901949,0.0575439937337157
16.688,0.336,13.44,0.124165230759241,0.0154170045294956
16.707,0.22,8.8,0.0727779804536824,0.00529663443891658
16.726,0.336,13.44,0.124165230759241,0.0154170045294956
16.726,0.194,7.76,0.0645654229034656,0.00416869383470336
16.746,0.324,12.96,0.117489755493953,0.0138038426460288
16.746,0.388,15.52,0.157761126969935,0.0248885731828239
16.764,0.285,11.4,0.0981747943019984,0.0096382902362397
16.783,0.375,15,0.148593564228701,0.022080047330189
16.783,0.401,16.04,0.167494287602644,0.0280543363795171
16.802,0.349,13.96,0.131825673855641,0.0173780082874937
16.819,0.388,15.52,0.157761126969935,0.0248885731828239
16.819,0.401,16.04,0.167494287602644,0.0280543363795171
16.838,0.388,15.52,0.157761126969935,0.0248885731828239
16.856,0.401,16.04,0.167494287602644,0.0280543363795171
16.856,0.388,15.52,0.157761126969935,0.0248885731828239
16.874,0.388,15.52,0.157761126969935,0.0248885731828239
16.892,0.492,19.68,0.254683025258504,0.0648634433548238
16.892,0.324,12.96,0.117489755493953,0.0138038426460288
16.91,0.388,15.52,0.157761126969935,0.0248885731828239
16.928,0.362,14.48,0.139958732257262,0.0195884467350599
16.928,0.285,11.4,0.0981747943019984,0.0096382902362397
16.946,0.362,14.48,0.139958732257262,0.0195884467350599
16.964,0.272,10.88,0.0924698173938222,0.00855066712884683
16.964,0.168,6.72,0.0572796030985829,0.00328095293113119
16.981,0.298,11.92,0.10423174293933,0.0108642562361707
17,0.414,16.56,0.177827941003892,0.0316227766016838
17,0.22,8.8,0.0727779804536824,0.00529663443891658
17.017,0.259,10.36,0.0870963589956081,0.00758577575029184
17.035,0.207,8.28,0.0685488226452661,0.00469894108605215
17.035,0.246,9.84,0.0820351544329818,0.00672976656284318
17.053,0.155,6.2,0.0539510622515128,0.00291071711806661
17.072,0.207,8.28,0.0685488226452661,0.00469894108605215
17.072,0.324,12.96,0.117489755493953,0.0138038426460288
17.091,0.22,8.8,0.0727779804536824,0.00529663443891658
17.109,0.311,12.44,0.110662378397767,0.0122461619926505
17.109,0.272,10.88,0.0924698173938222,0.00855066712884683
17.127,0.324,12.96,0.117489755493953,0.0138038426460288
17.127,0.401,16.04,0.167494287602644,0.0280543363795171
17.145,0.311,12.44,0.110662378397767,0.0122461619926505
17.163,0.414,16.56,0.177827941003892,0.0316227766016838
17.163,0.479,19.16,0.239883291901949,0.0575439937337157
17.181,0.427,17.08,0.188799134909629,0.0356451133426244
17.199,0.505,20.2,0.270395836410884,0.0731139083483417
17.199,0.544,21.76,0.323593656929628,0.10471285480509
17.217,0.544,21.76,0.323593656929628,0.10471285480509
17.236,0.569,22.76,0.363078054770101,0.131825673855641
17.236,0.569,22.76,0.363078054770101,0.131825673855641
17.254,0.608,24.32,0.434510224171571,0.188799134909629
17.272,0.621,24.84,0.461317574560379,0.212813904598271
17.272,0.569,22.76,0.363078054770101,0.131825673855641
17.29,0.647,25.88,0.519995996533516,0.270395836410884
17.308,0.621,24.84,0.461317574560379,0.212813904598271
17.308,0.531,21.24,0.304789498962798,0.0928966386779936
17.325,0.647,25.88,0.519995996533516,0.270395836410884
17.344,0.595,23.8,0.409260659730011,0.167494287602644
17.344,0.401,16.04,0.167494287602644,0.0280543363795171
17.363,0.621,24.84,0.461317574560379,0.212813904598271
17.379,0.466,18.64,0.225943577022098,0.0510504999975407
17.379,0.22,8.8,0.0727779804536824,0.00529663443891658
17.398,0.531,21.24,0.304789498962798,0.0928966386779936
17.416,0.712,28.48,0.701455298419971,0.492039535681451
17.416,0.531,21.24,0.304789498962798,0.0928966386779936
17.434,0.22,8.8,0.0727779804536824,0.00529663443891658
17.452,0.492,19.68,0.254683025258504,0.0648634433548238
17.452,0.66,26.4,0.552077439280757,0.304789498962798
17.471,0.453,18.12,0.212813904598271,0.0452897579903621
17.49,0.647,25.88,0.519995996533516,0.270395836410884
17.49,0.388,15.52,0.157761126969935,0.0248885731828239
17.508,0.621,24.84,0.461317574560379,0.212813904598271
17.508,0.725,29,0.744731973905989,0.554625712957911
17.526,0.608,24.32,0.434510224171571,0.188799134909629
17.544,0.699,27.96,0.660693448007596,0.436515832240166
17.544,0.764,30.56,0.891250938133746,0.794328234724282
17.563,0.686,27.44,0.62230028516916,0.387257644921617
17.58,0.751,30.04,0.839459986519397,0.704693068967147
17.581,0.776,31.04,0.941889596522841,0.887156012037961
17.599,0.738,29.52,0.790678627999825,0.625172692775686
17.618,0.764,30.56,0.891250938133746,0.794328234724282
17.618,0.764,30.56,0.891250938133746,0.794328234724282
17.635,0.764,30.56,0.891250938133746,0.794328234724282
17.653,0.764,30.56,0.891250938133746,0.794328234724282
17.653,0.725,29,0.744731973905989,0.554625712957911
17.671,0.776,31.04,0.941889596522841,0.887156012037961
17.688,0.738,29.52,0.790678627999825,0.625172692775686
17.688,0.66,26.4,0.552077439280757,0.304789498962798
17.707,0.751,30.04,0.839459986519397,0.704693068967147
17.726,0.686,27.44,0.62230028516916,0.387257644921617
17.726,0.505,20.2,0.270395836410884,0.0731139083483417
17.744,0.699,27.96,0.660693448007596,0.436515832240166
17.762,0.556,22.24,0.341979442513709,0.116949939101987
17.762,0.207,8.28,0.0685488226452661,0.00469894108605215
17.781,0.595,23.8,0.409260659730011,0.167494287602644
17.799,0.181,7.24,0.0608135001278718,0.00369828179780266
17.799,0.544,21.76,0.323593656929628,0.10471285480509
17.817,0.362,14.48,0.139958732257262,0.0195884467350599
17.835,0.505,20.2,0.270395836410884,0.0731139083483417
17.835,0.673,26.92,0.586138164514029,0.343557947899875
17.854,0.44,17.6,0.200447202736516,0.040179081084894
17.854,0.647,25.88,0.519995996533516,0.270395836410884
17.872,0.336,13.44,0.124165230759241,0.0154170045294956
17.89,0.634,25.36,0.489778819368446,0.239883291901949
17.89,0.712,28.48,0.701455298419971,0.492039535681451
17.909,0.595,23.8,0.409260659730011,0.167494287602644
17.927,0.699,27.96,0.660693448007596,0.436515832240166
17.928,0.751,30.04,0.839459986519397,0.704693068967147
17.946,0.686,27.44,0.62230028516916,0.387257644921617
17.965,0.751,30.04,0.839459986519397,0.704693068967147
17.965,0.751,30.04,0.839459986519397,0.704693068967147
17.983,0.738,29.52,0.790678627999825,0.625172692775686
18.003,0.751,30.04,0.839459986519397,0.704693068967147
18.003,0.738,29.52,0.790678627999825,0.625172692775686
18.021,0.751,30.04,0.839459986519397,0.704693068967147
18.021,0.751,30.04,0.839459986519397,0.704693068967147
18.039,0.712,28.48,0.701455298419971,0.492039535681451
18.058,0.764,30.56,0.891250938133746,0.794328234724282
18.059,0.725,29,0.744731973905989,0.554625712957911
18.076,0.647,25.88,0.519995996533516,0.270395836410884
18.095,0.725,29,0.744731973905989,0.554625712957911
18.095,0.66,26.4,0.552077439280757,0.304789498962798
18.114,0.518,20.72,0.287078058202469,0.0824138115013002
18.131,0.673,26.92,0.586138164514029,0.343557947899875
18.132,0.544,21.76,0.323593656929628,0.10471285480509
18.15,0.194,7.76,0.0645654229034656,0.00416869383470336
18.168,0.569,22.76,0.363078054770101,0.131825673855641
18.168,0.246,9.84,0.0820351544329818,0.00672976656284318
18.186,0.492,19.68,0.254683025258504,0.0648634433548238
18.205,0.375,15,0.148593564228701,0.022080047330189
18.205,0.427,17.08,0.188799134909629,0.0356451133426244
18.223,0.621,24.84,0.461317574560379,0.212813904598271
18.223,0.362,14.48,0.139958732257262,0.0195884467350599
18.241,0.595,23.8,0.409260659730011,0.167494287602644
18.26,0.233,9.32,0.0772680585095702,0.00597035286583837
18.26,0.582,23.28,0.385478357665772,0.148593564228701
18.278,0.673,26.92,0.586138164514029,0.343557947899875
18.297,0.531,21.24,0.304789498962798,0.0928966386779936
18.297,0.66,26.4,0.552077439280757,0.304789498962798
18.314,0.712,28.48,0.701455298419971,0.492039535681451
18.332,0.634,25.36,0.489778819368446,0.239883291901949
18.332,0.712,28.48,0.701455298419971,0.492039535681451
18.35,0.725,29,0.744731973905989,0.554625712957911
18.369,0.699,27.96,0.660693448007596,0.436515832240166
18.369,0.725,29,0.744731973905989,0.554625712957911
18.386,0.712,28.48,0.701455298419971,0.492039535681451
18.405,0.712,28.48,0.701455298419971,0.492039535681451
18.405,0.712,28.48,0.701455298419971,0.492039535681451
18.424,0.699,27.96,0.660693448007596,0.436515832240166
18.442,0.725,29,0.744731973905989,0.554625712957911
18.442,0.699,27.96,0.660693448007596,0.436515832240166
18.461,0.621,24.84,0.461317574560379,0.212813904598271
18.478,0.699,27.96,0.660693448007596,0.436515832240166
18.478,0.647,25.88,0.519995996533516,0.270395836410884
18.496,0.505,20.2,0.270395836410884,0.0731139083483417
18.496,0.66,26.4,0.552077439280757,0.304789498962798
18.516,0.544,21.76,0.323593656929628,0.10471285480509
18.534,0.207,8.28,0.0685488226452661,0.00469894108605215
18.534,0.569,22.76,0.363078054770101,0.131825673855641
18.552,0.298,11.92,0.10423174293933,0.0108642562361707
18.569,0.44,17.6,0.200447202736516,0.040179081084894
18.569,0.388,15.52,0.157761126969935,0.0248885731828239
18.588,0.388,15.52,0.157761126969935,0.0248885731828239
18.607,0.595,23.8,0.409260659730011,0.167494287602644
18.607,0.311,12.44,0.110662378397767,0.0122461619926505
18.624,0.569,22.76,0.363078054770101,0.131825673855641
18.643,0.168,6.72,0.0572796030985829,0.00328095293113119
18.644,0.531,21.24,0.304789498962798,0.0928966386779936
18.662,0.647,25.88,0.519995996533516,0.270395836410884
18.681,0.492,19.68,0.254683025258504,0.0648634433548238
18.681,0.634,25.36,0.489778819368446,0.239883291901949
18.699,0.699,27.96,0.660693448007596,0.436515832240166
18.699,0.608,24.32,0.434510224171571,0.188799134909629
18.717,0.686,27.44,0.62230028516916,0.387257644921617
18.736,0.712,28.48,0.701455298419971,0.492039535681451
18.736,0.673,26.92,0.586138164514029,0.343557947899875
18.755,0.699,27.96,0.660693448007596,0.436515832240166
18.772,0.699,27.96,0.660693448007596,0.436515832240166
18.772,0.699,27.96,0.660693448007596,0.436515832240166
18.79,0.712,28.48,0.701455298419971,0.492039535681451
18.81,0.673,26.92,0.586138164514029,0.343557947899875
18.81,0.712,28.48,0.701455298419971,0.492039535681451
18.828,0.673,26.92,0.586138164514029,0.343557947899875
18.846,0.608,24.32,0.434510224171571,0.188799134909629
18.847,0.686,27.44,0.62230028516916,0.387257644921617
18.864,0.621,24.84,0.461317574560379,0.212813904598271
18.883,0.518,20.72,0.287078058202469,0.0824138115013002
18.883,0.647,25.88,0.519995996533516,0.270395836410884
18.901,0.544,21.76,0.323593656929628,0.10471285480509
18.901,0.259,10.36,0.0870963589956081,0.00758577575029184
18.92,0.569,22.76,0.363078054770101,0.131825673855641
18.938,0.492,19.68,0.254683025258504,0.0648634433548238
18.938,0.388,15.52,0.157761126969935,0.0248885731828239
18.956,0.414,16.56,0.177827941003892,0.0316227766016838
18.974,0.298,11.92,0.10423174293933,0.0108642562361707
18.974,0.556,22.24,0.341979442513709,0.116949939101987
18.993,0.207,8.28,0.0685488226452661,0.00469894108605215
19.012,0.544,21.76,0.323593656929628,0.10471285480509
19.012,0.647,25.88,0.519995996533516,0.270395836410884
19.031,0.492,19.68,0.254683025258504,0.0648634433548238
19.048,0.621,24.84,0.461317574560379,0.212813904598271
19.048,0.453,18.12,0.212813904598271,0.0452897579903621
19.067,0.608,24.32,0.434510224171571,0.188799134909629
19.085,0.673,26.92,0.586138164514029,0.343557947899875
19.085,0.582,23.28,0.385478357665772,0.148593564228701
19.103,0.673,26.92,0.586138164514029,0.343557947899875
19.121,0.686,27.44,0.62230028516916,0.387257644921617
19.121,0.66,26.4,0.552077439280757,0.304789498962798
19.139,0.699,27.96,0.660693448007596,0.436515832240166
19.157,0.699,27.96,0.660693448007596,0.436515832240166
19.157,0.699,27.96,0.660693448007596,0.436515832240166
19.175,0.699,27.96,0.660693448007596,0.436515832240166
19.192,0.66,26.4,0.552077439280757,0.304789498962798
19.192,0.699,27.96,0.660693448007596,0.436515832240166
19.211,0.673,26.92,0.586138164514029,0.343557947899875
19.211,0.621,24.84,0.461317574560379,0.212813904598271
19.229,0.699,27.96,0.660693448007596,0.436515832240166
19.247,0.634,25.36,0.489778819368446,0.239883291901949
19.247,0.531,21.24,0.304789498962798,0.0928966386779936
19.265,0.66,26.4,0.552077439280757,0.304789498962798
19.284,0.556,22.24,0.341979442513709,0.116949939101987
19.284,0.272,10.88,0.0924698173938222,0.00855066712884683
19.302,0.582,23.28,0.385478357665772,0.148593564228701
19.321,0.375,15,0.148593564228701,0.022080047330189
19.321,0.362,14.48,0.139958732257262,0.0195884467350599
19.339,0.44,17.6,0.200447202736516,0.040179081084894
19.357,0.285,11.4,0.0981747943019984,0.0096382902362397
19.357,0.556,22.24,0.341979442513709,0.116949939101987
19.375,0.453,18.12,0.212813904598271,0.0452897579903621
19.394,0.531,21.24,0.304789498962798,0.0928966386779936
19.394,0.647,25.88,0.519995996533516,0.270395836410884
19.411,0.492,19.68,0.254683025258504,0.0648634433548238
19.429,0.634,25.36,0.489778819368446,0.239883291901949
19.43,0.466,18.64,0.225943577022098,0.0510504999975407
19.448,0.634,25.36,0.489778819368446,0.239883291901949
19.466,0.699,27.96,0.660693448007596,0.436515832240166
19.466,0.608,24.32,0.434510224171571,0.188799134909629
19.484,0.699,27.96,0.660693448007596,0.436515832240166
19.504,0.738,29.52,0.790678627999825,0.625172692775686
19.504,0.686,27.44,0.62230028516916,0.387257644921617
19.522,0.738,29.52,0.790678627999825,0.625172692775686
19.522,0.738,29.52,0.790678627999825,0.625172692775686
19.54,0.738,29.52,0.790678627999825,0.625172692775686
19.559,0.738,29.52,0.790678627999825,0.625172692775686
19.559,0.725,29,0.744731973905989,0.554625712957911
19.576,0.751,30.04,0.839459986519397,0.704693068967147
19.595,0.738,29.52,0.790678627999825,0.625172692775686
19.595,0.686,27.44,0.62230028516916,0.387257644921617
19.612,0.751,30.04,0.839459986519397,0.704693068967147
19.63,0.712,28.48,0.701455298419971,0.492039535681451
19.63,0.621,24.84,0.461317574560379,0.212813904598271
19.649,0.725,29,0.744731973905989,0.554625712957911
19.666,0.647,25.88,0.519995996533516,0.270395836410884
19.666,0.414,16.56,0.177827941003892,0.0316227766016838
19.685,0.66,26.4,0.552077439280757,0.304789498962798
19.702,0.505,20.2,0.270395836410884,0.0731139083483417
19.702,0.479,19.16,0.239883291901949,0.0575439937337157
19.721,0.544,21.76,0.323593656929628,0.10471285480509
19.739,0.207,8.28,0.0685488226452661,0.00469894108605215
19.739,0.595,23.8,0.409260659730011,0.167494287602644
19.759,0.142,5.68,0.0508159442560561,0.0025822601906346
19.776,0.569,22.76,0.363078054770101,0.131825673855641
19.776,0.712,28.48,0.701455298419971,0.492039535681451
19.795,0.518,20.72,0.287078058202469,0.0824138115013002
19.812,0.686,27.44,0.62230028516916,0.387257644921617
19.812,0.466,18.64,0.225943577022098,0.0510504999975407
19.83,0.66,26.4,0.552077439280757,0.304789498962798
19.83,0.751,30.04,0.839459986519397,0.704693068967147
19.849,0.634,25.36,0.489778819368446,0.239883291901949
19.868,0.738,29.52,0.790678627999825,0.625172692775686
19.868,0.776,31.04,0.941889596522841,0.887156012037961
19.885,0.725,29,0.744731973905989,0.554625712957911
19.904,0.764,30.56,0.891250938133746,0.794328234724282
19.904,0.776,31.04,0.941889596522841,0.887156012037961
19.923,0.764,30.56,0.891250938133746,0.794328234724282
19.942,0.776,31.04,0.941889596522841,0.887156012037961
19.942,0.764,30.56,0.891250938133746,0.794328234724282
19.961,0.776,31.04,0.941889596522841,0.887156012037961
19.979,0.764,30.56,0.891250938133746,0.794328234724282
19.979,0.725,29,0.744731973905989,0.554625712957911
20,0.776,31.04,0.941889596522841,0.887156012037961
20,0.725,29,0.744731973905989,0.554625712957911
20.018,0.634,25.36,0.489778819368446,0.239883291901949
20.036,0.738,29.52,0.790678627999825,0.625172692775686
20.036,0.66,26.4,0.552077439280757,0.304789498962798
20.054,0.466,18.64,0.225943577022098,0.0510504999975407
20.072,0.673,26.92,0.586138164514029,0.343557947899875
20.072,0.518,20.72,0.287078058202469,0.0824138115013002
20.09,0.324,12.96,0.117489755493953,0.0138038426460288
20.109,0.556,22.24,0.341979442513709,0.116949939101987
20.109,0.246,9.84,0.0820351544329818,0.00672976656284318
20.127,0.582,23.28,0.385478357665772,0.148593564228701
20.144,0.233,9.32,0.0772680585095702,0.00597035286583837
20.144,0.544,21.76,0.323593656929628,0.10471285480509
20.163,0.686,27.44,0.62230028516916,0.387257644921617
20.182,0.466,18.64,0.225943577022098,0.0510504999975407
20.183,0.66,26.4,0.552077439280757,0.304789498962798
20.201,0.427,17.08,0.188799134909629,0.0356451133426244
20.201,0.647,25.88,0.519995996533516,0.270395836410884
20.219,0.725,29,0.744731973905989,0.554625712957911
20.238,0.595,23.8,0.409260659730011,0.167494287602644
20.238,0.712,28.48,0.701455298419971,0.492039535681451
20.255,0.751,30.04,0.839459986519397,0.704693068967147
20.274,0.699,27.96,0.660693448007596,0.436515832240166
20.274,0.751,30.04,0.839459986519397,0.704693068967147
20.293,0.764,30.56,0.891250938133746,0.794328234724282
20.311,0.751,30.04,0.839459986519397,0.704693068967147
20.311,0.764,30.56,0.891250938133746,0.794328234724282
20.33,0.764,30.56,0.891250938133746,0.794328234724282
20.348,0.764,30.56,0.891250938133746,0.794328234724282
20.348,0.764,30.56,0.891250938133746,0.794328234724282
20.366,0.712,28.48,0.701455298419971,0.492039535681451
20.384,0.776,31.04,0.941889596522841,0.887156012037961
20.384,0.738,29.52,0.790678627999825,0.625172692775686
20.403,0.66,26.4,0.552077439280757,0.304789498962798
20.403,0.751,30.04,0.839459986519397,0.704693068967147
20.421,0.686,27.44,0.62230028516916,0.387257644921617
20.439,0.505,20.2,0.270395836410884,0.0731139083483417
20.439,0.712,28.48,0.701455298419971,0.492039535681451
20.457,0.556,22.24,0.341979442513709,0.116949939101987
20.475,0.259,10.36,0.0870963589956081,0.00758577575029184
20.475,0.686,27.44,0.62230028516916,0.387257644921617
20.493,0.194,7.76,0.0645654229034656,0.00416869383470336
20.51,0.582,23.28,0.385478357665772,0.148593564228701
20.51,0.336,13.44,0.124165230759241,0.0154170045294956
20.528,0.531,21.24,0.304789498962798,0.0928966386779936
20.546,0.699,27.96,0.660693448007596,0.436515832240166
20.546,0.518,20.72,0.287078058202469,0.0824138115013002
20.565,0.673,26.92,0.586138164514029,0.343557947899875
20.582,0.362,14.48,0.139958732257262,0.0195884467350599
20.582,0.647,25.88,0.519995996533516,0.270395836410884
20.6,0.738,29.52,0.790678627999825,0.625172692775686
20.619,0.608,24.32,0.434510224171571,0.188799134909629
20.619,0.712,28.48,0.701455298419971,0.492039535681451
20.637,0.764,30.56,0.891250938133746,0.794328234724282
20.655,0.712,28.48,0.701455298419971,0.492039535681451
20.655,0.776,31.04,0.941889596522841,0.887156012037961
20.674,0.776,31.04,0.941889596522841,0.887156012037961
20.691,0.764,30.56,0.891250938133746,0.794328234724282
20.691,0.789,31.56,1,1
20.709,0.776,31.04,0.941889596522841,0.887156012037961
20.727,0.789,31.56,1,1
20.727,0.751,30.04,0.839459986519397,0.704693068967147
20.745,0.738,29.52,0.790678627999825,0.625172692775686
20.763,0.776,31.04,0.941889596522841,0.887156012037961
20.763,0.751,30.04,0.839459986519397,0.704693068967147
20.781,0.712,28.48,0.701455298419971,0.492039535681451
20.799,0.751,30.04,0.839459986519397,0.704693068967147
20.8,0.686,27.44,0.62230028516916,0.387257644921617
20.817,0.544,21.76,0.323593656929628,0.10471285480509
20.836,0.712,28.48,0.701455298419971,0.492039535681451
20.836,0.569,22.76,0.363078054770101,0.131825673855641
20.853,0.207,8.28,0.0685488226452661,0.00469894108605215
20.871,0.608,24.32,0.434510224171571,0.188799134909629
20.871,0.259,10.36,0.0870963589956081,0.00758577575029184
20.89,0.544,21.76,0.323593656929628,0.10471285480509
20.908,0.362,14.48,0.139958732257262,0.0195884467350599
20.908,0.492,19.68,0.254683025258504,0.0648634433548238
20.925,0.673,26.92,0.586138164514029,0.343557947899875
20.942,0.427,17.08,0.188799134909629,0.0356451133426244
20.942,0.66,26.4,0.552077439280757,0.304789498962798
20.96,0.311,12.44,0.110662378397767,0.0122461619926505
20.979,0.634,25.36,0.489778819368446,0.239883291901949
20.979,0.738,29.52,0.790678627999825,0.625172692775686
20.997,0.595,23.8,0.409260659730011,0.167494287602644
21.018,0.725,29,0.744731973905989,0.554625712957911
21.018,0.776,31.04,0.941889596522841,0.887156012037961
21.037,0.699,27.96,0.660693448007596,0.436515832240166
21.037,0.764,30.56,0.891250938133746,0.794328234724282
21.056,0.789,31.56,1,1
21.073,0.751,30.04,0.839459986519397,0.704693068967147
21.073,0.776,31.04,0.941889596522841,0.887156012037961
21.09,0.789,31.56,1,1
21.109,0.776,31.04,0.941889596522841,0.887156012037961
21.11,0.776,31.04,0.941889596522841,0.887156012037961
21.127,0.751,30.04,0.839459986519397,0.704693068967147
21.145,0.789,31.56,1,1
21.145,0.764,30.56,0.891250938133746,0.794328234724282
21.162,0.686,27.44,0.62230028516916,0.387257644921617
21.18,0.764,30.56,0.891250938133746,0.794328234724282
21.18,0.712,28.48,0.701455298419971,0.492039535681451
21.198,0.66,26.4,0.552077439280757,0.304789498962798
21.215,0.712,28.48,0.701455298419971,0.492039535681451
21.215,0.595,23.8,0.409260659730011,0.167494287602644
21.234,0.285,11.4,0.0981747943019984,0.0096382902362397
21.251,0.634,25.36,0.489778819368446,0.239883291901949
21.251,0.544,21.76,0.323593656929628,0.10471285480509
21.268,0.531,21.24,0.304789498962798,0.0928966386779936
21.286,0.427,17.08,0.188799134909629,0.0356451133426244
21.286,0.479,19.16,0.239883291901949,0.0575439937337157
21.303,0.686,27.44,0.62230028516916,0.387257644921617
21.322,0.375,15,0.148593564228701,0.022080047330189
21.322,0.647,25.88,0.519995996533516,0.270395836410884
21.34,0.259,10.36,0.0870963589956081,0.00758577575029184
21.358,0.608,24.32,0.434510224171571,0.188799134909629
21.358,0.725,29,0.744731973905989,0.554625712957911
21.376,0.569,22.76,0.363078054770101,0.131825673855641
21.394,0.712,28.48,0.701455298419971,0.492039535681451
21.394,0.776,31.04,0.941889596522841,0.887156012037961
21.411,0.686,27.44,0.62230028516916,0.387257644921617
21.431,0.764,30.56,0.891250938133746,0.794328234724282
21.431,0.789,31.56,1,1
21.449,0.751,30.04,0.839459986519397,0.704693068967147
21.466,0.789,31.56,1,1
21.466,0.776,31.04,0.941889596522841,0.887156012037961
21.484,0.776,31.04,0.941889596522841,0.887156012037961
21.501,0.789,31.56,1,1
21.502,0.751,30.04,0.839459986519397,0.704693068967147
21.52,0.789,31.56,1,1
21.539,0.751,30.04,0.839459986519397,0.704693068967147
21.539,0.699,27.96,0.660693448007596,0.436515832240166
21.56,0.751,30.04,0.839459986519397,0.704693068967147
21.56,0.712,28.48,0.701455298419971,0.492039535681451
21.579,0.582,23.28,0.385478357665772,0.148593564228701
21.597,0.725,29,0.744731973905989,0.554625712957911
21.597,0.621,24.84,0.461317574560379,0.212813904598271
21.616,0.298,11.92,0.10423174293933,0.0108642562361707
21.636,0.647,25.88,0.519995996533516,0.270395836410884
21.636,0.414,16.56,0.177827941003892,0.0316227766016838
21.654,0.492,19.68,0.254683025258504,0.0648634433548238
21.654,0.492,19.68,0.254683025258504,0.0648634433548238
21.673,0.401,16.04,0.167494287602644,0.0280543363795171
21.693,0.66,26.4,0.552077439280757,0.304789498962798
21.693,0.285,11.4,0.0981747943019984,0.0096382902362397
21.713,0.634,25.36,0.489778819368446,0.239883291901949
21.713,0.233,9.32,0.0772680585095702,0.00597035286583837
21.731,0.595,23.8,0.409260659730011,0.167494287602644
21.748,0.725,29,0.744731973905989,0.554625712957911
21.748,0.544,21.76,0.323593656929628,0.10471285480509
21.766,0.699,27.96,0.660693448007596,0.436515832240166
21.784,0.764,30.56,0.891250938133746,0.794328234724282
21.784,0.673,26.92,0.586138164514029,0.343557947899875
21.802,0.751,30.04,0.839459986519397,0.704693068967147
21.82,0.776,31.04,0.941889596522841,0.887156012037961
21.82,0.751,30.04,0.839459986519397,0.704693068967147
21.84,0.776,31.04,0.941889596522841,0.887156012037961
21.858,0.776,31.04,0.941889596522841,0.887156012037961
21.858,0.776,31.04,0.941889596522841,0.887156012037961
21.877,0.776,31.04,0.941889596522841,0.887156012037961
21.894,0.764,30.56,0.891250938133746,0.794328234724282
21.895,0.789,31.56,1,1
21.913,0.764,30.56,0.891250938133746,0.794328234724282
21.931,0.699,27.96,0.660693448007596,0.436515832240166
21.931,0.776,31.04,0.941889596522841,0.887156012037961
21.95,0.712,28.48,0.701455298419971,0.492039535681451
21.969,0.595,23.8,0.409260659730011,0.167494287602644
21.969,0.738,29.52,0.790678627999825,0.625172692775686
21.99,0.621,24.84,0.461317574560379,0.212813904598271
21.99,0.311,12.44,0.110662378397767,0.0122461619926505
22.01,0.647,25.88,0.519995996533516,0.270395836410884
22.01,0.608,24.32,0.434510224171571,0.188799134909629
22.032,0.505,20.2,0.270395836410884,0.0731139083483417
22.054,0.505,20.2,0.270395836410884,0.0731139083483417
22.054,0.349,13.96,0.131825673855641,0.0173780082874937
22.073,0.634,25.36,0.489778819368446,0.239883291901949
22.073,0.22,8.8,0.0727779804536824,0.00529663443891658
22.092,0.608,24.32,0.434510224171571,0.188799134909629
22.112,0.712,28.48,0.701455298419971,0.492039535681451
22.112,0.569,22.76,0.363078054770101,0.131825673855641
22.131,0.712,28.48,0.701455298419971,0.492039535681451
22.131,0.518,20.72,0.287078058202469,0.0824138115013002
22.15,0.686,27.44,0.62230028516916,0.387257644921617
22.17,0.751,30.04,0.839459986519397,0.704693068967147
22.17,0.66,26.4,0.552077439280757,0.304789498962798
22.189,0.738,29.52,0.790678627999825,0.625172692775686
22.189,0.776,31.04,0.941889596522841,0.887156012037961
22.208,0.738,29.52,0.790678627999825,0.625172692775686
22.227,0.764,30.56,0.891250938133746,0.794328234724282
22.227,0.776,31.04,0.941889596522841,0.887156012037961
22.246,0.776,31.04,0.941889596522841,0.887156012037961
22.266,0.776,31.04,0.941889596522841,0.887156012037961
22.266,0.751,30.04,0.839459986519397,0.704693068967147
22.284,0.776,31.04,0.941889596522841,0.887156012037961
22.284,0.764,30.56,0.891250938133746,0.794328234724282
22.304,0.712,28.48,0.701455298419971,0.492039535681451
22.322,0.776,31.04,0.941889596522841,0.887156012037961
22.322,0.725,29,0.744731973905989,0.554625712957911
22.34,0.608,24.32,0.434510224171571,0.188799134909629
22.358,0.738,29.52,0.790678627999825,0.625172692775686
22.358,0.647,25.88,0.519995996533516,0.270395836410884
22.376,0.414,16.56,0.177827941003892,0.0316227766016838
22.394,0.686,27.44,0.62230028516916,0.387257644921617
22.394,0.492,19.68,0.254683025258504,0.0648634433548238
22.413,0.388,15.52,0.157761126969935,0.0248885731828239
22.431,0.556,22.24,0.341979442513709,0.116949939101987
22.431,0.259,10.36,0.0870963589956081,0.00758577575029184
22.449,0.634,25.36,0.489778819368446,0.239883291901949
22.466,0.168,6.72,0.0572796030985829,0.00328095293113119
22.466,0.582,23.28,0.385478357665772,0.148593564228701
22.483,0.712,28.48,0.701455298419971,0.492039535681451
22.503,0.531,21.24,0.304789498962798,0.0928966386779936
22.503,0.699,27.96,0.660693448007596,0.436515832240166
22.522,0.569,22.76,0.363078054770101,0.131825673855641
22.522,0.673,26.92,0.586138164514029,0.343557947899875
22.54,0.751,30.04,0.839459986519397,0.704693068967147
22.558,0.647,25.88,0.519995996533516,0.270395836410884
22.558,0.751,30.04,0.839459986519397,0.704693068967147
22.576,0.776,31.04,0.941889596522841,0.887156012037961
22.594,0.725,29,0.744731973905989,0.554625712957911
22.594,0.764,30.56,0.891250938133746,0.794328234724282
22.612,0.776,31.04,0.941889596522841,0.887156012037961
22.63,0.764,30.56,0.891250938133746,0.794328234724282
22.63,0.789,31.56,1,1
22.649,0.764,30.56,0.891250938133746,0.794328234724282
22.667,0.789,31.56,1,1
22.667,0.764,30.56,0.891250938133746,0.794328234724282
22.685,0.712,28.48,0.701455298419971,0.492039535681451
22.702,0.776,31.04,0.941889596522841,0.887156012037961
22.702,0.738,29.52,0.790678627999825,0.625172692775686
22.72,0.634,25.36,0.489778819368446,0.239883291901949
22.738,0.738,29.52,0.790678627999825,0.625172692775686
22.738,0.647,25.88,0.519995996533516,0.270395836410884
22.756,0.44,17.6,0.200447202736516,0.040179081084894
22.775,0.686,27.44,0.62230028516916,0.387257644921617
22.775,0.505,20.2,0.270395836410884,0.0731139083483417
22.793,0.324,12.96,0.117489755493953,0.0138038426460288
22.81,0.544,21.76,0.323593656929628,0.10471285480509
22.811,0.207,8.28,0.0685488226452661,0.00469894108605215
22.828,0.634,25.36,0.489778819368446,0.239883291901949
22.847,0.194,7.76,0.0645654229034656,0.00416869383470336
22.847,0.556,22.24,0.341979442513709,0.116949939101987
22.865,0.699,27.96,0.660693448007596,0.436515832240166
22.883,0.505,20.2,0.270395836410884,0.0731139083483417
22.883,0.686,27.44,0.62230028516916,0.387257644921617
22.901,0.44,17.6,0.200447202736516,0.040179081084894
22.918,0.66,26.4,0.552077439280757,0.304789498962798
22.918,0.738,29.52,0.790678627999825,0.625172692775686
22.937,0.647,25.88,0.519995996533516,0.270395836410884
22.955,0.725,29,0.744731973905989,0.554625712957911
22.955,0.764,30.56,0.891250938133746,0.794328234724282
22.974,0.712,28.48,0.701455298419971,0.492039535681451
22.991,0.764,30.56,0.891250938133746,0.794328234724282
22.993,0.764,30.56,0.891250938133746,0.794328234724282
23.01,0.764,30.56,0.891250938133746,0.794328234724282
23.027,0.776,31.04,0.941889596522841,0.887156012037961
23.027,0.764,30.56,0.891250938133746,0.794328234724282
23.046,0.776,31.04,0.941889596522841,0.887156012037961
23.046,0.776,31.04,0.941889596522841,0.887156012037961
23.065,0.725,29,0.744731973905989,0.554625712957911
23.082,0.776,31.04,0.941889596522841,0.887156012037961
23.082,0.738,29.52,0.790678627999825,0.625172692775686
23.1,0.66,26.4,0.552077439280757,0.304789498962798
23.117,0.751,30.04,0.839459986519397,0.704693068967147
23.117,0.673,26.92,0.586138164514029,0.343557947899875
23.136,0.479,19.16,0.239883291901949,0.0575439937337157
23.155,0.699,27.96,0.660693448007596,0.436515832240166
23.155,0.531,21.24,0.304789498962798,0.0928966386779936
23.173,0.259,10.36,0.0870963589956081,0.00758577575029184
23.191,0.582,23.28,0.385478357665772,0.148593564228701
23.191,0.155,6.2,0.0539510622515128,0.00291071711806661
23.209,0.582,23.28,0.385478357665772,0.148593564228701
23.227,0.272,10.88,0.0924698173938222,0.00855066712884683
23.227,0.544,21.76,0.323593656929628,0.10471285480509
23.245,0.686,27.44,0.62230028516916,0.387257644921617
23.262,0.479,19.16,0.239883291901949,0.0575439937337157
23.262,0.673,26.92,0.586138164514029,0.343557947899875
23.28,0.388,15.52,0.157761126969935,0.0248885731828239
23.298,0.647,25.88,0.519995996533516,0.270395836410884
23.298,0.738,29.52,0.790678627999825,0.625172692775686
23.316,0.621,24.84,0.461317574560379,0.212813904598271
23.334,0.725,29,0.744731973905989,0.554625712957911
23.334,0.776,31.04,0.941889596522841,0.887156012037961
23.352,0.712,28.48,0.701455298419971,0.492039535681451
23.369,0.764,30.56,0.891250938133746,0.794328234724282
23.369,0.776,31.04,0.941889596522841,0.887156012037961
23.387,0.764,30.56,0.891250938133746,0.794328234724282
23.405,0.776,31.04,0.941889596522841,0.887156012037961
23.405,0.764,30.56,0.891250938133746,0.794328234724282
23.422,0.764,30.56,0.891250938133746,0.794328234724282
23.441,0.776,31.04,0.941889596522841,0.887156012037961
23.441,0.738,29.52,0.790678627999825,0.625172692775686
23.458,0.776,31.04,0.941889596522841,0.887156012037961
23.476,0.738,29.52,0.790678627999825,0.625172692775686
23.476,0.66,26.4,0.552077439280757,0.304789498962798
23.494,0.751,30.04,0.839459986519397,0.704693068967147
23.511,0.673,26.92,0.586138164514029,0.343557947899875
23.511,0.518,20.72,0.287078058202469,0.0824138115013002
23.529,0.712,28.48,0.701455298419971,0.492039535681451
23.546,0.556,22.24,0.341979442513709,0.116949939101987
23.546,0.673,26.92,0.586138164514029,0.343557947899875
23.566,0.595,23.8,0.409260659730011,0.167494287602644
23.583,0.207,8.28,0.0685488226452661,0.00469894108605215
23.583,0.544,21.76,0.323593656929628,0.10471285480509
23.599,0.362,14.48,0.139958732257262,0.0195884467350599
23.618,0.492,19.68,0.254683025258504,0.0648634433548238
23.618,0.673,26.92,0.586138164514029,0.343557947899875
23.636,0.427,17.08,0.188799134909629,0.0356451133426244
23.654,0.647,25.88,0.519995996533516,0.270395836410884
23.654,0.311,12.44,0.110662378397767,0.0122461619926505
23.673,0.647,25.88,0.519995996533516,0.270395836410884
23.691,0.725,29,0.744731973905989,0.554625712957911
23.691,0.595,23.8,0.409260659730011,0.167494287602644
23.71,0.712,28.48,0.701455298419971,0.492039535681451
23.728,0.764,30.56,0.891250938133746,0.794328234724282
23.728,0.686,27.44,0.62230028516916,0.387257644921617
23.747,0.764,30.56,0.891250938133746,0.794328234724282
23.765,0.776,31.04,0.941889596522841,0.887156012037961
23.765,0.751,30.04,0.839459986519397,0.704693068967147
23.783,0.776,31.04,0.941889596522841,0.887156012037961
23.804,0.764,30.56,0.891250938133746,0.794328234724282
23.804,0.764,30.56,0.891250938133746,0.794328234724282
23.822,0.789,31.56,1,1
23.822,0.738,29.52,0.790678627999825,0.625172692775686
23.839,0.776,31.04,0.941889596522841,0.887156012037961
23.857,0.751,30.04,0.839459986519397,0.704693068967147
23.857,0.686,27.44,0.62230028516916,0.387257644921617
23.875,0.764,30.56,0.891250938133746,0.794328234724282
23.892,0.699,27.96,0.660693448007596,0.436515832240166
23.893,0.544,21.76,0.323593656929628,0.10471285480509
23.91,0.699,27.96,0.660693448007596,0.436515832240166
23.928,0.595,23.8,0.409260659730011,0.167494287602644
23.928,0.246,9.84,0.0820351544329818,0.00672976656284318
23.946,0.621,24.84,0.461317574560379,0.212813904598271
23.964,0.272,10.88,0.0924698173938222,0.00855066712884683
23.964,0.531,21.24,0.304789498962798,0.0928966386779936
23.981,0.414,16.56,0.177827941003892,0.0316227766016838
23.999,0.479,19.16,0.239883291901949,0.0575439937337157
23.999,0.66,26.4,0.552077439280757,0.304789498962798
24.017,0.388,15.52,0.157761126969935,0.0248885731828239
24.035,0.634,25.36,0.489778819368446,0.239883291901949
24.035,0.246,9.84,0.0820351544329818,0.00672976656284318
24.054,0.621,24.84,0.461317574560379,0.212813904598271
24.072,0.712,28.48,0.701455298419971,0.492039535681451
24.072,0.569,22.76,0.363078054770101,0.131825673855641
24.091,0.712,28.48,0.701455298419971,0.492039535681451
24.109,0.764,30.56,0.891250938133746,0.794328234724282
24.109,0.699,27.96,0.660693448007596,0.436515832240166
24.127,0.751,30.04,0.839459986519397,0.704693068967147
24.145,0.764,30.56,0.891250938133746,0.794328234724282
24.145,0.751,30.04,0.839459986519397,0.704693068967147
24.165,0.751,30.04,0.839459986519397,0.704693068967147
24.181,0.776,31.04,0.941889596522841,0.887156012037961
24.181,0.776,31.04,0.941889596522841,0.887156012037961
24.199,0.776,31.04,0.941889596522841,0.887156012037961
24.217,0.738,29.52,0.790678627999825,0.625172692775686
24.217,0.776,31.04,0.941889596522841,0.887156012037961
24.234,0.751,30.04,0.839459986519397,0.704693068967147
24.253,0.686,27.44,0.62230028516916,0.387257644921617
24.253,0.764,30.56,0.891250938133746,0.794328234724282
24.27,0.699,27.96,0.660693448007596,0.436515832240166
24.288,0.582,23.28,0.385478357665772,0.148593564228701
24.288,0.712,28.48,0.701455298419971,0.492039535681451
24.305,0.608,24.32,0.434510224171571,0.188799134909629
24.323,0.246,9.84,0.0820351544329818,0.00672976656284318
24.323,0.634,25.36,0.489778819368446,0.239883291901949
24.341,0.388,15.52,0.157761126969935,0.0248885731828239
24.358,0.479,19.16,0.239883291901949,0.0575439937337157
24.358,0.466,18.64,0.225943577022098,0.0510504999975407
24.377,0.427,17.08,0.188799134909629,0.0356451133426244
24.395,0.66,26.4,0.552077439280757,0.304789498962798
24.396,0.311,12.44,0.110662378397767,0.0122461619926505
24.413,0.608,24.32,0.434510224171571,0.188799134909629
24.432,0.155,6.2,0.0539510622515128,0.00291071711806661
24.432,0.582,23.28,0.385478357665772,0.148593564228701
24.449,0.712,28.48,0.701455298419971,0.492039535681451
24.467,0.531,21.24,0.304789498962798,0.0928966386779936
24.467,0.686,27.44,0.62230028516916,0.387257644921617
24.485,0.751,30.04,0.839459986519397,0.704693068967147
24.504,0.66,26.4,0.552077439280757,0.304789498962798
24.504,0.751,30.04,0.839459986519397,0.704693068967147
24.522,0.764,30.56,0.891250938133746,0.794328234724282
24.538,0.738,29.52,0.790678627999825,0.625172692775686
24.538,0.764,30.56,0.891250938133746,0.794328234724282
24.556,0.764,30.56,0.891250938133746,0.794328234724282
24.574,0.751,30.04,0.839459986519397,0.704693068967147
24.574,0.764,30.56,0.891250938133746,0.794328234724282
24.591,0.738,29.52,0.790678627999825,0.625172692775686
24.61,0.764,30.56,0.891250938133746,0.794328234724282
24.61,0.738,29.52,0.790678627999825,0.625172692775686
24.628,0.673,26.92,0.586138164514029,0.343557947899875
24.646,0.751,30.04,0.839459986519397,0.704693068967147
24.646,0.686,27.44,0.62230028516916,0.387257644921617
24.663,0.569,22.76,0.363078054770101,0.131825673855641
24.683,0.699,27.96,0.660693448007596,0.436515832240166
24.683,0.582,23.28,0.385478357665772,0.148593564228701
24.7,0.272,10.88,0.0924698173938222,0.00855066712884683
24.72,0.621,24.84,0.461317574560379,0.212813904598271
24.72,0.388,15.52,0.157761126969935,0.0248885731828239
24.739,0.44,17.6,0.200447202736516,0.040179081084894
24.739,0.453,18.12,0.212813904598271,0.0452897579903621
24.757,0.349,13.96,0.131825673855641,0.0173780082874937
24.777,0.608,24.32,0.434510224171571,0.188799134909629
24.777,0.414,16.56,0.177827941003892,0.0316227766016838
24.796,0.569,22.76,0.363078054770101,0.131825673855641
24.814,0.686,27.44,0.62230028516916,0.387257644921617
24.814,0.531,21.24,0.304789498962798,0.0928966386779936
24.832,0.673,26.92,0.586138164514029,0.343557947899875
24.85,0.505,20.2,0.270395836410884,0.0731139083483417
24.85,0.66,26.4,0.552077439280757,0.304789498962798
24.868,0.712,28.48,0.701455298419971,0.492039535681451
24.886,0.634,25.36,0.489778819368446,0.239883291901949
24.886,0.712,28.48,0.701455298419971,0.492039535681451
24.904,0.738,29.52,0.790678627999825,0.625172692775686
24.905,0.699,27.96,0.660693448007596,0.436515832240166
24.922,0.725,29,0.744731973905989,0.554625712957911
24.939,0.738,29.52,0.790678627999825,0.625172692775686
24.939,0.738,29.52,0.790678627999825,0.625172692775686
24.957,0.738,29.52,0.790678627999825,0.625172692775686
24.975,0.712,28.48,0.701455298419971,0.492039535681451
24.975,0.738,29.52,0.790678627999825,0.625172692775686
24.994,0.725,29,0.744731973905989,0.554625712957911
25.012,0.66,26.4,0.552077439280757,0.304789498962798
25.012,0.725,29,0.744731973905989,0.554625712957911
25.029,0.673,26.92,0.586138164514029,0.343557947899875
25.047,0.569,22.76,0.363078054770101,0.131825673855641
25.047,0.699,27.96,0.660693448007596,0.436515832240166
25.065,0.595,23.8,0.409260659730011,0.167494287602644
25.084,0.479,19.16,0.239883291901949,0.0575439937337157
25.084,0.634,25.36,0.489778819368446,0.239883291901949
25.102,0.453,18.12,0.212813904598271,0.0452897579903621
25.12,0.388,15.52,0.157761126969935,0.0248885731828239
25.121,0.492,19.68,0.254683025258504,0.0648634433548238
25.139,0.272,10.88,0.0924698173938222,0.00855066712884683
25.157,0.582,23.28,0.385478357665772,0.148593564228701
25.157,0.181,7.24,0.0608135001278718,0.00369828179780266
25.175,0.544,21.76,0.323593656929628,0.10471285480509
25.194,0.673,26.92,0.586138164514029,0.343557947899875
25.194,0.505,20.2,0.270395836410884,0.0731139083483417
25.211,0.66,26.4,0.552077439280757,0.304789498962798
25.229,0.44,17.6,0.200447202736516,0.040179081084894
25.229,0.647,25.88,0.519995996533516,0.270395836410884
25.247,0.712,28.48,0.701455298419971,0.492039535681451
25.266,0.621,24.84,0.461317574560379,0.212813904598271
25.266,0.712,28.48,0.701455298419971,0.492039535681451
25.284,0.738,29.52,0.790678627999825,0.625172692775686
25.302,0.699,27.96,0.660693448007596,0.436515832240166
25.302,0.738,29.52,0.790678627999825,0.625172692775686
25.32,0.751,30.04,0.839459986519397,0.704693068967147
25.32,0.738,29.52,0.790678627999825,0.625172692775686
25.339,0.738,29.52,0.790678627999825,0.625172692775686
25.358,0.738,29.52,0.790678627999825,0.625172692775686
25.358,0.751,30.04,0.839459986519397,0.704693068967147
25.378,0.751,30.04,0.839459986519397,0.704693068967147
25.396,0.686,27.44,0.62230028516916,0.387257644921617
25.396,0.751,30.04,0.839459986519397,0.704693068967147
25.415,0.699,27.96,0.660693448007596,0.436515832240166
25.433,0.595,23.8,0.409260659730011,0.167494287602644
25.433,0.712,28.48,0.701455298419971,0.492039535681451
25.452,0.621,24.84,0.461317574560379,0.212813904598271
25.452,0.401,16.04,0.167494287602644,0.0280543363795171
25.47,0.647,25.88,0.519995996533516,0.270395836410884
25.489,0.466,18.64,0.225943577022098,0.0510504999975407
25.489,0.427,17.08,0.188799134909629,0.0356451133426244
25.508,0.531,21.24,0.304789498962798,0.0928966386779936
25.525,0.207,8.28,0.0685488226452661,0.00469894108605215
25.525,0.582,23.28,0.385478357665772,0.148593564228701
25.544,0.142,5.68,0.0508159442560561,0.0025822601906346
25.562,0.544,21.76,0.323593656929628,0.10471285480509
25.562,0.673,26.92,0.586138164514029,0.343557947899875
25.58,0.479,19.16,0.239883291901949,0.0575439937337157
25.598,0.647,25.88,0.519995996533516,0.270395836410884
25.599,0.427,17.08,0.188799134909629,0.0356451133426244
25.617,0.621,24.84,0.461317574560379,0.212813904598271
25.635,0.712,28.48,0.701455298419971,0.492039535681451
25.635,0.608,24.32,0.434510224171571,0.188799134909629
25.653,0.712,28.48,0.701455298419971,0.492039535681451
25.654,0.751,30.04,0.839459986519397,0.704693068967147
25.672,0.712,28.48,0.701455298419971,0.492039535681451
25.69,0.738,29.52,0.790678627999825,0.625172692775686
25.691,0.751,30.04,0.839459986519397,0.704693068967147
25.71,0.738,29.52,0.790678627999825,0.625172692775686
25.728,0.738,29.52,0.790678627999825,0.625172692775686
25.729,0.738,29.52,0.790678627999825,0.625172692775686
25.747,0.751,30.04,0.839459986519397,0.704693068967147
25.766,0.738,29.52,0.790678627999825,0.625172692775686
25.766,0.699,27.96,0.660693448007596,0.436515832240166
25.785,0.751,30.04,0.839459986519397,0.704693068967147
25.785,0.699,27.96,0.660693448007596,0.436515832240166
25.804,0.621,24.84,0.461317574560379,0.212813904598271
25.822,0.712,28.48,0.701455298419971,0.492039535681451
25.822,0.634,25.36,0.489778819368446,0.239883291901949
25.841,0.44,17.6,0.200447202736516,0.040179081084894
25.859,0.66,26.4,0.552077439280757,0.304789498962798
25.859,0.505,20.2,0.270395836410884,0.0731139083483417
25.879,0.272,10.88,0.0924698173938222,0.00855066712884683
25.897,0.556,22.24,0.341979442513709,0.116949939101987
25.897,0.479,19.16,0.239883291901949,0.0575439937337157
25.916,0.556,22.24,0.341979442513709,0.116949939101987
25.935,0.246,9.84,0.0820351544329818,0.00672976656284318
25.935,0.505,20.2,0.270395836410884,0.0731139083483417
25.954,0.66,26.4,0.552077439280757,0.304789498962798
25.954,0.453,18.12,0.212813904598271,0.0452897579903621
25.972,0.647,25.88,0.519995996533516,0.270395836410884
25.99,0.375,15,0.148593564228701,0.022080047330189
25.99,0.608,24.32,0.434510224171571,0.188799134909629
26.01,0.699,27.96,0.660693448007596,0.436515832240166
26.028,0.582,23.28,0.385478357665772,0.148593564228701
26.029,0.712,28.48,0.701455298419971,0.492039535681451
26.047,0.725,29,0.744731973905989,0.554625712957911
26.065,0.673,26.92,0.586138164514029,0.343557947899875
26.065,0.712,28.48,0.701455298419971,0.492039535681451
26.085,0.738,29.52,0.790678627999825,0.625172692775686
26.085,0.712,28.48,0.701455298419971,0.492039535681451
26.103,0.725,29,0.744731973905989,0.554625712957911
26.122,0.712,28.48,0.701455298419971,0.492039535681451
26.122,0.712,28.48,0.701455298419971,0.492039535681451
26.14,0.712,28.48,0.701455298419971,0.492039535681451
26.158,0.66,26.4,0.552077439280757,0.304789498962798
26.158,0.699,27.96,0.660693448007596,0.436515832240166
26.177,0.647,25.88,0.519995996533516,0.270395836410884
26.195,0.556,22.24,0.341979442513709,0.116949939101987
26.195,0.647,25.88,0.519995996533516,0.270395836410884
26.215,0.569,22.76,0.363078054770101,0.131825673855641
26.215,0.388,15.52,0.157761126969935,0.0248885731828239
26.232,0.556,22.24,0.341979442513709,0.116949939101987
26.25,0.414,16.56,0.177827941003892,0.0316227766016838
26.25,0.168,6.72,0.0572796030985829,0.00328095293113119
26.269,0.414,16.56,0.177827941003892,0.0316227766016838
26.288,0.181,7.24,0.0608135001278718,0.00369828179780266
26.288,0.349,13.96,0.131825673855641,0.0173780082874937
26.307,0.194,7.76,0.0645654229034656,0.00416869383470336
26.326,0.285,11.4,0.0981747943019984,0.0096382902362397
26.326,0.44,17.6,0.200447202736516,0.040179081084894
26.344,0.233,9.32,0.0772680585095702,0.00597035286583837
26.362,0.388,15.52,0.157761126969935,0.0248885731828239
26.362,0.181,7.24,0.0608135001278718,0.00369828179780266
26.38,0.349,13.96,0.131825673855641,0.0173780082874937
26.38,0.414,16.56,0.177827941003892,0.0316227766016838
26.399,0.311,12.44,0.110662378397767,0.0122461619926505
26.417,0.401,16.04,0.167494287602644,0.0280543363795171
26.417,0.453,18.12,0.212813904598271,0.0452897579903621
26.437,0.375,15,0.148593564228701,0.022080047330189
26.455,0.427,17.08,0.188799134909629,0.0356451133426244
26.455,0.44,17.6,0.200447202736516,0.040179081084894
26.473,0.427,17.08,0.188799134909629,0.0356451133426244
26.492,0.44,17.6,0.200447202736516,0.040179081084894
26.492,0.44,17.6,0.200447202736516,0.040179081084894
26.511,0.44,17.6,0.200447202736516,0.040179081084894
26.529,0.44,17.6,0.200447202736516,0.040179081084894
26.529,0.401,16.04,0.167494287602644,0.0280543363795171
26.548,0.44,17.6,0.200447202736516,0.040179081084894
26.548,0.427,17.08,0.188799134909629,0.0356451133426244
26.566,0.362,14.48,0.139958732257262,0.0195884467350599
26.584,0.427,17.08,0.188799134909629,0.0356451133426244
26.584,0.375,15,0.148593564228701,0.022080047330189
26.602,0.259,10.36,0.0870963589956081,0.00758577575029184
26.621,0.556,22.24,0.341979442513709,0.116949939101987
26.621,0.285,11.4,0.0981747943019984,0.0096382902362397
26.639,0.168,6.72,0.0572796030985829,0.00328095293113119
26.656,0.311,12.44,0.110662378397767,0.0122461619926505
26.657,0.194,7.76,0.0645654229034656,0.00416869383470336
26.675,0.246,9.84,0.0820351544329818,0.00672976656284318
26.694,0.181,7.24,0.0608135001278718,0.00369828179780266
26.694,0.194,7.76,0.0645654229034656,0.00416869383470336
26.712,0.362,14.48,0.139958732257262,0.0195884467350599
26.73,0.168,6.72,0.0572796030985829,0.00328095293113119
26.73,0.336,13.44,0.124165230759241,0.0154170045294956
26.749,0.194,7.76,0.0645654229034656,0.00416869383470336
26.767,0.311,12.44,0.110662378397767,0.0122461619926505
26.767,0.414,16.56,0.177827941003892,0.0316227766016838
26.785,0.285,11.4,0.0981747943019984,0.0096382902362397
26.803,0.427,17.08,0.188799134909629,0.0356451133426244
26.804,0.466,18.64,0.225943577022098,0.0510504999975407
26.822,0.414,16.56,0.177827941003892,0.0316227766016838
26.822,0.466,18.64,0.225943577022098,0.0510504999975407
26.841,0.492,19.68,0.254683025258504,0.0648634433548238
26.858,0.466,18.64,0.225943577022098,0.0510504999975407
26.859,0.505,20.2,0.270395836410884,0.0731139083483417
26.877,0.505,20.2,0.270395836410884,0.0731139083483417
26.894,0.492,19.68,0.254683025258504,0.0648634433548238
26.894,0.505,20.2,0.270395836410884,0.0731139083483417
26.913,0.492,19.68,0.254683025258504,0.0648634433548238
26.931,0.518,20.72,0.287078058202469,0.0824138115013002
26.931,0.505,20.2,0.270395836410884,0.0731139083483417
26.948,0.44,17.6,0.200447202736516,0.040179081084894
26.966,0.518,20.72,0.287078058202469,0.0824138115013002
26.967,0.466,18.64,0.225943577022098,0.0510504999975407
26.985,0.336,13.44,0.124165230759241,0.0154170045294956
27.003,0.479,19.16,0.239883291901949,0.0575439937337157
27.003,0.375,15,0.148593564228701,0.022080047330189
27.021,0.168,6.72,0.0572796030985829,0.00328095293113119
27.039,0.427,17.08,0.188799134909629,0.0356451133426244
27.039,0.207,8.28,0.0685488226452661,0.00469894108605215
27.058,0.298,11.92,0.10423174293933,0.0108642562361707
27.075,0.272,10.88,0.0924698173938222,0.00855066712884683
27.075,0.272,10.88,0.0924698173938222,0.00855066712884683
27.093,0.479,19.16,0.239883291901949,0.0575439937337157
27.112,0.194,7.76,0.0645654229034656,0.00416869383470336
27.112,0.479,19.16,0.239883291901949,0.0575439937337157
27.129,0.608,24.32,0.434510224171571,0.188799134909629
27.147,0.466,18.64,0.225943577022098,0.0510504999975407
27.147,0.595,23.8,0.409260659730011,0.167494287602644
27.166,0.44,17.6,0.200447202736516,0.040179081084894
27.184,0.582,23.28,0.385478357665772,0.148593564228701
27.185,0.66,26.4,0.552077439280757,0.304789498962798
27.202,0.595,23.8,0.409260659730011,0.167494287602644
27.202,0.66,26.4,0.552077439280757,0.304789498962798
27.22,0.699,27.96,0.660693448007596,0.436515832240166
27.239,0.66,26.4,0.552077439280757,0.304789498962798
27.239,0.699,27.96,0.660693448007596,0.436515832240166
27.256,0.699,27.96,0.660693448007596,0.436515832240166
27.275,0.712,28.48,0.701455298419971,0.492039535681451
27.275,0.699,27.96,0.660693448007596,0.436515832240166
27.295,0.673,26.92,0.586138164514029,0.343557947899875
27.312,0.712,28.48,0.701455298419971,0.492039535681451
27.312,0.686,27.44,0.62230028516916,0.387257644921617
27.329,0.634,25.36,0.489778819368446,0.239883291901949
27.347,0.699,27.96,0.660693448007596,0.436515832240166
27.348,0.647,25.88,0.519995996533516,0.270395836410884
27.367,0.518,20.72,0.287078058202469,0.0824138115013002
27.385,0.66,26.4,0.552077439280757,0.304789498962798
27.385,0.544,21.76,0.323593656929628,0.10471285480509
27.405,0.233,9.32,0.0772680585095702,0.00597035286583837
27.425,0.582,23.28,0.385478357665772,0.148593564228701
27.425,0.324,12.96,0.117489755493953,0.0138038426460288
27.448,0.427,17.08,0.188799134909629,0.0356451133426244
27.448,0.414,16.56,0.177827941003892,0.0316227766016838
27.468,0.349,13.96,0.131825673855641,0.0173780082874937
27.468,0.582,23.28,0.385478357665772,0.148593564228701
27.488,0.22,8.8,0.0727779804536824,0.00529663443891658
27.488,0.544,21.76,0.323593656929628,0.10471285480509
27.508,0.647,25.88,0.519995996533516,0.270395836410884
27.527,0.518,20.72,0.287078058202469,0.0824138115013002
27.527,0.634,25.36,0.489778819368446,0.239883291901949
27.546,0.492,19.68,0.254683025258504,0.0648634433548238
27.563,0.634,25.36,0.489778819368446,0.239883291901949
27.563,0.699,27.96,0.660693448007596,0.436515832240166
27.581,0.621,24.84,0.461317574560379,0.212813904598271
27.599,0.699,27.96,0.660693448007596,0.436515832240166
27.599,0.725,29,0.744731973905989,0.554625712957911
27.619,0.686,27.44,0.62230028516916,0.387257644921617
27.637,0.725,29,0.744731973905989,0.554625712957911
27.637,0.725,29,0.744731973905989,0.554625712957911
27.656,0.712,28.48,0.701455298419971,0.492039535681451
27.656,0.725,29,0.744731973905989,0.554625712957911
27.674,0.699,27.96,0.660693448007596,0.436515832240166
27.693,0.725,29,0.744731973905989,0.554625712957911
27.693,0.699,27.96,0.660693448007596,0.436515832240166
27.712,0.66,26.4,0.552077439280757,0.304789498962798
27.73,0.712,28.48,0.701455298419971,0.492039535681451
27.73,0.66,26.4,0.552077439280757,0.304789498962798
27.75,0.544,21.76,0.323593656929628,0.10471285480509
27.767,0.673,26.92,0.586138164514029,0.343557947899875
27.767,0.582,23.28,0.385478357665772,0.148593564228701
27.785,0.285,11.4,0.0981747943019984,0.0096382902362397
27.804,0.595,23.8,0.409260659730011,0.167494287602644
27.804,0.388,15.52,0.157761126969935,0.0248885731828239
27.822,0.375,15,0.148593564228701,0.022080047330189
27.822,0.44,17.6,0.200447202736516,0.040179081084894
27.839,0.44,17.6,0.200447202736516,0.040179081084894
27.858,0.569,22.76,0.363078054770101,0.131825673855641
27.858,0.194,7.76,0.0645654229034656,0.00416869383470336
27.875,0.531,21.24,0.304789498962798,0.0928966386779936
27.894,0.647,25.88,0.519995996533516,0.270395836410884
27.894,0.479,19.16,0.239883291901949,0.0575439937337157
27.912,0.634,25.36,0.489778819368446,0.239883291901949
27.93,0.427,17.08,0.188799134909629,0.0356451133426244
27.93,0.582,23.28,0.385478357665772,0.148593564228701
27.948,0.66,26.4,0.552077439280757,0.304789498962798
27.966,0.556,22.24,0.341979442513709,0.116949939101987
27.966,0.66,26.4,0.552077439280757,0.304789498962798
27.984,0.686,27.44,0.62230028516916,0.387257644921617
28.003,0.634,25.36,0.489778819368446,0.239883291901949
28.003,0.66,26.4,0.552077439280757,0.304789498962798
28.021,0.66,26.4,0.552077439280757,0.304789498962798
28.039,0.647,25.88,0.519995996533516,0.270395836410884
28.039,0.66,26.4,0.552077439280757,0.304789498962798
28.057,0.608,24.32,0.434510224171571,0.188799134909629
28.076,0.634,25.36,0.489778819368446,0.239883291901949
28.076,0.595,23.8,0.409260659730011,0.167494287602644
28.093,0.531,21.24,0.304789498962798,0.0928966386779936
28.114,0.595,23.8,0.409260659730011,0.167494287602644
28.114,0.544,21.76,0.323593656929628,0.10471285480509
28.133,0.427,17.08,0.188799134909629,0.0356451133426244
28.133,0.531,21.24,0.304789498962798,0.0928966386779936
28.151,0.44,17.6,0.200447202736516,0.040179081084894
28.169,0.621,24.84,0.461317574560379,0.212813904598271
28.169,0.44,17.6,0.200447202736516,0.040179081084894
28.187,0.259,10.36,0.0870963589956081,0.00758577575029184
28.204,0.207,8.28,0.0685488226452661,0.00469894108605215
28.204,0.285,11.4,0.0981747943019984,0.0096382902362397
28.222,0.181,7.24,0.0608135001278718,0.00369828179780266
28.239,0.336,13.44,0.124165230759241,0.0154170045294956
28.239,0.129,5.16,0.0478630092322639,0.00229086765276777
28.257,0.285,11.4,0.0981747943019984,0.0096382902362397
28.275,0.401,16.04,0.167494287602644,0.0280543363795171
28.275,0.246,9.84,0.0820351544329818,0.00672976656284318
28.292,0.518,20.72,0.287078058202469,0.0824138115013002
28.311,0.22,8.8,0.0727779804536824,0.00529663443891658
28.311,0.375,15,0.148593564228701,0.022080047330189
28.327,0.453,18.12,0.212813904598271,0.0452897579903621
28.345,0.375,15,0.148593564228701,0.022080047330189
28.345,0.479,19.16,0.239883291901949,0.0575439937337157
28.364,0.531,21.24,0.304789498962798,0.0928966386779936
28.381,0.492,19.68,0.254683025258504,0.0648634433548238
28.381,0.569,22.76,0.363078054770101,0.131825673855641
28.399,0.569,22.76,0.363078054770101,0.131825673855641
28.417,0.569,22.76,0.363078054770101,0.131825673855641
28.434,0.608,24.32,0.434510224171571,0.188799134909629
28.434,0.582,23.28,0.385478357665772,0.148593564228701
28.452,0.621,24.84,0.461317574560379,0.212813904598271
28.469,0.621,24.84,0.461317574560379,0.212813904598271
28.469,0.582,23.28,0.385478357665772,0.148593564228701
28.488,0.647,25.88,0.519995996533516,0.270395836410884
28.507,0.608,24.32,0.434510224171571,0.188799134909629
28.507,0.531,21.24,0.304789498962798,0.0928966386779936
28.524,0.647,25.88,0.519995996533516,0.270395836410884
28.541,0.556,22.24,0.341979442513709,0.116949939101987
28.541,0.349,13.96,0.131825673855641,0.0173780082874937
28.559,0.608,24.32,0.434510224171571,0.188799134909629
28.577,0.44,17.6,0.200447202736516,0.040179081084894
28.577,0.311,12.44,0.110662378397767,0.0122461619926505
28.595,0.492,19.68,0.254683025258504,0.0648634433548238
28.614,0.194,7.76,0.0645654229034656,0.00416869383470336
28.614,0.544,21.76,0.323593656929628,0.10471285480509
28.631,0.194,7.76,0.0645654229034656,0.00416869383470336
28.631,0.518,20.72,0.287078058202469,0.0824138115013002
28.649,0.66,26.4,0.552077439280757,0.304789498962798
28.667,0.492,19.68,0.254683025258504,0.0648634433548238
28.667,0.647,25.88,0.519995996533516,0.270395836410884
28.685,0.414,16.56,0.177827941003892,0.0316227766016838
28.704,0.634,25.36,0.489778819368446,0.239883291901949
28.704,0.725,29,0.744731973905989,0.554625712957911
28.722,0.621,24.84,0.461317574560379,0.212813904598271
28.739,0.712,28.48,0.701455298419971,0.492039535681451
28.739,0.751,30.04,0.839459986519397,0.704693068967147
28.757,0.699,27.96,0.660693448007596,0.436515832240166
28.774,0.751,30.04,0.839459986519397,0.704693068967147
28.775,0.764,30.56,0.891250938133746,0.794328234724282
28.792,0.751,30.04,0.839459986519397,0.704693068967147
28.81,0.764,30.56,0.891250938133746,0.794328234724282
28.81,0.751,30.04,0.839459986519397,0.704693068967147
28.828,0.764,30.56,0.891250938133746,0.794328234724282
28.846,0.751,30.04,0.839459986519397,0.704693068967147
28.846,0.712,28.48,0.701455298419971,0.492039535681451
28.865,0.764,30.56,0.891250938133746,0.794328234724282
28.883,0.725,29,0.744731973905989,0.554625712957911
28.883,0.647,25.88,0.519995996533516,0.270395836410884
28.901,0.738,29.52,0.790678627999825,0.625172692775686
28.919,0.673,26.92,0.586138164514029,0.343557947899875
28.919,0.479,19.16,0.239883291901949,0.0575439937337157
28.936,0.686,27.44,0.62230028516916,0.387257644921617
28.954,0.531,21.24,0.304789498962798,0.0928966386779936
28.954,0.246,9.84,0.0820351544329818,0.00672976656284318
28.972,0.569,22.76,0.363078054770101,0.131825673855641
28.989,0.155,6.2,0.0539510622515128,0.00291071711806661
28.989,0.556,22.24,0.341979442513709,0.116949939101987
29.008,0.285,11.4,0.0981747943019984,0.0096382902362397
29.025,0.531,21.24,0.304789498962798,0.0928966386779936
29.026,0.686,27.44,0.62230028516916,0.387257644921617
29.045,0.466,18.64,0.225943577022098,0.0510504999975407
29.062,0.66,26.4,0.552077439280757,0.304789498962798
29.062,0.388,15.52,0.157761126969935,0.0248885731828239
29.08,0.634,25.36,0.489778819368446,0.239883291901949
29.097,0.725,29,0.744731973905989,0.554625712957911
29.097,0.595,23.8,0.409260659730011,0.167494287602644
29.116,0.699,27.96,0.660693448007596,0.436515832240166
29.135,0.751,30.04,0.839459986519397,0.704693068967147
29.135,0.686,27.44,0.62230028516916,0.387257644921617
29.153,0.738,29.52,0.790678627999825,0.625172692775686
29.172,0.764,30.56,0.891250938133746,0.794328234724282
29.172,0.751,30.04,0.839459986519397,0.704693068967147
29.19,0.751,30.04,0.839459986519397,0.704693068967147
29.208,0.725,29,0.744731973905989,0.554625712957911
29.208,0.738,29.52,0.790678627999825,0.625172692775686
29.225,0.725,29,0.744731973905989,0.554625712957911
29.242,0.686,27.44,0.62230028516916,0.387257644921617
29.243,0.738,29.52,0.790678627999825,0.625172692775686
29.261,0.699,27.96,0.660693448007596,0.436515832240166
29.279,0.608,24.32,0.434510224171571,0.188799134909629
29.279,0.712,28.48,0.701455298419971,0.492039535681451
29.296,0.634,25.36,0.489778819368446,0.239883291901949
29.314,0.453,18.12,0.212813904598271,0.0452897579903621
29.314,0.647,25.88,0.519995996533516,0.270395836410884
29.331,0.505,20.2,0.270395836410884,0.0731139083483417
29.349,0.207,8.28,0.0685488226452661,0.00469894108605215
29.349,0.544,21.76,0.323593656929628,0.10471285480509
29.367,0.194,7.76,0.0645654229034656,0.00416869383470336
29.386,0.492,19.68,0.254683025258504,0.0648634433548238
29.386,0.272,10.88,0.0924698173938222,0.00855066712884683
29.403,0.44,17.6,0.200447202736516,0.040179081084894
29.421,0.595,23.8,0.409260659730011,0.167494287602644
29.421,0.375,15,0.148593564228701,0.022080047330189
29.439,0.569,22.76,0.363078054770101,0.131825673855641
29.456,0.285,11.4,0.0981747943019984,0.0096382902362397
29.456,0.544,21.76,0.323593656929628,0.10471285480509
29.474,0.634,25.36,0.489778819368446,0.239883291901949
29.492,0.582,23.28,0.385478357665772,0.148593564228701
29.492,0.608,24.32,0.434510224171571,0.188799134909629
29.511,0.647,25.88,0.519995996533516,0.270395836410884
29.528,0.582,23.28,0.385478357665772,0.148593564228701
29.528,0.634,25.36,0.489778819368446,0.239883291901949
29.547,0.66,26.4,0.552077439280757,0.304789498962798
29.564,0.621,24.84,0.461317574560379,0.212813904598271
29.564,0.647,25.88,0.519995996533516,0.270395836410884
29.581,0.634,25.36,0.489778819368446,0.239883291901949
29.6,0.647,25.88,0.519995996533516,0.270395836410884
29.6,0.634,25.36,0.489778819368446,0.239883291901949
29.618,0.608,24.32,0.434510224171571,0.188799134909629
29.636,0.634,25.36,0.489778819368446,0.239883291901949
29.636,0.608,24.32,0.434510224171571,0.188799134909629
29.654,0.531,21.24,0.304789498962798,0.0928966386779936
29.672,0.608,24.32,0.434510224171571,0.188799134909629
29.672,0.544,21.76,0.323593656929628,0.10471285480509
29.69,0.492,19.68,0.254683025258504,0.0648634433548238
29.708,0.569,22.76,0.363078054770101,0.131825673855641
29.708,0.44,17.6,0.200447202736516,0.040179081084894
29.727,0.194,7.76,0.0645654229034656,0.00416869383470336
29.727,0.479,19.16,0.239883291901949,0.0575439937337157
29.746,0.246,9.84,0.0820351544329818,0.00672976656284318
29.763,0.375,15,0.148593564228701,0.022080047330189
29.763,0.285,11.4,0.0981747943019984,0.0096382902362397
29.781,0.324,12.96,0.117489755493953,0.0138038426460288
29.799,0.518,20.72,0.287078058202469,0.0824138115013002
29.799,0.259,10.36,0.0870963589956081,0.00758577575029184
29.817,0.479,19.16,0.239883291901949,0.0575439937337157
29.834,0.194,7.76,0.0645654229034656,0.00416869383470336
29.834,0.44,17.6,0.200447202736516,0.040179081084894
29.853,0.544,21.76,0.323593656929628,0.10471285480509
29.871,0.401,16.04,0.167494287602644,0.0280543363795171
29.871,0.518,20.72,0.287078058202469,0.0824138115013002
29.89,0.569,22.76,0.363078054770101,0.131825673855641
29.908,0.479,19.16,0.239883291901949,0.0575439937337157
29.908,0.544,21.76,0.323593656929628,0.10471285480509
29.927,0.569,22.76,0.363078054770101,0.131825673855641
29.944,0.518,20.72,0.287078058202469,0.0824138115013002
29.944,0.556,22.24,0.341979442513709,0.116949939101987
29.962,0.531,21.24,0.304789498962798,0.0928966386779936
29.981,0.531,21.24,0.304789498962798,0.0928966386779936
29.981,0.544,21.76,0.323593656929628,0.10471285480509
29.999,0.492,19.68,0.254683025258504,0.0648634433548238
30.017,0.531,21.24,0.304789498962798,0.0928966386779936
30.017,0.505,20.2,0.270395836410884,0.0731139083483417
30.035,0.427,17.08,0.188799134909629,0.0356451133426244
30.053,0.518,20.72,0.287078058202469,0.0824138115013002
30.053,0.44,17.6,0.200447202736516,0.040179081084894
30.071,0.311,12.44,0.110662378397767,0.0122461619926505
30.089,0.453,18.12,0.212813904598271,0.0452897579903621
30.089,0.336,13.44,0.124165230759241,0.0154170045294956
30.107,0.168,6.72,0.0572796030985829,0.00328095293113119
30.125,0.362,14.48,0.139958732257262,0.0195884467350599
30.125,0.233,9.32,0.0772680585095702,0.00597035286583837
30.144,0.272,10.88,0.0924698173938222,0.00855066712884683
30.162,0.194,7.76,0.0645654229034656,0.00416869383470336
30.162,0.259,10.36,0.0870963589956081,0.00758577575029184
30.18,0.375,15,0.148593564228701,0.022080047330189
30.18,0.233,9.32,0.0772680585095702,0.00597035286583837
30.199,0.544,21.76,0.323593656929628,0.10471285480509
30.218,0.207,8.28,0.0685488226452661,0.00469894108605215
30.218,0.336,13.44,0.124165230759241,0.0154170045294956
30.236,0.453,18.12,0.212813904598271,0.0452897579903621
30.254,0.336,13.44,0.124165230759241,0.0154170045294956
30.254,0.466,18.64,0.225943577022098,0.0510504999975407
30.273,0.531,21.24,0.304789498962798,0.0928966386779936
30.291,0.466,18.64,0.225943577022098,0.0510504999975407
30.291,0.531,21.24,0.304789498962798,0.0928966386779936
30.31,0.569,22.76,0.363078054770101,0.131825673855641
30.329,0.544,21.76,0.323593656929628,0.10471285480509
30.329,0.582,23.28,0.385478357665772,0.148593564228701
30.346,0.582,23.28,0.385478357665772,0.148593564228701
30.348,0.595,23.8,0.409260659730011,0.167494287602644
30.365,0.608,24.32,0.434510224171571,0.188799134909629
30.384,0.582,23.28,0.385478357665772,0.148593564228701
30.384,0.621,24.84,0.461317574560379,0.212813904598271
30.402,0.608,24.32,0.434510224171571,0.188799134909629
30.421,0.556,22.24,0.341979442513709,0.116949939101987
30.421,0.621,24.84,0.461317574560379,0.212813904598271
30.439,0.582,23.28,0.385478357665772,0.148593564228701
30.457,0.453,18.12,0.212813904598271,0.0452897579903621
30.457,0.608,24.32,0.434510224171571,0.188799134909629
30.476,0.505,20.2,0.270395836410884,0.0731139083483417
30.494,0.246,9.84,0.0820351544329818,0.00672976656284318
30.494,0.556,22.24,0.341979442513709,0.116949939101987
30.512,0.324,12.96,0.117489755493953,0.0138038426460288
30.529,0.401,16.04,0.167494287602644,0.0280543363795171
30.529,0.414,16.56,0.177827941003892,0.0316227766016838
30.548,0.324,12.96,0.117489755493953,0.0138038426460288
30.566,0.582,23.28,0.385478357665772,0.148593564228701
30.566,0.207,8.28,0.0685488226452661,0.00469894108605215
30.585,0.569,22.76,0.363078054770101,0.131825673855641
30.585,0.686,27.44,0.62230028516916,0.387257644921617
30.603,0.544,21.76,0.323593656929628,0.10471285480509
30.622,0.725,29,0.744731973905989,0.554625712957911
30.622,0.492,19.68,0.254683025258504,0.0648634433548238
30.639,0.673,26.92,0.586138164514029,0.343557947899875
30.658,0.725,29,0.744731973905989,0.554625712957911
30.658,0.647,25.88,0.519995996533516,0.270395836410884
30.675,0.738,29.52,0.790678627999825,0.625172692775686
30.693,0.764,30.56,0.891250938133746,0.794328234724282
30.693,0.725,29,0.744731973905989,0.554625712957911
30.712,0.751,30.04,0.839459986519397,0.704693068967147
30.73,0.764,30.56,0.891250938133746,0.794328234724282
30.731,0.751,30.04,0.839459986519397,0.704693068967147
30.749,0.764,30.56,0.891250938133746,0.794328234724282
30.767,0.738,29.52,0.790678627999825,0.625172692775686
30.767,0.764,30.56,0.891250938133746,0.794328234724282
30.784,0.751,30.04,0.839459986519397,0.704693068967147
30.804,0.699,27.96,0.660693448007596,0.436515832240166
30.805,0.764,30.56,0.891250938133746,0.794328234724282
30.822,0.699,27.96,0.660693448007596,0.436515832240166
30.84,0.595,23.8,0.409260659730011,0.167494287602644
30.84,0.725,29,0.744731973905989,0.554625712957911
30.859,0.634,25.36,0.489778819368446,0.239883291901949
30.859,0.349,13.96,0.131825673855641,0.0173780082874937
30.876,0.66,26.4,0.552077439280757,0.304789498962798
30.894,0.44,17.6,0.200447202736516,0.040179081084894
30.895,0.427,17.08,0.188799134909629,0.0356451133426244
30.913,0.608,24.32,0.434510224171571,0.188799134909629
30.932,0.311,12.44,0.110662378397767,0.0122461619926505
30.932,0.621,24.84,0.461317574560379,0.212813904598271
30.949,0.194,7.76,0.0645654229034656,0.00416869383470336
30.967,0.595,23.8,0.409260659730011,0.167494287602644
30.968,0.699,27.96,0.660693448007596,0.436515832240166
30.986,0.556,22.24,0.341979442513709,0.116949939101987
31.005,0.699,27.96,0.660693448007596,0.436515832240166
31.005,0.505,20.2,0.270395836410884,0.0731139083483417
31.025,0.673,26.92,0.586138164514029,0.343557947899875
31.045,0.751,30.04,0.839459986519397,0.704693068967147
31.045,0.647,25.88,0.519995996533516,0.270395836410884
31.063,0.738,29.52,0.790678627999825,0.625172692775686
31.063,0.764,30.56,0.891250938133746,0.794328234724282
31.081,0.725,29,0.744731973905989,0.554625712957911
31.1,0.764,30.56,0.891250938133746,0.794328234724282
31.1,0.764,30.56,0.891250938133746,0.794328234724282
31.119,0.751,30.04,0.839459986519397,0.704693068967147
31.137,0.776,31.04,0.941889596522841,0.887156012037961
31.137,0.751,30.04,0.839459986519397,0.704693068967147
31.157,0.776,31.04,0.941889596522841,0.887156012037961
31.157,0.751,30.04,0.839459986519397,0.704693068967147
31.176,0.699,27.96,0.660693448007596,0.436515832240166
31.193,0.751,30.04,0.839459986519397,0.704693068967147
31.193,0.712,28.48,0.701455298419971,0.492039535681451
31.211,0.608,24.32,0.434510224171571,0.188799134909629
31.23,0.725,29,0.744731973905989,0.554625712957911
31.23,0.634,25.36,0.489778819368446,0.239883291901949
31.249,0.401,16.04,0.167494287602644,0.0280543363795171
31.267,0.647,25.88,0.519995996533516,0.270395836410884
31.267,0.479,19.16,0.239883291901949,0.0575439937337157
31.285,0.388,15.52,0.157761126969935,0.0248885731828239
31.306,0.505,20.2,0.270395836410884,0.0731139083483417
31.306,0.259,10.36,0.0870963589956081,0.00758577575029184
31.327,0.582,23.28,0.385478357665772,0.148593564228701
31.327,0.142,5.68,0.0508159442560561,0.0025822601906346
31.348,0.544,21.76,0.323593656929628,0.10471285480509
31.348,0.673,26.92,0.586138164514029,0.343557947899875
31.368,0.492,19.68,0.254683025258504,0.0648634433548238
31.388,0.647,25.88,0.519995996533516,0.270395836410884
31.388,0.414,16.56,0.177827941003892,0.0316227766016838
31.407,0.621,24.84,0.461317574560379,0.212813904598271
31.407,0.686,27.44,0.62230028516916,0.387257644921617
31.428,0.582,23.28,0.385478357665772,0.148593564228701
31.448,0.673,26.92,0.586138164514029,0.343557947899875
31.448,0.712,28.48,0.701455298419971,0.492039535681451
31.467,0.673,26.92,0.586138164514029,0.343557947899875
31.467,0.699,27.96,0.660693448007596,0.436515832240166
31.488,0.699,27.96,0.660693448007596,0.436515832240166
31.508,0.686,27.44,0.62230028516916,0.387257644921617
31.508,0.699,27.96,0.660693448007596,0.436515832240166
31.529,0.686,27.44,0.62230028516916,0.387257644921617
31.529,0.699,27.96,0.660693448007596,0.436515832240166
31.55,0.673,26.92,0.586138164514029,0.343557947899875
31.55,0.634,25.36,0.489778819368446,0.239883291901949
31.57,0.673,26.92,0.586138164514029,0.343557947899875
31.589,0.634,25.36,0.489778819368446,0.239883291901949
31.589,0.531,21.24,0.304789498962798,0.0928966386779936
31.608,0.647,25.88,0.519995996533516,0.270395836410884
31.609,0.556,22.24,0.341979442513709,0.116949939101987
31.63,0.349,13.96,0.131825673855641,0.0173780082874937
31.65,0.556,22.24,0.341979442513709,0.116949939101987
31.65,0.401,16.04,0.167494287602644,0.0280543363795171
31.673,0.22,8.8,0.0727779804536824,0.00529663443891658
31.673,0.44,17.6,0.200447202736516,0.040179081084894
31.693,0.168,6.72,0.0572796030985829,0.00328095293113119
31.693,0.44,17.6,0.200447202736516,0.040179081084894
31.714,0.181,7.24,0.0608135001278718,0.00369828179780266
31.735,0.401,16.04,0.167494287602644,0.0280543363795171
31.735,0.531,21.24,0.304789498962798,0.0928966386779936
31.753,0.66,26.4,0.552077439280757,0.304789498962798
31.753,0.505,20.2,0.270395836410884,0.0731139083483417
31.772,0.259,10.36,0.0870963589956081,0.00758577575029184
31.79,0.453,18.12,0.212813904598271,0.0452897579903621
31.79,0.531,21.24,0.304789498962798,0.0928966386779936
31.809,0.414,16.56,0.177827941003892,0.0316227766016838
31.827,0.505,20.2,0.270395836410884,0.0731139083483417
31.827,0.531,21.24,0.304789498962798,0.0928966386779936
31.845,0.492,19.68,0.254683025258504,0.0648634433548238
31.863,0.531,21.24,0.304789498962798,0.0928966386779936
31.863,0.544,21.76,0.323593656929628,0.10471285480509
31.881,0.518,20.72,0.287078058202469,0.0824138115013002
31.901,0.531,21.24,0.304789498962798,0.0928966386779936
31.901,0.505,20.2,0.270395836410884,0.0731139083483417
31.918,0.531,21.24,0.304789498962798,0.0928966386779936
31.935,0.505,20.2,0.270395836410884,0.0731139083483417
31.936,0.466,18.64,0.225943577022098,0.0510504999975407
31.954,0.492,19.68,0.254683025258504,0.0648634433548238
31.972,0.466,18.64,0.225943577022098,0.0510504999975407
31.972,0.375,15,0.148593564228701,0.022080047330189
31.99,0.453,18.12,0.212813904598271,0.0452897579903621
32.009,0.375,15,0.148593564228701,0.022080047330189
32.009,0.246,9.84,0.0820351544329818,0.00672976656284318
32.027,0.375,15,0.148593564228701,0.022080047330189
32.027,0.259,10.36,0.0870963589956081,0.00758577575029184
32.045,0.22,8.8,0.0727779804536824,0.00529663443891658
32.064,0.272,10.88,0.0924698173938222,0.00855066712884683
32.064,0.194,7.76,0.0645654229034656,0.00416869383470336
32.082,0.285,11.4,0.0981747943019984,0.0096382902362397
32.1,0.207,8.28,0.0685488226452661,0.00469894108605215
32.1,0.272,10.88,0.0924698173938222,0.00855066712884683
32.119,0.375,15,0.148593564228701,0.022080047330189
32.136,0.246,9.84,0.0820351544329818,0.00672976656284318
32.136,0.375,15,0.148593564228701,0.022080047330189
32.155,0.22,8.8,0.0727779804536824,0.00529663443891658
32.174,0.375,15,0.148593564228701,0.022080047330189
32.174,0.453,18.12,0.212813904598271,0.0452897579903621
32.192,0.362,14.48,0.139958732257262,0.0195884467350599
32.209,0.453,18.12,0.212813904598271,0.0452897579903621
32.209,0.505,20.2,0.270395836410884,0.0731139083483417
32.228,0.453,18.12,0.212813904598271,0.0452897579903621
32.246,0.505,20.2,0.270395836410884,0.0731139083483417
32.246,0.531,21.24,0.304789498962798,0.0928966386779936
32.264,0.505,20.2,0.270395836410884,0.0731139083483417
32.264,0.544,21.76,0.323593656929628,0.10471285480509
32.281,0.544,21.76,0.323593656929628,0.10471285480509
32.299,0.569,22.76,0.363078054770101,0.131825673855641
32.317,0.569,22.76,0.363078054770101,0.131825673855641
32.317,0.544,21.76,0.323593656929628,0.10471285480509
32.335,0.595,23.8,0.409260659730011,0.167494287602644
32.355,0.569,22.76,0.363078054770101,0.131825673855641
32.355,0.518,20.72,0.287078058202469,0.0824138115013002
32.372,0.595,23.8,0.409260659730011,0.167494287602644
32.372,0.531,21.24,0.304789498962798,0.0928966386779936
32.39,0.388,15.52,0.157761126969935,0.0248885731828239
32.407,0.569,22.76,0.363078054770101,0.131825673855641
32.407,0.453,18.12,0.212813904598271,0.0452897579903621
32.426,0.207,8.28,0.0685488226452661,0.00469894108605215
32.444,0.505,20.2,0.270395836410884,0.0731139083483417
32.444,0.22,8.8,0.0727779804536824,0.00529663443891658
32.462,0.466,18.64,0.225943577022098,0.0510504999975407
32.48,0.272,10.88,0.0924698173938222,0.00855066712884683
32.48,0.414,16.56,0.177827941003892,0.0316227766016838
32.499,0.582,23.28,0.385478357665772,0.148593564228701
32.516,0.349,13.96,0.131825673855641,0.0173780082874937
32.516,0.569,22.76,0.363078054770101,0.131825673855641
32.534,0.246,9.84,0.0820351544329818,0.00672976656284318
32.552,0.544,21.76,0.323593656929628,0.10471285480509
32.552,0.66,26.4,0.552077439280757,0.304789498962798
32.57,0.505,20.2,0.270395836410884,0.0731139083483417
32.589,0.647,25.88,0.519995996533516,0.270395836410884
32.589,0.699,27.96,0.660693448007596,0.436515832240166
32.607,0.621,24.84,0.461317574560379,0.212813904598271
32.624,0.686,27.44,0.62230028516916,0.387257644921617
32.624,0.725,29,0.744731973905989,0.554625712957911
32.643,0.686,27.44,0.62230028516916,0.387257644921617
32.66,0.712,28.48,0.701455298419971,0.492039535681451
32.66,0.699,27.96,0.660693448007596,0.436515832240166
32.678,0.725,29,0.744731973905989,0.554625712957911
32.696,0.712,28.48,0.701455298419971,0.492039535681451
32.696,0.686,27.44,0.62230028516916,0.387257644921617
32.714,0.699,27.96,0.660693448007596,0.436515832240166
32.731,0.686,27.44,0.62230028516916,0.387257644921617
32.732,0.621,24.84,0.461317574560379,0.212813904598271
32.75,0.712,28.48,0.701455298419971,0.492039535681451
32.768,0.634,25.36,0.489778819368446,0.239883291901949
32.768,0.479,19.16,0.239883291901949,0.0575439937337157
32.787,0.66,26.4,0.552077439280757,0.304789498962798
32.805,0.531,21.24,0.304789498962798,0.0928966386779936
32.805,0.207,8.28,0.0685488226452661,0.00469894108605215
32.824,0.569,22.76,0.363078054770101,0.131825673855641
32.824,0.233,9.32,0.0772680585095702,0.00597035286583837
32.845,0.479,19.16,0.239883291901949,0.0575439937337157
32.866,0.336,13.44,0.124165230759241,0.0154170045294956
32.866,0.427,17.08,0.188799134909629,0.0356451133426244
32.886,0.621,24.84,0.461317574560379,0.212813904598271
32.886,0.362,14.48,0.139958732257262,0.0195884467350599
32.906,0.595,23.8,0.409260659730011,0.167494287602644
32.927,0.246,9.84,0.0820351544329818,0.00672976656284318
32.927,0.569,22.76,0.363078054770101,0.131825673855641
32.947,0.673,26.92,0.586138164514029,0.343557947899875
32.947,0.531,21.24,0.304789498962798,0.0928966386779936
32.968,0.66,26.4,0.552077439280757,0.304789498962798
32.968,0.712,28.48,0.701455298419971,0.492039535681451
32.986,0.647,25.88,0.519995996533516,0.270395836410884
33.005,0.725,29,0.744731973905989,0.554625712957911
33.005,0.725,29,0.744731973905989,0.554625712957911
33.023,0.725,29,0.744731973905989,0.554625712957911
33.042,0.738,29.52,0.790678627999825,0.625172692775686
33.042,0.725,29,0.744731973905989,0.554625712957911
33.06,0.725,29,0.744731973905989,0.554625712957911
33.08,0.738,29.52,0.790678627999825,0.625172692775686
33.08,0.712,28.48,0.701455298419971,0.492039535681451
33.098,0.738,29.52,0.790678627999825,0.625172692775686
33.098,0.712,28.48,0.701455298419971,0.492039535681451
33.116,0.647,25.88,0.519995996533516,0.270395836410884
33.136,0.725,29,0.744731973905989,0.554625712957911
33.136,0.673,26.92,0.586138164514029,0.343557947899875
33.155,0.531,21.24,0.304789498962798,0.0928966386779936
33.175,0.686,27.44,0.62230028516916,0.387257644921617
33.175,0.569,22.76,0.363078054770101,0.131825673855641
33.195,0.233,9.32,0.0772680585095702,0.00597035286583837
33.195,0.608,24.32,0.434510224171571,0.188799134909629
33.213,0.349,13.96,0.131825673855641,0.0173780082874937
33.23,0.479,19.16,0.239883291901949,0.0575439937337157
33.23,0.44,17.6,0.200447202736516,0.040179081084894
33.25,0.401,16.04,0.167494287602644,0.0280543363795171
33.267,0.634,25.36,0.489778819368446,0.239883291901949
33.267,0.285,11.4,0.0981747943019984,0.0096382902362397
33.286,0.608,24.32,0.434510224171571,0.188799134909629
33.303,0.181,7.24,0.0608135001278718,0.00369828179780266
33.304,0.569,22.76,0.363078054770101,0.131825673855641
33.323,0.699,27.96,0.660693448007596,0.436515832240166
33.341,0.531,21.24,0.304789498962798,0.0928966386779936
33.341,0.673,26.92,0.586138164514029,0.343557947899875
33.359,0.738,29.52,0.790678627999825,0.625172692775686
33.377,0.66,26.4,0.552077439280757,0.304789498962798
33.377,0.712,28.48,0.701455298419971,0.492039535681451
33.395,0.751,30.04,0.839459986519397,0.704693068967147
33.412,0.712,28.48,0.701455298419971,0.492039535681451
33.412,0.751,30.04,0.839459986519397,0.704693068967147
33.43,0.738,29.52,0.790678627999825,0.625172692775686
33.449,0.764,30.56,0.891250938133746,0.794328234724282
33.449,0.751,30.04,0.839459986519397,0.704693068967147
33.466,0.712,28.48,0.701455298419971,0.492039535681451
33.484,0.751,30.04,0.839459986519397,0.704693068967147
33.484,0.738,29.52,0.790678627999825,0.625172692775686
33.502,0.673,26.92,0.586138164514029,0.343557947899875
33.502,0.738,29.52,0.790678627999825,0.625172692775686
33.521,0.686,27.44,0.62230028516916,0.387257644921617
33.54,0.569,22.76,0.363078054770101,0.131825673855641
33.54,0.712,28.48,0.701455298419971,0.492039535681451
33.558,0.608,24.32,0.434510224171571,0.188799134909629
33.577,0.298,11.92,0.10423174293933,0.0108642562361707
33.577,0.634,25.36,0.489778819368446,0.239883291901949
33.594,0.518,20.72,0.287078058202469,0.0824138115013002
33.612,0.427,17.08,0.188799134909629,0.0356451133426244
33.612,0.466,18.64,0.225943577022098,0.0510504999975407
33.631,0.375,15,0.148593564228701,0.022080047330189
33.65,0.621,24.84,0.461317574560379,0.212813904598271
33.65,0.246,9.84,0.0820351544329818,0.00672976656284318
33.668,0.582,23.28,0.385478357665772,0.148593564228701
33.685,0.712,28.48,0.701455298419971,0.492039535681451
33.685,0.569,22.76,0.363078054770101,0.131825673855641
33.704,0.686,27.44,0.62230028516916,0.387257644921617
33.721,0.518,20.72,0.287078058202469,0.0824138115013002
33.721,0.673,26.92,0.586138164514029,0.343557947899875
33.74,0.738,29.52,0.790678627999825,0.625172692775686
33.758,0.66,26.4,0.552077439280757,0.304789498962798
33.758,0.725,29,0.744731973905989,0.554625712957911
33.779,0.764,30.56,0.891250938133746,0.794328234724282
33.779,0.725,29,0.744731973905989,0.554625712957911
33.797,0.751,30.04,0.839459986519397,0.704693068967147
33.814,0.764,30.56,0.891250938133746,0.794328234724282
33.815,0.751,30.04,0.839459986519397,0.704693068967147
33.833,0.751,30.04,0.839459986519397,0.704693068967147
33.851,0.725,29,0.744731973905989,0.554625712957911
33.851,0.764,30.56,0.891250938133746,0.794328234724282
33.869,0.751,30.04,0.839459986519397,0.704693068967147
33.888,0.686,27.44,0.62230028516916,0.387257644921617
33.888,0.764,30.56,0.891250938133746,0.794328234724282
33.905,0.699,27.96,0.660693448007596,0.436515832240166
33.923,0.595,23.8,0.409260659730011,0.167494287602644
33.924,0.712,28.48,0.701455298419971,0.492039535681451
33.942,0.621,24.84,0.461317574560379,0.212813904598271
33.96,0.324,12.96,0.117489755493953,0.0138038426460288
33.96,0.647,25.88,0.519995996533516,0.270395836410884
33.979,0.427,17.08,0.188799134909629,0.0356451133426244
33.996,0.518,20.72,0.287078058202469,0.0824138115013002
33.996,0.505,20.2,0.270395836410884,0.0731139083483417
34.014,0.324,12.96,0.117489755493953,0.0138038426460288
34.033,0.608,24.32,0.434510224171571,0.188799134909629
34.033,0.181,7.24,0.0608135001278718,0.00369828179780266
34.052,0.582,23.28,0.385478357665772,0.148593564228701
34.052,0.699,27.96,0.660693448007596,0.436515832240166
34.07,0.544,21.76,0.323593656929628,0.10471285480509
34.088,0.686,27.44,0.62230028516916,0.387257644921617
34.088,0.492,19.68,0.254683025258504,0.0648634433548238
34.106,0.66,26.4,0.552077439280757,0.304789498962798
34.124,0.712,28.48,0.701455298419971,0.492039535681451
34.124,0.647,25.88,0.519995996533516,0.270395836410884
34.141,0.699,27.96,0.660693448007596,0.436515832240166
34.16,0.751,30.04,0.839459986519397,0.704693068967147
34.16,0.712,28.48,0.701455298419971,0.492039535681451
34.178,0.751,30.04,0.839459986519397,0.704693068967147
34.198,0.738,29.52,0.790678627999825,0.625172692775686
34.198,0.751,30.04,0.839459986519397,0.704693068967147
34.217,0.764,30.56,0.891250938133746,0.794328234724282
34.218,0.738,29.52,0.790678627999825,0.625172692775686
34.235,0.764,30.56,0.891250938133746,0.794328234724282
34.253,0.738,29.52,0.790678627999825,0.625172692775686
34.253,0.699,27.96,0.660693448007596,0.436515832240166
34.271,0.751,30.04,0.839459986519397,0.704693068967147
34.29,0.712,28.48,0.701455298419971,0.492039535681451
34.29,0.608,24.32,0.434510224171571,0.188799134909629
34.307,0.725,29,0.744731973905989,0.554625712957911
34.325,0.634,25.36,0.489778819368446,0.239883291901949
34.325,0.401,16.04,0.167494287602644,0.0280543363795171
34.343,0.66,26.4,0.552077439280757,0.304789498962798
34.362,0.479,19.16,0.239883291901949,0.0575439937337157
34.362,0.349,13.96,0.131825673855641,0.0173780082874937
34.379,0.531,21.24,0.304789498962798,0.0928966386779936
34.397,0.233,9.32,0.0772680585095702,0.00597035286583837
34.397,0.595,23.8,0.409260659730011,0.167494287602644
34.416,0.194,7.76,0.0645654229034656,0.00416869383470336
34.434,0.556,22.24,0.341979442513709,0.116949939101987
34.434,0.686,27.44,0.62230028516916,0.387257644921617
34.452,0.492,19.68,0.254683025258504,0.0648634433548238
34.469,0.673,26.92,0.586138164514029,0.343557947899875
34.469,0.453,18.12,0.212813904598271,0.0452897579903621
34.487,0.66,26.4,0.552077439280757,0.304789498962798
34.504,0.738,29.52,0.790678627999825,0.625172692775686
34.505,0.621,24.84,0.461317574560379,0.212813904598271
34.523,0.712,28.48,0.701455298419971,0.492039535681451
34.541,0.764,30.56,0.891250938133746,0.794328234724282
34.541,0.699,27.96,0.660693448007596,0.436515832240166
34.561,0.751,30.04,0.839459986519397,0.704693068967147
34.579,0.764,30.56,0.891250938133746,0.794328234724282
34.579,0.751,30.04,0.839459986519397,0.704693068967147
34.598,0.764,30.56,0.891250938133746,0.794328234724282
34.617,0.751,30.04,0.839459986519397,0.704693068967147
34.617,0.764,30.56,0.891250938133746,0.794328234724282
34.635,0.764,30.56,0.891250938133746,0.794328234724282
34.635,0.712,28.48,0.701455298419971,0.492039535681451
34.655,0.764,30.56,0.891250938133746,0.794328234724282
34.673,0.712,28.48,0.701455298419971,0.492039535681451
34.673,0.621,24.84,0.461317574560379,0.212813904598271
34.692,0.712,28.48,0.701455298419971,0.492039535681451
34.711,0.647,25.88,0.519995996533516,0.270395836410884
34.711,0.427,17.08,0.188799134909629,0.0356451133426244
34.73,0.673,26.92,0.586138164514029,0.343557947899875
34.73,0.492,19.68,0.254683025258504,0.0648634433548238
34.749,0.298,11.92,0.10423174293933,0.0108642562361707
34.768,0.556,22.24,0.341979442513709,0.116949939101987
34.768,0.233,9.32,0.0772680585095702,0.00597035286583837
34.787,0.569,22.76,0.363078054770101,0.131825673855641
34.805,0.233,9.32,0.0772680585095702,0.00597035286583837
34.805,0.531,21.24,0.304789498962798,0.0928966386779936
34.824,0.673,26.92,0.586138164514029,0.343557947899875
34.842,0.479,19.16,0.239883291901949,0.0575439937337157
34.842,0.66,26.4,0.552077439280757,0.304789498962798
34.861,0.414,16.56,0.177827941003892,0.0316227766016838
34.861,0.621,24.84,0.461317574560379,0.212813904598271
34.879,0.712,28.48,0.701455298419971,0.492039535681451
34.898,0.621,24.84,0.461317574560379,0.212813904598271
34.898,0.699,27.96,0.660693448007596,0.436515832240166
34.916,0.738,29.52,0.790678627999825,0.625172692775686
34.933,0.686,27.44,0.62230028516916,0.387257644921617
34.933,0.738,29.52,0.790678627999825,0.625172692775686
34.951,0.751,30.04,0.839459986519397,0.704693068967147
34.97,0.738,29.52,0.790678627999825,0.625172692775686
34.97,0.751,30.04,0.839459986519397,0.704693068967147
34.987,0.738,29.52,0.790678627999825,0.625172692775686
35.005,0.751,30.04,0.839459986519397,0.704693068967147
35.005,0.738,29.52,0.790678627999825,0.625172692775686
35.024,0.699,27.96,0.660693448007596,0.436515832240166
35.041,0.751,30.04,0.839459986519397,0.704693068967147
35.041,0.712,28.48,0.701455298419971,0.492039535681451
35.059,0.621,24.84,0.461317574560379,0.212813904598271
35.077,0.712,28.48,0.701455298419971,0.492039535681451
35.077,0.647,25.88,0.519995996533516,0.270395836410884
35.096,0.466,18.64,0.225943577022098,0.0510504999975407
35.113,0.673,26.92,0.586138164514029,0.343557947899875
35.113,0.531,21.24,0.304789498962798,0.0928966386779936
35.131,0.22,8.8,0.0727779804536824,0.00529663443891658
35.149,0.569,22.76,0.363078054770101,0.131825673855641
35.149,0.194,7.76,0.0645654229034656,0.00416869383470336
35.167,0.544,21.76,0.323593656929628,0.10471285480509
35.186,0.272,10.88,0.0924698173938222,0.00855066712884683
35.186,0.492,19.68,0.254683025258504,0.0648634433548238
35.205,0.66,26.4,0.552077439280757,0.304789498962798
35.205,0.44,17.6,0.200447202736516,0.040179081084894
35.224,0.634,25.36,0.489778819368446,0.239883291901949
35.242,0.336,13.44,0.124165230759241,0.0154170045294956
35.242,0.608,24.32,0.434510224171571,0.188799134909629
35.259,0.699,27.96,0.660693448007596,0.436515832240166
35.279,0.556,22.24,0.341979442513709,0.116949939101987
35.279,0.686,27.44,0.62230028516916,0.387257644921617
35.297,0.712,28.48,0.701455298419971,0.492039535681451
35.314,0.66,26.4,0.552077439280757,0.304789498962798
35.314,0.712,28.48,0.701455298419971,0.492039535681451
35.332,0.725,29,0.744731973905989,0.554625712957911
35.35,0.699,27.96,0.660693448007596,0.436515832240166
35.35,0.725,29,0.744731973905989,0.554625712957911
35.368,0.712,28.48,0.701455298419971,0.492039535681451
35.386,0.725,29,0.744731973905989,0.554625712957911
35.386,0.712,28.48,0.701455298419971,0.492039535681451
35.405,0.673,26.92,0.586138164514029,0.343557947899875
35.422,0.699,27.96,0.660693448007596,0.436515832240166
35.422,0.673,26.92,0.586138164514029,0.343557947899875
35.439,0.569,22.76,0.363078054770101,0.131825673855641
35.457,0.673,26.92,0.586138164514029,0.343557947899875
35.457,0.595,23.8,0.409260659730011,0.167494287602644
35.475,0.44,17.6,0.200447202736516,0.040179081084894
35.493,0.608,24.32,0.434510224171571,0.188799134909629
35.493,0.466,18.64,0.225943577022098,0.0510504999975407
35.511,0.181,7.24,0.0608135001278718,0.00369828179780266
35.528,0.479,19.16,0.239883291901949,0.0575439937337157
35.528,0.22,8.8,0.0727779804536824,0.00529663443891658
35.545,0.401,16.04,0.167494287602644,0.0280543363795171
35.563,0.233,9.32,0.0772680585095702,0.00597035286583837
35.563,0.311,12.44,0.110662378397767,0.0122461619926505
35.581,0.492,19.68,0.254683025258504,0.0648634433548238
35.6,0.259,10.36,0.0870963589956081,0.00758577575029184
35.6,0.44,17.6,0.200447202736516,0.040179081084894
35.618,0.168,6.72,0.0572796030985829,0.00328095293113119
35.636,0.401,16.04,0.167494287602644,0.0280543363795171
35.636,0.492,19.68,0.254683025258504,0.0648634433548238
35.654,0.362,14.48,0.139958732257262,0.0195884467350599
35.672,0.453,18.12,0.212813904598271,0.0452897579903621
35.672,0.505,20.2,0.270395836410884,0.0731139083483417
35.69,0.44,17.6,0.200447202736516,0.040179081084894
35.709,0.505,20.2,0.270395836410884,0.0731139083483417
35.709,0.531,21.24,0.304789498962798,0.0928966386779936
35.727,0.505,20.2,0.270395836410884,0.0731139083483417
35.745,0.531,21.24,0.304789498962798,0.0928966386779936
35.745,0.531,21.24,0.304789498962798,0.0928966386779936
35.762,0.531,21.24,0.304789498962798,0.0928966386779936
35.781,0.544,21.76,0.323593656929628,0.10471285480509
35.781,0.505,20.2,0.270395836410884,0.0731139083483417
35.798,0.556,22.24,0.341979442513709,0.116949939101987
35.816,0.518,20.72,0.287078058202469,0.0824138115013002
35.816,0.453,18.12,0.212813904598271,0.0452897579903621
35.833,0.531,21.24,0.304789498962798,0.0928966386779936
35.851,0.466,18.64,0.225943577022098,0.0510504999975407
35.851,0.324,12.96,0.117489755493953,0.0138038426460288
35.869,0.479,19.16,0.239883291901949,0.0575439937337157
35.888,0.362,14.48,0.139958732257262,0.0195884467350599
35.888,0.259,10.36,0.0870963589956081,0.00758577575029184
35.905,0.414,16.56,0.177827941003892,0.0316227766016838
35.922,0.233,9.32,0.0772680585095702,0.00597035286583837
35.922,0.453,18.12,0.212813904598271,0.0452897579903621
35.94,0.22,8.8,0.0727779804536824,0.00529663443891658
35.957,0.259,10.36,0.0870963589956081,0.00758577575029184
35.957,0.453,18.12,0.212813904598271,0.0452897579903621
35.976,0.272,10.88,0.0924698173938222,0.00855066712884683
35.994,0.44,17.6,0.200447202736516,0.040179081084894
35.994,0.233,9.32,0.0772680585095702,0.00597035286583837
36.012,0.414,16.56,0.177827941003892,0.0316227766016838
36.03,0.531,21.24,0.304789498962798,0.0928966386779936
36.03,0.401,16.04,0.167494287602644,0.0280543363795171
36.047,0.531,21.24,0.304789498962798,0.0928966386779936
36.066,0.595,23.8,0.409260659730011,0.167494287602644
36.066,0.531,21.24,0.304789498962798,0.0928966386779936
36.084,0.595,23.8,0.409260659730011,0.167494287602644
36.102,0.647,25.88,0.519995996533516,0.270395836410884
36.102,0.595,23.8,0.409260659730011,0.167494287602644
36.12,0.634,25.36,0.489778819368446,0.239883291901949
36.137,0.634,25.36,0.489778819368446,0.239883291901949
36.137,0.647,25.88,0.519995996533516,0.270395836410884
36.156,0.647,25.88,0.519995996533516,0.270395836410884
36.174,0.621,24.84,0.461317574560379,0.212813904598271
36.174,0.673,26.92,0.586138164514029,0.343557947899875
36.191,0.634,25.36,0.489778819368446,0.239883291901949
36.209,0.569,22.76,0.363078054770101,0.131825673855641
36.21,0.66,26.4,0.552077439280757,0.304789498962798
36.227,0.608,24.32,0.434510224171571,0.188799134909629
36.245,0.466,18.64,0.225943577022098,0.0510504999975407
36.245,0.621,24.84,0.461317574560379,0.212813904598271
36.263,0.518,20.72,0.287078058202469,0.0824138115013002
36.28,0.207,8.28,0.0685488226452661,0.00469894108605215
36.28,0.556,22.24,0.341979442513709,0.116949939101987
36.298,0.324,12.96,0.117489755493953,0.0138038426460288
36.316,0.401,16.04,0.167494287602644,0.0280543363795171
36.316,0.401,16.04,0.167494287602644,0.0280543363795171
36.335,0.349,13.96,0.131825673855641,0.0173780082874937
36.352,0.621,24.84,0.461317574560379,0.212813904598271
36.353,0.246,9.84,0.0820351544329818,0.00672976656284318
36.369,0.556,22.24,0.341979442513709,0.116949939101987
36.387,0.207,8.28,0.0685488226452661,0.00469894108605215
36.387,0.531,21.24,0.304789498962798,0.0928966386779936
36.405,0.66,26.4,0.552077439280757,0.304789498962798
36.423,0.492,19.68,0.254683025258504,0.0648634433548238
36.423,0.66,26.4,0.552077439280757,0.304789498962798
36.441,0.699,27.96,0.660693448007596,0.436515832240166
36.459,0.621,24.84,0.461317574560379,0.212813904598271
36.459,0.699,27.96,0.660693448007596,0.436515832240166
36.476,0.725,29,0.744731973905989,0.554625712957911
36.494,0.686,27.44,0.62230028516916,0.387257644921617
36.494,0.725,29,0.744731973905989,0.554625712957911
36.512,0.725,29,0.744731973905989,0.554625712957911
36.529,0.725,29,0.744731973905989,0.554625712957911
36.529,0.738,29.52,0.790678627999825,0.625172692775686
36.546,0.712,28.48,0.701455298419971,0.492039535681451
36.564,0.738,29.52,0.790678627999825,0.625172692775686
36.564,0.725,29,0.744731973905989,0.554625712957911
36.582,0.66,26.4,0.552077439280757,0.304789498962798
36.6,0.738,29.52,0.790678627999825,0.625172692775686
36.6,0.686,27.44,0.62230028516916,0.387257644921617
36.618,0.569,22.76,0.363078054770101,0.131825673855641
36.636,0.699,27.96,0.660693448007596,0.436515832240166
36.636,0.608,24.32,0.434510224171571,0.188799134909629
36.654,0.285,11.4,0.0981747943019984,0.0096382902362397
36.673,0.634,25.36,0.489778819368446,0.239883291901949
36.673,0.401,16.04,0.167494287602644,0.0280543363795171
36.692,0.453,18.12,0.212813904598271,0.0452897579903621
36.71,0.479,19.16,0.239883291901949,0.0575439937337157
36.71,0.349,13.96,0.131825673855641,0.0173780082874937
36.728,0.608,24.32,0.434510224171571,0.188799134909629
36.746,0.246,9.84,0.0820351544329818,0.00672976656284318
36.746,0.595,23.8,0.409260659730011,0.167494287602644
36.764,0.699,27.96,0.660693448007596,0.436515832240166
36.781,0.544,21.76,0.323593656929628,0.10471285480509
36.781,0.686,27.44,0.62230028516916,0.387257644921617
36.8,0.505,20.2,0.270395836410884,0.0731139083483417
36.818,0.647,25.88,0.519995996533516,0.270395836410884
36.818,0.725,29,0.744731973905989,0.554625712957911
36.836,0.66,26.4,0.552077439280757,0.304789498962798
36.854,0.725,29,0.744731973905989,0.554625712957911
36.854,0.751,30.04,0.839459986519397,0.704693068967147
36.872,0.725,29,0.744731973905989,0.554625712957911
36.891,0.751,30.04,0.839459986519397,0.704693068967147
36.891,0.764,30.56,0.891250938133746,0.794328234724282
36.908,0.751,30.04,0.839459986519397,0.704693068967147
36.926,0.764,30.56,0.891250938133746,0.794328234724282
36.926,0.738,29.52,0.790678627999825,0.625172692775686
36.945,0.751,30.04,0.839459986519397,0.704693068967147
36.945,0.751,30.04,0.839459986519397,0.704693068967147
36.963,0.686,27.44,0.62230028516916,0.387257644921617
36.981,0.764,30.56,0.891250938133746,0.794328234724282
36.981,0.699,27.96,0.660693448007596,0.436515832240166
36.998,0.608,24.32,0.434510224171571,0.188799134909629
37.017,0.712,28.48,0.701455298419971,0.492039535681451
37.017,0.634,25.36,0.489778819368446,0.239883291901949
37.034,0.388,15.52,0.157761126969935,0.0248885731828239
37.052,0.66,26.4,0.552077439280757,0.304789498962798
37.052,0.544,21.76,0.323593656929628,0.10471285480509
37.07,0.362,14.48,0.139958732257262,0.0195884467350599
37.089,0.505,20.2,0.270395836410884,0.0731139083483417
37.089,0.285,11.4,0.0981747943019984,0.0096382902362397
37.107,0.595,23.8,0.409260659730011,0.167494287602644
37.125,0.194,7.76,0.0645654229034656,0.00416869383470336
37.125,0.556,22.24,0.341979442513709,0.116949939101987
37.143,0.686,27.44,0.62230028516916,0.387257644921617
37.16,0.518,20.72,0.287078058202469,0.0824138115013002
37.161,0.673,26.92,0.586138164514029,0.343557947899875
37.178,0.466,18.64,0.225943577022098,0.0510504999975407
37.197,0.66,26.4,0.552077439280757,0.304789498962798
37.197,0.738,29.52,0.790678627999825,0.625172692775686
37.214,0.634,25.36,0.489778819368446,0.239883291901949
37.234,0.712,28.48,0.701455298419971,0.492039535681451
37.234,0.751,30.04,0.839459986519397,0.704693068967147
37.252,0.699,27.96,0.660693448007596,0.436515832240166
37.269,0.751,30.04,0.839459986519397,0.704693068967147
37.269,0.764,30.56,0.891250938133746,0.794328234724282
37.287,0.751,30.04,0.839459986519397,0.704693068967147
37.304,0.751,30.04,0.839459986519397,0.704693068967147
37.304,0.738,29.52,0.790678627999825,0.625172692775686
37.322,0.751,30.04,0.839459986519397,0.704693068967147
37.341,0.751,30.04,0.839459986519397,0.704693068967147
37.341,0.699,27.96,0.660693448007596,0.436515832240166
37.359,0.751,30.04,0.839459986519397,0.704693068967147
37.376,0.699,27.96,0.660693448007596,0.436515832240166
37.376,0.608,24.32,0.434510224171571,0.188799134909629
37.394,0.725,29,0.744731973905989,0.554625712957911
37.413,0.634,25.36,0.489778819368446,0.239883291901949
37.413,0.388,15.52,0.157761126969935,0.0248885731828239
37.43,0.634,25.36,0.489778819368446,0.239883291901949
37.448,0.466,18.64,0.225943577022098,0.0510504999975407
37.448,0.336,13.44,0.124165230759241,0.0154170045294956
37.466,0.505,20.2,0.270395836410884,0.0731139083483417
37.484,0.22,8.8,0.0727779804536824,0.00529663443891658
37.484,0.544,21.76,0.323593656929628,0.10471285480509
37.502,0.22,8.8,0.0727779804536824,0.00529663443891658
37.52,0.505,20.2,0.270395836410884,0.0731139083483417
37.52,0.621,24.84,0.461317574560379,0.212813904598271
37.538,0.44,17.6,0.200447202736516,0.040179081084894
37.556,0.582,23.28,0.385478357665772,0.148593564228701
37.556,0.362,14.48,0.139958732257262,0.0195884467350599
37.573,0.582,23.28,0.385478357665772,0.148593564228701
37.591,0.608,24.32,0.434510224171571,0.188799134909629
37.591,0.479,19.16,0.239883291901949,0.0575439937337157
37.609,0.556,22.24,0.341979442513709,0.116949939101987
37.628,0.569,22.76,0.363078054770101,0.131825673855641
37.628,0.505,20.2,0.270395836410884,0.0731139083483417
37.646,0.492,19.68,0.254683025258504,0.0648634433548238
37.664,0.479,19.16,0.239883291901949,0.0575439937337157
37.664,0.44,17.6,0.200447202736516,0.040179081084894
37.682,0.414,16.56,0.177827941003892,0.0316227766016838
37.699,0.401,16.04,0.167494287602644,0.0280543363795171
37.699,0.479,19.16,0.239883291901949,0.0575439937337157
37.717,0.479,19.16,0.239883291901949,0.0575439937337157
37.735,0.479,19.16,0.239883291901949,0.0575439937337157
37.735,0.569,22.76,0.363078054770101,0.131825673855641
37.754,0.569,22.76,0.363078054770101,0.131825673855641
37.771,0.505,20.2,0.270395836410884,0.0731139083483417
37.772,0.634,25.36,0.489778819368446,0.239883291901949
37.789,0.582,23.28,0.385478357665772,0.148593564228701
37.808,0.401,16.04,0.167494287602644,0.0280543363795171
37.808,0.647,25.88,0.519995996533516,0.270395836410884
37.826,0.505,20.2,0.270395836410884,0.0731139083483417
37.827,0.272,10.88,0.0924698173938222,0.00855066712884683
37.844,0.556,22.24,0.341979442513709,0.116949939101987
37.862,0.233,9.32,0.0772680585095702,0.00597035286583837
37.862,0.582,23.28,0.385478357665772,0.148593564228701
37.881,0.453,18.12,0.212813904598271,0.0452897579903621
37.901,0.544,21.76,0.323593656929628,0.10471285480509
37.901,0.699,27.96,0.660693448007596,0.436515832240166
37.919,0.479,19.16,0.239883291901949,0.0575439937337157
37.937,0.673,26.92,0.586138164514029,0.343557947899875
37.937,0.401,16.04,0.167494287602644,0.0280543363795171
37.956,0.647,25.88,0.519995996533516,0.270395836410884
37.973,0.725,29,0.744731973905989,0.554625712957911
37.973,0.595,23.8,0.409260659730011,0.167494287602644
37.992,0.699,27.96,0.660693448007596,0.436515832240166
38.01,0.725,29,0.744731973905989,0.554625712957911
38.01,0.647,25.88,0.519995996533516,0.270395836410884
38.028,0.686,27.44,0.62230028516916,0.387257644921617
38.028,0.673,26.92,0.586138164514029,0.343557947899875
38.046,0.621,24.84,0.461317574560379,0.212813904598271
38.064,0.608,24.32,0.434510224171571,0.188799134909629
38.064,0.556,22.24,0.341979442513709,0.116949939101987
38.082,0.544,21.76,0.323593656929628,0.10471285480509
38.101,0.479,19.16,0.239883291901949,0.0575439937337157
38.101,0.388,15.52,0.157761126969935,0.0248885731828239
38.119,0.388,15.52,0.157761126969935,0.0248885731828239
38.137,0.336,13.44,0.124165230759241,0.0154170045294956
38.137,0.285,11.4,0.0981747943019984,0.0096382902362397
38.156,0.401,16.04,0.167494287602644,0.0280543363795171
38.173,0.349,13.96,0.131825673855641,0.0173780082874937
38.173,0.233,9.32,0.0772680585095702,0.00597035286583837
38.192,0.427,17.08,0.188799134909629,0.0356451133426244
38.211,0.324,12.96,0.117489755493953,0.0138038426460288
38.211,0.207,8.28,0.0685488226452661,0.00469894108605215
38.231,0.375,15,0.148593564228701,0.022080047330189
38.231,0.259,10.36,0.0870963589956081,0.00758577575029184
38.249,0.362,14.48,0.139958732257262,0.0195884467350599
38.267,0.168,6.72,0.0572796030985829,0.00328095293113119
38.267,0.336,13.44,0.124165230759241,0.0154170045294956
38.287,0.518,20.72,0.287078058202469,0.0824138115013002
38.306,0.324,12.96,0.117489755493953,0.0138038426460288
38.306,0.505,20.2,0.270395836410884,0.0731139083483417
38.325,0.22,8.8,0.0727779804536824,0.00529663443891658
38.326,0.479,19.16,0.239883291901949,0.0575439937337157
38.346,0.582,23.28,0.385478357665772,0.148593564228701
38.366,0.466,18.64,0.225943577022098,0.0510504999975407
38.366,0.582,23.28,0.385478357665772,0.148593564228701
38.386,0.634,25.36,0.489778819368446,0.239883291901949
38.386,0.569,22.76,0.363078054770101,0.131825673855641
38.406,0.634,25.36,0.489778819368446,0.239883291901949
38.425,0.673,26.92,0.586138164514029,0.343557947899875
38.425,0.647,25.88,0.519995996533516,0.270395836410884
38.444,0.673,26.92,0.586138164514029,0.343557947899875
38.462,0.673,26.92,0.586138164514029,0.343557947899875
38.462,0.686,27.44,0.62230028516916,0.387257644921617
38.481,0.686,27.44,0.62230028516916,0.387257644921617
38.481,0.647,25.88,0.519995996533516,0.270395836410884
38.498,0.699,27.96,0.660693448007596,0.436515832240166
38.517,0.66,26.4,0.552077439280757,0.304789498962798
38.517,0.582,23.28,0.385478357665772,0.148593564228701
38.534,0.673,26.92,0.586138164514029,0.343557947899875
38.553,0.621,24.84,0.461317574560379,0.212813904598271
38.553,0.453,18.12,0.212813904598271,0.0452897579903621
38.573,0.634,25.36,0.489778819368446,0.239883291901949
38.592,0.518,20.72,0.287078058202469,0.0824138115013002
38.592,0.466,18.64,0.225943577022098,0.0510504999975407
38.61,0.544,21.76,0.323593656929628,0.10471285480509
38.629,0.259,10.36,0.0870963589956081,0.00758577575029184
38.629,0.466,18.64,0.225943577022098,0.0510504999975407
38.648,0.336,13.44,0.124165230759241,0.0154170045294956
38.649,0.401,16.04,0.167494287602644,0.0280543363795171
38.667,0.595,23.8,0.409260659730011,0.167494287602644
38.686,0.336,13.44,0.124165230759241,0.0154170045294956
38.686,0.569,22.76,0.363078054770101,0.131825673855641
38.705,0.298,11.92,0.10423174293933,0.0108642562361707
38.723,0.531,21.24,0.304789498962798,0.0928966386779936
38.723,0.647,25.88,0.519995996533516,0.270395836410884
38.741,0.505,20.2,0.270395836410884,0.0731139083483417
38.759,0.634,25.36,0.489778819368446,0.239883291901949
38.759,0.686,27.44,0.62230028516916,0.387257644921617
38.778,0.621,24.84,0.461317574560379,0.212813904598271
38.795,0.673,26.92,0.586138164514029,0.343557947899875
38.795,0.712,28.48,0.701455298419971,0.492039535681451
38.813,0.673,26.92,0.586138164514029,0.343557947899875
38.831,0.712,28.48,0.701455298419971,0.492039535681451
38.831,0.699,27.96,0.660693448007596,0.436515832240166
38.849,0.699,27.96,0.660693448007596,0.436515832240166
38.866,0.699,27.96,0.660693448007596,0.436515832240166
38.866,0.673,26.92,0.586138164514029,0.343557947899875
38.884,0.712,28.48,0.701455298419971,0.492039535681451
38.903,0.673,26.92,0.586138164514029,0.343557947899875
38.903,0.608,24.32,0.434510224171571,0.188799134909629
38.921,0.686,27.44,0.62230028516916,0.387257644921617
38.938,0.621,24.84,0.461317574560379,0.212813904598271
38.938,0.479,19.16,0.239883291901949,0.0575439937337157
38.956,0.634,25.36,0.489778819368446,0.239883291901949
38.975,0.518,20.72,0.287078058202469,0.0824138115013002
38.975,0.168,6.72,0.0572796030985829,0.00328095293113119
38.993,0.518,20.72,0.287078058202469,0.0824138115013002
39.011,0.298,11.92,0.10423174293933,0.0108642562361707
39.011,0.414,16.56,0.177827941003892,0.0316227766016838
39.028,0.349,13.96,0.131825673855641,0.0173780082874937
39.028,0.349,13.96,0.131825673855641,0.0173780082874937
39.047,0.556,22.24,0.341979442513709,0.116949939101987
39.065,0.259,10.36,0.0870963589956081,0.00758577575029184
39.065,0.531,21.24,0.304789498962798,0.0928966386779936
39.084,0.259,10.36,0.0870963589956081,0.00758577575029184
39.104,0.492,19.68,0.254683025258504,0.0648634433548238
39.104,0.621,24.84,0.461317574560379,0.212813904598271
39.122,0.466,18.64,0.225943577022098,0.0510504999975407
39.141,0.582,23.28,0.385478357665772,0.148593564228701
39.141,0.634,25.36,0.489778819368446,0.239883291901949
39.158,0.569,22.76,0.363078054770101,0.131825673855641
39.176,0.647,25.88,0.519995996533516,0.270395836410884
39.176,0.647,25.88,0.519995996533516,0.270395836410884
39.194,0.608,24.32,0.434510224171571,0.188799134909629
39.213,0.634,25.36,0.489778819368446,0.239883291901949
39.213,0.634,25.36,0.489778819368446,0.239883291901949
39.231,0.621,24.84,0.461317574560379,0.212813904598271
39.249,0.621,24.84,0.461317574560379,0.212813904598271
39.249,0.582,23.28,0.385478357665772,0.148593564228701
39.267,0.621,24.84,0.461317574560379,0.212813904598271
39.267,0.595,23.8,0.409260659730011,0.167494287602644
39.285,0.531,21.24,0.304789498962798,0.0928966386779936
39.303,0.621,24.84,0.461317574560379,0.212813904598271
39.303,0.544,21.76,0.323593656929628,0.10471285480509
39.321,0.414,16.56,0.177827941003892,0.0316227766016838
39.338,0.544,21.76,0.323593656929628,0.10471285480509
39.339,0.427,17.08,0.188799134909629,0.0356451133426244
39.356,0.22,8.8,0.0727779804536824,0.00529663443891658
39.375,0.453,18.12,0.212813904598271,0.0452897579903621
39.375,0.246,9.84,0.0820351544329818,0.00672976656284318
39.392,0.285,11.4,0.0981747943019984,0.0096382902362397
39.411,0.285,11.4,0.0981747943019984,0.0096382902362397
39.411,0.259,10.36,0.0870963589956081,0.00758577575029184
39.428,0.427,17.08,0.188799134909629,0.0356451133426244
39.447,0.272,10.88,0.0924698173938222,0.00855066712884683
39.447,0.388,15.52,0.157761126969935,0.0248885731828239
39.465,0.311,12.44,0.110662378397767,0.0122461619926505
39.484,0.349,13.96,0.131825673855641,0.0173780082874937
39.484,0.466,18.64,0.225943577022098,0.0510504999975407
39.502,0.298,11.92,0.10423174293933,0.0108642562361707
39.52,0.44,17.6,0.200447202736516,0.040179081084894
39.521,0.582,23.28,0.385478357665772,0.148593564228701
39.538,0.401,16.04,0.167494287602644,0.0280543363795171
39.556,0.492,19.68,0.254683025258504,0.0648634433548238
39.556,0.505,20.2,0.270395836410884,0.0731139083483417
39.574,0.453,18.12,0.212813904598271,0.0452897579903621
39.592,0.479,19.16,0.239883291901949,0.0575439937337157
39.592,0.479,19.16,0.239883291901949,0.0575439937337157
39.61,0.466,18.64,0.225943577022098,0.0510504999975407
39.628,0.544,21.76,0.323593656929628,0.10471285480509
39.628,0.44,17.6,0.200447202736516,0.040179081084894
39.646,0.466,18.64,0.225943577022098,0.0510504999975407
39.664,0.44,17.6,0.200447202736516,0.040179081084894
39.664,0.388,15.52,0.157761126969935,0.0248885731828239
39.682,0.44,17.6,0.200447202736516,0.040179081084894
39.701,0.401,16.04,0.167494287602644,0.0280543363795171
39.701,0.298,11.92,0.10423174293933,0.0108642562361707
39.719,0.388,15.52,0.157761126969935,0.0248885731828239
39.719,0.531,21.24,0.304789498962798,0.0928966386779936
39.736,0.22,8.8,0.0727779804536824,0.00529663443891658
39.755,0.324,12.96,0.117489755493953,0.0138038426460288
39.755,0.259,10.36,0.0870963589956081,0.00758577575029184
39.772,0.259,10.36,0.0870963589956081,0.00758577575029184
39.791,0.194,7.76,0.0645654229034656,0.00416869383470336
39.791,0.129,5.16,0.0478630092322639,0.00229086765276777
39.811,0.259,10.36,0.0870963589956081,0.00758577575029184
39.828,0.427,17.08,0.188799134909629,0.0356451133426244
39.828,0.285,11.4,0.0981747943019984,0.0096382902362397
39.846,0.349,13.96,0.131825673855641,0.0173780082874937
39.864,0.22,8.8,0.0727779804536824,0.00529663443891658
39.864,0.336,13.44,0.124165230759241,0.0154170045294956
39.881,0.272,10.88,0.0924698173938222,0.00855066712884683
39.901,0.336,13.44,0.124165230759241,0.0154170045294956
39.901,0.401,16.04,0.167494287602644,0.0280543363795171
39.92,0.324,12.96,0.117489755493953,0.0138038426460288
39.937,0.505,20.2,0.270395836410884,0.0731139083483417
39.937,0.466,18.64,0.225943577022098,0.0510504999975407
39.955,0.414,16.56,0.177827941003892,0.0316227766016838
39.973,0.453,18.12,0.212813904598271,0.0452897579903621
39.973,0.479,19.16,0.239883291901949,0.0575439937337157
39.992,0.466,18.64,0.225943577022098,0.0510504999975407
40.01,0.492,19.68,0.254683025258504,0.0648634433548238
40.01,0.466,18.64,0.225943577022098,0.0510504999975407
40.028,0.505,20.2,0.270395836410884,0.0731139083483417
40.046,0.505,20.2,0.270395836410884,0.0731139083483417
40.046,0.453,18.12,0.212813904598271,0.0452897579903621
40.065,0.518,20.72,0.287078058202469,0.0824138115013002
40.065,0.479,19.16,0.239883291901949,0.0575439937337157
40.082,0.362,14.48,0.139958732257262,0.0195884467350599
40.1,0.492,19.68,0.254683025258504,0.0648634433548238
40.1,0.401,16.04,0.167494287602644,0.0280543363795171
40.118,0.272,10.88,0.0924698173938222,0.00855066712884683
40.136,0.44,17.6,0.200447202736516,0.040179081084894
40.136,0.272,10.88,0.0924698173938222,0.00855066712884683
40.154,0.22,8.8,0.0727779804536824,0.00529663443891658
40.173,0.336,13.44,0.124165230759241,0.0154170045294956
40.173,0.259,10.36,0.0870963589956081,0.00758577575029184
40.19,0.414,16.56,0.177827941003892,0.0316227766016838
40.209,0.207,8.28,0.0685488226452661,0.00469894108605215
40.209,0.401,16.04,0.167494287602644,0.0280543363795171
40.227,0.531,21.24,0.304789498962798,0.0928966386779936
40.245,0.388,15.52,0.157761126969935,0.0248885731828239
40.245,0.544,21.76,0.323593656929628,0.10471285480509
40.264,0.336,13.44,0.124165230759241,0.0154170045294956
40.283,0.505,20.2,0.270395836410884,0.0731139083483417
40.283,0.582,23.28,0.385478357665772,0.148593564228701
40.301,0.505,20.2,0.270395836410884,0.0731139083483417
40.32,0.582,23.28,0.385478357665772,0.148593564228701
40.32,0.634,25.36,0.489778819368446,0.239883291901949
40.337,0.582,23.28,0.385478357665772,0.148593564228701
40.354,0.634,25.36,0.489778819368446,0.239883291901949
40.354,0.647,25.88,0.519995996533516,0.270395836410884
40.372,0.621,24.84,0.461317574560379,0.212813904598271
40.39,0.66,26.4,0.552077439280757,0.304789498962798
40.39,0.634,25.36,0.489778819368446,0.239883291901949
40.409,0.66,26.4,0.552077439280757,0.304789498962798
40.427,0.647,25.88,0.519995996533516,0.270395836410884
40.427,0.595,23.8,0.409260659730011,0.167494287602644
40.445,0.66,26.4,0.552077439280757,0.304789498962798
40.463,0.621,24.84,0.461317574560379,0.212813904598271
40.463,0.531,21.24,0.304789498962798,0.0928966386779936
40.48,0.647,25.88,0.519995996533516,0.270395836410884
40.498,0.569,22.76,0.363078054770101,0.131825673855641
40.499,0.375,15,0.148593564228701,0.022080047330189
40.516,0.595,23.8,0.409260659730011,0.167494287602644
40.534,0.44,17.6,0.200447202736516,0.040179081084894
40.534,0.259,10.36,0.0870963589956081,0.00758577575029184
40.552,0.556,22.24,0.341979442513709,0.116949939101987
40.57,0.22,8.8,0.0727779804536824,0.00529663443891658
40.57,0.518,20.72,0.287078058202469,0.0824138115013002
40.588,0.259,10.36,0.0870963589956081,0.00758577575029184
40.606,0.479,19.16,0.239883291901949,0.0575439937337157
40.606,0.634,25.36,0.489778819368446,0.239883291901949
40.625,0.427,17.08,0.188799134909629,0.0356451133426244
40.625,0.634,25.36,0.489778819368446,0.239883291901949
40.643,0.556,22.24,0.341979442513709,0.116949939101987
40.66,0.595,23.8,0.409260659730011,0.167494287602644
40.66,0.699,27.96,0.660693448007596,0.436515832240166
40.678,0.569,22.76,0.363078054770101,0.131825673855641
40.696,0.686,27.44,0.62230028516916,0.387257644921617
40.696,0.725,29,0.744731973905989,0.554625712957911
40.714,0.673,26.92,0.586138164514029,0.343557947899875
40.733,0.725,29,0.744731973905989,0.554625712957911
40.733,0.738,29.52,0.790678627999825,0.625172692775686
40.751,0.712,28.48,0.701455298419971,0.492039535681451
40.768,0.738,29.52,0.790678627999825,0.625172692775686
40.768,0.725,29,0.744731973905989,0.554625712957911
40.786,0.751,30.04,0.839459986519397,0.704693068967147
40.803,0.738,29.52,0.790678627999825,0.625172692775686
40.803,0.686,27.44,0.62230028516916,0.387257644921617
40.822,0.738,29.52,0.790678627999825,0.625172692775686
40.84,0.699,27.96,0.660693448007596,0.436515832240166
40.84,0.621,24.84,0.461317574560379,0.212813904598271
40.858,0.712,28.48,0.701455298419971,0.492039535681451
40.875,0.634,25.36,0.489778819368446,0.239883291901949
40.875,0.453,18.12,0.212813904598271,0.0452897579903621
40.893,0.673,26.92,0.586138164514029,0.343557947899875
40.912,0.505,20.2,0.270395836410884,0.0731139083483417
40.912,0.285,11.4,0.0981747943019984,0.0096382902362397
40.93,0.556,22.24,0.341979442513709,0.116949939101987
40.949,0.207,8.28,0.0685488226452661,0.00469894108605215
40.949,0.556,22.24,0.341979442513709,0.116949939101987
40.967,0.259,10.36,0.0870963589956081,0.00758577575029184
40.985,0.505,20.2,0.270395836410884,0.0731139083483417
40.985,0.673,26.92,0.586138164514029,0.343557947899875
41.003,0.453,18.12,0.212813904598271,0.0452897579903621
41.021,0.647,25.88,0.519995996533516,0.270395836410884
41.021,0.375,15,0.148593564228701,0.022080047330189
41.039,0.621,24.84,0.461317574560379,0.212813904598271
41.058,0.725,29,0.744731973905989,0.554625712957911
41.058,0.595,23.8,0.409260659730011,0.167494287602644
41.076,0.712,28.48,0.701455298419971,0.492039535681451
41.093,0.751,30.04,0.839459986519397,0.704693068967147
41.093,0.699,27.96,0.660693448007596,0.436515832240166
41.111,0.764,30.56,0.891250938133746,0.794328234724282
41.129,0.764,30.56,0.891250938133746,0.794328234724282
41.13,0.738,29.52,0.790678627999825,0.625172692775686
41.148,0.764,30.56,0.891250938133746,0.794328234724282
41.166,0.751,30.04,0.839459986519397,0.704693068967147
41.166,0.764,30.56,0.891250938133746,0.794328234724282
41.183,0.751,30.04,0.839459986519397,0.704693068967147
41.201,0.738,29.52,0.790678627999825,0.625172692775686
41.201,0.764,30.56,0.891250938133746,0.794328234724282
41.219,0.738,29.52,0.790678627999825,0.625172692775686
41.238,0.647,25.88,0.519995996533516,0.270395836410884
41.238,0.751,30.04,0.839459986519397,0.704693068967147
41.255,0.686,27.44,0.62230028516916,0.387257644921617
41.256,0.505,20.2,0.270395836410884,0.0731139083483417
41.276,0.712,28.48,0.701455298419971,0.492039535681451
41.294,0.569,22.76,0.363078054770101,0.131825673855641
41.294,0.246,9.84,0.0820351544329818,0.00672976656284318
41.311,0.595,23.8,0.409260659730011,0.167494287602644
41.329,0.259,10.36,0.0870963589956081,0.00758577575029184
41.329,0.556,22.24,0.341979442513709,0.116949939101987
41.347,0.375,15,0.148593564228701,0.022080047330189
41.365,0.492,19.68,0.254683025258504,0.0648634433548238
41.365,0.66,26.4,0.552077439280757,0.304789498962798
41.382,0.414,16.56,0.177827941003892,0.0316227766016838
41.4,0.647,25.88,0.519995996533516,0.270395836410884
41.4,0.324,12.96,0.117489755493953,0.0138038426460288
41.418,0.621,24.84,0.461317574560379,0.212813904598271
41.436,0.712,28.48,0.701455298419971,0.492039535681451
41.436,0.582,23.28,0.385478357665772,0.148593564228701
41.454,0.712,28.48,0.701455298419971,0.492039535681451
41.472,0.751,30.04,0.839459986519397,0.704693068967147
41.472,0.686,27.44,0.62230028516916,0.387257644921617
41.489,0.738,29.52,0.790678627999825,0.625172692775686
41.507,0.764,30.56,0.891250938133746,0.794328234724282
41.507,0.738,29.52,0.790678627999825,0.625172692775686
41.527,0.764,30.56,0.891250938133746,0.794328234724282
41.543,0.764,30.56,0.891250938133746,0.794328234724282
41.543,0.764,30.56,0.891250938133746,0.794328234724282
41.562,0.764,30.56,0.891250938133746,0.794328234724282
41.578,0.725,29,0.744731973905989,0.554625712957911
41.578,0.764,30.56,0.891250938133746,0.794328234724282
41.597,0.725,29,0.744731973905989,0.554625712957911
41.614,0.66,26.4,0.552077439280757,0.304789498962798
41.614,0.751,30.04,0.839459986519397,0.704693068967147
41.632,0.673,26.92,0.586138164514029,0.343557947899875
41.65,0.531,21.24,0.304789498962798,0.0928966386779936
41.65,0.686,27.44,0.62230028516916,0.387257644921617
41.669,0.569,22.76,0.363078054770101,0.131825673855641
41.687,0.194,7.76,0.0645654229034656,0.00416869383470336
41.687,0.595,23.8,0.409260659730011,0.167494287602644
41.705,0.298,11.92,0.10423174293933,0.0108642562361707
41.723,0.492,19.68,0.254683025258504,0.0648634433548238
41.723,0.414,16.56,0.177827941003892,0.0316227766016838
41.74,0.453,18.12,0.212813904598271,0.0452897579903621
41.76,0.647,25.88,0.519995996533516,0.270395836410884
41.76,0.362,14.48,0.139958732257262,0.0195884467350599
41.777,0.608,24.32,0.434510224171571,0.188799134909629
41.795,0.246,9.84,0.0820351544329818,0.00672976656284318
41.795,0.582,23.28,0.385478357665772,0.148593564228701
41.812,0.699,27.96,0.660693448007596,0.436515832240166
41.83,0.544,21.76,0.323593656929628,0.10471285480509
41.83,0.686,27.44,0.62230028516916,0.387257644921617
41.848,0.738,29.52,0.790678627999825,0.625172692775686
41.866,0.673,26.92,0.586138164514029,0.343557947899875
41.866,0.725,29,0.744731973905989,0.554625712957911
41.884,0.751,30.04,0.839459986519397,0.704693068967147
41.902,0.712,28.48,0.701455298419971,0.492039535681451
41.902,0.751,30.04,0.839459986519397,0.704693068967147
41.919,0.725,29,0.744731973905989,0.554625712957911
41.937,0.738,29.52,0.790678627999825,0.625172692775686
41.937,0.738,29.52,0.790678627999825,0.625172692775686
41.954,0.712,28.48,0.701455298419971,0.492039535681451
41.972,0.738,29.52,0.790678627999825,0.625172692775686
41.972,0.712,28.48,0.701455298419971,0.492039535681451
41.99,0.647,25.88,0.519995996533516,0.270395836410884
42.007,0.738,29.52,0.790678627999825,0.625172692775686
42.007,0.66,26.4,0.552077439280757,0.304789498962798
42.025,0.531,21.24,0.304789498962798,0.0928966386779936
42.043,0.673,26.92,0.586138164514029,0.343557947899875
42.043,0.569,22.76,0.363078054770101,0.131825673855641
42.061,0.298,11.92,0.10423174293933,0.0108642562361707
42.078,0.595,23.8,0.409260659730011,0.167494287602644
42.078,0.324,12.96,0.117489755493953,0.0138038426460288
42.096,0.582,23.28,0.385478357665772,0.148593564228701
42.114,0.427,17.08,0.188799134909629,0.0356451133426244
42.114,0.388,15.52,0.157761126969935,0.0248885731828239
42.133,0.608,24.32,0.434510224171571,0.188799134909629
42.151,0.298,11.92,0.10423174293933,0.0108642562361707
42.151,0.582,23.28,0.385478357665772,0.148593564228701
42.168,0.22,8.8,0.0727779804536824,0.00529663443891658
42.186,0.556,22.24,0.341979442513709,0.116949939101987
42.186,0.647,25.88,0.519995996533516,0.270395836410884
42.203,0.505,20.2,0.270395836410884,0.0731139083483417
42.221,0.634,25.36,0.489778819368446,0.239883291901949
42.221,0.699,27.96,0.660693448007596,0.436515832240166
42.241,0.608,24.32,0.434510224171571,0.188799134909629
42.258,0.686,27.44,0.62230028516916,0.387257644921617
42.258,0.712,28.48,0.701455298419971,0.492039535681451
42.276,0.673,26.92,0.586138164514029,0.343557947899875
42.295,0.712,28.48,0.701455298419971,0.492039535681451
42.295,0.699,27.96,0.660693448007596,0.436515832240166
42.313,0.699,27.96,0.660693448007596,0.436515832240166
42.331,0.686,27.44,0.62230028516916,0.387257644921617
42.331,0.673,26.92,0.586138164514029,0.343557947899875
42.348,0.699,27.96,0.660693448007596,0.436515832240166
42.366,0.673,26.92,0.586138164514029,0.343557947899875
42.366,0.621,24.84,0.461317574560379,0.212813904598271
42.384,0.686,27.44,0.62230028516916,0.387257644921617
42.401,0.634,25.36,0.489778819368446,0.239883291901949
42.401,0.505,20.2,0.270395836410884,0.0731139083483417
42.418,0.634,25.36,0.489778819368446,0.239883291901949
42.438,0.544,21.76,0.323593656929628,0.10471285480509
42.438,0.246,9.84,0.0820351544329818,0.00672976656284318
42.455,0.556,22.24,0.341979442513709,0.116949939101987
42.472,0.336,13.44,0.124165230759241,0.0154170045294956
42.473,0.349,13.96,0.131825673855641,0.0173780082874937
42.49,0.608,24.32,0.434510224171571,0.188799134909629
42.509,0.259,10.36,0.0870963589956081,0.00758577575029184
42.509,0.531,21.24,0.304789498962798,0.0928966386779936
42.525,0.168,6.72,0.0572796030985829,0.00328095293113119
42.544,0.492,19.68,0.254683025258504,0.0648634433548238
42.544,0.595,23.8,0.409260659730011,0.167494287602644
42.562,0.453,18.12,0.212813904598271,0.0452897579903621
42.58,0.582,23.28,0.385478357665772,0.148593564228701
42.58,0.401,16.04,0.167494287602644,0.0280543363795171
42.597,0.569,22.76,0.363078054770101,0.131825673855641
42.614,0.621,24.84,0.461317574560379,0.212813904598271
42.614,0.531,21.24,0.304789498962798,0.0928966386779936
42.632,0.621,24.84,0.461317574560379,0.212813904598271
42.65,0.634,25.36,0.489778819368446,0.239883291901949
42.65,0.595,23.8,0.409260659730011,0.167494287602644
42.668,0.634,25.36,0.489778819368446,0.239883291901949
42.686,0.634,25.36,0.489778819368446,0.239883291901949
42.686,0.647,25.88,0.519995996533516,0.270395836410884
42.703,0.634,25.36,0.489778819368446,0.239883291901949
42.72,0.595,23.8,0.409260659730011,0.167494287602644
42.72,0.621,24.84,0.461317574560379,0.212813904598271
42.739,0.595,23.8,0.409260659730011,0.167494287602644
42.756,0.544,21.76,0.323593656929628,0.10471285480509
42.756,0.595,23.8,0.409260659730011,0.167494287602644
42.774,0.556,22.24,0.341979442513709,0.116949939101987
42.792,0.44,17.6,0.200447202736516,0.040179081084894
42.792,0.556,22.24,0.341979442513709,0.116949939101987
42.811,0.466,18.64,0.225943577022098,0.0510504999975407
42.829,0.246,9.84,0.0820351544329818,0.00672976656284318
42.829,0.479,19.16,0.239883291901949,0.0575439937337157
42.848,0.298,11.92,0.10423174293933,0.0108642562361707
42.865,0.246,9.84,0.0820351544329818,0.00672976656284318
42.865,0.349,13.96,0.131825673855641,0.0173780082874937
42.883,0.22,8.8,0.0727779804536824,0.00529663443891658
42.902,0.634,25.36,0.489778819368446,0.239883291901949
42.902,0.272,10.88,0.0924698173938222,0.00855066712884683
42.919,0.375,15,0.148593564228701,0.022080047330189
42.938,0.505,20.2,0.270395836410884,0.0731139083483417
42.938,0.336,13.44,0.124165230759241,0.0154170045294956
42.956,0.479,19.16,0.239883291901949,0.0575439937337157
42.972,0.272,10.88,0.0924698173938222,0.00855066712884683
42.972,0.44,17.6,0.200447202736516,0.040179081084894
42.991,0.505,20.2,0.270395836410884,0.0731139083483417
43.01,0.608,24.32,0.434510224171571,0.188799134909629
43.01,0.492,19.68,0.254683025258504,0.0648634433548238
43.028,0.518,20.72,0.287078058202469,0.0824138115013002
43.046,0.466,18.64,0.225943577022098,0.0510504999975407
43.046,0.505,20.2,0.270395836410884,0.0731139083483417
43.064,0.505,20.2,0.270395836410884,0.0731139083483417
43.082,0.505,20.2,0.270395836410884,0.0731139083483417
43.082,0.505,20.2,0.270395836410884,0.0731139083483417
43.101,0.492,19.68,0.254683025258504,0.0648634433548238
43.118,0.492,19.68,0.254683025258504,0.0648634433548238
43.118,0.492,19.68,0.254683025258504,0.0648634433548238
43.137,0.414,16.56,0.177827941003892,0.0316227766016838
43.156,0.479,19.16,0.239883291901949,0.0575439937337157
43.156,0.44,17.6,0.200447202736516,0.040179081084894
43.174,0.349,13.96,0.131825673855641,0.0173780082874937
43.174,0.453,18.12,0.212813904598271,0.0452897579903621
43.191,0.349,13.96,0.131825673855641,0.0173780082874937
43.209,0.194,7.76,0.0645654229034656,0.00416869383470336
43.226,0.518,20.72,0.287078058202469,0.0824138115013002
43.226,0.233,9.32,0.0772680585095702,0.00597035286583837
43.245,0.233,9.32,0.0772680585095702,0.00597035286583837
43.262,0.285,11.4,0.0981747943019984,0.0096382902362397
43.263,0.259,10.36,0.0870963589956081,0.00758577575029184
43.281,0.298,11.92,0.10423174293933,0.0108642562361707
43.281,0.181,7.24,0.0608135001278718,0.00369828179780266
43.301,0.259,10.36,0.0870963589956081,0.00758577575029184
43.32,0.388,15.52,0.157761126969935,0.0248885731828239
43.32,0.233,9.32,0.0772680585095702,0.00597035286583837
43.339,0.362,14.48,0.139958732257262,0.0195884467350599
43.359,0.207,8.28,0.0685488226452661,0.00469894108605215
43.359,0.453,18.12,0.212813904598271,0.0452897579903621
43.379,0.427,17.08,0.188799134909629,0.0356451133426244
43.379,0.336,13.44,0.124165230759241,0.0154170045294956
43.397,0.427,17.08,0.188799134909629,0.0356451133426244
43.418,0.479,19.16,0.239883291901949,0.0575439937337157
43.418,0.414,16.56,0.177827941003892,0.0316227766016838
43.438,0.492,19.68,0.254683025258504,0.0648634433548238
43.438,0.479,19.16,0.239883291901949,0.0575439937337157
43.457,0.466,18.64,0.225943577022098,0.0510504999975407
43.476,0.492,19.68,0.254683025258504,0.0648634433548238
43.476,0.466,18.64,0.225943577022098,0.0510504999975407
43.493,0.492,19.68,0.254683025258504,0.0648634433548238
43.511,0.479,19.16,0.239883291901949,0.0575439937337157
43.512,0.569,22.76,0.363078054770101,0.131825673855641
43.529,0.505,20.2,0.270395836410884,0.0731139083483417
43.548,0.453,18.12,0.212813904598271,0.0452897579903621
43.548,0.388,15.52,0.157761126969935,0.0248885731828239
43.566,0.466,18.64,0.225943577022098,0.0510504999975407
43.566,0.401,16.04,0.167494287602644,0.0280543363795171
43.584,0.233,9.32,0.0772680585095702,0.00597035286583837
43.602,0.556,22.24,0.341979442513709,0.116949939101987
43.619,0.272,10.88,0.0924698173938222,0.00855066712884683
43.619,0.246,9.84,0.0820351544329818,0.00672976656284318
43.637,0.336,13.44,0.124165230759241,0.0154170045294956
43.655,0.246,9.84,0.0820351544329818,0.00672976656284318
43.655,0.324,12.96,0.117489755493953,0.0138038426460288
43.674,0.155,6.2,0.0539510622515128,0.00291071711806661
43.674,0.311,12.44,0.110662378397767,0.0122461619926505
43.691,0.453,18.12,0.212813904598271,0.0452897579903621
43.71,0.272,10.88,0.0924698173938222,0.00855066712884683
43.71,0.505,20.2,0.270395836410884,0.0731139083483417
43.727,0.207,8.28,0.0685488226452661,0.00469894108605215
43.745,0.427,17.08,0.188799134909629,0.0356451133426244
43.745,0.518,20.72,0.287078058202469,0.0824138115013002
43.763,0.401,16.04,0.167494287602644,0.0280543363795171
43.781,0.518,20.72,0.287078058202469,0.0824138115013002
43.781,0.556,22.24,0.341979442513709,0.116949939101987
43.8,0.505,20.2,0.270395836410884,0.0731139083483417
43.82,0.556,22.24,0.341979442513709,0.116949939101987
43.82,0.569,22.76,0.363078054770101,0.131825673855641
43.839,0.556,22.24,0.341979442513709,0.116949939101987
43.859,0.569,22.76,0.363078054770101,0.131825673855641
43.859,0.569,22.76,0.363078054770101,0.131825673855641
43.878,0.569,22.76,0.363078054770101,0.131825673855641
43.878,0.569,22.76,0.363078054770101,0.131825673855641
43.898,0.531,21.24,0.304789498962798,0.0928966386779936
43.917,0.569,22.76,0.363078054770101,0.131825673855641
43.917,0.556,22.24,0.341979442513709,0.116949939101987
43.936,0.466,18.64,0.225943577022098,0.0510504999975407
43.936,0.556,22.24,0.341979442513709,0.116949939101987
43.955,0.492,19.68,0.254683025258504,0.0648634433548238
43.973,0.324,12.96,0.117489755493953,0.0138038426460288
43.973,0.518,20.72,0.287078058202469,0.0824138115013002
43.992,0.401,16.04,0.167494287602644,0.0280543363795171
44.011,0.168,6.72,0.0572796030985829,0.00328095293113119
44.011,0.427,17.08,0.188799134909629,0.0356451133426244
44.03,0.181,7.24,0.0608135001278718,0.00369828179780266
44.05,0.388,15.52,0.157761126969935,0.0248885731828239
44.05,0.233,9.32,0.0772680585095702,0.00597035286583837
44.07,0.362,14.48,0.139958732257262,0.0195884467350599
44.07,0.518,20.72,0.287078058202469,0.0824138115013002
44.09,0.298,11.92,0.10423174293933,0.0108642562361707
44.108,0.505,20.2,0.270395836410884,0.0731139083483417
44.108,0.233,9.32,0.0772680585095702,0.00597035286583837
44.128,0.479,19.16,0.239883291901949,0.0575439937337157
44.128,0.569,22.76,0.363078054770101,0.131825673855641
44.148,0.453,18.12,0.212813904598271,0.0452897579903621
44.168,0.569,22.76,0.363078054770101,0.131825673855641
44.168,0.608,24.32,0.434510224171571,0.188799134909629
44.186,0.544,21.76,0.323593656929628,0.10471285480509
44.186,0.595,23.8,0.409260659730011,0.167494287602644
44.205,0.621,24.84,0.461317574560379,0.212813904598271
44.224,0.621,24.84,0.461317574560379,0.212813904598271
44.224,0.634,25.36,0.489778819368446,0.239883291901949
44.244,0.621,24.84,0.461317574560379,0.212813904598271
44.265,0.634,25.36,0.489778819368446,0.239883291901949
44.265,0.634,25.36,0.489778819368446,0.239883291901949
44.282,0.595,23.8,0.409260659730011,0.167494287602644
44.282,0.634,25.36,0.489778819368446,0.239883291901949
44.301,0.608,24.32,0.434510224171571,0.188799134909629
44.32,0.531,21.24,0.304789498962798,0.0928966386779936
44.32,0.621,24.84,0.461317574560379,0.212813904598271
44.339,0.556,22.24,0.341979442513709,0.116949939101987
44.357,0.414,16.56,0.177827941003892,0.0316227766016838
44.357,0.582,23.28,0.385478357665772,0.148593564228701
44.375,0.453,18.12,0.212813904598271,0.0452897579903621
44.393,0.181,7.24,0.0608135001278718,0.00369828179780266
44.393,0.492,19.68,0.254683025258504,0.0648634433548238
44.411,0.246,9.84,0.0820351544329818,0.00672976656284318
44.43,0.401,16.04,0.167494287602644,0.0280543363795171
44.43,0.388,15.52,0.157761126969935,0.0248885731828239
44.447,0.362,14.48,0.139958732257262,0.0195884467350599
44.464,0.544,21.76,0.323593656929628,0.10471285480509
44.464,0.298,11.92,0.10423174293933,0.0108642562361707
44.482,0.518,20.72,0.287078058202469,0.0824138115013002
44.5,0.22,8.8,0.0727779804536824,0.00529663443891658
44.5,0.492,19.68,0.254683025258504,0.0648634433548238
44.519,0.595,23.8,0.409260659730011,0.167494287602644
44.519,0.466,18.64,0.225943577022098,0.0510504999975407
44.538,0.582,23.28,0.385478357665772,0.148593564228701
44.556,0.647,25.88,0.519995996533516,0.270395836410884
44.556,0.569,22.76,0.363078054770101,0.131825673855641
44.574,0.634,25.36,0.489778819368446,0.239883291901949
44.591,0.673,26.92,0.586138164514029,0.343557947899875
44.591,0.634,25.36,0.489778819368446,0.239883291901949
44.61,0.673,26.92,0.586138164514029,0.343557947899875
44.627,0.673,26.92,0.586138164514029,0.343557947899875
44.627,0.66,26.4,0.552077439280757,0.304789498962798
44.645,0.673,26.92,0.586138164514029,0.343557947899875
44.664,0.647,25.88,0.519995996533516,0.270395836410884
44.664,0.66,26.4,0.552077439280757,0.304789498962798
44.682,0.647,25.88,0.519995996533516,0.270395836410884
44.701,0.582,23.28,0.385478357665772,0.148593564228701
44.701,0.66,26.4,0.552077439280757,0.304789498962798
44.719,0.595,23.8,0.409260659730011,0.167494287602644
44.74,0.44,17.6,0.200447202736516,0.040179081084894
44.74,0.608,24.32,0.434510224171571,0.188799134909629
44.759,0.505,20.2,0.270395836410884,0.0731139083483417
44.759,0.22,8.8,0.0727779804536824,0.00529663443891658
44.779,0.531,21.24,0.304789498962798,0.0928966386779936
44.797,0.272,10.88,0.0924698173938222,0.00855066712884683
44.797,0.414,16.56,0.177827941003892,0.0316227766016838
44.815,0.349,13.96,0.131825673855641,0.0173780082874937
44.832,0.349,13.96,0.131825673855641,0.0173780082874937
44.832,0.556,22.24,0.341979442513709,0.116949939101987
44.851,0.414,16.56,0.177827941003892,0.0316227766016838
44.869,0.531,21.24,0.304789498962798,0.0928966386779936
44.869,0.233,9.32,0.0772680585095702,0.00597035286583837
44.887,0.518,20.72,0.287078058202469,0.0824138115013002
44.904,0.621,24.84,0.461317574560379,0.212813904598271
44.904,0.466,18.64,0.225943577022098,0.0510504999975407
44.923,0.608,24.32,0.434510224171571,0.188799134909629
44.94,0.66,26.4,0.552077439280757,0.304789498962798
44.941,0.595,23.8,0.409260659730011,0.167494287602644
44.96,0.66,26.4,0.552077439280757,0.304789498962798
44.96,0.686,27.44,0.62230028516916,0.387257644921617
44.979,0.647,25.88,0.519995996533516,0.270395836410884
44.997,0.686,27.44,0.62230028516916,0.387257644921617
44.997,0.686,27.44,0.62230028516916,0.387257644921617
45.015,0.686,27.44,0.62230028516916,0.387257644921617
45.032,0.686,27.44,0.62230028516916,0.387257644921617
45.032,0.673,26.92,0.586138164514029,0.343557947899875
45.051,0.686,27.44,0.62230028516916,0.387257644921617
45.071,0.66,26.4,0.552077439280757,0.304789498962798
45.071,0.608,24.32,0.434510224171571,0.188799134909629
45.088,0.686,27.44,0.62230028516916,0.387257644921617
45.106,0.621,24.84,0.461317574560379,0.212813904598271
45.106,0.505,20.2,0.270395836410884,0.0731139083483417
45.123,0.634,25.36,0.489778819368446,0.239883291901949
45.141,0.531,21.24,0.304789498962798,0.0928966386779936
45.141,0.259,10.36,0.0870963589956081,0.00758577575029184
45.16,0.556,22.24,0.341979442513709,0.116949939101987
45.178,0.336,13.44,0.124165230759241,0.0154170045294956
45.178,0.375,15,0.148593564228701,0.022080047330189
45.197,0.401,16.04,0.167494287602644,0.0280543363795171
45.215,0.285,11.4,0.0981747943019984,0.0096382902362397
45.215,0.569,22.76,0.363078054770101,0.131825673855641
45.233,0.194,7.76,0.0645654229034656,0.00416869383470336
45.251,0.518,20.72,0.287078058202469,0.0824138115013002
45.251,0.634,25.36,0.489778819368446,0.239883291901949
45.269,0.479,19.16,0.239883291901949,0.0575439937337157
45.269,0.621,24.84,0.461317574560379,0.212813904598271
45.287,0.427,17.08,0.188799134909629,0.0356451133426244
45.306,0.595,23.8,0.409260659730011,0.167494287602644
45.306,0.66,26.4,0.552077439280757,0.304789498962798
45.324,0.582,23.28,0.385478357665772,0.148593564228701
45.344,0.66,26.4,0.552077439280757,0.304789498962798
45.344,0.699,27.96,0.660693448007596,0.436515832240166
45.364,0.647,25.88,0.519995996533516,0.270395836410884
45.381,0.686,27.44,0.62230028516916,0.387257644921617
45.381,0.686,27.44,0.62230028516916,0.387257644921617
45.4,0.686,27.44,0.62230028516916,0.387257644921617
45.418,0.699,27.96,0.660693448007596,0.436515832240166
45.418,0.673,26.92,0.586138164514029,0.343557947899875
45.436,0.699,27.96,0.660693448007596,0.436515832240166
45.436,0.673,26.92,0.586138164514029,0.343557947899875
45.453,0.608,24.32,0.434510224171571,0.188799134909629
45.472,0.686,27.44,0.62230028516916,0.387257644921617
45.472,0.634,25.36,0.489778819368446,0.239883291901949
45.489,0.518,20.72,0.287078058202469,0.0824138115013002
45.508,0.66,26.4,0.552077439280757,0.304789498962798
45.508,0.556,22.24,0.341979442513709,0.116949939101987
45.526,0.285,11.4,0.0981747943019984,0.0096382902362397
45.543,0.582,23.28,0.385478357665772,0.148593564228701
45.543,0.375,15,0.148593564228701,0.022080047330189
45.562,0.349,13.96,0.131825673855641,0.0173780082874937
45.58,0.44,17.6,0.200447202736516,0.040179081084894
45.58,0.272,10.88,0.0924698173938222,0.00855066712884683
45.598,0.544,21.76,0.323593656929628,0.10471285480509
45.617,0.181,7.24,0.0608135001278718,0.00369828179780266
45.617,0.518,20.72,0.287078058202469,0.0824138115013002
45.635,0.634,25.36,0.489778819368446,0.239883291901949
45.653,0.479,19.16,0.239883291901949,0.0575439937337157
45.653,0.621,24.84,0.461317574560379,0.212813904598271
45.672,0.427,17.08,0.188799134909629,0.0356451133426244
45.69,0.595,23.8,0.409260659730011,0.167494287602644
45.69,0.673,26.92,0.586138164514029,0.343557947899875
45.708,0.569,22.76,0.363078054770101,0.131825673855641
45.726,0.647,25.88,0.519995996533516,0.270395836410884
45.726,0.699,27.96,0.660693448007596,0.436515832240166
45.745,0.647,25.88,0.519995996533516,0.270395836410884
45.745,0.699,27.96,0.660693448007596,0.436515832240166
45.764,0.686,27.44,0.62230028516916,0.387257644921617
45.783,0.686,27.44,0.62230028516916,0.387257644921617
45.783,0.699,27.96,0.660693448007596,0.436515832240166
45.801,0.686,27.44,0.62230028516916,0.387257644921617
45.819,0.699,27.96,0.660693448007596,0.436515832240166
45.819,0.686,27.44,0.62230028516916,0.387257644921617
45.838,0.621,24.84,0.461317574560379,0.212813904598271
45.856,0.686,27.44,0.62230028516916,0.387257644921617
45.856,0.647,25.88,0.519995996533516,0.270395836410884
45.874,0.544,21.76,0.323593656929628,0.10471285480509
45.892,0.66,26.4,0.552077439280757,0.304789498962798
45.892,0.569,22.76,0.363078054770101,0.131825673855641
45.909,0.336,13.44,0.124165230759241,0.0154170045294956
45.928,0.582,23.28,0.385478357665772,0.148593564228701
45.928,0.427,17.08,0.188799134909629,0.0356451133426244
45.946,0.285,11.4,0.0981747943019984,0.0096382902362397
45.964,0.479,19.16,0.239883291901949,0.0575439937337157
45.964,0.207,8.28,0.0685488226452661,0.00469894108605215
45.982,0.531,21.24,0.304789498962798,0.0928966386779936
46,0.22,8.8,0.0727779804536824,0.00529663443891658
46.001,0.505,20.2,0.270395836410884,0.0731139083483417
46.018,0.634,25.36,0.489778819368446,0.239883291901949
46.036,0.44,17.6,0.200447202736516,0.040179081084894
46.036,0.608,24.32,0.434510224171571,0.188799134909629
46.055,0.375,15,0.148593564228701,0.022080047330189
46.055,0.582,23.28,0.385478357665772,0.148593564228701
46.074,0.673,26.92,0.586138164514029,0.343557947899875
46.091,0.556,22.24,0.341979442513709,0.116949939101987
46.091,0.647,25.88,0.519995996533516,0.270395836410884
46.111,0.699,27.96,0.660693448007596,0.436515832240166
46.128,0.647,25.88,0.519995996533516,0.270395836410884
46.128,0.699,27.96,0.660693448007596,0.436515832240166
46.146,0.699,27.96,0.660693448007596,0.436515832240166
46.164,0.699,27.96,0.660693448007596,0.436515832240166
46.165,0.699,27.96,0.660693448007596,0.436515832240166
46.181,0.686,27.44,0.62230028516916,0.387257644921617
46.2,0.712,28.48,0.701455298419971,0.492039535681451
46.2,0.699,27.96,0.660693448007596,0.436515832240166
46.217,0.634,25.36,0.489778819368446,0.239883291901949
46.237,0.699,27.96,0.660693448007596,0.436515832240166
46.237,0.66,26.4,0.552077439280757,0.304789498962798
46.254,0.569,22.76,0.363078054770101,0.131825673855641
46.275,0.673,26.92,0.586138164514029,0.343557947899875
46.275,0.595,23.8,0.409260659730011,0.167494287602644
46.293,0.388,15.52,0.157761126969935,0.0248885731828239
46.311,0.608,24.32,0.434510224171571,0.188799134909629
46.311,0.453,18.12,0.212813904598271,0.0452897579903621
46.329,0.246,9.84,0.0820351544329818,0.00672976656284318
46.348,0.492,19.68,0.254683025258504,0.0648634433548238
46.349,0.155,6.2,0.0539510622515128,0.00291071711806661
46.369,0.505,20.2,0.270395836410884,0.0731139083483417
46.369,0.246,9.84,0.0820351544329818,0.00672976656284318
46.387,0.479,19.16,0.239883291901949,0.0575439937337157
46.404,0.621,24.84,0.461317574560379,0.212813904598271
46.404,0.414,16.56,0.177827941003892,0.0316227766016838
46.423,0.595,23.8,0.409260659730011,0.167494287602644
46.441,0.349,13.96,0.131825673855641,0.0173780082874937
46.441,0.569,22.76,0.363078054770101,0.131825673855641
46.459,0.66,26.4,0.552077439280757,0.304789498962798
46.477,0.544,21.76,0.323593656929628,0.10471285480509
46.477,0.647,25.88,0.519995996533516,0.270395836410884
46.496,0.699,27.96,0.660693448007596,0.436515832240166
46.496,0.634,25.36,0.489778819368446,0.239883291901949
46.513,0.699,27.96,0.660693448007596,0.436515832240166
46.531,0.712,28.48,0.701455298419971,0.492039535681451
46.531,0.673,26.92,0.586138164514029,0.343557947899875
46.551,0.699,27.96,0.660693448007596,0.436515832240166
46.569,0.699,27.96,0.660693448007596,0.436515832240166
46.569,0.699,27.96,0.660693448007596,0.436515832240166
46.588,0.712,28.48,0.701455298419971,0.492039535681451
46.607,0.673,26.92,0.586138164514029,0.343557947899875
46.607,0.712,28.48,0.701455298419971,0.492039535681451
46.624,0.686,27.44,0.62230028516916,0.387257644921617
46.643,0.582,23.28,0.385478357665772,0.148593564228701
46.643,0.686,27.44,0.62230028516916,0.387257644921617
46.66,0.621,24.84,0.461317574560379,0.212813904598271
46.678,0.479,19.16,0.239883291901949,0.0575439937337157
46.678,0.634,25.36,0.489778819368446,0.239883291901949
46.697,0.492,19.68,0.254683025258504,0.0648634433548238
46.714,0.233,9.32,0.0772680585095702,0.00597035286583837
46.715,0.531,21.24,0.304789498962798,0.0928966386779936
46.733,0.155,6.2,0.0539510622515128,0.00291071711806661
46.75,0.505,20.2,0.270395836410884,0.0731139083483417
46.75,0.285,11.4,0.0981747943019984,0.0096382902362397
46.768,0.453,18.12,0.212813904598271,0.0452897579903621
46.786,0.621,24.84,0.461317574560379,0.212813904598271
46.786,0.388,15.52,0.157761126969935,0.0248885731828239
46.804,0.595,23.8,0.409260659730011,0.167494287602644
46.824,0.298,11.92,0.10423174293933,0.0108642562361707
46.824,0.582,23.28,0.385478357665772,0.148593564228701
46.841,0.673,26.92,0.586138164514029,0.343557947899875
46.841,0.544,21.76,0.323593656929628,0.10471285480509
46.861,0.66,26.4,0.552077439280757,0.304789498962798
46.88,0.712,28.48,0.701455298419971,0.492039535681451
46.88,0.66,26.4,0.552077439280757,0.304789498962798
46.9,0.699,27.96,0.660693448007596,0.436515832240166
46.901,0.725,29,0.744731973905989,0.554625712957911
46.92,0.699,27.96,0.660693448007596,0.436515832240166
46.94,0.725,29,0.744731973905989,0.554625712957911
46.94,0.712,28.48,0.701455298419971,0.492039535681451
46.96,0.725,29,0.744731973905989,0.554625712957911
46.96,0.712,28.48,0.701455298419971,0.492039535681451
46.983,0.686,27.44,0.62230028516916,0.387257644921617
47.004,0.712,28.48,0.701455298419971,0.492039535681451
47.004,0.686,27.44,0.62230028516916,0.387257644921617
47.024,0.608,24.32,0.434510224171571,0.188799134909629
47.024,0.686,27.44,0.62230028516916,0.387257644921617
47.052,0.621,24.84,0.461317574560379,0.212813904598271
47.052,0.492,19.68,0.254683025258504,0.0648634433548238
47.074,0.647,25.88,0.519995996533516,0.270395836410884
47.074,0.505,20.2,0.270395836410884,0.0731139083483417
47.094,0.207,8.28,0.0685488226452661,0.00469894108605215
47.094,0.569,22.76,0.363078054770101,0.131825673855641
47.112,0.259,10.36,0.0870963589956081,0.00758577575029184
47.133,0.479,19.16,0.239883291901949,0.0575439937337157
47.133,0.336,13.44,0.124165230759241,0.0154170045294956
47.153,0.414,16.56,0.177827941003892,0.0316227766016838
47.153,0.621,24.84,0.461317574560379,0.212813904598271
47.173,0.362,14.48,0.139958732257262,0.0195884467350599
47.193,0.595,23.8,0.409260659730011,0.167494287602644
47.193,0.246,9.84,0.0820351544329818,0.00672976656284318
47.211,0.569,22.76,0.363078054770101,0.131825673855641
47.211,0.673,26.92,0.586138164514029,0.343557947899875
47.23,0.531,21.24,0.304789498962798,0.0928966386779936
47.25,0.647,25.88,0.519995996533516,0.270395836410884
47.25,0.712,28.48,0.701455298419971,0.492039535681451
47.268,0.634,25.36,0.489778819368446,0.239883291901949
47.289,0.712,28.48,0.701455298419971,0.492039535681451
47.289,0.725,29,0.744731973905989,0.554625712957911
47.309,0.686,27.44,0.62230028516916,0.387257644921617
47.309,0.725,29,0.744731973905989,0.554625712957911
47.328,0.712,28.48,0.701455298419971,0.492039535681451
47.348,0.712,28.48,0.701455298419971,0.492039535681451
47.348,0.699,27.96,0.660693448007596,0.436515832240166
47.371,0.686,27.44,0.62230028516916,0.387257644921617
47.371,0.712,28.48,0.701455298419971,0.492039535681451
47.392,0.686,27.44,0.62230028516916,0.387257644921617
47.392,0.608,24.32,0.434510224171571,0.188799134909629
47.415,0.699,27.96,0.660693448007596,0.436515832240166
47.415,0.634,25.36,0.489778819368446,0.239883291901949
47.438,0.492,19.68,0.254683025258504,0.0648634433548238
47.438,0.647,25.88,0.519995996533516,0.270395836410884
47.464,0.531,21.24,0.304789498962798,0.0928966386779936
47.464,0.349,13.96,0.131825673855641,0.0173780082874937
47.486,0.569,22.76,0.363078054770101,0.131825673855641
47.486,0.272,10.88,0.0924698173938222,0.00855066712884683
47.507,0.44,17.6,0.200447202736516,0.040179081084894
47.528,0.375,15,0.148593564228701,0.022080047330189
47.528,0.401,16.04,0.167494287602644,0.0280543363795171
47.547,0.569,22.76,0.363078054770101,0.131825673855641
47.547,0.311,12.44,0.110662378397767,0.0122461619926505
47.568,0.556,22.24,0.341979442513709,0.116949939101987
47.568,0.233,9.32,0.0772680585095702,0.00597035286583837
47.59,0.518,20.72,0.287078058202469,0.0824138115013002
47.609,0.634,25.36,0.489778819368446,0.239883291901949
47.609,0.479,19.16,0.239883291901949,0.0575439937337157
47.628,0.621,24.84,0.461317574560379,0.212813904598271
47.628,0.673,26.92,0.586138164514029,0.343557947899875
47.646,0.595,23.8,0.409260659730011,0.167494287602644
47.665,0.66,26.4,0.552077439280757,0.304789498962798
47.665,0.699,27.96,0.660693448007596,0.436515832240166
47.683,0.66,26.4,0.552077439280757,0.304789498962798
47.702,0.686,27.44,0.62230028516916,0.387257644921617
47.702,0.699,27.96,0.660693448007596,0.436515832240166
47.721,0.699,27.96,0.660693448007596,0.436515832240166
47.74,0.699,27.96,0.660693448007596,0.436515832240166
47.74,0.673,26.92,0.586138164514029,0.343557947899875
47.758,0.712,28.48,0.701455298419971,0.492039535681451
47.758,0.686,27.44,0.62230028516916,0.387257644921617
47.778,0.621,24.84,0.461317574560379,0.212813904598271
47.795,0.699,27.96,0.660693448007596,0.436515832240166
47.795,0.647,25.88,0.519995996533516,0.270395836410884
47.814,0.518,20.72,0.287078058202469,0.0824138115013002
47.833,0.647,25.88,0.519995996533516,0.270395836410884
47.833,0.544,21.76,0.323593656929628,0.10471285480509
47.852,0.272,10.88,0.0924698173938222,0.00855066712884683
47.873,0.569,22.76,0.363078054770101,0.131825673855641
47.873,0.336,13.44,0.124165230759241,0.0154170045294956
47.891,0.388,15.52,0.157761126969935,0.0248885731828239
47.891,0.388,15.52,0.157761126969935,0.0248885731828239
47.91,0.324,12.96,0.117489755493953,0.0138038426460288
47.929,0.544,21.76,0.323593656929628,0.10471285480509
47.929,0.246,9.84,0.0820351544329818,0.00672976656284318
47.947,0.492,19.68,0.254683025258504,0.0648634433548238
47.966,0.595,23.8,0.409260659730011,0.167494287602644
47.966,0.44,17.6,0.200447202736516,0.040179081084894
47.984,0.582,23.28,0.385478357665772,0.148593564228701
48.004,0.401,16.04,0.167494287602644,0.0280543363795171
48.004,0.556,22.24,0.341979442513709,0.116949939101987
48.021,0.634,25.36,0.489778819368446,0.239883291901949
48.021,0.544,21.76,0.323593656929628,0.10471285480509
48.04,0.634,25.36,0.489778819368446,0.239883291901949
48.059,0.673,26.92,0.586138164514029,0.343557947899875
48.059,0.621,24.84,0.461317574560379,0.212813904598271
48.077,0.66,26.4,0.552077439280757,0.304789498962798
48.096,0.66,26.4,0.552077439280757,0.304789498962798
48.096,0.673,26.92,0.586138164514029,0.343557947899875
48.114,0.673,26.92,0.586138164514029,0.343557947899875
48.132,0.647,25.88,0.519995996533516,0.270395836410884
48.133,0.673,26.92,0.586138164514029,0.343557947899875
48.151,0.634,25.36,0.489778819368446,0.239883291901949
48.169,0.582,23.28,0.385478357665772,0.148593564228701
48.169,0.66,26.4,0.552077439280757,0.304789498962798
48.188,0.595,23.8,0.409260659730011,0.167494287602644
48.188,0.492,19.68,0.254683025258504,0.0648634433548238
48.207,0.621,24.84,0.461317574560379,0.212813904598271
48.227,0.518,20.72,0.287078058202469,0.0824138115013002
48.227,0.259,10.36,0.0870963589956081,0.00758577575029184
48.244,0.544,21.76,0.323593656929628,0.10471285480509
48.263,0.336,13.44,0.124165230759241,0.0154170045294956
48.263,0.336,13.44,0.124165230759241,0.0154170045294956
48.28,0.401,16.04,0.167494287602644,0.0280543363795171
48.298,0.272,10.88,0.0924698173938222,0.00855066712884683
48.298,0.505,20.2,0.270395836410884,0.0731139083483417
48.316,0.168,6.72,0.0572796030985829,0.00328095293113119
48.335,0.479,19.16,0.239883291901949,0.0575439937337157
48.335,0.595,23.8,0.409260659730011,0.167494287602644
48.354,0.453,18.12,0.212813904598271,0.0452897579903621
48.354,0.582,23.28,0.385478357665772,0.148593564228701
48.373,0.388,15.52,0.157761126969935,0.0248885731828239
48.393,0.556,22.24,0.341979442513709,0.116949939101987
48.393,0.634,25.36,0.489778819368446,0.239883291901949
48.412,0.556,22.24,0.341979442513709,0.116949939101987
48.43,0.621,24.84,0.461317574560379,0.212813904598271
48.43,0.66,26.4,0.552077439280757,0.304789498962798
48.448,0.608,24.32,0.434510224171571,0.188799134909629
48.466,0.66,26.4,0.552077439280757,0.304789498962798
48.466,0.66,26.4,0.552077439280757,0.304789498962798
48.485,0.66,26.4,0.552077439280757,0.304789498962798
48.485,0.66,26.4,0.552077439280757,0.304789498962798
48.504,0.647,25.88,0.519995996533516,0.270395836410884
48.522,0.673,26.92,0.586138164514029,0.343557947899875
48.522,0.647,25.88,0.519995996533516,0.270395836410884
48.539,0.634,25.36,0.489778819368446,0.239883291901949
48.557,0.647,25.88,0.519995996533516,0.270395836410884
48.557,0.608,24.32,0.434510224171571,0.188799134909629
48.575,0.505,20.2,0.270395836410884,0.0731139083483417
48.595,0.621,24.84,0.461317574560379,0.212813904598271
48.595,0.531,21.24,0.304789498962798,0.0928966386779936
48.613,0.298,11.92,0.10423174293933,0.0108642562361707
48.63,0.556,22.24,0.341979442513709,0.116949939101987
48.63,0.362,14.48,0.139958732257262,0.0195884467350599
48.649,0.285,11.4,0.0981747943019984,0.0096382902362397
48.666,0.427,17.08,0.188799134909629,0.0356451133426244
48.666,0.207,8.28,0.0685488226452661,0.00469894108605215
48.685,0.492,19.68,0.254683025258504,0.0648634433548238
48.702,0.155,6.2,0.0539510622515128,0.00291071711806661
48.702,0.466,18.64,0.225943577022098,0.0510504999975407
48.721,0.595,23.8,0.409260659730011,0.167494287602644
48.738,0.427,17.08,0.188799134909629,0.0356451133426244
48.738,0.582,23.28,0.385478357665772,0.148593564228701
48.757,0.375,15,0.148593564228701,0.022080047330189
48.776,0.556,22.24,0.341979442513709,0.116949939101987
48.776,0.634,25.36,0.489778819368446,0.239883291901949
48.794,0.531,21.24,0.304789498962798,0.0928966386779936
48.812,0.621,24.84,0.461317574560379,0.212813904598271
48.812,0.66,26.4,0.552077439280757,0.304789498962798
48.829,0.608,24.32,0.434510224171571,0.188799134909629
48.848,0.66,26.4,0.552077439280757,0.304789498962798
48.848,0.66,26.4,0.552077439280757,0.304789498962798
48.866,0.647,25.88,0.519995996533516,0.270395836410884
48.884,0.673,26.92,0.586138164514029,0.343557947899875
48.884,0.647,25.88,0.519995996533516,0.270395836410884
48.902,0.66,26.4,0.552077439280757,0.304789498962798
48.904,0.647,25.88,0.519995996533516,0.270395836410884
48.921,0.595,23.8,0.409260659730011,0.167494287602644
48.938,0.647,25.88,0.519995996533516,0.270395836410884
48.938,0.608,24.32,0.434510224171571,0.188799134909629
48.956,0.505,20.2,0.270395836410884,0.0731139083483417
48.975,0.621,24.84,0.461317574560379,0.212813904598271
48.975,0.544,21.76,0.323593656929628,0.10471285480509
48.992,0.427,17.08,0.188799134909629,0.0356451133426244
49.011,0.569,22.76,0.363078054770101,0.131825673855641
49.011,0.401,16.04,0.167494287602644,0.0280543363795171
49.03,0.22,8.8,0.0727779804536824,0.00529663443891658
49.048,0.479,19.16,0.239883291901949,0.0575439937337157
49.048,0.168,6.72,0.0572796030985829,0.00328095293113119
49.067,0.479,19.16,0.239883291901949,0.0575439937337157
49.084,0.181,7.24,0.0608135001278718,0.00369828179780266
49.084,0.44,17.6,0.200447202736516,0.040179081084894
49.102,0.582,23.28,0.385478357665772,0.148593564228701
49.121,0.401,16.04,0.167494287602644,0.0280543363795171
49.121,0.569,22.76,0.363078054770101,0.131825673855641
49.139,0.336,13.44,0.124165230759241,0.0154170045294956
49.156,0.544,21.76,0.323593656929628,0.10471285480509
49.157,0.621,24.84,0.461317574560379,0.212813904598271
49.175,0.518,20.72,0.287078058202469,0.0824138115013002
49.192,0.621,24.84,0.461317574560379,0.212813904598271
49.192,0.66,26.4,0.552077439280757,0.304789498962798
49.21,0.608,24.32,0.434510224171571,0.188799134909629
49.229,0.647,25.88,0.519995996533516,0.270395836410884
49.229,0.66,26.4,0.552077439280757,0.304789498962798
49.248,0.647,25.88,0.519995996533516,0.270395836410884
49.248,0.673,26.92,0.586138164514029,0.343557947899875
49.266,0.647,25.88,0.519995996533516,0.270395836410884
49.286,0.66,26.4,0.552077439280757,0.304789498962798
49.286,0.647,25.88,0.519995996533516,0.270395836410884
49.305,0.608,24.32,0.434510224171571,0.188799134909629
49.326,0.66,26.4,0.552077439280757,0.304789498962798
49.326,0.621,24.84,0.461317574560379,0.212813904598271
49.345,0.531,21.24,0.304789498962798,0.0928966386779936
49.345,0.634,25.36,0.489778819368446,0.239883291901949
49.365,0.556,22.24,0.341979442513709,0.116949939101987
49.384,0.362,14.48,0.139958732257262,0.0195884467350599
49.384,0.582,23.28,0.385478357665772,0.148593564228701
49.404,0.427,17.08,0.188799134909629,0.0356451133426244
49.404,0.233,9.32,0.0772680585095702,0.00597035286583837
49.422,0.466,18.64,0.225943577022098,0.0510504999975407
49.441,0.246,9.84,0.0820351544329818,0.00672976656284318
49.441,0.466,18.64,0.225943577022098,0.0510504999975407
49.46,0.427,17.08,0.188799134909629,0.0356451133426244
49.477,0.414,16.56,0.177827941003892,0.0316227766016838
49.477,0.569,22.76,0.363078054770101,0.131825673855641
49.497,0.375,15,0.148593564228701,0.022080047330189
49.516,0.556,22.24,0.341979442513709,0.116949939101987
49.516,0.298,11.92,0.10423174293933,0.0108642562361707
49.535,0.531,21.24,0.304789498962798,0.0928966386779936
49.535,0.621,24.84,0.461317574560379,0.212813904598271
49.554,0.505,20.2,0.270395836410884,0.0731139083483417
49.573,0.608,24.32,0.434510224171571,0.188799134909629
49.574,0.66,26.4,0.552077439280757,0.304789498962798
49.593,0.621,24.84,0.461317574560379,0.212813904598271
49.593,0.647,25.88,0.519995996533516,0.270395836410884
49.612,0.673,26.92,0.586138164514029,0.343557947899875
49.63,0.647,25.88,0.519995996533516,0.270395836410884
49.63,0.66,26.4,0.552077439280757,0.304789498962798
49.649,0.647,25.88,0.519995996533516,0.270395836410884
49.667,0.66,26.4,0.552077439280757,0.304789498962798
49.667,0.66,26.4,0.552077439280757,0.304789498962798
49.685,0.621,24.84,0.461317574560379,0.212813904598271
49.703,0.66,26.4,0.552077439280757,0.304789498962798
49.703,0.634,25.36,0.489778819368446,0.239883291901949
49.722,0.544,21.76,0.323593656929628,0.10471285480509
49.738,0.621,24.84,0.461317574560379,0.212813904598271
49.738,0.556,22.24,0.341979442513709,0.116949939101987
49.756,0.414,16.56,0.177827941003892,0.0316227766016838
49.775,0.582,23.28,0.385478357665772,0.148593564228701
49.775,0.44,17.6,0.200447202736516,0.040179081084894
49.792,0.155,6.2,0.0539510622515128,0.00291071711806661
49.811,0.479,19.16,0.239883291901949,0.0575439937337157
49.811,0.194,7.76,0.0645654229034656,0.00416869383470336
49.828,0.427,17.08,0.188799134909629,0.0356451133426244
49.846,0.259,10.36,0.0870963589956081,0.00758577575029184
49.846,0.401,16.04,0.167494287602644,0.0280543363795171
49.865,0.569,22.76,0.363078054770101,0.131825673855641
49.883,0.336,13.44,0.124165230759241,0.0154170045294956
49.883,0.544,21.76,0.323593656929628,0.10471285480509
49.901,0.272,10.88,0.0924698173938222,0.00855066712884683
49.92,0.518,20.72,0.287078058202469,0.0824138115013002
49.92,0.621,24.84,0.461317574560379,0.212813904598271
49.937,0.492,19.68,0.254683025258504,0.0648634433548238
49.955,0.608,24.32,0.434510224171571,0.188799134909629
49.955,0.647,25.88,0.519995996533516,0.270395836410884
49.973,0.595,23.8,0.409260659730011,0.167494287602644
49.973,0.647,25.88,0.519995996533516,0.270395836410884
49.992,0.673,26.92,0.586138164514029,0.343557947899875
50.011,0.634,25.36,0.489778819368446,0.239883291901949
50.011,0.673,26.92,0.586138164514029,0.343557947899875
50.03,0.66,26.4,0.552077439280757,0.304789498962798
50.048,0.66,26.4,0.552077439280757,0.304789498962798
50.048,0.66,26.4,0.552077439280757,0.304789498962798
50.067,0.634,25.36,0.489778819368446,0.239883291901949
50.087,0.66,26.4,0.552077439280757,0.304789498962798
50.087,0.634,25.36,0.489778819368446,0.239883291901949
50.104,0.544,21.76,0.323593656929628,0.10471285480509
50.104,0.634,25.36,0.489778819368446,0.239883291901949
50.123,0.569,22.76,0.363078054770101,0.131825673855641
50.141,0.414,16.56,0.177827941003892,0.0316227766016838
50.141,0.595,23.8,0.409260659730011,0.167494287602644
50.159,0.466,18.64,0.225943577022098,0.0510504999975407
50.176,0.155,6.2,0.0539510622515128,0.00291071711806661
50.176,0.492,19.68,0.254683025258504,0.0648634433548238
50.195,0.207,8.28,0.0685488226452661,0.00469894108605215
50.213,0.414,16.56,0.177827941003892,0.0316227766016838
50.213,0.298,11.92,0.10423174293933,0.0108642562361707
50.231,0.375,15,0.148593564228701,0.022080047330189
50.249,0.556,22.24,0.341979442513709,0.116949939101987
50.249,0.285,11.4,0.0981747943019984,0.0096382902362397
50.266,0.531,21.24,0.304789498962798,0.0928966386779936
50.283,0.233,9.32,0.0772680585095702,0.00597035286583837
50.283,0.505,20.2,0.270395836410884,0.0731139083483417
50.302,0.608,24.32,0.434510224171571,0.188799134909629
50.32,0.479,19.16,0.239883291901949,0.0575439937337157
50.32,0.595,23.8,0.409260659730011,0.167494287602644
50.337,0.647,25.88,0.519995996533516,0.270395836410884
50.355,0.582,23.28,0.385478357665772,0.148593564228701
50.356,0.634,25.36,0.489778819368446,0.239883291901949
50.374,0.647,25.88,0.519995996533516,0.270395836410884
50.391,0.634,25.36,0.489778819368446,0.239883291901949
50.391,0.66,26.4,0.552077439280757,0.304789498962798
50.413,0.647,25.88,0.519995996533516,0.270395836410884
50.431,0.66,26.4,0.552077439280757,0.304789498962798
50.431,0.66,26.4,0.552077439280757,0.304789498962798
50.448,0.634,25.36,0.489778819368446,0.239883291901949
50.465,0.66,26.4,0.552077439280757,0.304789498962798
50.465,0.634,25.36,0.489778819368446,0.239883291901949
50.482,0.569,22.76,0.363078054770101,0.131825673855641
50.5,0.647,25.88,0.519995996533516,0.270395836410884
50.5,0.595,23.8,0.409260659730011,0.167494287602644
50.518,0.453,18.12,0.212813904598271,0.0452897579903621
50.536,0.595,23.8,0.409260659730011,0.167494287602644
50.536,0.492,19.68,0.254683025258504,0.0648634433548238
50.555,0.181,7.24,0.0608135001278718,0.00369828179780266
50.572,0.518,20.72,0.287078058202469,0.0824138115013002
50.572,0.336,13.44,0.124165230759241,0.0154170045294956
50.589,0.388,15.52,0.157761126969935,0.0248885731828239
50.608,0.336,13.44,0.124165230759241,0.0154170045294956
50.608,0.324,12.96,0.117489755493953,0.0138038426460288
50.626,0.544,21.76,0.323593656929628,0.10471285480509
50.644,0.233,9.32,0.0772680585095702,0.00597035286583837
50.644,0.518,20.72,0.287078058202469,0.0824138115013002
50.662,0.207,8.28,0.0685488226452661,0.00469894108605215
50.68,0.479,19.16,0.239883291901949,0.0575439937337157
50.68,0.595,23.8,0.409260659730011,0.167494287602644
50.697,0.44,17.6,0.200447202736516,0.040179081084894
50.716,0.582,23.28,0.385478357665772,0.148593564228701
50.716,0.647,25.88,0.519995996533516,0.270395836410884
50.734,0.556,22.24,0.341979442513709,0.116949939101987
50.751,0.634,25.36,0.489778819368446,0.239883291901949
50.751,0.66,26.4,0.552077439280757,0.304789498962798
50.769,0.621,24.84,0.461317574560379,0.212813904598271
50.788,0.66,26.4,0.552077439280757,0.304789498962798
50.788,0.647,25.88,0.519995996533516,0.270395836410884
50.806,0.647,25.88,0.519995996533516,0.270395836410884
50.823,0.66,26.4,0.552077439280757,0.304789498962798
50.823,0.621,24.84,0.461317574560379,0.212813904598271
50.841,0.66,26.4,0.552077439280757,0.304789498962798
50.858,0.647,25.88,0.519995996533516,0.270395836410884
50.858,0.569,22.76,0.363078054770101,0.131825673855641
50.875,0.647,25.88,0.519995996533516,0.270395836410884
50.893,0.595,23.8,0.409260659730011,0.167494287602644
50.893,0.466,18.64,0.225943577022098,0.0510504999975407
50.91,0.595,23.8,0.409260659730011,0.167494287602644
50.928,0.492,19.68,0.254683025258504,0.0648634433548238
50.928,0.194,7.76,0.0645654229034656,0.00416869383470336
50.947,0.531,21.24,0.304789498962798,0.0928966386779936
50.965,0.285,11.4,0.0981747943019984,0.0096382902362397
50.965,0.349,13.96,0.131825673855641,0.0173780082874937
50.983,0.362,14.48,0.139958732257262,0.0195884467350599
51,0.466,18.64,0.225943577022098,0.0510504999975407
51.001,0.531,21.24,0.304789498962798,0.0928966386779936
51.017,0.207,8.28,0.0685488226452661,0.00469894108605215
51.036,0.492,19.68,0.254683025258504,0.0648634433548238
51.036,0.194,7.76,0.0645654229034656,0.00416869383470336
51.053,0.453,18.12,0.212813904598271,0.0452897579903621
51.071,0.582,23.28,0.385478357665772,0.148593564228701
51.071,0.427,17.08,0.188799134909629,0.0356451133426244
51.089,0.582,23.28,0.385478357665772,0.148593564228701
51.106,0.647,25.88,0.519995996533516,0.270395836410884
51.106,0.556,22.24,0.341979442513709,0.116949939101987
51.123,0.634,25.36,0.489778819368446,0.239883291901949
51.141,0.66,26.4,0.552077439280757,0.304789498962798
51.141,0.621,24.84,0.461317574560379,0.212813904598271
51.159,0.66,26.4,0.552077439280757,0.304789498962798
51.176,0.66,26.4,0.552077439280757,0.304789498962798
51.176,0.647,25.88,0.519995996533516,0.270395836410884
51.194,0.66,26.4,0.552077439280757,0.304789498962798
51.211,0.634,25.36,0.489778819368446,0.239883291901949
51.23,0.66,26.4,0.552077439280757,0.304789498962798
51.23,0.634,25.36,0.489778819368446,0.239883291901949
51.247,0.595,23.8,0.409260659730011,0.167494287602644
51.264,0.647,25.88,0.519995996533516,0.270395836410884
51.264,0.595,23.8,0.409260659730011,0.167494287602644
51.282,0.492,19.68,0.254683025258504,0.0648634433548238
51.3,0.608,24.32,0.434510224171571,0.188799134909629
51.3,0.518,20.72,0.287078058202469,0.0824138115013002
51.318,0.246,9.84,0.0820351544329818,0.00672976656284318
51.336,0.544,21.76,0.323593656929628,0.10471285480509
51.336,0.336,13.44,0.124165230759241,0.0154170045294956
51.354,0.324,12.96,0.117489755493953,0.0138038426460288
51.372,0.401,16.04,0.167494287602644,0.0280543363795171
51.372,0.246,9.84,0.0820351544329818,0.00672976656284318
51.391,0.505,20.2,0.270395836410884,0.0731139083483417
51.391,0.168,6.72,0.0572796030985829,0.00328095293113119
51.409,0.492,19.68,0.254683025258504,0.0648634433548238
51.428,0.595,23.8,0.409260659730011,0.167494287602644
51.428,0.44,17.6,0.200447202736516,0.040179081084894
51.446,0.582,23.28,0.385478357665772,0.148593564228701
51.466,0.388,15.52,0.157761126969935,0.0248885731828239
51.466,0.556,22.24,0.341979442513709,0.116949939101987
51.485,0.634,25.36,0.489778819368446,0.239883291901949
51.504,0.544,21.76,0.323593656929628,0.10471285480509
51.505,0.634,25.36,0.489778819368446,0.239883291901949
51.524,0.66,26.4,0.552077439280757,0.304789498962798
51.524,0.608,24.32,0.434510224171571,0.188799134909629
51.544,0.66,26.4,0.552077439280757,0.304789498962798
51.563,0.66,26.4,0.552077439280757,0.304789498962798
51.563,0.66,26.4,0.552077439280757,0.304789498962798
51.583,0.66,26.4,0.552077439280757,0.304789498962798
51.583,0.634,25.36,0.489778819368446,0.239883291901949
51.605,0.673,26.92,0.586138164514029,0.343557947899875
51.605,0.647,25.88,0.519995996533516,0.270395836410884
51.627,0.608,24.32,0.434510224171571,0.188799134909629
51.647,0.647,25.88,0.519995996533516,0.270395836410884
51.647,0.608,24.32,0.434510224171571,0.188799134909629
51.668,0.505,20.2,0.270395836410884,0.0731139083483417
51.668,0.621,24.84,0.461317574560379,0.212813904598271
51.687,0.531,21.24,0.304789498962798,0.0928966386779936
51.706,0.298,11.92,0.10423174293933,0.0108642562361707
51.706,0.556,22.24,0.341979442513709,0.116949939101987
51.73,0.388,15.52,0.157761126969935,0.0248885731828239
51.73,0.285,11.4,0.0981747943019984,0.0096382902362397
51.751,0.414,16.56,0.177827941003892,0.0316227766016838
51.751,0.22,8.8,0.0727779804536824,0.00529663443891658
51.771,0.492,19.68,0.254683025258504,0.0648634433548238
51.793,0.168,6.72,0.0572796030985829,0.00328095293113119
51.793,0.453,18.12,0.212813904598271,0.0452897579903621
51.812,0.595,23.8,0.409260659730011,0.167494287602644
51.812,0.427,17.08,0.188799134909629,0.0356451133426244
51.833,0.569,22.76,0.363078054770101,0.131825673855641
51.833,0.375,15,0.148593564228701,0.022080047330189
51.854,0.544,21.76,0.323593656929628,0.10471285480509
51.874,0.621,24.84,0.461317574560379,0.212813904598271
51.874,0.518,20.72,0.287078058202469,0.0824138115013002
51.894,0.621,24.84,0.461317574560379,0.212813904598271
51.894,0.647,25.88,0.519995996533516,0.270395836410884
51.914,0.621,24.84,0.461317574560379,0.212813904598271
51.915,0.647,25.88,0.519995996533516,0.270395836410884
51.934,0.673,26.92,0.586138164514029,0.343557947899875
51.952,0.647,25.88,0.519995996533516,0.270395836410884
51.952,0.66,26.4,0.552077439280757,0.304789498962798
51.97,0.647,25.88,0.519995996533516,0.270395836410884
51.987,0.66,26.4,0.552077439280757,0.304789498962798
51.987,0.66,26.4,0.552077439280757,0.304789498962798
52.005,0.608,24.32,0.434510224171571,0.188799134909629
52.022,0.66,26.4,0.552077439280757,0.304789498962798
52.022,0.608,24.32,0.434510224171571,0.188799134909629
52.042,0.505,20.2,0.270395836410884,0.0731139083483417
52.06,0.634,25.36,0.489778819368446,0.239883291901949
52.06,0.544,21.76,0.323593656929628,0.10471285480509
52.078,0.324,12.96,0.117489755493953,0.0138038426460288
52.095,0.569,22.76,0.363078054770101,0.131825673855641
52.095,0.401,16.04,0.167494287602644,0.0280543363795171
52.112,0.246,9.84,0.0820351544329818,0.00672976656284318
52.13,0.44,17.6,0.200447202736516,0.040179081084894
52.131,0.168,6.72,0.0572796030985829,0.00328095293113119
52.148,0.479,19.16,0.239883291901949,0.0575439937337157
52.166,0.233,9.32,0.0772680585095702,0.00597035286583837
52.166,0.44,17.6,0.200447202736516,0.040179081084894
52.183,0.595,23.8,0.409260659730011,0.167494287602644
52.202,0.388,15.52,0.157761126969935,0.0248885731828239
52.202,0.556,22.24,0.341979442513709,0.116949939101987
52.219,0.298,11.92,0.10423174293933,0.0108642562361707
52.237,0.556,22.24,0.341979442513709,0.116949939101987
52.237,0.621,24.84,0.461317574560379,0.212813904598271
52.255,0.518,20.72,0.287078058202469,0.0824138115013002
52.273,0.608,24.32,0.434510224171571,0.188799134909629
52.273,0.647,25.88,0.519995996533516,0.270395836410884
52.291,0.608,24.32,0.434510224171571,0.188799134909629
52.308,0.634,25.36,0.489778819368446,0.239883291901949
52.308,0.66,26.4,0.552077439280757,0.304789498962798
52.326,0.647,25.88,0.519995996533516,0.270395836410884
52.343,0.673,26.92,0.586138164514029,0.343557947899875
52.361,0.647,25.88,0.519995996533516,0.270395836410884
52.361,0.66,26.4,0.552077439280757,0.304789498962798
52.378,0.647,25.88,0.519995996533516,0.270395836410884
52.395,0.608,24.32,0.434510224171571,0.188799134909629
52.395,0.66,26.4,0.552077439280757,0.304789498962798
52.414,0.621,24.84,0.461317574560379,0.212813904598271
52.434,0.531,21.24,0.304789498962798,0.0928966386779936
52.434,0.634,25.36,0.489778819368446,0.239883291901949
52.451,0.544,21.76,0.323593656929628,0.10471285480509
52.451,0.388,15.52,0.157761126969935,0.0248885731828239
52.468,0.582,23.28,0.385478357665772,0.148593564228701
52.487,0.44,17.6,0.200447202736516,0.040179081084894
52.487,0.44,17.6,0.200447202736516,0.040179081084894
52.505,0.466,18.64,0.225943577022098,0.0510504999975407
52.523,0.194,7.76,0.0645654229034656,0.00416869383470336
52.523,0.453,18.12,0.212813904598271,0.0452897579903621
52.541,0.246,9.84,0.0820351544329818,0.00672976656284318
52.558,0.414,16.56,0.177827941003892,0.0316227766016838
52.558,0.556,22.24,0.341979442513709,0.116949939101987
52.576,0.349,13.96,0.131825673855641,0.0173780082874937
52.595,0.556,22.24,0.341979442513709,0.116949939101987
52.595,0.388,15.52,0.157761126969935,0.0248885731828239
52.613,0.518,20.72,0.287078058202469,0.0824138115013002
52.632,0.621,24.84,0.461317574560379,0.212813904598271
52.632,0.492,19.68,0.254683025258504,0.0648634433548238
52.651,0.595,23.8,0.409260659730011,0.167494287602644
52.668,0.647,25.88,0.519995996533516,0.270395836410884
52.669,0.595,23.8,0.409260659730011,0.167494287602644
52.687,0.647,25.88,0.519995996533516,0.270395836410884
52.705,0.66,26.4,0.552077439280757,0.304789498962798
52.705,0.647,25.88,0.519995996533516,0.270395836410884
52.725,0.673,26.92,0.586138164514029,0.343557947899875
52.725,0.647,25.88,0.519995996533516,0.270395836410884
52.744,0.66,26.4,0.552077439280757,0.304789498962798
52.761,0.66,26.4,0.552077439280757,0.304789498962798
52.761,0.621,24.84,0.461317574560379,0.212813904598271
52.779,0.673,26.92,0.586138164514029,0.343557947899875
52.798,0.621,24.84,0.461317574560379,0.212813904598271
52.798,0.544,21.76,0.323593656929628,0.10471285480509
52.814,0.634,25.36,0.489778819368446,0.239883291901949
52.834,0.569,22.76,0.363078054770101,0.131825673855641
52.834,0.388,15.52,0.157761126969935,0.0248885731828239
52.852,0.582,23.28,0.385478357665772,0.148593564228701
52.87,0.44,17.6,0.200447202736516,0.040179081084894
52.87,0.22,8.8,0.0727779804536824,0.00529663443891658
52.887,0.479,19.16,0.239883291901949,0.0575439937337157
52.905,0.311,12.44,0.110662378397767,0.0122461619926505
52.905,0.44,17.6,0.200447202736516,0.040179081084894
52.924,0.233,9.32,0.0772680585095702,0.00597035286583837
52.942,0.388,15.52,0.157761126969935,0.0248885731828239
52.942,0.556,22.24,0.341979442513709,0.116949939101987
52.96,0.324,12.96,0.117489755493953,0.0138038426460288
52.978,0.544,21.76,0.323593656929628,0.10471285480509
52.978,0.259,10.36,0.0870963589956081,0.00758577575029184
52.999,0.505,20.2,0.270395836410884,0.0731139083483417
52.999,0.608,24.32,0.434510224171571,0.188799134909629
53.018,0.492,19.68,0.254683025258504,0.0648634433548238
53.036,0.608,24.32,0.434510224171571,0.188799134909629
53.036,0.634,25.36,0.489778819368446,0.239883291901949
53.054,0.595,23.8,0.409260659730011,0.167494287602644
53.073,0.647,25.88,0.519995996533516,0.270395836410884
53.073,0.673,26.92,0.586138164514029,0.343557947899875
53.091,0.634,25.36,0.489778819368446,0.239883291901949
53.11,0.66,26.4,0.552077439280757,0.304789498962798
53.11,0.647,25.88,0.519995996533516,0.270395836410884
53.128,0.647,25.88,0.519995996533516,0.270395836410884
53.146,0.66,26.4,0.552077439280757,0.304789498962798
53.146,0.634,25.36,0.489778819368446,0.239883291901949
53.164,0.66,26.4,0.552077439280757,0.304789498962798
53.181,0.634,25.36,0.489778819368446,0.239883291901949
53.181,0.556,22.24,0.341979442513709,0.116949939101987
53.198,0.634,25.36,0.489778819368446,0.239883291901949
53.218,0.595,23.8,0.409260659730011,0.167494287602644
53.218,0.44,17.6,0.200447202736516,0.040179081084894
53.235,0.595,23.8,0.409260659730011,0.167494287602644
53.255,0.479,19.16,0.239883291901949,0.0575439937337157
53.255,0.194,7.76,0.0645654229034656,0.00416869383470336
53.272,0.518,20.72,0.287078058202469,0.0824138115013002
53.272,0.22,8.8,0.0727779804536824,0.00529663443891658
53.29,0.414,16.56,0.177827941003892,0.0316227766016838
53.307,0.298,11.92,0.10423174293933,0.0108642562361707
53.325,0.362,14.48,0.139958732257262,0.0195884467350599
53.325,0.556,22.24,0.341979442513709,0.116949939101987
53.344,0.336,13.44,0.124165230759241,0.0154170045294956
53.344,0.531,21.24,0.304789498962798,0.0928966386779936
53.362,0.246,9.84,0.0820351544329818,0.00672976656284318
53.379,0.492,19.68,0.254683025258504,0.0648634433548238
53.379,0.608,24.32,0.434510224171571,0.188799134909629
53.398,0.466,18.64,0.225943577022098,0.0510504999975407
53.417,0.595,23.8,0.409260659730011,0.167494287602644
53.417,0.647,25.88,0.519995996533516,0.270395836410884
53.435,0.569,22.76,0.363078054770101,0.131825673855641
53.454,0.647,25.88,0.519995996533516,0.270395836410884
53.454,0.673,26.92,0.586138164514029,0.343557947899875
53.472,0.634,25.36,0.489778819368446,0.239883291901949
53.491,0.66,26.4,0.552077439280757,0.304789498962798
53.491,0.66,26.4,0.552077439280757,0.304789498962798
53.508,0.66,26.4,0.552077439280757,0.304789498962798
53.527,0.66,26.4,0.552077439280757,0.304789498962798
53.527,0.621,24.84,0.461317574560379,0.212813904598271
53.546,0.66,26.4,0.552077439280757,0.304789498962798
53.564,0.634,25.36,0.489778819368446,0.239883291901949
53.564,0.556,22.24,0.341979442513709,0.116949939101987
53.584,0.647,25.88,0.519995996533516,0.270395836410884
53.584,0.569,22.76,0.363078054770101,0.131825673855641
53.602,0.44,17.6,0.200447202736516,0.040179081084894
53.62,0.595,23.8,0.409260659730011,0.167494287602644
53.62,0.479,19.16,0.239883291901949,0.0575439937337157
53.637,0.207,8.28,0.0685488226452661,0.00469894108605215
53.655,0.518,20.72,0.287078058202469,0.0824138115013002
53.655,0.259,10.36,0.0870963589956081,0.00758577575029184
53.674,0.388,15.52,0.157761126969935,0.0248885731828239
53.692,0.336,13.44,0.124165230759241,0.0154170045294956
53.692,0.324,12.96,0.117489755493953,0.0138038426460288
53.71,0.544,21.76,0.323593656929628,0.10471285480509
53.727,0.259,10.36,0.0870963589956081,0.00758577575029184
53.727,0.505,20.2,0.270395836410884,0.0731139083483417
53.745,0.336,13.44,0.124165230759241,0.0154170045294956
53.763,0.479,19.16,0.239883291901949,0.0575439937337157
53.763,0.595,23.8,0.409260659730011,0.167494287602644
53.78,0.44,17.6,0.200447202736516,0.040179081084894
53.798,0.569,22.76,0.363078054770101,0.131825673855641
53.798,0.647,25.88,0.519995996533516,0.270395836410884
53.816,0.569,22.76,0.363078054770101,0.131825673855641
53.833,0.634,25.36,0.489778819368446,0.239883291901949
53.833,0.66,26.4,0.552077439280757,0.304789498962798
53.852,0.621,24.84,0.461317574560379,0.212813904598271
53.868,0.66,26.4,0.552077439280757,0.304789498962798
53.868,0.66,26.4,0.552077439280757,0.304789498962798
53.886,0.647,25.88,0.519995996533516,0.270395836410884
53.904,0.66,26.4,0.552077439280757,0.304789498962798
53.904,0.634,25.36,0.489778819368446,0.239883291901949
53.922,0.66,26.4,0.552077439280757,0.304789498962798
53.94,0.647,25.88,0.519995996533516,0.270395836410884
53.94,0.582,23.28,0.385478357665772,0.148593564228701
53.957,0.647,25.88,0.519995996533516,0.270395836410884
53.975,0.595,23.8,0.409260659730011,0.167494287602644
53.975,0.466,18.64,0.225943577022098,0.0510504999975407
53.993,0.608,24.32,0.434510224171571,0.188799134909629
54.011,0.505,20.2,0.270395836410884,0.0731139083483417
54.011,0.194,7.76,0.0645654229034656,0.00416869383470336
54.029,0.531,21.24,0.304789498962798,0.0928966386779936
54.049,0.311,12.44,0.110662378397767,0.0122461619926505
54.049,0.362,14.48,0.139958732257262,0.0195884467350599
54.067,0.375,15,0.148593564228701,0.022080047330189
54.085,0.285,11.4,0.0981747943019984,0.0096382902362397
54.085,0.518,20.72,0.287078058202469,0.0824138115013002
54.104,0.22,8.8,0.0727779804536824,0.00529663443891658
54.121,0.492,19.68,0.254683025258504,0.0648634433548238
54.122,0.608,24.32,0.434510224171571,0.188799134909629
54.14,0.466,18.64,0.225943577022098,0.0510504999975407
54.158,0.595,23.8,0.409260659730011,0.167494287602644
54.158,0.427,17.08,0.188799134909629,0.0356451133426244
54.177,0.569,22.76,0.363078054770101,0.131825673855641
54.194,0.634,25.36,0.489778819368446,0.239883291901949
54.194,0.556,22.24,0.341979442513709,0.116949939101987
54.211,0.621,24.84,0.461317574560379,0.212813904598271
54.23,0.647,25.88,0.519995996533516,0.270395836410884
54.23,0.621,24.84,0.461317574560379,0.212813904598271
54.248,0.66,26.4,0.552077439280757,0.304789498962798
54.266,0.66,26.4,0.552077439280757,0.304789498962798
54.266,0.647,25.88,0.519995996533516,0.270395836410884
54.284,0.647,25.88,0.519995996533516,0.270395836410884
54.301,0.634,25.36,0.489778819368446,0.239883291901949
54.301,0.673,26.92,0.586138164514029,0.343557947899875
54.319,0.647,25.88,0.519995996533516,0.270395836410884
54.336,0.582,23.28,0.385478357665772,0.148593564228701
54.336,0.634,25.36,0.489778819368446,0.239883291901949
54.354,0.595,23.8,0.409260659730011,0.167494287602644
54.371,0.544,21.76,0.323593656929628,0.10471285480509
54.371,0.608,24.32,0.434510224171571,0.188799134909629
54.389,0.518,20.72,0.287078058202469,0.0824138115013002
54.408,0.272,10.88,0.0924698173938222,0.00855066712884683
54.408,0.544,21.76,0.323593656929628,0.10471285480509
54.426,0.336,13.44,0.124165230759241,0.0154170045294956
54.443,0.324,12.96,0.117489755493953,0.0138038426460288
54.443,0.401,16.04,0.167494287602644,0.0280543363795171
54.462,0.259,10.36,0.0870963589956081,0.00758577575029184
54.479,0.582,23.28,0.385478357665772,0.148593564228701
54.479,0.207,8.28,0.0685488226452661,0.00469894108605215
54.497,0.466,18.64,0.225943577022098,0.0510504999975407
54.515,0.595,23.8,0.409260659730011,0.167494287602644
54.515,0.427,17.08,0.188799134909629,0.0356451133426244
54.532,0.569,22.76,0.363078054770101,0.131825673855641
54.549,0.388,15.52,0.157761126969935,0.0248885731828239
54.55,0.556,22.24,0.341979442513709,0.116949939101987
54.567,0.634,25.36,0.489778819368446,0.239883291901949
54.585,0.544,21.76,0.323593656929628,0.10471285480509
54.585,0.621,24.84,0.461317574560379,0.212813904598271
54.602,0.66,26.4,0.552077439280757,0.304789498962798
54.62,0.608,24.32,0.434510224171571,0.188799134909629
54.62,0.66,26.4,0.552077439280757,0.304789498962798
54.639,0.66,26.4,0.552077439280757,0.304789498962798
54.657,0.647,25.88,0.519995996533516,0.270395836410884
54.657,0.66,26.4,0.552077439280757,0.304789498962798
54.675,0.634,25.36,0.489778819368446,0.239883291901949
54.695,0.673,26.92,0.586138164514029,0.343557947899875
54.695,0.634,25.36,0.489778819368446,0.239883291901949
54.715,0.595,23.8,0.409260659730011,0.167494287602644
54.715,0.66,26.4,0.552077439280757,0.304789498962798
54.735,0.608,24.32,0.434510224171571,0.188799134909629
54.756,0.505,20.2,0.270395836410884,0.0731139083483417
54.756,0.621,24.84,0.461317574560379,0.212813904598271
54.778,0.531,21.24,0.304789498962798,0.0928966386779936
54.778,0.298,11.92,0.10423174293933,0.0108642562361707
54.799,0.556,22.24,0.341979442513709,0.116949939101987
54.799,0.375,15,0.148593564228701,0.022080047330189
54.817,0.272,10.88,0.0924698173938222,0.00855066712884683
54.835,0.44,17.6,0.200447202736516,0.040179081084894
54.835,0.22,8.8,0.0727779804536824,0.00529663443891658
54.853,0.505,20.2,0.270395836410884,0.0731139083483417
54.871,0.168,6.72,0.0572796030985829,0.00328095293113119
54.871,0.621,24.84,0.461317574560379,0.212813904598271
54.889,0.595,23.8,0.409260659730011,0.167494287602644
54.907,0.414,16.56,0.177827941003892,0.0316227766016838
54.907,0.569,22.76,0.363078054770101,0.131825673855641
54.926,0.362,14.48,0.139958732257262,0.0195884467350599
54.947,0.556,22.24,0.341979442513709,0.116949939101987
54.947,0.621,24.84,0.461317574560379,0.212813904598271
54.967,0.531,21.24,0.304789498962798,0.0928966386779936
54.967,0.634,25.36,0.489778819368446,0.239883291901949
54.988,0.66,26.4,0.552077439280757,0.304789498962798
54.988,0.608,24.32,0.434510224171571,0.188799134909629
55.007,0.647,25.88,0.519995996533516,0.270395836410884
55.026,0.66,26.4,0.552077439280757,0.304789498962798
55.026,0.66,26.4,0.552077439280757,0.304789498962798
55.046,0.66,26.4,0.552077439280757,0.304789498962798
55.065,0.647,25.88,0.519995996533516,0.270395836410884
55.065,0.66,26.4,0.552077439280757,0.304789498962798
55.085,0.66,26.4,0.552077439280757,0.304789498962798
55.085,0.608,24.32,0.434510224171571,0.188799134909629
55.104,0.66,26.4,0.552077439280757,0.304789498962798
55.122,0.608,24.32,0.434510224171571,0.188799134909629
55.122,0.531,21.24,0.304789498962798,0.0928966386779936
55.14,0.621,24.84,0.461317574560379,0.212813904598271
55.158,0.556,22.24,0.341979442513709,0.116949939101987
55.158,0.336,13.44,0.124165230759241,0.0154170045294956
55.175,0.556,22.24,0.341979442513709,0.116949939101987
55.193,0.505,20.2,0.270395836410884,0.0731139083483417
55.193,0.22,8.8,0.0727779804536824,0.00529663443891658
55.211,0.453,18.12,0.212813904598271,0.0452897579903621
55.229,0.194,7.76,0.0645654229034656,0.00416869383470336
55.229,0.466,18.64,0.225943577022098,0.0510504999975407
55.246,0.168,6.72,0.0572796030985829,0.00328095293113119
55.265,0.427,17.08,0.188799134909629,0.0356451133426244
55.265,0.582,23.28,0.385478357665772,0.148593564228701
55.283,0.388,15.52,0.157761126969935,0.0248885731828239
55.3,0.569,22.76,0.363078054770101,0.131825673855641
55.3,0.311,12.44,0.110662378397767,0.0122461619926505
55.319,0.544,21.76,0.323593656929628,0.10471285480509
55.338,0.608,24.32,0.434510224171571,0.188799134909629
55.338,0.505,20.2,0.270395836410884,0.0731139083483417
55.356,0.608,24.32,0.434510224171571,0.188799134909629
55.356,0.66,26.4,0.552077439280757,0.304789498962798
55.376,0.595,23.8,0.409260659730011,0.167494287602644
55.396,0.66,26.4,0.552077439280757,0.304789498962798
55.396,0.673,26.92,0.586138164514029,0.343557947899875
55.414,0.647,25.88,0.519995996533516,0.270395836410884
55.433,0.66,26.4,0.552077439280757,0.304789498962798
55.433,0.66,26.4,0.552077439280757,0.304789498962798
55.451,0.66,26.4,0.552077439280757,0.304789498962798
55.473,0.647,25.88,0.519995996533516,0.270395836410884
55.473,0.608,24.32,0.434510224171571,0.188799134909629
55.493,0.66,26.4,0.552077439280757,0.304789498962798
55.493,0.634,25.36,0.489778819368446,0.239883291901949
55.51,0.531,21.24,0.304789498962798,0.0928966386779936
55.528,0.621,24.84,0.461317574560379,0.212813904598271
55.528,0.556,22.24,0.341979442513709,0.116949939101987
55.546,0.375,15,0.148593564228701,0.022080047330189
55.564,0.582,23.28,0.385478357665772,0.148593564228701
55.564,0.44,17.6,0.200447202736516,0.040179081084894
55.581,0.181,7.24,0.0608135001278718,0.00369828179780266
55.599,0.479,19.16,0.239883291901949,0.0575439937337157
55.6,0.168,6.72,0.0572796030985829,0.00328095293113119
55.617,0.466,18.64,0.225943577022098,0.0510504999975407
55.635,0.233,9.32,0.0772680585095702,0.00597035286583837
55.635,0.414,16.56,0.177827941003892,0.0316227766016838
55.653,0.582,23.28,0.385478357665772,0.148593564228701
55.671,0.349,13.96,0.131825673855641,0.0173780082874937
55.672,0.556,22.24,0.341979442513709,0.116949939101987
55.689,0.298,11.92,0.10423174293933,0.0108642562361707
55.707,0.518,20.72,0.287078058202469,0.0824138115013002
55.707,0.608,24.32,0.434510224171571,0.188799134909629
55.726,0.505,20.2,0.270395836410884,0.0731139083483417
55.726,0.608,24.32,0.434510224171571,0.188799134909629
55.743,0.647,25.88,0.519995996533516,0.270395836410884
55.762,0.595,23.8,0.409260659730011,0.167494287602644
55.763,0.66,26.4,0.552077439280757,0.304789498962798
55.781,0.66,26.4,0.552077439280757,0.304789498962798
55.799,0.634,25.36,0.489778819368446,0.239883291901949
55.799,0.66,26.4,0.552077439280757,0.304789498962798
55.818,0.66,26.4,0.552077439280757,0.304789498962798
55.835,0.66,26.4,0.552077439280757,0.304789498962798
55.835,0.647,25.88,0.519995996533516,0.270395836410884
55.854,0.621,24.84,0.461317574560379,0.212813904598271
55.873,0.647,25.88,0.519995996533516,0.270395836410884
55.873,0.621,24.84,0.461317574560379,0.212813904598271
55.89,0.544,21.76,0.323593656929628,0.10471285480509
55.907,0.634,25.36,0.489778819368446,0.239883291901949
55.907,0.569,22.76,0.363078054770101,0.131825673855641
55.926,0.414,16.56,0.177827941003892,0.0316227766016838
55.944,0.582,23.28,0.385478357665772,0.148593564228701
55.944,0.466,18.64,0.225943577022098,0.0510504999975407
55.962,0.155,6.2,0.0539510622515128,0.00291071711806661
55.981,0.492,19.68,0.254683025258504,0.0648634433548238
55.981,0.194,7.76,0.0645654229034656,0.00416869383470336
55.999,0.44,17.6,0.200447202736516,0.040179081084894
56.017,0.311,12.44,0.110662378397767,0.0122461619926505
56.017,0.388,15.52,0.157761126969935,0.0248885731828239
56.035,0.556,22.24,0.341979442513709,0.116949939101987
56.054,0.311,12.44,0.110662378397767,0.0122461619926505
56.054,0.531,21.24,0.304789498962798,0.0928966386779936
56.073,0.207,8.28,0.0685488226452661,0.00469894108605215
56.073,0.518,20.72,0.287078058202469,0.0824138115013002
56.092,0.608,24.32,0.434510224171571,0.188799134909629
56.11,0.479,19.16,0.239883291901949,0.0575439937337157
56.11,0.608,24.32,0.434510224171571,0.188799134909629
56.127,0.647,25.88,0.519995996533516,0.270395836410884
56.145,0.569,22.76,0.363078054770101,0.131825673855641
56.145,0.647,25.88,0.519995996533516,0.270395836410884
56.163,0.66,26.4,0.552077439280757,0.304789498962798
56.182,0.634,25.36,0.489778819368446,0.239883291901949
56.182,0.66,26.4,0.552077439280757,0.304789498962798
56.2,0.66,26.4,0.552077439280757,0.304789498962798
56.217,0.66,26.4,0.552077439280757,0.304789498962798
56.217,0.66,26.4,0.552077439280757,0.304789498962798
56.235,0.621,24.84,0.461317574560379,0.212813904598271
56.253,0.66,26.4,0.552077439280757,0.304789498962798
56.253,0.634,25.36,0.489778819368446,0.239883291901949
56.271,0.518,20.72,0.287078058202469,0.0824138115013002
56.29,0.634,25.36,0.489778819368446,0.239883291901949
56.29,0.582,23.28,0.385478357665772,0.148593564228701
56.307,0.44,17.6,0.200447202736516,0.040179081084894
56.326,0.608,24.32,0.434510224171571,0.188799134909629
56.326,0.479,19.16,0.239883291901949,0.0575439937337157
56.344,0.181,7.24,0.0608135001278718,0.00369828179780266
56.362,0.492,19.68,0.254683025258504,0.0648634433548238
56.362,0.22,8.8,0.0727779804536824,0.00529663443891658
56.38,0.414,16.56,0.177827941003892,0.0316227766016838
56.399,0.285,11.4,0.0981747943019984,0.0096382902362397
56.399,0.362,14.48,0.139958732257262,0.0195884467350599
56.418,0.544,21.76,0.323593656929628,0.10471285480509
56.418,0.285,11.4,0.0981747943019984,0.0096382902362397
56.435,0.518,20.72,0.287078058202469,0.0824138115013002
56.452,0.194,7.76,0.0645654229034656,0.00416869383470336
56.452,0.492,19.68,0.254683025258504,0.0648634433548238
56.472,0.608,24.32,0.434510224171571,0.188799134909629
56.49,0.453,18.12,0.212813904598271,0.0452897579903621
56.49,0.582,23.28,0.385478357665772,0.148593564228701
56.509,0.647,25.88,0.519995996533516,0.270395836410884
56.527,0.556,22.24,0.341979442513709,0.116949939101987
56.527,0.634,25.36,0.489778819368446,0.239883291901949
56.546,0.66,26.4,0.552077439280757,0.304789498962798
56.564,0.621,24.84,0.461317574560379,0.212813904598271
56.564,0.66,26.4,0.552077439280757,0.304789498962798
56.581,0.647,25.88,0.519995996533516,0.270395836410884
56.599,0.66,26.4,0.552077439280757,0.304789498962798
56.599,0.66,26.4,0.552077439280757,0.304789498962798
56.617,0.634,25.36,0.489778819368446,0.239883291901949
56.635,0.66,26.4,0.552077439280757,0.304789498962798
56.635,0.634,25.36,0.489778819368446,0.239883291901949
56.652,0.582,23.28,0.385478357665772,0.148593564228701
56.67,0.647,25.88,0.519995996533516,0.270395836410884
56.67,0.582,23.28,0.385478357665772,0.148593564228701
56.688,0.453,18.12,0.212813904598271,0.0452897579903621
56.705,0.595,23.8,0.409260659730011,0.167494287602644
56.705,0.479,19.16,0.239883291901949,0.0575439937337157
56.723,0.479,19.16,0.239883291901949,0.0575439937337157
56.741,0.531,21.24,0.304789498962798,0.0928966386779936
56.742,0.285,11.4,0.0981747943019984,0.0096382902362397
56.76,0.375,15,0.148593564228701,0.022080047330189
56.777,0.362,14.48,0.139958732257262,0.0195884467350599
56.777,0.311,12.44,0.110662378397767,0.0122461619926505
56.797,0.544,21.76,0.323593656929628,0.10471285480509
56.814,0.22,8.8,0.0727779804536824,0.00529663443891658
56.814,0.505,20.2,0.270395836410884,0.0731139083483417
56.832,0.181,7.24,0.0608135001278718,0.00369828179780266
56.851,0.479,19.16,0.239883291901949,0.0575439937337157
56.851,0.595,23.8,0.409260659730011,0.167494287602644
56.868,0.427,17.08,0.188799134909629,0.0356451133426244
56.886,0.582,23.28,0.385478357665772,0.148593564228701
56.886,0.647,25.88,0.519995996533516,0.270395836410884
56.905,0.556,22.24,0.341979442513709,0.116949939101987
56.905,0.634,25.36,0.489778819368446,0.239883291901949
56.923,0.66,26.4,0.552077439280757,0.304789498962798
56.942,0.621,24.84,0.461317574560379,0.212813904598271
56.942,0.66,26.4,0.552077439280757,0.304789498962798
56.959,0.647,25.88,0.519995996533516,0.270395836410884
56.977,0.66,26.4,0.552077439280757,0.304789498962798
56.977,0.66,26.4,0.552077439280757,0.304789498962798
56.995,0.634,25.36,0.489778819368446,0.239883291901949
57.013,0.66,26.4,0.552077439280757,0.304789498962798
57.013,0.647,25.88,0.519995996533516,0.270395836410884
57.031,0.582,23.28,0.385478357665772,0.148593564228701
57.049,0.647,25.88,0.519995996533516,0.270395836410884
57.049,0.595,23.8,0.409260659730011,0.167494287602644
57.067,0.466,18.64,0.225943577022098,0.0510504999975407
57.087,0.608,24.32,0.434510224171571,0.188799134909629
57.087,0.505,20.2,0.270395836410884,0.0731139083483417
57.105,0.246,9.84,0.0820351544329818,0.00672976656284318
57.122,0.531,21.24,0.304789498962798,0.0928966386779936
57.122,0.311,12.44,0.110662378397767,0.0122461619926505
57.139,0.349,13.96,0.131825673855641,0.0173780082874937
57.157,0.388,15.52,0.157761126969935,0.0248885731828239
57.157,0.285,11.4,0.0981747943019984,0.0096382902362397
57.176,0.518,20.72,0.287078058202469,0.0824138115013002
57.194,0.207,8.28,0.0685488226452661,0.00469894108605215
57.194,0.492,19.68,0.254683025258504,0.0648634433548238
57.213,0.608,24.32,0.434510224171571,0.188799134909629
57.23,0.453,18.12,0.212813904598271,0.0452897579903621
57.231,0.582,23.28,0.385478357665772,0.148593564228701
57.248,0.414,16.56,0.177827941003892,0.0316227766016838
57.267,0.556,22.24,0.341979442513709,0.116949939101987
57.267,0.634,25.36,0.489778819368446,0.239883291901949
57.285,0.544,21.76,0.323593656929628,0.10471285480509
57.303,0.621,24.84,0.461317574560379,0.212813904598271
57.303,0.66,26.4,0.552077439280757,0.304789498962798
57.321,0.621,24.84,0.461317574560379,0.212813904598271
57.339,0.66,26.4,0.552077439280757,0.304789498962798
57.339,0.673,26.92,0.586138164514029,0.343557947899875
57.358,0.66,26.4,0.552077439280757,0.304789498962798
57.358,0.673,26.92,0.586138164514029,0.343557947899875
57.375,0.634,25.36,0.489778819368446,0.239883291901949
57.393,0.66,26.4,0.552077439280757,0.304789498962798
57.393,0.647,25.88,0.519995996533516,0.270395836410884
57.411,0.595,23.8,0.409260659730011,0.167494287602644
57.428,0.647,25.88,0.519995996533516,0.270395836410884
57.428,0.595,23.8,0.409260659730011,0.167494287602644
57.447,0.492,19.68,0.254683025258504,0.0648634433548238
57.464,0.621,24.84,0.461317574560379,0.212813904598271
57.482,0.518,20.72,0.287078058202469,0.0824138115013002
57.482,0.285,11.4,0.0981747943019984,0.0096382902362397
57.502,0.544,21.76,0.323593656929628,0.10471285480509
57.502,0.453,18.12,0.212813904598271,0.0452897579903621
57.52,0.324,12.96,0.117489755493953,0.0138038426460288
57.539,0.401,16.04,0.167494287602644,0.0280543363795171
57.539,0.259,10.36,0.0870963589956081,0.00758577575029184
57.558,0.505,20.2,0.270395836410884,0.0731139083483417
57.575,0.168,6.72,0.0572796030985829,0.00328095293113119
57.575,0.466,18.64,0.225943577022098,0.0510504999975407
57.593,0.595,23.8,0.409260659730011,0.167494287602644
57.612,0.44,17.6,0.200447202736516,0.040179081084894
57.612,0.582,23.28,0.385478357665772,0.148593564228701
57.63,0.375,15,0.148593564228701,0.022080047330189
57.65,0.556,22.24,0.341979442513709,0.116949939101987
57.65,0.634,25.36,0.489778819368446,0.239883291901949
57.667,0.544,21.76,0.323593656929628,0.10471285480509
57.667,0.621,24.84,0.461317574560379,0.212813904598271
57.685,0.66,26.4,0.552077439280757,0.304789498962798
57.704,0.621,24.84,0.461317574560379,0.212813904598271
57.704,0.647,25.88,0.519995996533516,0.270395836410884
57.721,0.66,26.4,0.552077439280757,0.304789498962798
57.739,0.647,25.88,0.519995996533516,0.270395836410884
57.739,0.66,26.4,0.552077439280757,0.304789498962798
57.758,0.647,25.88,0.519995996533516,0.270395836410884
57.776,0.647,25.88,0.519995996533516,0.270395836410884
57.776,0.647,25.88,0.519995996533516,0.270395836410884
57.794,0.595,23.8,0.409260659730011,0.167494287602644
57.811,0.66,26.4,0.552077439280757,0.304789498962798
57.811,0.608,24.32,0.434510224171571,0.188799134909629
57.829,0.492,19.68,0.254683025258504,0.0648634433548238
57.846,0.621,24.84,0.461317574560379,0.212813904598271
57.846,0.531,21.24,0.304789498962798,0.0928966386779936
57.865,0.324,12.96,0.117489755493953,0.0138038426460288
57.882,0.556,22.24,0.341979442513709,0.116949939101987
57.882,0.388,15.52,0.157761126969935,0.0248885731828239
57.901,0.246,9.84,0.0820351544329818,0.00672976656284318
57.918,0.44,17.6,0.200447202736516,0.040179081084894
57.918,0.181,7.24,0.0608135001278718,0.00369828179780266
57.936,0.479,19.16,0.239883291901949,0.0575439937337157
57.954,0.194,7.76,0.0645654229034656,0.00416869383470336
57.954,0.466,18.64,0.225943577022098,0.0510504999975407
57.972,0.582,23.28,0.385478357665772,0.148593564228701
57.991,0.401,16.04,0.167494287602644,0.0280543363795171
57.991,0.556,22.24,0.341979442513709,0.116949939101987
58.009,0.349,13.96,0.131825673855641,0.0173780082874937
58.027,0.531,21.24,0.304789498962798,0.0928966386779936
58.027,0.634,25.36,0.489778819368446,0.239883291901949
58.046,0.518,20.72,0.287078058202469,0.0824138115013002
58.065,0.608,24.32,0.434510224171571,0.188799134909629
58.065,0.66,26.4,0.552077439280757,0.304789498962798
58.082,0.608,24.32,0.434510224171571,0.188799134909629
58.1,0.66,26.4,0.552077439280757,0.304789498962798
58.1,0.66,26.4,0.552077439280757,0.304789498962798
58.119,0.647,25.88,0.519995996533516,0.270395836410884
58.138,0.673,26.92,0.586138164514029,0.343557947899875
58.138,0.647,25.88,0.519995996533516,0.270395836410884
58.156,0.673,26.92,0.586138164514029,0.343557947899875
58.156,0.66,26.4,0.552077439280757,0.304789498962798
58.174,0.608,24.32,0.434510224171571,0.188799134909629
58.191,0.647,25.88,0.519995996533516,0.270395836410884
58.191,0.621,24.84,0.461317574560379,0.212813904598271
58.21,0.518,20.72,0.287078058202469,0.0824138115013002
58.227,0.634,25.36,0.489778819368446,0.239883291901949
58.227,0.556,22.24,0.341979442513709,0.116949939101987
58.245,0.362,14.48,0.139958732257262,0.0195884467350599
58.262,0.569,22.76,0.363078054770101,0.131825673855641
58.262,0.414,16.56,0.177827941003892,0.0316227766016838
58.279,0.207,8.28,0.0685488226452661,0.00469894108605215
58.298,0.453,18.12,0.212813904598271,0.0452897579903621
58.298,0.22,8.8,0.0727779804536824,0.00529663443891658
58.316,0.479,19.16,0.239883291901949,0.0575439937337157
58.334,0.259,10.36,0.0870963589956081,0.00758577575029184
58.334,0.427,17.08,0.188799134909629,0.0356451133426244
58.353,0.569,22.76,0.363078054770101,0.131825673855641
58.37,0.375,15,0.148593564228701,0.022080047330189
58.37,0.556,22.24,0.341979442513709,0.116949939101987
58.388,0.311,12.44,0.110662378397767,0.0122461619926505
58.406,0.544,21.76,0.323593656929628,0.10471285480509
58.407,0.621,24.84,0.461317574560379,0.212813904598271
58.425,0.505,20.2,0.270395836410884,0.0731139083483417
58.443,0.621,24.84,0.461317574560379,0.212813904598271
58.443,0.66,26.4,0.552077439280757,0.304789498962798
58.461,0.595,23.8,0.409260659730011,0.167494287602644
58.479,0.647,25.88,0.519995996533516,0.270395836410884
58.479,0.66,26.4,0.552077439280757,0.304789498962798
58.497,0.634,25.36,0.489778819368446,0.239883291901949
58.516,0.66,26.4,0.552077439280757,0.304789498962798
58.516,0.66,26.4,0.552077439280757,0.304789498962798
58.533,0.66,26.4,0.552077439280757,0.304789498962798
58.552,0.66,26.4,0.552077439280757,0.304789498962798
58.552,0.608,24.32,0.434510224171571,0.188799134909629
58.57,0.66,26.4,0.552077439280757,0.304789498962798
58.589,0.634,25.36,0.489778819368446,0.239883291901949
58.589,0.544,21.76,0.323593656929628,0.10471285480509
58.608,0.634,25.36,0.489778819368446,0.239883291901949
58.608,0.556,22.24,0.341979442513709,0.116949939101987
58.626,0.401,16.04,0.167494287602644,0.0280543363795171
58.643,0.595,23.8,0.409260659730011,0.167494287602644
58.643,0.453,18.12,0.212813904598271,0.0452897579903621
58.661,0.207,8.28,0.0685488226452661,0.00469894108605215
58.679,0.479,19.16,0.239883291901949,0.0575439937337157
58.679,0.22,8.8,0.0727779804536824,0.00529663443891658
58.697,0.453,18.12,0.212813904598271,0.0452897579903621
58.716,0.259,10.36,0.0870963589956081,0.00758577575029184
58.716,0.401,16.04,0.167494287602644,0.0280543363795171
58.734,0.569,22.76,0.363078054770101,0.131825673855641
58.753,0.349,13.96,0.131825673855641,0.0173780082874937
58.753,0.544,21.76,0.323593656929628,0.10471285480509
58.77,0.453,18.12,0.212813904598271,0.0452897579903621
58.788,0.518,20.72,0.287078058202469,0.0824138115013002
58.788,0.621,24.84,0.461317574560379,0.212813904598271
58.807,0.479,19.16,0.239883291901949,0.0575439937337157
58.824,0.595,23.8,0.409260659730011,0.167494287602644
58.824,0.673,26.92,0.586138164514029,0.343557947899875
58.843,0.582,23.28,0.385478357665772,0.148593564228701
58.861,0.647,25.88,0.519995996533516,0.270395836410884
58.861,0.66,26.4,0.552077439280757,0.304789498962798
58.879,0.634,25.36,0.489778819368446,0.239883291901949
58.898,0.673,26.92,0.586138164514029,0.343557947899875
58.898,0.647,25.88,0.519995996533516,0.270395836410884
58.915,0.66,26.4,0.552077439280757,0.304789498962798
58.933,0.66,26.4,0.552077439280757,0.304789498962798
58.933,0.621,24.84,0.461317574560379,0.212813904598271
58.95,0.66,26.4,0.552077439280757,0.304789498962798
58.969,0.621,24.84,0.461317574560379,0.212813904598271
58.969,0.556,22.24,0.341979442513709,0.116949939101987
58.986,0.634,25.36,0.489778819368446,0.239883291901949
59.005,0.569,22.76,0.363078054770101,0.131825673855641
59.005,0.427,17.08,0.188799134909629,0.0356451133426244
59.023,0.595,23.8,0.409260659730011,0.167494287602644
59.04,0.466,18.64,0.225943577022098,0.0510504999975407
59.04,0.168,6.72,0.0572796030985829,0.00328095293113119
59.058,0.505,20.2,0.270395836410884,0.0731139083483417
59.076,0.181,7.24,0.0608135001278718,0.00369828179780266
59.076,0.427,17.08,0.188799134909629,0.0356451133426244
59.094,0.44,17.6,0.200447202736516,0.040179081084894
59.112,0.375,15,0.148593564228701,0.022080047330189
59.112,0.556,22.24,0.341979442513709,0.116949939101987
59.131,0.298,11.92,0.10423174293933,0.0108642562361707
59.149,0.544,21.76,0.323593656929628,0.10471285480509
59.149,0.246,9.84,0.0820351544329818,0.00672976656284318
59.166,0.505,20.2,0.270395836410884,0.0731139083483417
59.184,0.608,24.32,0.434510224171571,0.188799134909629
59.184,0.466,18.64,0.225943577022098,0.0510504999975407
59.203,0.582,23.28,0.385478357665772,0.148593564228701
59.203,0.647,25.88,0.519995996533516,0.270395836410884
59.221,0.569,22.76,0.363078054770101,0.131825673855641
59.239,0.634,25.36,0.489778819368446,0.239883291901949
59.239,0.66,26.4,0.552077439280757,0.304789498962798
59.256,0.634,25.36,0.489778819368446,0.239883291901949
59.274,0.66,26.4,0.552077439280757,0.304789498962798
59.292,0.66,26.4,0.552077439280757,0.304789498962798
59.292,0.66,26.4,0.552077439280757,0.304789498962798
59.31,0.66,26.4,0.552077439280757,0.304789498962798
59.328,0.621,24.84,0.461317574560379,0.212813904598271
59.328,0.66,26.4,0.552077439280757,0.304789498962798
59.346,0.634,25.36,0.489778819368446,0.239883291901949
59.346,0.556,22.24,0.341979442513709,0.116949939101987
59.363,0.647,25.88,0.519995996533516,0.270395836410884
59.382,0.582,23.28,0.385478357665772,0.148593564228701
59.4,0.518,20.72,0.287078058202469,0.0824138115013002
59.4,0.608,24.32,0.434510224171571,0.188799134909629
59.417,0.479,19.16,0.239883291901949,0.0575439937337157
59.417,0.194,7.76,0.0645654229034656,0.00416869383470336
59.435,0.518,20.72,0.287078058202469,0.0824138115013002
59.453,0.246,9.84,0.0820351544329818,0.00672976656284318
59.453,0.388,15.52,0.157761126969935,0.0248885731828239
59.472,0.336,13.44,0.124165230759241,0.0154170045294956
59.489,0.349,13.96,0.131825673855641,0.0173780082874937
59.489,0.544,21.76,0.323593656929628,0.10471285480509
59.51,0.272,10.88,0.0924698173938222,0.00855066712884683
59.527,0.518,20.72,0.287078058202469,0.0824138115013002
59.527,0.168,6.72,0.0572796030985829,0.00328095293113119
59.545,0.492,19.68,0.254683025258504,0.0648634433548238
59.563,0.608,24.32,0.434510224171571,0.188799134909629
59.563,0.453,18.12,0.212813904598271,0.0452897579903621
59.581,0.582,23.28,0.385478357665772,0.148593564228701
59.599,0.647,25.88,0.519995996533516,0.270395836410884
59.599,0.569,22.76,0.363078054770101,0.131825673855641
59.617,0.634,25.36,0.489778819368446,0.239883291901949
59.635,0.66,26.4,0.552077439280757,0.304789498962798
59.635,0.621,24.84,0.461317574560379,0.212813904598271
59.653,0.66,26.4,0.552077439280757,0.304789498962798
59.671,0.66,26.4,0.552077439280757,0.304789498962798
59.671,0.66,26.4,0.552077439280757,0.304789498962798
59.688,0.66,26.4,0.552077439280757,0.304789498962798
59.707,0.621,24.84,0.461317574560379,0.212813904598271
59.707,0.66,26.4,0.552077439280757,0.304789498962798
59.725,0.647,25.88,0.519995996533516,0.270395836410884
59.742,0.569,22.76,0.363078054770101,0.131825673855641
59.743,0.647,25.88,0.519995996533516,0.270395836410884
59.76,0.569,22.76,0.363078054770101,0.131825673855641
59.78,0.466,18.64,0.225943577022098,0.0510504999975407
59.78,0.608,24.32,0.434510224171571,0.188799134909629
59.797,0.492,19.68,0.254683025258504,0.0648634433548238
59.815,0.22,8.8,0.0727779804536824,0.00529663443891658
59.815,0.518,20.72,0.287078058202469,0.0824138115013002
59.832,0.298,11.92,0.10423174293933,0.0108642562361707
59.85,0.362,14.48,0.139958732257262,0.0195884467350599
59.85,0.375,15,0.148593564228701,0.022080047330189
59.869,0.285,11.4,0.0981747943019984,0.0096382902362397
59.887,0.505,20.2,0.270395836410884,0.0731139083483417
59.887,0.22,8.8,0.0727779804536824,0.00529663443891658
59.905,0.492,19.68,0.254683025258504,0.0648634433548238
59.922,0.168,6.72,0.0572796030985829,0.00328095293113119
59.922,0.453,18.12,0.212813904598271,0.0452897579903621
59.941,0.595,23.8,0.409260659730011,0.167494287602644
59.958,0.44,17.6,0.200447202736516,0.040179081084894
59.958,0.569,22.76,0.363078054770101,0.131825673855641
59.976,0.634,25.36,0.489778819368446,0.239883291901949
59.994,0.544,21.76,0.323593656929628,0.10471285480509
59.994,0.634,25.36,0.489778819368446,0.239883291901949
60.013,0.647,25.88,0.519995996533516,0.270395836410884
60.013,0.621,24.84,0.461317574560379,0.212813904598271
60.032,0.66,26.4,0.552077439280757,0.304789498962798
60.051,0.66,26.4,0.552077439280757,0.304789498962798
60.051,0.647,25.88,0.519995996533516,0.270395836410884
60.069,0.66,26.4,0.552077439280757,0.304789498962798
60.087,0.647,25.88,0.519995996533516,0.270395836410884
60.087,0.66,26.4,0.552077439280757,0.304789498962798
60.105,0.647,25.88,0.519995996533516,0.270395836410884
60.125,0.582,23.28,0.385478357665772,0.148593564228701
60.125,0.647,25.88,0.519995996533516,0.270395836410884
60.143,0.595,23.8,0.409260659730011,0.167494287602644
60.163,0.479,19.16,0.239883291901949,0.0575439937337157
60.164,0.621,24.84,0.461317574560379,0.212813904598271
60.183,0.518,20.72,0.287078058202469,0.0824138115013002
60.183,0.233,9.32,0.0772680585095702,0.00597035286583837
60.202,0.544,21.76,0.323593656929628,0.10471285480509
60.222,0.324,12.96,0.117489755493953,0.0138038426460288
60.222,0.336,13.44,0.124165230759241,0.0154170045294956
60.241,0.388,15.52,0.157761126969935,0.0248885731828239
60.241,0.259,10.36,0.0870963589956081,0.00758577575029184
60.261,0.505,20.2,0.270395836410884,0.0731139083483417
60.279,0.155,6.2,0.0539510622515128,0.00291071711806661
60.279,0.479,19.16,0.239883291901949,0.0575439937337157
60.298,0.608,24.32,0.434510224171571,0.188799134909629
60.315,0.44,17.6,0.200447202736516,0.040179081084894
60.315,0.582,23.28,0.385478357665772,0.148593564228701
60.334,0.375,15,0.148593564228701,0.022080047330189
60.351,0.556,22.24,0.341979442513709,0.116949939101987
60.351,0.634,25.36,0.489778819368446,0.239883291901949
60.372,0.544,21.76,0.323593656929628,0.10471285480509
60.372,0.621,24.84,0.461317574560379,0.212813904598271
60.391,0.647,25.88,0.519995996533516,0.270395836410884
60.41,0.608,24.32,0.434510224171571,0.188799134909629
60.41,0.647,25.88,0.519995996533516,0.270395836410884
60.429,0.647,25.88,0.519995996533516,0.270395836410884
60.43,0.647,25.88,0.519995996533516,0.270395836410884
60.449,0.66,26.4,0.552077439280757,0.304789498962798
60.468,0.634,25.36,0.489778819368446,0.239883291901949
60.468,0.66,26.4,0.552077439280757,0.304789498962798
60.487,0.634,25.36,0.489778819368446,0.239883291901949
60.505,0.595,23.8,0.409260659730011,0.167494287602644
60.505,0.647,25.88,0.519995996533516,0.270395836410884
60.527,0.608,24.32,0.434510224171571,0.188799134909629
60.527,0.505,20.2,0.270395836410884,0.0731139083483417
60.544,0.621,24.84,0.461317574560379,0.212813904598271
60.562,0.531,21.24,0.304789498962798,0.0928966386779936
60.562,0.311,12.44,0.110662378397767,0.0122461619926505
60.581,0.556,22.24,0.341979442513709,0.116949939101987
60.598,0.44,17.6,0.200447202736516,0.040179081084894
60.598,0.272,10.88,0.0924698173938222,0.00855066712884683
60.616,0.427,17.08,0.188799134909629,0.0356451133426244
60.634,0.194,7.76,0.0645654229034656,0.00416869383470336
60.634,0.479,19.16,0.239883291901949,0.0575439937337157
60.653,0.129,5.16,0.0478630092322639,0.00229086765276777
60.67,0.466,18.64,0.225943577022098,0.0510504999975407
60.67,0.595,23.8,0.409260659730011,0.167494287602644
60.688,0.427,17.08,0.188799134909629,0.0356451133426244
60.706,0.582,23.28,0.385478357665772,0.148593564228701
60.706,0.362,14.48,0.139958732257262,0.0195884467350599
60.725,0.556,22.24,0.341979442513709,0.116949939101987
60.742,0.634,25.36,0.489778819368446,0.239883291901949
60.742,0.518,20.72,0.287078058202469,0.0824138115013002
60.761,0.621,24.84,0.461317574560379,0.212813904598271
60.779,0.647,25.88,0.519995996533516,0.270395836410884
60.779,0.595,23.8,0.409260659730011,0.167494287602644
60.798,0.647,25.88,0.519995996533516,0.270395836410884
60.816,0.673,26.92,0.586138164514029,0.343557947899875
60.816,0.647,25.88,0.519995996533516,0.270395836410884
60.833,0.66,26.4,0.552077439280757,0.304789498962798
60.851,0.634,25.36,0.489778819368446,0.239883291901949
60.851,0.66,26.4,0.552077439280757,0.304789498962798
60.869,0.66,26.4,0.552077439280757,0.304789498962798
60.887,0.595,23.8,0.409260659730011,0.167494287602644
60.887,0.647,25.88,0.519995996533516,0.270395836410884
60.905,0.608,24.32,0.434510224171571,0.188799134909629
60.923,0.505,20.2,0.270395836410884,0.0731139083483417
60.923,0.634,25.36,0.489778819368446,0.239883291901949
60.942,0.544,21.76,0.323593656929628,0.10471285480509
60.942,0.324,12.96,0.117489755493953,0.0138038426460288
60.959,0.569,22.76,0.363078054770101,0.131825673855641
60.977,0.388,15.52,0.157761126969935,0.0248885731828239
60.995,0.233,9.32,0.0772680585095702,0.00597035286583837
60.995,0.44,17.6,0.200447202736516,0.040179081084894
61.012,0.181,7.24,0.0608135001278718,0.00369828179780266
61.03,0.492,19.68,0.254683025258504,0.0648634433548238
61.03,0.207,8.28,0.0685488226452661,0.00469894108605215
61.048,0.44,17.6,0.200447202736516,0.040179081084894
61.067,0.582,23.28,0.385478357665772,0.148593564228701
61.067,0.375,15,0.148593564228701,0.022080047330189
61.085,0.569,22.76,0.363078054770101,0.131825673855641
61.085,0.324,12.96,0.117489755493953,0.0138038426460288
61.103,0.531,21.24,0.304789498962798,0.0928966386779936
61.121,0.621,24.84,0.461317574560379,0.212813904598271
61.122,0.518,20.72,0.287078058202469,0.0824138115013002
61.141,0.621,24.84,0.461317574560379,0.212813904598271
61.158,0.647,25.88,0.519995996533516,0.270395836410884
61.158,0.595,23.8,0.409260659730011,0.167494287602644
61.175,0.647,25.88,0.519995996533516,0.270395836410884
61.193,0.673,26.92,0.586138164514029,0.343557947899875
61.193,0.647,25.88,0.519995996533516,0.270395836410884
61.212,0.66,26.4,0.552077439280757,0.304789498962798
61.229,0.647,25.88,0.519995996533516,0.270395836410884
61.229,0.647,25.88,0.519995996533516,0.270395836410884
61.247,0.647,25.88,0.519995996533516,0.270395836410884
61.266,0.621,24.84,0.461317574560379,0.212813904598271
61.266,0.647,25.88,0.519995996533516,0.270395836410884
61.283,0.621,24.84,0.461317574560379,0.212813904598271
61.301,0.531,21.24,0.304789498962798,0.0928966386779936
61.301,0.634,25.36,0.489778819368446,0.239883291901949
61.321,0.556,22.24,0.341979442513709,0.116949939101987
61.338,0.375,15,0.148593564228701,0.022080047330189
61.34,0.582,23.28,0.385478357665772,0.148593564228701
61.357,0.427,17.08,0.188799134909629,0.0356451133426244
61.375,0.22,8.8,0.0727779804536824,0.00529663443891658
61.375,0.466,18.64,0.225943577022098,0.0510504999975407
61.393,0.181,7.24,0.0608135001278718,0.00369828179780266
61.41,0.466,18.64,0.225943577022098,0.0510504999975407
61.41,0.22,8.8,0.0727779804536824,0.00529663443891658
61.429,0.414,16.56,0.177827941003892,0.0316227766016838
61.447,0.569,22.76,0.363078054770101,0.131825673855641
61.447,0.362,14.48,0.139958732257262,0.0195884467350599
61.465,0.544,21.76,0.323593656929628,0.10471285480509
61.482,0.285,11.4,0.0981747943019984,0.0096382902362397
61.482,0.518,20.72,0.287078058202469,0.0824138115013002
61.499,0.621,24.84,0.461317574560379,0.212813904598271
61.518,0.492,19.68,0.254683025258504,0.0648634433548238
61.518,0.608,24.32,0.434510224171571,0.188799134909629
61.536,0.66,26.4,0.552077439280757,0.304789498962798
61.555,0.595,23.8,0.409260659730011,0.167494287602644
61.555,0.647,25.88,0.519995996533516,0.270395836410884
61.573,0.673,26.92,0.586138164514029,0.343557947899875
61.574,0.647,25.88,0.519995996533516,0.270395836410884
61.591,0.66,26.4,0.552077439280757,0.304789498962798
61.609,0.647,25.88,0.519995996533516,0.270395836410884
61.609,0.66,26.4,0.552077439280757,0.304789498962798
61.628,0.66,26.4,0.552077439280757,0.304789498962798
61.645,0.621,24.84,0.461317574560379,0.212813904598271
61.645,0.66,26.4,0.552077439280757,0.304789498962798
61.663,0.634,25.36,0.489778819368446,0.239883291901949
61.682,0.544,21.76,0.323593656929628,0.10471285480509
61.682,0.634,25.36,0.489778819368446,0.239883291901949
61.7,0.556,22.24,0.341979442513709,0.116949939101987
61.717,0.401,16.04,0.167494287602644,0.0280543363795171
61.717,0.582,23.28,0.385478357665772,0.148593564228701
61.735,0.453,18.12,0.212813904598271,0.0452897579903621
61.753,0.168,6.72,0.0572796030985829,0.00328095293113119
61.753,0.479,19.16,0.239883291901949,0.0575439937337157
61.771,0.207,8.28,0.0685488226452661,0.00469894108605215
61.788,0.44,17.6,0.200447202736516,0.040179081084894
61.788,0.259,10.36,0.0870963589956081,0.00758577575029184
61.807,0.375,15,0.148593564228701,0.022080047330189
61.824,0.556,22.24,0.341979442513709,0.116949939101987
61.824,0.311,12.44,0.110662378397767,0.0122461619926505
61.843,0.544,21.76,0.323593656929628,0.10471285480509
61.862,0.246,9.84,0.0820351544329818,0.00672976656284318
61.862,0.518,20.72,0.287078058202469,0.0824138115013002
61.88,0.608,24.32,0.434510224171571,0.188799134909629
61.898,0.479,19.16,0.239883291901949,0.0575439937337157
61.898,0.582,23.28,0.385478357665772,0.148593564228701
61.917,0.647,25.88,0.519995996533516,0.270395836410884
61.935,0.569,22.76,0.363078054770101,0.131825673855641
61.935,0.634,25.36,0.489778819368446,0.239883291901949
61.953,0.673,26.92,0.586138164514029,0.343557947899875
61.97,0.634,25.36,0.489778819368446,0.239883291901949
61.97,0.66,26.4,0.552077439280757,0.304789498962798
61.987,0.66,26.4,0.552077439280757,0.304789498962798
62.005,0.66,26.4,0.552077439280757,0.304789498962798
62.005,0.66,26.4,0.552077439280757,0.304789498962798
62.024,0.621,24.84,0.461317574560379,0.212813904598271
62.042,0.673,26.92,0.586138164514029,0.343557947899875
62.042,0.647,25.88,0.519995996533516,0.270395836410884
62.06,0.556,22.24,0.341979442513709,0.116949939101987
62.079,0.647,25.88,0.519995996533516,0.270395836410884
62.079,0.582,23.28,0.385478357665772,0.148593564228701
62.096,0.427,17.08,0.188799134909629,0.0356451133426244
62.114,0.595,23.8,0.409260659730011,0.167494287602644
62.114,0.466,18.64,0.225943577022098,0.0510504999975407
62.133,0.233,9.32,0.0772680585095702,0.00597035286583837
62.133,0.492,19.68,0.254683025258504,0.0648634433548238
62.151,0.246,9.84,0.0820351544329818,0.00672976656284318
62.17,0.401,16.04,0.167494287602644,0.0280543363795171
62.17,0.298,11.92,0.10423174293933,0.0108642562361707
62.187,0.336,13.44,0.124165230759241,0.0154170045294956
62.205,0.531,21.24,0.304789498962798,0.0928966386779936
62.205,0.259,10.36,0.0870963589956081,0.00758577575029184
62.222,0.518,20.72,0.287078058202469,0.0824138115013002
62.24,0.233,9.32,0.0772680585095702,0.00597035286583837
62.24,0.492,19.68,0.254683025258504,0.0648634433548238
62.258,0.608,24.32,0.434510224171571,0.188799134909629
62.276,0.466,18.64,0.225943577022098,0.0510504999975407
62.276,0.595,23.8,0.409260659730011,0.167494287602644
62.294,0.647,25.88,0.519995996533516,0.270395836410884
62.313,0.595,23.8,0.409260659730011,0.167494287602644
62.313,0.66,26.4,0.552077439280757,0.304789498962798
62.33,0.686,27.44,0.62230028516916,0.387257644921617
62.348,0.66,26.4,0.552077439280757,0.304789498962798
62.348,0.686,27.44,0.62230028516916,0.387257644921617
62.366,0.686,27.44,0.62230028516916,0.387257644921617
62.385,0.686,27.44,0.62230028516916,0.387257644921617
62.385,0.673,26.92,0.586138164514029,0.343557947899875
62.403,0.647,25.88,0.519995996533516,0.270395836410884
62.421,0.686,27.44,0.62230028516916,0.387257644921617
62.421,0.647,25.88,0.519995996533516,0.270395836410884
62.44,0.595,23.8,0.409260659730011,0.167494287602644
62.457,0.673,26.92,0.586138164514029,0.343557947899875
62.457,0.608,24.32,0.434510224171571,0.188799134909629
62.474,0.479,19.16,0.239883291901949,0.0575439937337157
62.493,0.621,24.84,0.461317574560379,0.212813904598271
62.493,0.505,20.2,0.270395836410884,0.0731139083483417
62.51,0.207,8.28,0.0685488226452661,0.00469894108605215
62.529,0.544,21.76,0.323593656929628,0.10471285480509
62.529,0.298,11.92,0.10423174293933,0.0108642562361707
62.547,0.388,15.52,0.157761126969935,0.0248885731828239
62.566,0.375,15,0.148593564228701,0.022080047330189
62.566,0.311,12.44,0.110662378397767,0.0122461619926505
62.584,0.556,22.24,0.341979442513709,0.116949939101987
62.603,0.246,9.84,0.0820351544329818,0.00672976656284318
62.603,0.531,21.24,0.304789498962798,0.0928966386779936
62.62,0.155,6.2,0.0539510622515128,0.00291071711806661
62.64,0.505,20.2,0.270395836410884,0.0731139083483417
62.64,0.634,25.36,0.489778819368446,0.239883291901949
62.659,0.466,18.64,0.225943577022098,0.0510504999975407
62.659,0.621,24.84,0.461317574560379,0.212813904598271
62.677,0.686,27.44,0.62230028516916,0.387257644921617
62.695,0.595,23.8,0.409260659730011,0.167494287602644
62.695,0.673,26.92,0.586138164514029,0.343557947899875
62.713,0.699,27.96,0.660693448007596,0.436515832240166
62.732,0.673,26.92,0.586138164514029,0.343557947899875
62.732,0.712,28.48,0.701455298419971,0.492039535681451
62.75,0.712,28.48,0.701455298419971,0.492039535681451
62.768,0.699,27.96,0.660693448007596,0.436515832240166
62.768,0.712,28.48,0.701455298419971,0.492039535681451
62.786,0.686,27.44,0.62230028516916,0.387257644921617
62.804,0.712,28.48,0.701455298419971,0.492039535681451
62.804,0.699,27.96,0.660693448007596,0.436515832240166
62.821,0.634,25.36,0.489778819368446,0.239883291901949
62.84,0.699,27.96,0.660693448007596,0.436515832240166
62.84,0.66,26.4,0.552077439280757,0.304789498962798
62.858,0.531,21.24,0.304789498962798,0.0928966386779936
62.876,0.673,26.92,0.586138164514029,0.343557947899875
62.876,0.556,22.24,0.341979442513709,0.116949939101987
62.894,0.246,9.84,0.0820351544329818,0.00672976656284318
62.913,0.595,23.8,0.409260659730011,0.167494287602644
62.913,0.362,14.48,0.139958732257262,0.0195884467350599
62.932,0.414,16.56,0.177827941003892,0.0316227766016838
62.932,0.44,17.6,0.200447202736516,0.040179081084894
62.952,0.324,12.96,0.117489755493953,0.0138038426460288
62.97,0.582,23.28,0.385478357665772,0.148593564228701
62.97,0.246,9.84,0.0820351544329818,0.00672976656284318
62.989,0.544,21.76,0.323593656929628,0.10471285480509
63.007,0.673,26.92,0.586138164514029,0.343557947899875
63.008,0.518,20.72,0.287078058202469,0.0824138115013002
63.026,0.647,25.88,0.519995996533516,0.270395836410884
63.026,0.492,19.68,0.254683025258504,0.0648634433548238
63.045,0.634,25.36,0.489778819368446,0.239883291901949
63.064,0.699,27.96,0.660693448007596,0.436515832240166
63.064,0.608,24.32,0.434510224171571,0.188799134909629
63.083,0.686,27.44,0.62230028516916,0.387257644921617
63.101,0.712,28.48,0.701455298419971,0.492039535681451
63.102,0.673,26.92,0.586138164514029,0.343557947899875
63.121,0.712,28.48,0.701455298419971,0.492039535681451
63.139,0.712,28.48,0.701455298419971,0.492039535681451
63.139,0.712,28.48,0.701455298419971,0.492039535681451
63.158,0.725,29,0.744731973905989,0.554625712957911
63.158,0.699,27.96,0.660693448007596,0.436515832240166
63.176,0.712,28.48,0.701455298419971,0.492039535681451
63.193,0.699,27.96,0.660693448007596,0.436515832240166
63.193,0.647,25.88,0.519995996533516,0.270395836410884
63.211,0.699,27.96,0.660693448007596,0.436515832240166
63.229,0.66,26.4,0.552077439280757,0.304789498962798
63.229,0.544,21.76,0.323593656929628,0.10471285480509
63.246,0.673,26.92,0.586138164514029,0.343557947899875
63.264,0.582,23.28,0.385478357665772,0.148593564228701
63.282,0.336,13.44,0.124165230759241,0.0154170045294956
63.282,0.608,24.32,0.434510224171571,0.188799134909629
63.3,0.414,16.56,0.177827941003892,0.0316227766016838
63.318,0.349,13.96,0.131825673855641,0.0173780082874937
63.318,0.492,19.68,0.254683025258504,0.0648634433548238
63.336,0.246,9.84,0.0820351544329818,0.00672976656284318
63.336,0.556,22.24,0.341979442513709,0.116949939101987
63.355,0.207,8.28,0.0685488226452661,0.00469894108605215
63.373,0.531,21.24,0.304789498962798,0.0928966386779936
63.373,0.647,25.88,0.519995996533516,0.270395836410884
63.39,0.479,19.16,0.239883291901949,0.0575439937337157
63.409,0.634,25.36,0.489778819368446,0.239883291901949
63.409,0.427,17.08,0.188799134909629,0.0356451133426244
63.426,0.621,24.84,0.461317574560379,0.212813904598271
63.445,0.686,27.44,0.62230028516916,0.387257644921617
63.445,0.582,23.28,0.385478357665772,0.148593564228701
63.464,0.673,26.92,0.586138164514029,0.343557947899875
63.481,0.712,28.48,0.701455298419971,0.492039535681451
63.481,0.66,26.4,0.552077439280757,0.304789498962798
63.5,0.699,27.96,0.660693448007596,0.436515832240166
63.518,0.712,28.48,0.701455298419971,0.492039535681451
63.518,0.699,27.96,0.660693448007596,0.436515832240166
63.538,0.712,28.48,0.701455298419971,0.492039535681451
63.538,0.686,27.44,0.62230028516916,0.387257644921617
63.556,0.712,28.48,0.701455298419971,0.492039535681451
63.576,0.699,27.96,0.660693448007596,0.436515832240166
63.576,0.647,25.88,0.519995996533516,0.270395836410884
63.593,0.699,27.96,0.660693448007596,0.436515832240166
63.612,0.66,26.4,0.552077439280757,0.304789498962798
63.612,0.556,22.24,0.341979442513709,0.116949939101987
63.629,0.673,26.92,0.586138164514029,0.343557947899875
63.648,0.582,23.28,0.385478357665772,0.148593564228701
63.648,0.362,14.48,0.139958732257262,0.0195884467350599
63.665,0.595,23.8,0.409260659730011,0.167494287602644
63.683,0.427,17.08,0.188799134909629,0.0356451133426244
63.683,0.401,16.04,0.167494287602644,0.0280543363795171
63.702,0.479,19.16,0.239883291901949,0.0575439937337157
63.721,0.207,8.28,0.0685488226452661,0.00469894108605215
63.721,0.518,20.72,0.287078058202469,0.0824138115013002
63.739,0.168,6.72,0.0572796030985829,0.00328095293113119
63.758,0.492,19.68,0.254683025258504,0.0648634433548238
63.758,0.621,24.84,0.461317574560379,0.212813904598271
63.776,0.453,18.12,0.212813904598271,0.0452897579903621
63.794,0.608,24.32,0.434510224171571,0.188799134909629
63.794,0.401,16.04,0.167494287602644,0.0280543363795171
63.811,0.595,23.8,0.409260659730011,0.167494287602644
63.829,0.66,26.4,0.552077439280757,0.304789498962798
63.829,0.569,22.76,0.363078054770101,0.131825673855641
63.847,0.66,26.4,0.552077439280757,0.304789498962798
63.864,0.712,28.48,0.701455298419971,0.492039535681451
63.864,0.647,25.88,0.519995996533516,0.270395836410884
63.882,0.686,27.44,0.62230028516916,0.387257644921617
63.901,0.712,28.48,0.701455298419971,0.492039535681451
63.901,0.699,27.96,0.660693448007596,0.436515832240166
63.918,0.712,28.48,0.701455298419971,0.492039535681451
63.937,0.712,28.48,0.701455298419971,0.492039535681451
63.937,0.699,27.96,0.660693448007596,0.436515832240166
63.954,0.712,28.48,0.701455298419971,0.492039535681451
63.972,0.66,26.4,0.552077439280757,0.304789498962798
63.972,0.712,28.48,0.701455298419971,0.492039535681451
63.99,0.673,26.92,0.586138164514029,0.343557947899875
64.008,0.582,23.28,0.385478357665772,0.148593564228701
64.008,0.686,27.44,0.62230028516916,0.387257644921617
64.027,0.608,24.32,0.434510224171571,0.188799134909629
64.027,0.427,17.08,0.188799134909629,0.0356451133426244
64.046,0.621,24.84,0.461317574560379,0.212813904598271
64.063,0.466,18.64,0.225943577022098,0.0510504999975407
64.063,0.233,9.32,0.0772680585095702,0.00597035286583837
64.082,0.518,20.72,0.287078058202469,0.0824138115013002
64.099,0.518,20.72,0.287078058202469,0.0824138115013002
64.099,0.505,20.2,0.270395836410884,0.0731139083483417
64.117,0.246,9.84,0.0820351544329818,0.00672976656284318
64.135,0.466,18.64,0.225943577022098,0.0510504999975407
64.135,0.608,24.32,0.434510224171571,0.188799134909629
64.153,0.414,16.56,0.177827941003892,0.0316227766016838
64.172,0.582,23.28,0.385478357665772,0.148593564228701
64.172,0.324,12.96,0.117489755493953,0.0138038426460288
64.189,0.556,22.24,0.341979442513709,0.116949939101987
64.208,0.647,25.88,0.519995996533516,0.270395836410884
64.208,0.531,21.24,0.304789498962798,0.0928966386779936
64.225,0.634,25.36,0.489778819368446,0.239883291901949
64.245,0.673,26.92,0.586138164514029,0.343557947899875
64.245,0.634,25.36,0.489778819368446,0.239883291901949
64.265,0.673,26.92,0.586138164514029,0.343557947899875
64.282,0.686,27.44,0.62230028516916,0.387257644921617
64.282,0.673,26.92,0.586138164514029,0.343557947899875
64.3,0.699,27.96,0.660693448007596,0.436515832240166
64.318,0.686,27.44,0.62230028516916,0.387257644921617
64.318,0.699,27.96,0.660693448007596,0.436515832240166
64.335,0.699,27.96,0.660693448007596,0.436515832240166
64.354,0.647,25.88,0.519995996533516,0.270395836410884
64.354,0.699,27.96,0.660693448007596,0.436515832240166
64.373,0.66,26.4,0.552077439280757,0.304789498962798
64.373,0.582,23.28,0.385478357665772,0.148593564228701
64.389,0.686,27.44,0.62230028516916,0.387257644921617
64.407,0.621,24.84,0.461317574560379,0.212813904598271
64.424,0.569,22.76,0.363078054770101,0.131825673855641
64.424,0.634,25.36,0.489778819368446,0.239883291901949
64.442,0.492,19.68,0.254683025258504,0.0648634433548238
64.461,0.22,8.8,0.0727779804536824,0.00529663443891658
64.461,0.531,21.24,0.304789498962798,0.0928966386779936
64.48,0.233,9.32,0.0772680585095702,0.00597035286583837
64.48,0.492,19.68,0.254683025258504,0.0648634433548238
64.498,0.272,10.88,0.0924698173938222,0.00855066712884683
64.516,0.505,20.2,0.270395836410884,0.0731139083483417
64.516,0.608,24.32,0.434510224171571,0.188799134909629
64.533,0.375,15,0.148593564228701,0.022080047330189
64.552,0.582,23.28,0.385478357665772,0.148593564228701
64.552,0.298,11.92,0.10423174293933,0.0108642562361707
64.57,0.556,22.24,0.341979442513709,0.116949939101987
64.59,0.66,26.4,0.552077439280757,0.304789498962798
64.59,0.531,21.24,0.304789498962798,0.0928966386779936
64.608,0.647,25.88,0.519995996533516,0.270395836410884
64.626,0.699,27.96,0.660693448007596,0.436515832240166
64.626,0.621,24.84,0.461317574560379,0.212813904598271
64.645,0.699,27.96,0.660693448007596,0.436515832240166
64.662,0.725,29,0.744731973905989,0.554625712957911
64.662,0.686,27.44,0.62230028516916,0.387257644921617
64.681,0.725,29,0.744731973905989,0.554625712957911
64.7,0.712,28.48,0.701455298419971,0.492039535681451
64.7,0.725,29,0.744731973905989,0.554625712957911
64.719,0.725,29,0.744731973905989,0.554625712957911
64.719,0.686,27.44,0.62230028516916,0.387257644921617
64.738,0.712,28.48,0.701455298419971,0.492039535681451
64.758,0.699,27.96,0.660693448007596,0.436515832240166
64.759,0.621,24.84,0.461317574560379,0.212813904598271
64.777,0.712,28.48,0.701455298419971,0.492039535681451
64.777,0.634,25.36,0.489778819368446,0.239883291901949
64.796,0.479,19.16,0.239883291901949,0.0575439937337157
64.815,0.647,25.88,0.519995996533516,0.270395836410884
64.815,0.505,20.2,0.270395836410884,0.0731139083483417
64.834,0.194,7.76,0.0645654229034656,0.00416869383470336
64.851,0.556,22.24,0.341979442513709,0.116949939101987
64.851,0.285,11.4,0.0981747943019984,0.0096382902362397
64.87,0.479,19.16,0.239883291901949,0.0575439937337157
64.887,0.349,13.96,0.131825673855641,0.0173780082874937
64.887,0.414,16.56,0.177827941003892,0.0316227766016838
64.906,0.608,24.32,0.434510224171571,0.188799134909629
64.924,0.479,19.16,0.239883291901949,0.0575439937337157
64.924,0.569,22.76,0.363078054770101,0.131825673855641
64.941,0.207,8.28,0.0685488226452661,0.00469894108605215
64.959,0.544,21.76,0.323593656929628,0.10471285480509
64.96,0.673,26.92,0.586138164514029,0.343557947899875
64.979,0.518,20.72,0.287078058202469,0.0824138115013002
64.997,0.647,25.88,0.519995996533516,0.270395836410884
64.997,0.699,27.96,0.660693448007596,0.436515832240166
65.014,0.634,25.36,0.489778819368446,0.239883291901949
65.033,0.686,27.44,0.62230028516916,0.387257644921617
65.033,0.712,28.48,0.701455298419971,0.492039535681451
65.052,0.686,27.44,0.62230028516916,0.387257644921617
65.052,0.712,28.48,0.701455298419971,0.492039535681451
65.069,0.738,29.52,0.790678627999825,0.625172692775686
65.088,0.699,27.96,0.660693448007596,0.436515832240166
65.088,0.699,27.96,0.660693448007596,0.436515832240166
65.107,0.673,26.92,0.586138164514029,0.343557947899875
65.126,0.712,28.48,0.701455298419971,0.492039535681451
65.126,0.686,27.44,0.62230028516916,0.387257644921617
65.144,0.608,24.32,0.434510224171571,0.188799134909629
65.164,0.686,27.44,0.62230028516916,0.387257644921617
65.164,0.634,25.36,0.489778819368446,0.239883291901949
65.183,0.505,20.2,0.270395836410884,0.0731139083483417
65.183,0.647,25.88,0.519995996533516,0.270395836410884
65.202,0.544,21.76,0.323593656929628,0.10471285480509
65.221,0.207,8.28,0.0685488226452661,0.00469894108605215
65.221,0.569,22.76,0.363078054770101,0.131825673855641
65.24,0.324,12.96,0.117489755493953,0.0138038426460288
65.258,0.44,17.6,0.200447202736516,0.040179081084894
65.258,0.401,16.04,0.167494287602644,0.0280543363795171
65.277,0.401,16.04,0.167494287602644,0.0280543363795171
65.277,0.608,24.32,0.434510224171571,0.188799134909629
65.296,0.285,11.4,0.0981747943019984,0.0096382902362397
65.314,0.582,23.28,0.385478357665772,0.148593564228701
65.314,0.22,8.8,0.0727779804536824,0.00529663443891658
65.333,0.544,21.76,0.323593656929628,0.10471285480509
65.351,0.673,26.92,0.586138164514029,0.343557947899875
65.351,0.505,20.2,0.270395836410884,0.0731139083483417
65.369,0.647,25.88,0.519995996533516,0.270395836410884
65.388,0.712,28.48,0.701455298419971,0.492039535681451
65.388,0.634,25.36,0.489778819368446,0.239883291901949
65.406,0.699,27.96,0.660693448007596,0.436515832240166
65.423,0.725,29,0.744731973905989,0.554625712957911
65.423,0.686,27.44,0.62230028516916,0.387257644921617
65.441,0.712,28.48,0.701455298419971,0.492039535681451
65.458,0.699,27.96,0.660693448007596,0.436515832240166
65.458,0.712,28.48,0.701455298419971,0.492039535681451
65.475,0.712,28.48,0.701455298419971,0.492039535681451
65.494,0.686,27.44,0.62230028516916,0.387257644921617
65.494,0.712,28.48,0.701455298419971,0.492039535681451
65.511,0.686,27.44,0.62230028516916,0.387257644921617
65.53,0.621,24.84,0.461317574560379,0.212813904598271
65.53,0.699,27.96,0.660693448007596,0.436515832240166
65.549,0.647,25.88,0.519995996533516,0.270395836410884
65.567,0.518,20.72,0.287078058202469,0.0824138115013002
65.567,0.686,27.44,0.62230028516916,0.387257644921617
65.586,0.556,22.24,0.341979442513709,0.116949939101987
65.586,0.259,10.36,0.0870963589956081,0.00758577575029184
65.609,0.582,23.28,0.385478357665772,0.148593564228701
65.628,0.336,13.44,0.124165230759241,0.0154170045294956
65.628,0.414,16.56,0.177827941003892,0.0316227766016838
65.646,0.427,17.08,0.188799134909629,0.0356451133426244
65.666,0.349,13.96,0.131825673855641,0.0173780082874937
65.666,0.582,23.28,0.385478357665772,0.148593564228701
65.688,0.22,8.8,0.0727779804536824,0.00529663443891658
65.688,0.556,22.24,0.341979442513709,0.116949939101987
65.707,0.66,26.4,0.552077439280757,0.304789498962798
65.707,0.518,20.72,0.287078058202469,0.0824138115013002
65.725,0.647,25.88,0.519995996533516,0.270395836410884
65.743,0.479,19.16,0.239883291901949,0.0575439937337157
65.743,0.634,25.36,0.489778819368446,0.239883291901949
65.761,0.699,27.96,0.660693448007596,0.436515832240166
65.781,0.621,24.84,0.461317574560379,0.212813904598271
65.781,0.686,27.44,0.62230028516916,0.387257644921617
65.802,0.725,29,0.744731973905989,0.554625712957911
65.802,0.686,27.44,0.62230028516916,0.387257644921617
65.821,0.725,29,0.744731973905989,0.554625712957911
65.84,0.725,29,0.744731973905989,0.554625712957911
65.84,0.712,28.48,0.701455298419971,0.492039535681451
65.859,0.725,29,0.744731973905989,0.554625712957911
65.88,0.699,27.96,0.660693448007596,0.436515832240166
65.88,0.725,29,0.744731973905989,0.554625712957911
65.899,0.712,28.48,0.701455298419971,0.492039535681451
65.899,0.647,25.88,0.519995996533516,0.270395836410884
65.918,0.699,27.96,0.660693448007596,0.436515832240166
65.938,0.66,26.4,0.552077439280757,0.304789498962798
65.938,0.556,22.24,0.341979442513709,0.116949939101987
65.956,0.673,26.92,0.586138164514029,0.343557947899875
65.956,0.582,23.28,0.385478357665772,0.148593564228701
65.975,0.311,12.44,0.110662378397767,0.0122461619926505
65.993,0.608,24.32,0.434510224171571,0.188799134909629
65.993,0.401,16.04,0.167494287602644,0.0280543363795171
66.013,0.375,15,0.148593564228701,0.022080047330189
66.031,0.466,18.64,0.225943577022098,0.0510504999975407
66.031,0.272,10.88,0.0924698173938222,0.00855066712884683
66.051,0.569,22.76,0.363078054770101,0.131825673855641
66.07,0.181,7.24,0.0608135001278718,0.00369828179780266
66.07,0.531,21.24,0.304789498962798,0.0928966386779936
66.089,0.66,26.4,0.552077439280757,0.304789498962798
66.089,0.505,20.2,0.270395836410884,0.0731139083483417
66.107,0.647,25.88,0.519995996533516,0.270395836410884
66.125,0.44,17.6,0.200447202736516,0.040179081084894
66.125,0.608,24.32,0.434510224171571,0.188799134909629
66.142,0.686,27.44,0.62230028516916,0.387257644921617
66.162,0.595,23.8,0.409260659730011,0.167494287602644
66.162,0.686,27.44,0.62230028516916,0.387257644921617
66.18,0.712,28.48,0.701455298419971,0.492039535681451
66.199,0.673,26.92,0.586138164514029,0.343557947899875
66.199,0.712,28.48,0.701455298419971,0.492039535681451
66.217,0.712,28.48,0.701455298419971,0.492039535681451
66.235,0.712,28.48,0.701455298419971,0.492039535681451
66.235,0.725,29,0.744731973905989,0.554625712957911
66.253,0.699,27.96,0.660693448007596,0.436515832240166
66.271,0.725,29,0.744731973905989,0.554625712957911
66.271,0.712,28.48,0.701455298419971,0.492039535681451
66.289,0.66,26.4,0.552077439280757,0.304789498962798
66.308,0.725,29,0.744731973905989,0.554625712957911
66.308,0.686,27.44,0.62230028516916,0.387257644921617
66.325,0.569,22.76,0.363078054770101,0.131825673855641
66.326,0.673,26.92,0.586138164514029,0.343557947899875
66.344,0.595,23.8,0.409260659730011,0.167494287602644
66.362,0.362,14.48,0.139958732257262,0.0195884467350599
66.362,0.621,24.84,0.461317574560379,0.212813904598271
66.381,0.44,17.6,0.200447202736516,0.040179081084894
66.398,0.336,13.44,0.124165230759241,0.0154170045294956
66.399,0.492,19.68,0.254683025258504,0.0648634433548238
66.417,0.22,8.8,0.0727779804536824,0.00529663443891658
66.435,0.544,21.76,0.323593656929628,0.10471285480509
66.435,0.194,7.76,0.0645654229034656,0.00416869383470336
66.452,0.518,20.72,0.287078058202469,0.0824138115013002
66.471,0.647,25.88,0.519995996533516,0.270395836410884
66.471,0.479,19.16,0.239883291901949,0.0575439937337157
66.489,0.647,25.88,0.519995996533516,0.270395836410884
66.507,0.414,16.56,0.177827941003892,0.0316227766016838
66.507,0.608,24.32,0.434510224171571,0.188799134909629
66.525,0.699,27.96,0.660693448007596,0.436515832240166
66.542,0.582,23.28,0.385478357665772,0.148593564228701
66.543,0.686,27.44,0.62230028516916,0.387257644921617
66.561,0.712,28.48,0.701455298419971,0.492039535681451
66.58,0.66,26.4,0.552077439280757,0.304789498962798
66.58,0.712,28.48,0.701455298419971,0.492039535681451
66.599,0.725,29,0.744731973905989,0.554625712957911
66.599,0.712,28.48,0.701455298419971,0.492039535681451
66.619,0.725,29,0.744731973905989,0.554625712957911
66.638,0.686,27.44,0.62230028516916,0.387257644921617
66.638,0.712,28.48,0.701455298419971,0.492039535681451
66.658,0.712,28.48,0.701455298419971,0.492039535681451
66.675,0.673,26.92,0.586138164514029,0.343557947899875
66.675,0.712,28.48,0.701455298419971,0.492039535681451
66.693,0.686,27.44,0.62230028516916,0.387257644921617
66.713,0.582,23.28,0.385478357665772,0.148593564228701
66.713,0.699,27.96,0.660693448007596,0.436515832240166
66.733,0.608,24.32,0.434510224171571,0.188799134909629
66.733,0.401,16.04,0.167494287602644,0.0280543363795171
66.751,0.634,25.36,0.489778819368446,0.239883291901949
66.77,0.479,19.16,0.239883291901949,0.0575439937337157
66.77,0.298,11.92,0.10423174293933,0.0108642562361707
66.79,0.518,20.72,0.287078058202469,0.0824138115013002
66.79,0.155,6.2,0.0539510622515128,0.00291071711806661
66.807,0.518,20.72,0.287078058202469,0.0824138115013002
66.825,0.246,9.84,0.0820351544329818,0.00672976656284318
66.825,0.479,19.16,0.239883291901949,0.0575439937337157
66.844,0.634,25.36,0.489778819368446,0.239883291901949
66.863,0.44,17.6,0.200447202736516,0.040179081084894
66.863,0.647,25.88,0.519995996533516,0.270395836410884
66.882,0.349,13.96,0.131825673855641,0.0173780082874937
66.901,0.608,24.32,0.434510224171571,0.188799134909629
66.901,0.686,27.44,0.62230028516916,0.387257644921617
66.919,0.556,22.24,0.341979442513709,0.116949939101987
66.937,0.66,26.4,0.552077439280757,0.304789498962798
66.937,0.725,29,0.744731973905989,0.554625712957911
66.962,0.647,25.88,0.519995996533516,0.270395836410884
66.962,0.699,27.96,0.660693448007596,0.436515832240166
66.984,0.725,29,0.744731973905989,0.554625712957911
66.984,0.699,27.96,0.660693448007596,0.436515832240166
67.003,0.699,27.96,0.660693448007596,0.436515832240166
67.023,0.699,27.96,0.660693448007596,0.436515832240166
67.023,0.712,28.48,0.701455298419971,0.492039535681451
67.041,0.699,27.96,0.660693448007596,0.436515832240166
67.041,0.647,25.88,0.519995996533516,0.270395836410884
67.06,0.712,28.48,0.701455298419971,0.492039535681451
67.08,0.673,26.92,0.586138164514029,0.343557947899875
67.08,0.582,23.28,0.385478357665772,0.148593564228701
67.098,0.673,26.92,0.586138164514029,0.343557947899875
67.116,0.582,23.28,0.385478357665772,0.148593564228701
67.116,0.427,17.08,0.188799134909629,0.0356451133426244
67.136,0.621,24.84,0.461317574560379,0.212813904598271
67.136,0.466,18.64,0.225943577022098,0.0510504999975407
67.154,0.233,9.32,0.0772680585095702,0.00597035286583837
67.173,0.518,20.72,0.287078058202469,0.0824138115013002
67.173,0.194,7.76,0.0645654229034656,0.00416869383470336
67.192,0.479,19.16,0.239883291901949,0.0575439937337157
67.21,0.259,10.36,0.0870963589956081,0.00758577575029184
67.21,0.427,17.08,0.188799134909629,0.0356451133426244
67.229,0.595,23.8,0.409260659730011,0.167494287602644
67.248,0.375,15,0.148593564228701,0.022080047330189
67.248,0.569,22.76,0.363078054770101,0.131825673855641
67.265,0.427,17.08,0.188799134909629,0.0356451133426244
67.266,0.544,21.76,0.323593656929628,0.10471285480509
67.285,0.647,25.88,0.519995996533516,0.270395836410884
67.304,0.531,21.24,0.304789498962798,0.0928966386779936
67.304,0.634,25.36,0.489778819368446,0.239883291901949
67.323,0.686,27.44,0.62230028516916,0.387257644921617
67.342,0.608,24.32,0.434510224171571,0.188799134909629
67.342,0.673,26.92,0.586138164514029,0.343557947899875
67.36,0.686,27.44,0.62230028516916,0.387257644921617
67.379,0.673,26.92,0.586138164514029,0.343557947899875
67.379,0.686,27.44,0.62230028516916,0.387257644921617
67.398,0.686,27.44,0.62230028516916,0.387257644921617
67.399,0.686,27.44,0.62230028516916,0.387257644921617
67.417,0.686,27.44,0.62230028516916,0.387257644921617
67.435,0.647,25.88,0.519995996533516,0.270395836410884
67.435,0.686,27.44,0.62230028516916,0.387257644921617
67.453,0.66,26.4,0.552077439280757,0.304789498962798
67.472,0.582,23.28,0.385478357665772,0.148593564228701
67.472,0.66,26.4,0.552077439280757,0.304789498962798
67.49,0.608,24.32,0.434510224171571,0.188799134909629
67.509,0.466,18.64,0.225943577022098,0.0510504999975407
67.509,0.621,24.84,0.461317574560379,0.212813904598271
67.527,0.492,19.68,0.254683025258504,0.0648634433548238
67.547,0.246,9.84,0.0820351544329818,0.00672976656284318
67.547,0.531,21.24,0.304789498962798,0.0928966386779936
67.565,0.22,8.8,0.0727779804536824,0.00529663443891658
67.565,0.479,19.16,0.239883291901949,0.0575439937337157
67.584,0.311,12.44,0.110662378397767,0.0122461619926505
67.603,0.401,16.04,0.167494287602644,0.0280543363795171
67.603,0.582,23.28,0.385478357665772,0.148593564228701
67.622,0.311,12.44,0.110662378397767,0.0122461619926505
67.639,0.531,21.24,0.304789498962798,0.0928966386779936
67.64,0.207,8.28,0.0685488226452661,0.00469894108605215
67.658,0.518,20.72,0.287078058202469,0.0824138115013002
67.676,0.608,24.32,0.434510224171571,0.188799134909629
67.676,0.505,20.2,0.270395836410884,0.0731139083483417
67.694,0.582,23.28,0.385478357665772,0.148593564228701
67.712,0.621,24.84,0.461317574560379,0.212813904598271
67.712,0.556,22.24,0.341979442513709,0.116949939101987
67.73,0.608,24.32,0.434510224171571,0.188799134909629
67.748,0.608,24.32,0.434510224171571,0.188799134909629
67.748,0.556,22.24,0.341979442513709,0.116949939101987
67.765,0.595,23.8,0.409260659730011,0.167494287602644
67.784,0.569,22.76,0.363078054770101,0.131825673855641
67.784,0.556,22.24,0.341979442513709,0.116949939101987
67.802,0.556,22.24,0.341979442513709,0.116949939101987
67.802,0.518,20.72,0.287078058202469,0.0824138115013002
67.821,0.556,22.24,0.341979442513709,0.116949939101987
67.838,0.531,21.24,0.304789498962798,0.0928966386779936
67.838,0.492,19.68,0.254683025258504,0.0648634433548238
67.857,0.582,23.28,0.385478357665772,0.148593564228701
67.874,0.544,21.76,0.323593656929628,0.10471285480509
67.874,0.44,17.6,0.200447202736516,0.040179081084894
67.893,0.595,23.8,0.409260659730011,0.167494287602644
67.911,0.492,19.68,0.254683025258504,0.0648634433548238
67.911,0.168,6.72,0.0572796030985829,0.00328095293113119
67.929,0.556,22.24,0.341979442513709,0.116949939101987
67.947,0.298,11.92,0.10423174293933,0.0108642562361707
67.947,0.453,18.12,0.212813904598271,0.0452897579903621
67.965,0.401,16.04,0.167494287602644,0.0280543363795171
67.985,0.401,16.04,0.167494287602644,0.0280543363795171
67.985,0.621,24.84,0.461317574560379,0.212813904598271
68.002,0.324,12.96,0.117489755493953,0.0138038426460288
68.02,0.608,24.32,0.434510224171571,0.188799134909629
68.02,0.207,8.28,0.0685488226452661,0.00469894108605215
68.038,0.582,23.28,0.385478357665772,0.148593564228701
68.057,0.699,27.96,0.660693448007596,0.436515832240166
68.057,0.544,21.76,0.323593656929628,0.10471285480509
68.075,0.699,27.96,0.660693448007596,0.436515832240166
68.093,0.751,30.04,0.839459986519397,0.704693068967147
68.093,0.686,27.44,0.62230028516916,0.387257644921617
68.111,0.751,30.04,0.839459986519397,0.704693068967147
68.128,0.776,31.04,0.941889596522841,0.887156012037961
68.128,0.738,29.52,0.790678627999825,0.625172692775686
68.147,0.776,31.04,0.941889596522841,0.887156012037961
68.164,0.776,31.04,0.941889596522841,0.887156012037961
68.164,0.764,30.56,0.891250938133746,0.794328234724282
68.183,0.764,30.56,0.891250938133746,0.794328234724282
68.2,0.725,29,0.744731973905989,0.554625712957911
68.2,0.738,29.52,0.790678627999825,0.625172692775686
68.219,0.712,28.48,0.701455298419971,0.492039535681451
68.237,0.634,25.36,0.489778819368446,0.239883291901949
68.237,0.686,27.44,0.62230028516916,0.387257644921617
68.254,0.608,24.32,0.434510224171571,0.188799134909629
68.254,0.466,18.64,0.225943577022098,0.0510504999975407
68.273,0.582,23.28,0.385478357665772,0.148593564228701
68.291,0.453,18.12,0.212813904598271,0.0452897579903621
68.291,0.181,7.24,0.0608135001278718,0.00369828179780266
68.309,0.427,17.08,0.188799134909629,0.0356451133426244
68.327,0.272,10.88,0.0924698173938222,0.00855066712884683
68.327,0.246,9.84,0.0820351544329818,0.00672976656284318
68.345,0.233,9.32,0.0772680585095702,0.00597035286583837
68.363,0.246,9.84,0.0820351544329818,0.00672976656284318
68.363,0.298,11.92,0.10423174293933,0.0108642562361707
68.383,0.22,8.8,0.0727779804536824,0.00529663443891658
68.401,0.518,20.72,0.287078058202469,0.0824138115013002
68.401,0.142,5.68,0.0508159442560561,0.0025822601906346
68.418,0.259,10.36,0.0870963589956081,0.00758577575029184
68.436,0.336,13.44,0.124165230759241,0.0154170045294956
68.436,0.207,8.28,0.0685488226452661,0.00469894108605215
68.455,0.349,13.96,0.131825673855641,0.0173780082874937
68.473,0.44,17.6,0.200447202736516,0.040179081084894
68.473,0.375,15,0.148593564228701,0.022080047330189
68.491,0.466,18.64,0.225943577022098,0.0510504999975407
68.511,0.505,20.2,0.270395836410884,0.0731139083483417
68.511,0.466,18.64,0.225943577022098,0.0510504999975407
68.528,0.518,20.72,0.287078058202469,0.0824138115013002
68.528,0.531,21.24,0.304789498962798,0.0928966386779936
68.546,0.556,22.24,0.341979442513709,0.116949939101987
68.564,0.556,22.24,0.341979442513709,0.116949939101987
68.582,0.544,21.76,0.323593656929628,0.10471285480509
68.582,0.582,23.28,0.385478357665772,0.148593564228701
68.601,0.582,23.28,0.385478357665772,0.148593564228701
68.601,0.531,21.24,0.304789498962798,0.0928966386779936
68.619,0.595,23.8,0.409260659730011,0.167494287602644
68.637,0.569,22.76,0.363078054770101,0.131825673855641
68.637,0.466,18.64,0.225943577022098,0.0510504999975407
68.655,0.608,24.32,0.434510224171571,0.188799134909629
68.672,0.518,20.72,0.287078058202469,0.0824138115013002
68.672,0.285,11.4,0.0981747943019984,0.0096382902362397
68.69,0.582,23.28,0.385478357665772,0.148593564228701
68.708,0.569,22.76,0.363078054770101,0.131825673855641
68.708,0.388,15.52,0.157761126969935,0.0248885731828239
68.726,0.466,18.64,0.225943577022098,0.0510504999975407
68.744,0.311,12.44,0.110662378397767,0.0122461619926505
68.744,0.595,23.8,0.409260659730011,0.167494287602644
68.762,0.168,6.72,0.0572796030985829,0.00328095293113119
68.779,0.556,22.24,0.341979442513709,0.116949939101987
68.779,0.686,27.44,0.62230028516916,0.387257644921617
68.797,0.531,21.24,0.304789498962798,0.0928966386779936
68.815,0.673,26.92,0.586138164514029,0.343557947899875
68.815,0.479,19.16,0.239883291901949,0.0575439937337157
68.832,0.647,25.88,0.519995996533516,0.270395836410884
68.85,0.725,29,0.744731973905989,0.554625712957911
68.85,0.647,25.88,0.519995996533516,0.270395836410884
68.869,0.712,28.48,0.701455298419971,0.492039535681451
68.886,0.738,29.52,0.790678627999825,0.625172692775686
68.886,0.699,27.96,0.660693448007596,0.436515832240166
68.904,0.738,29.52,0.790678627999825,0.625172692775686
68.923,0.738,29.52,0.790678627999825,0.625172692775686
68.923,0.738,29.52,0.790678627999825,0.625172692775686
68.94,0.751,30.04,0.839459986519397,0.704693068967147
68.958,0.725,29,0.744731973905989,0.554625712957911
68.958,0.751,30.04,0.839459986519397,0.704693068967147
68.976,0.738,29.52,0.790678627999825,0.625172692775686
68.994,0.66,26.4,0.552077439280757,0.304789498962798
68.994,0.738,29.52,0.790678627999825,0.625172692775686
69.013,0.686,27.44,0.62230028516916,0.387257644921617
69.031,0.634,25.36,0.489778819368446,0.239883291901949
69.031,0.686,27.44,0.62230028516916,0.387257644921617
69.049,0.608,24.32,0.434510224171571,0.188799134909629
69.068,0.349,13.96,0.131825673855641,0.0173780082874937
69.068,0.634,25.36,0.489778819368446,0.239883291901949
69.086,0.44,17.6,0.200447202736516,0.040179081084894
69.104,0.349,13.96,0.131825673855641,0.0173780082874937
69.104,0.492,19.68,0.254683025258504,0.0648634433548238
69.123,0.531,21.24,0.304789498962798,0.0928966386779936
69.142,0.556,22.24,0.341979442513709,0.116949939101987
69.142,0.246,9.84,0.0820351544329818,0.00672976656284318
69.16,0.518,20.72,0.287078058202469,0.0824138115013002
69.16,0.647,25.88,0.519995996533516,0.270395836410884
69.178,0.479,19.16,0.239883291901949,0.0575439937337157
69.197,0.621,24.84,0.461317574560379,0.212813904598271
69.197,0.414,16.56,0.177827941003892,0.0316227766016838
69.215,0.608,24.32,0.434510224171571,0.188799134909629
69.233,0.673,26.92,0.586138164514029,0.343557947899875
69.233,0.569,22.76,0.363078054770101,0.131825673855641
69.25,0.66,26.4,0.552077439280757,0.304789498962798
69.268,0.712,28.48,0.701455298419971,0.492039535681451
69.268,0.647,25.88,0.519995996533516,0.270395836410884
69.286,0.699,27.96,0.660693448007596,0.436515832240166
69.305,0.699,27.96,0.660693448007596,0.436515832240166
69.305,0.686,27.44,0.62230028516916,0.387257644921617
69.322,0.699,27.96,0.660693448007596,0.436515832240166
69.34,0.686,27.44,0.62230028516916,0.387257644921617
69.34,0.712,28.48,0.701455298419971,0.492039535681451
69.357,0.686,27.44,0.62230028516916,0.387257644921617
69.375,0.647,25.88,0.519995996533516,0.270395836410884
69.375,0.699,27.96,0.660693448007596,0.436515832240166
69.395,0.634,25.36,0.489778819368446,0.239883291901949
69.414,0.544,21.76,0.323593656929628,0.10471285480509
69.414,0.647,25.88,0.519995996533516,0.270395836410884
69.432,0.595,23.8,0.409260659730011,0.167494287602644
69.45,0.336,13.44,0.124165230759241,0.0154170045294956
69.45,0.569,22.76,0.363078054770101,0.131825673855641
69.468,0.401,16.04,0.167494287602644,0.0280543363795171
69.487,0.259,10.36,0.0870963589956081,0.00758577575029184
69.487,0.44,17.6,0.200447202736516,0.040179081084894
69.505,0.168,6.72,0.0572796030985829,0.00328095293113119
69.522,0.466,18.64,0.225943577022098,0.0510504999975407
69.522,0.259,10.36,0.0870963589956081,0.00758577575029184
69.54,0.44,17.6,0.200447202736516,0.040179081084894
69.559,0.556,22.24,0.341979442513709,0.116949939101987
69.559,0.388,15.52,0.157761126969935,0.0248885731828239
69.577,0.531,21.24,0.304789498962798,0.0928966386779936
69.577,0.298,11.92,0.10423174293933,0.0108642562361707
69.597,0.505,20.2,0.270395836410884,0.0731139083483417
69.615,0.582,23.28,0.385478357665772,0.148593564228701
69.615,0.479,19.16,0.239883291901949,0.0575439937337157
69.635,0.608,24.32,0.434510224171571,0.188799134909629
69.636,0.608,24.32,0.434510224171571,0.188799134909629
69.656,0.544,21.76,0.323593656929628,0.10471285480509
69.674,0.582,23.28,0.385478357665772,0.148593564228701
69.674,0.595,23.8,0.409260659730011,0.167494287602644
69.692,0.569,22.76,0.363078054770101,0.131825673855641
69.711,0.582,23.28,0.385478357665772,0.148593564228701
69.711,0.556,22.24,0.341979442513709,0.116949939101987
69.729,0.569,22.76,0.363078054770101,0.131825673855641
69.748,0.556,22.24,0.341979442513709,0.116949939101987
69.748,0.505,20.2,0.270395836410884,0.0731139083483417
69.766,0.556,22.24,0.341979442513709,0.116949939101987
69.783,0.505,20.2,0.270395836410884,0.0731139083483417
69.784,0.427,17.08,0.188799134909629,0.0356451133426244
69.802,0.505,20.2,0.270395836410884,0.0731139083483417
69.82,0.466,18.64,0.225943577022098,0.0510504999975407
69.82,0.272,10.88,0.0924698173938222,0.00855066712884683
69.838,0.453,18.12,0.212813904598271,0.0452897579903621
69.838,0.324,12.96,0.117489755493953,0.0138038426460288
69.857,0.168,6.72,0.0572796030985829,0.00328095293113119
69.876,0.336,13.44,0.124165230759241,0.0154170045294956
69.876,0.207,8.28,0.0685488226452661,0.00469894108605215
69.894,0.311,12.44,0.110662378397767,0.0122461619926505
69.912,0.22,8.8,0.0727779804536824,0.00529663443891658
69.912,0.272,10.88,0.0924698173938222,0.00855066712884683
69.932,0.427,17.08,0.188799134909629,0.0356451133426244
69.949,0.246,9.84,0.0820351544329818,0.00672976656284318
69.949,0.388,15.52,0.157761126969935,0.0248885731828239
69.968,0.194,7.76,0.0645654229034656,0.00416869383470336
69.986,0.349,13.96,0.131825673855641,0.0173780082874937
69.986,0.453,18.12,0.212813904598271,0.0452897579903621
70.005,0.324,12.96,0.117489755493953,0.0138038426460288
70.005,0.414,16.56,0.177827941003892,0.0316227766016838
70.025,0.466,18.64,0.225943577022098,0.0510504999975407
70.043,0.414,16.56,0.177827941003892,0.0316227766016838
70.043,0.466,18.64,0.225943577022098,0.0510504999975407
70.062,0.466,18.64,0.225943577022098,0.0510504999975407
70.081,0.453,18.12,0.212813904598271,0.0452897579903621
70.081,0.466,18.64,0.225943577022098,0.0510504999975407
70.101,0.453,18.12,0.212813904598271,0.0452897579903621
70.101,0.466,18.64,0.225943577022098,0.0510504999975407
70.121,0.44,17.6,0.200447202736516,0.040179081084894
70.14,0.414,16.56,0.177827941003892,0.0316227766016838
70.14,0.453,18.12,0.212813904598271,0.0452897579903621
70.16,0.427,17.08,0.188799134909629,0.0356451133426244
70.179,0.349,13.96,0.131825673855641,0.0173780082874937
70.179,0.427,17.08,0.188799134909629,0.0356451133426244
70.198,0.375,15,0.148593564228701,0.022080047330189
70.198,0.272,10.88,0.0924698173938222,0.00855066712884683
70.219,0.388,15.52,0.157761126969935,0.0248885731828239
70.239,0.285,11.4,0.0981747943019984,0.0096382902362397
70.239,0.466,18.64,0.225943577022098,0.0510504999975407
70.259,0.311,12.44,0.110662378397767,0.0122461619926505
70.259,0.207,8.28,0.0685488226452661,0.00469894108605215
70.278,0.285,11.4,0.0981747943019984,0.0096382902362397
70.297,0.168,6.72,0.0572796030985829,0.00328095293113119
70.297,0.272,10.88,0.0924698173938222,0.00855066712884683
70.318,0.401,16.04,0.167494287602644,0.0280543363795171
70.318,0.194,7.76,0.0645654229034656,0.00416869383470336
70.338,0.375,15,0.148593564228701,0.022080047330189
70.338,0.194,7.76,0.0645654229034656,0.00416869383470336
70.358,0.349,13.96,0.131825673855641,0.0173780082874937
70.377,0.453,18.12,0.212813904598271,0.0452897579903621
70.377,0.336,13.44,0.124165230759241,0.0154170045294956
70.396,0.453,18.12,0.212813904598271,0.0452897579903621
70.415,0.492,19.68,0.254683025258504,0.0648634433548238
70.415,0.44,17.6,0.200447202736516,0.040179081084894
70.434,0.492,19.68,0.254683025258504,0.0648634433548238
70.434,0.531,21.24,0.304789498962798,0.0928966386779936
70.454,0.595,23.8,0.409260659730011,0.167494287602644
70.474,0.531,21.24,0.304789498962798,0.0928966386779936
70.474,0.531,21.24,0.304789498962798,0.0928966386779936
70.495,0.544,21.76,0.323593656929628,0.10471285480509
70.495,0.531,21.24,0.304789498962798,0.0928966386779936
70.514,0.505,20.2,0.270395836410884,0.0731139083483417
70.533,0.544,21.76,0.323593656929628,0.10471285480509
70.533,0.518,20.72,0.287078058202469,0.0824138115013002
70.552,0.595,23.8,0.409260659730011,0.167494287602644
70.554,0.544,21.76,0.323593656929628,0.10471285480509
70.573,0.479,19.16,0.239883291901949,0.0575439937337157
70.592,0.349,13.96,0.131825673855641,0.0173780082874937
70.592,0.505,20.2,0.270395836410884,0.0731139083483417
70.611,0.401,16.04,0.167494287602644,0.0280543363795171
70.63,0.168,6.72,0.0572796030985829,0.00328095293113119
70.63,0.44,17.6,0.200447202736516,0.040179081084894
70.65,0.233,9.32,0.0772680585095702,0.00597035286583837
70.65,0.375,15,0.148593564228701,0.022080047330189
70.67,0.246,9.84,0.0820351544329818,0.00672976656284318
70.689,0.324,12.96,0.117489755493953,0.0138038426460288
70.689,0.505,20.2,0.270395836410884,0.0731139083483417
70.708,0.272,10.88,0.0924698173938222,0.00855066712884683
70.708,0.479,19.16,0.239883291901949,0.0575439937337157
70.729,0.207,8.28,0.0685488226452661,0.00469894108605215
70.748,0.466,18.64,0.225943577022098,0.0510504999975407
70.748,0.621,24.84,0.461317574560379,0.212813904598271
70.767,0.427,17.08,0.188799134909629,0.0356451133426244
70.767,0.556,22.24,0.341979442513709,0.116949939101987
70.786,0.621,24.84,0.461317574560379,0.212813904598271
70.806,0.556,22.24,0.341979442513709,0.116949939101987
70.806,0.621,24.84,0.461317574560379,0.212813904598271
70.824,0.647,25.88,0.519995996533516,0.270395836410884
70.843,0.608,24.32,0.434510224171571,0.188799134909629
70.843,0.647,25.88,0.519995996533516,0.270395836410884
70.862,0.686,27.44,0.62230028516916,0.387257644921617
70.88,0.647,25.88,0.519995996533516,0.270395836410884
70.88,0.66,26.4,0.552077439280757,0.304789498962798
70.899,0.621,24.84,0.461317574560379,0.212813904598271
70.899,0.673,26.92,0.586138164514029,0.343557947899875
70.918,0.647,25.88,0.519995996533516,0.270395836410884
70.938,0.569,22.76,0.363078054770101,0.131825673855641
70.938,0.647,25.88,0.519995996533516,0.270395836410884
70.958,0.673,26.92,0.586138164514029,0.343557947899875
70.958,0.466,18.64,0.225943577022098,0.0510504999975407
70.978,0.621,24.84,0.461317574560379,0.212813904598271
70.999,0.505,20.2,0.270395836410884,0.0731139083483417
70.999,0.168,6.72,0.0572796030985829,0.00328095293113119
71.019,0.531,21.24,0.304789498962798,0.0928966386779936
71.019,0.246,9.84,0.0820351544329818,0.00672976656284318
71.04,0.427,17.08,0.188799134909629,0.0356451133426244
71.042,0.362,14.48,0.139958732257262,0.0195884467350599
71.063,0.362,14.48,0.139958732257262,0.0195884467350599
71.085,0.569,22.76,0.363078054770101,0.131825673855641
71.085,0.298,11.92,0.10423174293933,0.0108642562361707
71.107,0.544,21.76,0.323593656929628,0.10471285480509
71.108,0.246,9.84,0.0820351544329818,0.00672976656284318
71.127,0.531,21.24,0.304789498962798,0.0928966386779936
71.127,0.647,25.88,0.519995996533516,0.270395836410884
71.147,0.492,19.68,0.254683025258504,0.0648634433548238
71.166,0.621,24.84,0.461317574560379,0.212813904598271
71.166,0.699,27.96,0.660693448007596,0.436515832240166
71.186,0.621,24.84,0.461317574560379,0.212813904598271
71.186,0.686,27.44,0.62230028516916,0.387257644921617
71.206,0.725,29,0.744731973905989,0.554625712957911
71.227,0.686,27.44,0.62230028516916,0.387257644921617
71.227,0.725,29,0.744731973905989,0.554625712957911
71.247,0.725,29,0.744731973905989,0.554625712957911
71.247,0.712,28.48,0.701455298419971,0.492039535681451
71.268,0.725,29,0.744731973905989,0.554625712957911
71.268,0.699,27.96,0.660693448007596,0.436515832240166
71.288,0.738,29.52,0.790678627999825,0.625172692775686
71.309,0.712,28.48,0.701455298419971,0.492039535681451
71.309,0.66,26.4,0.552077439280757,0.304789498962798
71.331,0.712,28.48,0.701455298419971,0.492039535681451
71.331,0.673,26.92,0.586138164514029,0.343557947899875
71.351,0.544,21.76,0.323593656929628,0.10471285480509
71.351,0.686,27.44,0.62230028516916,0.387257644921617
71.371,0.582,23.28,0.385478357665772,0.148593564228701
71.39,0.285,11.4,0.0981747943019984,0.0096382902362397
71.39,0.608,24.32,0.434510224171571,0.188799134909629
71.41,0.375,15,0.148593564228701,0.022080047330189
71.429,0.453,18.12,0.212813904598271,0.0452897579903621
71.429,0.466,18.64,0.225943577022098,0.0510504999975407
71.448,0.362,14.48,0.139958732257262,0.0195884467350599
71.448,0.621,24.84,0.461317574560379,0.212813904598271
71.468,0.608,24.32,0.434510224171571,0.188799134909629
71.487,0.582,23.28,0.385478357665772,0.148593564228701
71.487,0.362,14.48,0.139958732257262,0.0195884467350599
71.506,0.556,22.24,0.341979442513709,0.116949939101987
71.506,0.686,27.44,0.62230028516916,0.387257644921617
71.525,0.505,20.2,0.270395836410884,0.0731139083483417
71.546,0.673,26.92,0.586138164514029,0.343557947899875
71.546,0.738,29.52,0.790678627999825,0.625172692775686
71.566,0.66,26.4,0.552077439280757,0.304789498962798
71.566,0.725,29,0.744731973905989,0.554625712957911
71.585,0.751,30.04,0.839459986519397,0.704693068967147
71.605,0.712,28.48,0.701455298419971,0.492039535681451
71.605,0.751,30.04,0.839459986519397,0.704693068967147
71.624,0.764,30.56,0.891250938133746,0.794328234724282
71.645,0.751,30.04,0.839459986519397,0.704693068967147
71.645,0.764,30.56,0.891250938133746,0.794328234724282
71.664,0.738,29.52,0.790678627999825,0.625172692775686
71.664,0.764,30.56,0.891250938133746,0.794328234724282
71.685,0.738,29.52,0.790678627999825,0.625172692775686
71.685,0.686,27.44,0.62230028516916,0.387257644921617
71.704,0.751,30.04,0.839459986519397,0.704693068967147
71.724,0.699,27.96,0.660693448007596,0.436515832240166
71.724,0.582,23.28,0.385478357665772,0.148593564228701
71.744,0.712,28.48,0.701455298419971,0.492039535681451
71.744,0.608,24.32,0.434510224171571,0.188799134909629
71.764,0.324,12.96,0.117489755493953,0.0138038426460288
71.783,0.634,25.36,0.489778819368446,0.239883291901949
71.784,0.492,19.68,0.254683025258504,0.0648634433548238
71.804,0.414,16.56,0.177827941003892,0.0316227766016838
71.805,0.479,19.16,0.239883291901949,0.0575439937337157
71.824,0.336,13.44,0.124165230759241,0.0154170045294956
71.845,0.595,23.8,0.409260659730011,0.167494287602644
71.845,0.22,8.8,0.0727779804536824,0.00529663443891658
71.864,0.582,23.28,0.385478357665772,0.148593564228701
71.864,0.686,27.44,0.62230028516916,0.387257644921617
71.884,0.531,21.24,0.304789498962798,0.0928966386779936
71.904,0.686,27.44,0.62230028516916,0.387257644921617
71.904,0.492,19.68,0.254683025258504,0.0648634433548238
71.924,0.66,26.4,0.552077439280757,0.304789498962798
71.924,0.738,29.52,0.790678627999825,0.625172692775686
71.945,0.647,25.88,0.519995996533516,0.270395836410884
71.964,0.725,29,0.744731973905989,0.554625712957911
71.964,0.764,30.56,0.891250938133746,0.794328234724282
71.983,0.712,28.48,0.701455298419971,0.492039535681451
71.983,0.738,29.52,0.790678627999825,0.625172692775686
72.001,0.764,30.56,0.891250938133746,0.794328234724282
72.02,0.751,30.04,0.839459986519397,0.704693068967147
72.02,0.751,30.04,0.839459986519397,0.704693068967147
72.039,0.751,30.04,0.839459986519397,0.704693068967147
72.059,0.764,30.56,0.891250938133746,0.794328234724282
72.059,0.751,30.04,0.839459986519397,0.704693068967147
72.078,0.712,28.48,0.701455298419971,0.492039535681451
72.078,0.751,30.04,0.839459986519397,0.704693068967147
72.096,0.712,28.48,0.701455298419971,0.492039535681451
72.116,0.595,23.8,0.409260659730011,0.167494287602644
72.116,0.725,29,0.744731973905989,0.554625712957911
72.134,0.634,25.36,0.489778819368446,0.239883291901949
72.154,0.375,15,0.148593564228701,0.022080047330189
72.154,0.66,26.4,0.552077439280757,0.304789498962798
72.172,0.466,18.64,0.225943577022098,0.0510504999975407
72.192,0.375,15,0.148593564228701,0.022080047330189
72.192,0.518,20.72,0.287078058202469,0.0824138115013002
72.211,0.246,9.84,0.0820351544329818,0.00672976656284318
72.211,0.595,23.8,0.409260659730011,0.167494287602644
72.23,0.194,7.76,0.0645654229034656,0.00416869383470336
72.25,0.556,22.24,0.341979442513709,0.116949939101987
72.25,0.686,27.44,0.62230028516916,0.387257644921617
72.267,0.518,20.72,0.287078058202469,0.0824138115013002
72.267,0.673,26.92,0.586138164514029,0.343557947899875
72.287,0.479,19.16,0.239883291901949,0.0575439937337157
72.307,0.647,25.88,0.519995996533516,0.270395836410884
72.307,0.725,29,0.744731973905989,0.554625712957911
72.326,0.621,24.84,0.461317574560379,0.212813904598271
72.345,0.712,28.48,0.701455298419971,0.492039535681451
72.345,0.751,30.04,0.839459986519397,0.704693068967147
72.364,0.699,27.96,0.660693448007596,0.436515832240166
72.364,0.738,29.52,0.790678627999825,0.625172692775686
72.383,0.751,30.04,0.839459986519397,0.704693068967147
72.401,0.738,29.52,0.790678627999825,0.625172692775686
72.401,0.751,30.04,0.839459986519397,0.704693068967147
72.42,0.725,29,0.744731973905989,0.554625712957911
72.44,0.751,30.04,0.839459986519397,0.704693068967147
72.44,0.738,29.52,0.790678627999825,0.625172692775686
72.459,0.686,27.44,0.62230028516916,0.387257644921617
72.459,0.738,29.52,0.790678627999825,0.625172692775686
72.478,0.699,27.96,0.660693448007596,0.436515832240166
72.496,0.569,22.76,0.363078054770101,0.131825673855641
72.496,0.712,28.48,0.701455298419971,0.492039535681451
72.516,0.621,24.84,0.461317574560379,0.212813904598271
72.536,0.414,16.56,0.177827941003892,0.0316227766016838
72.536,0.634,25.36,0.489778819368446,0.239883291901949
72.556,0.479,19.16,0.239883291901949,0.0575439937337157
72.556,0.285,11.4,0.0981747943019984,0.0096382902362397
72.575,0.518,20.72,0.287078058202469,0.0824138115013002
72.596,0.142,5.68,0.0508159442560561,0.0025822601906346
72.596,0.544,21.76,0.323593656929628,0.10471285480509
72.615,0.168,6.72,0.0572796030985829,0.00328095293113119
72.615,0.505,20.2,0.270395836410884,0.0731139083483417
72.635,0.66,26.4,0.552077439280757,0.304789498962798
72.655,0.466,18.64,0.225943577022098,0.0510504999975407
72.655,0.621,24.84,0.461317574560379,0.212813904598271
72.673,0.388,15.52,0.157761126969935,0.0248885731828239
72.673,0.595,23.8,0.409260659730011,0.167494287602644
72.693,0.699,27.96,0.660693448007596,0.436515832240166
72.713,0.569,22.76,0.363078054770101,0.131825673855641
72.713,0.673,26.92,0.586138164514029,0.343557947899875
72.732,0.725,29,0.744731973905989,0.554625712957911
72.752,0.66,26.4,0.552077439280757,0.304789498962798
72.752,0.712,28.48,0.701455298419971,0.492039535681451
72.771,0.725,29,0.744731973905989,0.554625712957911
72.771,0.699,27.96,0.660693448007596,0.436515832240166
72.789,0.738,29.52,0.790678627999825,0.625172692775686
72.809,0.712,28.48,0.701455298419971,0.492039535681451
72.809,0.725,29,0.744731973905989,0.554625712957911
72.827,0.725,29,0.744731973905989,0.554625712957911
72.847,0.66,26.4,0.552077439280757,0.304789498962798
72.847,0.725,29,0.744731973905989,0.554625712957911
72.865,0.686,27.44,0.62230028516916,0.387257644921617
72.865,0.582,23.28,0.385478357665772,0.148593564228701
72.884,0.699,27.96,0.660693448007596,0.436515832240166
72.902,0.608,24.32,0.434510224171571,0.188799134909629
72.902,0.44,17.6,0.200447202736516,0.040179081084894
72.921,0.621,24.84,0.461317574560379,0.212813904598271
72.94,0.479,19.16,0.239883291901949,0.0575439937337157
72.94,0.207,8.28,0.0685488226452661,0.00469894108605215
72.958,0.518,20.72,0.287078058202469,0.0824138115013002
72.958,0.324,12.96,0.117489755493953,0.0138038426460288
72.977,0.505,20.2,0.270395836410884,0.0731139083483417
72.997,0.207,8.28,0.0685488226452661,0.00469894108605215
72.997,0.492,19.68,0.254683025258504,0.0648634433548238
73.016,0.621,24.84,0.461317574560379,0.212813904598271
73.035,0.414,16.56,0.177827941003892,0.0316227766016838
73.035,0.595,23.8,0.409260659730011,0.167494287602644
73.054,0.336,13.44,0.124165230759241,0.0154170045294956
73.073,0.569,22.76,0.363078054770101,0.131825673855641
73.073,0.66,26.4,0.552077439280757,0.304789498962798
73.091,0.544,21.76,0.323593656929628,0.10471285480509
73.091,0.647,25.88,0.519995996533516,0.270395836410884
73.11,0.673,26.92,0.586138164514029,0.343557947899875
73.132,0.634,25.36,0.489778819368446,0.239883291901949
73.132,0.673,26.92,0.586138164514029,0.343557947899875
73.153,0.686,27.44,0.62230028516916,0.387257644921617
73.153,0.673,26.92,0.586138164514029,0.343557947899875
73.174,0.699,27.96,0.660693448007596,0.436515832240166
73.174,0.686,27.44,0.62230028516916,0.387257644921617
73.193,0.686,27.44,0.62230028516916,0.387257644921617
73.212,0.673,26.92,0.586138164514029,0.343557947899875
73.212,0.634,25.36,0.489778819368446,0.239883291901949
73.23,0.673,26.92,0.586138164514029,0.343557947899875
73.248,0.621,24.84,0.461317574560379,0.212813904598271
73.249,0.569,22.76,0.363078054770101,0.131825673855641
73.268,0.66,26.4,0.552077439280757,0.304789498962798
73.287,0.582,23.28,0.385478357665772,0.148593564228701
73.287,0.427,17.08,0.188799134909629,0.0356451133426244
73.305,0.608,24.32,0.434510224171571,0.188799134909629
73.305,0.518,20.72,0.287078058202469,0.0824138115013002
73.324,0.142,5.68,0.0508159442560561,0.0025822601906346
73.343,0.505,20.2,0.270395836410884,0.0731139083483417
73.343,0.194,7.76,0.0645654229034656,0.00416869383470336
73.361,0.44,17.6,0.200447202736516,0.040179081084894
73.38,0.285,11.4,0.0981747943019984,0.0096382902362397
73.38,0.401,16.04,0.167494287602644,0.0280543363795171
73.4,0.569,22.76,0.363078054770101,0.131825673855641
73.4,0.324,12.96,0.117489755493953,0.0138038426460288
73.419,0.544,21.76,0.323593656929628,0.10471285480509
73.437,0.259,10.36,0.0870963589956081,0.00758577575029184
73.437,0.518,20.72,0.287078058202469,0.0824138115013002
73.457,0.621,24.84,0.461317574560379,0.212813904598271
73.476,0.492,19.68,0.254683025258504,0.0648634433548238
73.476,0.608,24.32,0.434510224171571,0.188799134909629
73.495,0.647,25.88,0.519995996533516,0.270395836410884
73.495,0.582,23.28,0.385478357665772,0.148593564228701
73.513,0.647,25.88,0.519995996533516,0.270395836410884
73.532,0.66,26.4,0.552077439280757,0.304789498962798
73.532,0.634,25.36,0.489778819368446,0.239883291901949
73.552,0.66,26.4,0.552077439280757,0.304789498962798
73.57,0.647,25.88,0.519995996533516,0.270395836410884
73.57,0.66,26.4,0.552077439280757,0.304789498962798
73.588,0.647,25.88,0.519995996533516,0.270395836410884
73.608,0.621,24.84,0.461317574560379,0.212813904598271
73.608,0.647,25.88,0.519995996533516,0.270395836410884
73.626,0.621,24.84,0.461317574560379,0.212813904598271
73.626,0.544,21.76,0.323593656929628,0.10471285480509
73.644,0.634,25.36,0.489778819368446,0.239883291901949
73.665,0.556,22.24,0.341979442513709,0.116949939101987
73.665,0.414,16.56,0.177827941003892,0.0316227766016838
73.683,0.569,22.76,0.363078054770101,0.131825673855641
73.702,0.453,18.12,0.212813904598271,0.0452897579903621
73.702,0.168,6.72,0.0572796030985829,0.00328095293113119
73.722,0.479,19.16,0.239883291901949,0.0575439937337157
73.722,0.22,8.8,0.0727779804536824,0.00529663443891658
73.739,0.375,15,0.148593564228701,0.022080047330189
73.758,0.285,11.4,0.0981747943019984,0.0096382902362397
73.758,0.349,13.96,0.131825673855641,0.0173780082874937
73.777,0.518,20.72,0.287078058202469,0.0824138115013002
73.795,0.272,10.88,0.0924698173938222,0.00855066712884683
73.795,0.492,19.68,0.254683025258504,0.0648634433548238
73.813,0.194,7.76,0.0645654229034656,0.00416869383470336
73.831,0.556,22.24,0.341979442513709,0.116949939101987
73.831,0.556,22.24,0.341979442513709,0.116949939101987
73.849,0.453,18.12,0.212813904598271,0.0452897579903621
73.867,0.556,22.24,0.341979442513709,0.116949939101987
73.867,0.595,23.8,0.409260659730011,0.167494287602644
73.884,0.518,20.72,0.287078058202469,0.0824138115013002
73.903,0.582,23.28,0.385478357665772,0.148593564228701
73.903,0.608,24.32,0.434510224171571,0.188799134909629
73.92,0.582,23.28,0.385478357665772,0.148593564228701
73.938,0.608,24.32,0.434510224171571,0.188799134909629
73.938,0.608,24.32,0.434510224171571,0.188799134909629
73.956,0.595,23.8,0.409260659730011,0.167494287602644
73.975,0.608,24.32,0.434510224171571,0.188799134909629
73.975,0.544,21.76,0.323593656929628,0.10471285480509
73.993,0.595,23.8,0.409260659730011,0.167494287602644
74.015,0.582,23.28,0.385478357665772,0.148593564228701
74.015,0.505,20.2,0.270395836410884,0.0731139083483417
74.035,0.621,24.84,0.461317574560379,0.212813904598271
74.036,0.518,20.72,0.287078058202469,0.0824138115013002
74.056,0.388,15.52,0.157761126969935,0.0248885731828239
74.056,0.531,21.24,0.304789498962798,0.0928966386779936
74.075,0.427,17.08,0.188799134909629,0.0356451133426244
74.094,0.181,7.24,0.0608135001278718,0.00369828179780266
74.094,0.453,18.12,0.212813904598271,0.0452897579903621
74.114,0.207,8.28,0.0685488226452661,0.00469894108605215
74.133,0.336,13.44,0.124165230759241,0.0154170045294956
74.133,0.285,11.4,0.0981747943019984,0.0096382902362397
74.156,0.259,10.36,0.0870963589956081,0.00758577575029184
74.157,0.466,18.64,0.225943577022098,0.0510504999975407
74.182,0.194,7.76,0.0645654229034656,0.00416869383470336
74.182,0.44,17.6,0.200447202736516,0.040179081084894
74.209,0.168,6.72,0.0572796030985829,0.00328095293113119
74.209,0.401,16.04,0.167494287602644,0.0280543363795171
74.21,0.518,20.72,0.287078058202469,0.0824138115013002
74.231,0.375,15,0.148593564228701,0.022080047330189
74.252,0.505,20.2,0.270395836410884,0.0731139083483417
74.252,0.608,24.32,0.434510224171571,0.188799134909629
74.274,0.479,19.16,0.239883291901949,0.0575439937337157
74.274,0.544,21.76,0.323593656929628,0.10471285480509
74.296,0.582,23.28,0.385478357665772,0.148593564228701
74.296,0.531,21.24,0.304789498962798,0.0928966386779936
74.316,0.569,22.76,0.363078054770101,0.131825673855641
74.316,0.556,22.24,0.341979442513709,0.116949939101987
74.335,0.556,22.24,0.341979442513709,0.116949939101987
74.359,0.569,22.76,0.363078054770101,0.131825673855641
74.359,0.531,21.24,0.304789498962798,0.0928966386779936
74.384,0.556,22.24,0.341979442513709,0.116949939101987
74.384,0.544,21.76,0.323593656929628,0.10471285480509
74.405,0.466,18.64,0.225943577022098,0.0510504999975407
74.405,0.531,21.24,0.304789498962798,0.0928966386779936
74.426,0.492,19.68,0.254683025258504,0.0648634433548238
74.426,0.362,14.48,0.139958732257262,0.0195884467350599
74.447,0.492,19.68,0.254683025258504,0.0648634433548238
74.469,0.388,15.52,0.157761126969935,0.0248885731828239
74.469,0.194,7.76,0.0645654229034656,0.00416869383470336
74.495,0.414,16.56,0.177827941003892,0.0316227766016838
74.495,0.22,8.8,0.0727779804536824,0.00529663443891658
74.495,0.246,9.84,0.0820351544329818,0.00672976656284318
74.517,0.272,10.88,0.0924698173938222,0.00855066712884683
74.535,0.181,7.24,0.0608135001278718,0.00369828179780266
74.535,0.388,15.52,0.157761126969935,0.0248885731828239
74.554,0.142,5.68,0.0508159442560561,0.0025822601906346
74.572,0.362,14.48,0.139958732257262,0.0195884467350599
74.572,0.298,11.92,0.10423174293933,0.0108642562361707
74.59,0.336,13.44,0.124165230759241,0.0154170045294956
74.608,0.453,18.12,0.212813904598271,0.0452897579903621
74.608,0.298,11.92,0.10423174293933,0.0108642562361707
74.625,0.427,17.08,0.188799134909629,0.0356451133426244
74.643,0.505,20.2,0.270395836410884,0.0731139083483417
74.643,0.582,23.28,0.385478357665772,0.148593564228701
74.661,0.492,19.68,0.254683025258504,0.0648634433548238
74.68,0.518,20.72,0.287078058202469,0.0824138115013002
74.68,0.479,19.16,0.239883291901949,0.0575439937337157
74.701,0.518,20.72,0.287078058202469,0.0824138115013002
74.701,0.518,20.72,0.287078058202469,0.0824138115013002
74.725,0.505,20.2,0.270395836410884,0.0731139083483417
74.725,0.518,20.72,0.287078058202469,0.0824138115013002
74.744,0.492,19.68,0.254683025258504,0.0648634433548238
74.763,0.531,21.24,0.304789498962798,0.0928966386779936
74.763,0.505,20.2,0.270395836410884,0.0731139083483417
74.782,0.453,18.12,0.212813904598271,0.0452897579903621
74.782,0.518,20.72,0.287078058202469,0.0824138115013002
74.801,0.466,18.64,0.225943577022098,0.0510504999975407
74.82,0.362,14.48,0.139958732257262,0.0195884467350599
74.821,0.466,18.64,0.225943577022098,0.0510504999975407
74.839,0.375,15,0.148593564228701,0.022080047330189
74.858,0.608,24.32,0.434510224171571,0.188799134909629
74.858,0.414,16.56,0.177827941003892,0.0316227766016838
74.876,0.246,9.84,0.0820351544329818,0.00672976656284318
74.892,0.233,9.32,0.0772680585095702,0.00597035286583837
74.894,0.285,11.4,0.0981747943019984,0.0096382902362397
74.912,0.181,7.24,0.0608135001278718,0.00369828179780266
74.912,0.375,15,0.148593564228701,0.022080047330189
74.929,0.142,5.68,0.0508159442560561,0.0025822601906346
74.947,0.349,13.96,0.131825673855641,0.0173780082874937
74.965,0.582,23.28,0.385478357665772,0.148593564228701
74.965,0.311,12.44,0.110662378397767,0.0122461619926505
74.984,0.466,18.64,0.225943577022098,0.0510504999975407
74.984,0.272,10.88,0.0924698173938222,0.00855066712884683
75.003,0.44,17.6,0.200447202736516,0.040179081084894
75.021,0.505,20.2,0.270395836410884,0.0731139083483417
75.022,0.414,16.56,0.177827941003892,0.0316227766016838
75.04,0.505,20.2,0.270395836410884,0.0731139083483417
75.058,0.621,24.84,0.461317574560379,0.212813904598271
75.058,0.492,19.68,0.254683025258504,0.0648634433548238
75.077,0.531,21.24,0.304789498962798,0.0928966386779936
75.094,0.531,21.24,0.304789498962798,0.0928966386779936
75.094,0.518,20.72,0.287078058202469,0.0824138115013002
75.112,0.544,21.76,0.323593656929628,0.10471285480509
75.13,0.518,20.72,0.287078058202469,0.0824138115013002
75.13,0.544,21.76,0.323593656929628,0.10471285480509
75.148,0.531,21.24,0.304789498962798,0.0928966386779936
75.166,0.569,22.76,0.363078054770101,0.131825673855641
75.166,0.531,21.24,0.304789498962798,0.0928966386779936
75.183,0.505,20.2,0.270395836410884,0.0731139083483417
75.202,0.401,16.04,0.167494287602644,0.0280543363795171
75.202,0.505,20.2,0.270395836410884,0.0731139083483417
75.219,0.427,17.08,0.188799134909629,0.0356451133426244
75.236,0.22,8.8,0.0727779804536824,0.00529663443891658
75.236,0.453,18.12,0.212813904598271,0.0452897579903621
75.255,0.285,11.4,0.0981747943019984,0.0096382902362397
75.273,0.181,7.24,0.0608135001278718,0.00369828179780266
75.273,0.336,13.44,0.124165230759241,0.0154170045294956
75.291,0.142,5.68,0.0508159442560561,0.0025822601906346
75.309,0.388,15.52,0.157761126969935,0.0248885731828239
75.309,0.129,5.16,0.0478630092322639,0.00229086765276777
75.326,0.362,14.48,0.139958732257262,0.0195884467350599
75.344,0.492,19.68,0.254683025258504,0.0648634433548238
75.344,0.324,12.96,0.117489755493953,0.0138038426460288
75.362,0.479,19.16,0.239883291901949,0.0575439937337157
75.38,0.285,11.4,0.0981747943019984,0.0096382902362397
75.38,0.466,18.64,0.225943577022098,0.0510504999975407
75.398,0.544,21.76,0.323593656929628,0.10471285480509
75.417,0.453,18.12,0.212813904598271,0.0452897579903621
75.417,0.531,21.24,0.304789498962798,0.0928966386779936
75.434,0.582,23.28,0.385478357665772,0.148593564228701
75.453,0.518,20.72,0.287078058202469,0.0824138115013002
75.453,0.569,22.76,0.363078054770101,0.131825673855641
75.47,0.582,23.28,0.385478357665772,0.148593564228701
75.489,0.556,22.24,0.341979442513709,0.116949939101987
75.489,0.595,23.8,0.409260659730011,0.167494287602644
75.505,0.582,23.28,0.385478357665772,0.148593564228701
75.524,0.582,23.28,0.385478357665772,0.148593564228701
75.524,0.582,23.28,0.385478357665772,0.148593564228701
75.542,0.531,21.24,0.304789498962798,0.0928966386779936
75.56,0.595,23.8,0.409260659730011,0.167494287602644
75.56,0.569,22.76,0.363078054770101,0.131825673855641
75.578,0.466,18.64,0.225943577022098,0.0510504999975407
75.595,0.569,22.76,0.363078054770101,0.131825673855641
75.595,0.492,19.68,0.254683025258504,0.0648634433548238
75.613,0.285,11.4,0.0981747943019984,0.0096382902362397
75.63,0.518,20.72,0.287078058202469,0.0824138115013002
75.63,0.362,14.48,0.139958732257262,0.0195884467350599
75.648,0.233,9.32,0.0772680585095702,0.00597035286583837
75.666,0.388,15.52,0.157761126969935,0.0248885731828239
75.666,0.181,7.24,0.0608135001278718,0.00369828179780266
75.684,0.427,17.08,0.188799134909629,0.0356451133426244
75.701,0.155,6.2,0.0539510622515128,0.00291071711806661
75.701,0.401,16.04,0.167494287602644,0.0280543363795171
75.72,0.518,20.72,0.287078058202469,0.0824138115013002
75.738,0.349,13.96,0.131825673855641,0.0173780082874937
75.738,0.505,20.2,0.270395836410884,0.0731139083483417
75.755,0.311,12.44,0.110662378397767,0.0122461619926505
75.774,0.492,19.68,0.254683025258504,0.0648634433548238
75.774,0.582,23.28,0.385478357665772,0.148593564228701
75.793,0.466,18.64,0.225943577022098,0.0510504999975407
75.81,0.569,22.76,0.363078054770101,0.131825673855641
75.81,0.608,24.32,0.434510224171571,0.188799134909629
75.829,0.556,22.24,0.341979442513709,0.116949939101987
75.829,0.608,24.32,0.434510224171571,0.188799134909629
75.847,0.608,24.32,0.434510224171571,0.188799134909629
75.865,0.608,24.32,0.434510224171571,0.188799134909629
75.865,0.621,24.84,0.461317574560379,0.212813904598271
75.883,0.608,24.32,0.434510224171571,0.188799134909629
75.901,0.621,24.84,0.461317574560379,0.212813904598271
75.901,0.621,24.84,0.461317574560379,0.212813904598271
75.921,0.569,22.76,0.363078054770101,0.131825673855641
75.938,0.634,25.36,0.489778819368446,0.239883291901949
75.938,0.595,23.8,0.409260659730011,0.167494287602644
75.955,0.505,20.2,0.270395836410884,0.0731139083483417
75.974,0.608,24.32,0.434510224171571,0.188799134909629
75.974,0.518,20.72,0.287078058202469,0.0824138115013002
75.992,0.375,15,0.148593564228701,0.022080047330189
76.01,0.556,22.24,0.341979442513709,0.116949939101987
76.01,0.414,16.56,0.177827941003892,0.0316227766016838
76.028,0.22,8.8,0.0727779804536824,0.00529663443891658
76.046,0.466,18.64,0.225943577022098,0.0510504999975407
76.046,0.207,8.28,0.0685488226452661,0.00469894108605215
76.065,0.427,17.08,0.188799134909629,0.0356451133426244
76.083,0.272,10.88,0.0924698173938222,0.00855066712884683
76.083,0.388,15.52,0.157761126969935,0.0248885731828239
76.101,0.556,22.24,0.341979442513709,0.116949939101987
76.12,0.336,13.44,0.124165230759241,0.0154170045294956
76.12,0.531,21.24,0.304789498962798,0.0928966386779936
76.137,0.272,10.88,0.0924698173938222,0.00855066712884683
76.155,0.505,20.2,0.270395836410884,0.0731139083483417
76.155,0.608,24.32,0.434510224171571,0.188799134909629
76.173,0.479,19.16,0.239883291901949,0.0575439937337157
76.192,0.595,23.8,0.409260659730011,0.167494287602644
76.192,0.647,25.88,0.519995996533516,0.270395836410884
76.21,0.569,22.76,0.363078054770101,0.131825673855641
76.21,0.647,25.88,0.519995996533516,0.270395836410884
76.229,0.66,26.4,0.552077439280757,0.304789498962798
76.248,0.621,24.84,0.461317574560379,0.212813904598271
76.249,0.647,25.88,0.519995996533516,0.270395836410884
76.267,0.634,25.36,0.489778819368446,0.239883291901949
76.287,0.647,25.88,0.519995996533516,0.270395836410884
76.287,0.647,25.88,0.519995996533516,0.270395836410884
76.305,0.634,25.36,0.489778819368446,0.239883291901949
76.305,0.66,26.4,0.552077439280757,0.304789498962798
76.329,0.621,24.84,0.461317574560379,0.212813904598271
76.329,0.544,21.76,0.323593656929628,0.10471285480509
76.351,0.634,25.36,0.489778819368446,0.239883291901949
76.371,0.556,22.24,0.341979442513709,0.116949939101987
76.371,0.401,16.04,0.167494287602644,0.0280543363795171
76.395,0.582,23.28,0.385478357665772,0.148593564228701
76.396,0.453,18.12,0.212813904598271,0.0452897579903621
76.422,0.194,7.76,0.0645654229034656,0.00416869383470336
76.422,0.479,19.16,0.239883291901949,0.0575439937337157
76.446,0.142,5.68,0.0508159442560561,0.0025822601906346
76.446,0.44,17.6,0.200447202736516,0.040179081084894
76.47,0.272,10.88,0.0924698173938222,0.00855066712884683
76.47,0.388,15.52,0.157761126969935,0.0248885731828239
76.495,0.556,22.24,0.341979442513709,0.116949939101987
76.495,0.324,12.96,0.117489755493953,0.0138038426460288
76.519,0.531,21.24,0.304789498962798,0.0928966386779936
76.519,0.246,9.84,0.0820351544329818,0.00672976656284318
76.543,0.505,20.2,0.270395836410884,0.0731139083483417
76.543,0.608,24.32,0.434510224171571,0.188799134909629
76.562,0.479,19.16,0.239883291901949,0.0575439937337157
76.562,0.595,23.8,0.409260659730011,0.167494287602644
76.583,0.647,25.88,0.519995996533516,0.270395836410884
76.583,0.582,23.28,0.385478357665772,0.148593564228701
76.605,0.647,25.88,0.519995996533516,0.270395836410884
76.605,0.673,26.92,0.586138164514029,0.343557947899875
76.624,0.634,25.36,0.489778819368446,0.239883291901949
76.644,0.66,26.4,0.552077439280757,0.304789498962798
76.644,0.673,26.92,0.586138164514029,0.343557947899875
76.664,0.66,26.4,0.552077439280757,0.304789498962798
76.664,0.66,26.4,0.552077439280757,0.304789498962798
76.683,0.621,24.84,0.461317574560379,0.212813904598271
76.704,0.673,26.92,0.586138164514029,0.343557947899875
76.704,0.647,25.88,0.519995996533516,0.270395836410884
76.728,0.569,22.76,0.363078054770101,0.131825673855641
76.728,0.647,25.88,0.519995996533516,0.270395836410884
76.751,0.595,23.8,0.409260659730011,0.167494287602644
76.751,0.44,17.6,0.200447202736516,0.040179081084894
76.778,0.608,24.32,0.434510224171571,0.188799134909629
76.778,0.505,20.2,0.270395836410884,0.0731139083483417
76.802,0.142,5.68,0.0508159442560561,0.0025822601906346
76.802,0.518,20.72,0.287078058202469,0.0824138115013002
76.832,0.246,9.84,0.0820351544329818,0.00672976656284318
76.832,0.427,17.08,0.188799134909629,0.0356451133426244
76.832,0.324,12.96,0.117489755493953,0.0138038426460288
76.853,0.349,13.96,0.131825673855641,0.0173780082874937
76.873,0.556,22.24,0.341979442513709,0.116949939101987
76.873,0.285,11.4,0.0981747943019984,0.0096382902362397
76.893,0.544,21.76,0.323593656929628,0.10471285480509
76.893,0.349,13.96,0.131825673855641,0.0173780082874937
76.914,0.505,20.2,0.270395836410884,0.0731139083483417
76.914,0.608,24.32,0.434510224171571,0.188799134909629
76.935,0.453,18.12,0.212813904598271,0.0452897579903621
76.955,0.595,23.8,0.409260659730011,0.167494287602644
76.955,0.66,26.4,0.552077439280757,0.304789498962798
76.976,0.582,23.28,0.385478357665772,0.148593564228701
76.976,0.66,26.4,0.552077439280757,0.304789498962798
76.995,0.673,26.92,0.586138164514029,0.343557947899875
77.013,0.647,25.88,0.519995996533516,0.270395836410884
77.013,0.673,26.92,0.586138164514029,0.343557947899875
77.032,0.673,26.92,0.586138164514029,0.343557947899875
77.032,0.673,26.92,0.586138164514029,0.343557947899875
77.05,0.673,26.92,0.586138164514029,0.343557947899875
77.07,0.647,25.88,0.519995996533516,0.270395836410884
77.07,0.673,26.92,0.586138164514029,0.343557947899875
77.09,0.647,25.88,0.519995996533516,0.270395836410884
77.108,0.569,22.76,0.363078054770101,0.131825673855641
77.108,0.66,26.4,0.552077439280757,0.304789498962798
77.127,0.595,23.8,0.409260659730011,0.167494287602644
77.127,0.466,18.64,0.225943577022098,0.0510504999975407
77.145,0.621,24.84,0.461317574560379,0.212813904598271
77.164,0.505,20.2,0.270395836410884,0.0731139083483417
77.164,0.22,8.8,0.0727779804536824,0.00529663443891658
77.182,0.531,21.24,0.304789498962798,0.0928966386779936
77.2,0.285,11.4,0.0981747943019984,0.0096382902362397
77.2,0.44,17.6,0.200447202736516,0.040179081084894
77.219,0.375,15,0.148593564228701,0.022080047330189
77.238,0.324,12.96,0.117489755493953,0.0138038426460288
77.238,0.544,21.76,0.323593656929628,0.10471285480509
77.256,0.233,9.32,0.0772680585095702,0.00597035286583837
77.275,0.531,21.24,0.304789498962798,0.0928966386779936
77.275,0.142,5.68,0.0508159442560561,0.0025822601906346
77.294,0.492,19.68,0.254683025258504,0.0648634433548238
77.294,0.608,24.32,0.434510224171571,0.188799134909629
77.313,0.466,18.64,0.225943577022098,0.0510504999975407
77.331,0.595,23.8,0.409260659730011,0.167494287602644
77.331,0.66,26.4,0.552077439280757,0.304789498962798
77.349,0.582,23.28,0.385478357665772,0.148593564228701
77.368,0.647,25.88,0.519995996533516,0.270395836410884
77.368,0.686,27.44,0.62230028516916,0.387257644921617
77.388,0.634,25.36,0.489778819368446,0.239883291901949
77.406,0.686,27.44,0.62230028516916,0.387257644921617
77.406,0.699,27.96,0.660693448007596,0.436515832240166
77.424,0.673,26.92,0.586138164514029,0.343557947899875
77.443,0.686,27.44,0.62230028516916,0.387257644921617
77.443,0.66,26.4,0.552077439280757,0.304789498962798
77.461,0.686,27.44,0.62230028516916,0.387257644921617
77.461,0.66,26.4,0.552077439280757,0.304789498962798
77.479,0.608,24.32,0.434510224171571,0.188799134909629
77.498,0.673,26.92,0.586138164514029,0.343557947899875
77.498,0.621,24.84,0.461317574560379,0.212813904598271
77.516,0.505,20.2,0.270395836410884,0.0731139083483417
77.535,0.634,25.36,0.489778819368446,0.239883291901949
77.535,0.544,21.76,0.323593656929628,0.10471285480509
77.553,0.272,10.88,0.0924698173938222,0.00855066712884683
77.572,0.569,22.76,0.363078054770101,0.131825673855641
77.572,0.362,14.48,0.139958732257262,0.0195884467350599
77.59,0.388,15.52,0.157761126969935,0.0248885731828239
77.607,0.414,16.56,0.177827941003892,0.0316227766016838
77.608,0.414,16.56,0.177827941003892,0.0316227766016838
77.628,0.556,22.24,0.341979442513709,0.116949939101987
77.628,0.168,6.72,0.0572796030985829,0.00328095293113119
77.645,0.531,21.24,0.304789498962798,0.0928966386779936
77.664,0.621,24.84,0.461317574560379,0.212813904598271
77.664,0.479,19.16,0.239883291901949,0.0575439937337157
77.682,0.621,24.84,0.461317574560379,0.212813904598271
77.701,0.44,17.6,0.200447202736516,0.040179081084894
77.701,0.595,23.8,0.409260659730011,0.167494287602644
77.721,0.66,26.4,0.552077439280757,0.304789498962798
77.739,0.582,23.28,0.385478357665772,0.148593564228701
77.739,0.66,26.4,0.552077439280757,0.304789498962798
77.757,0.686,27.44,0.62230028516916,0.387257644921617
77.775,0.634,25.36,0.489778819368446,0.239883291901949
77.775,0.686,27.44,0.62230028516916,0.387257644921617
77.794,0.673,26.92,0.586138164514029,0.343557947899875
77.794,0.673,26.92,0.586138164514029,0.343557947899875
77.812,0.673,26.92,0.586138164514029,0.343557947899875
77.83,0.647,25.88,0.519995996533516,0.270395836410884
77.83,0.673,26.92,0.586138164514029,0.343557947899875
77.848,0.673,26.92,0.586138164514029,0.343557947899875
77.868,0.595,23.8,0.409260659730011,0.167494287602644
77.868,0.686,27.44,0.62230028516916,0.387257644921617
77.887,0.621,24.84,0.461317574560379,0.212813904598271
77.905,0.518,20.72,0.287078058202469,0.0824138115013002
77.906,0.634,25.36,0.489778819368446,0.239883291901949
77.925,0.569,22.76,0.363078054770101,0.131825673855641
77.943,0.311,12.44,0.110662378397767,0.0122461619926505
77.943,0.569,22.76,0.363078054770101,0.131825673855641
77.963,0.401,16.04,0.167494287602644,0.0280543363795171
77.963,0.324,12.96,0.117489755493953,0.0138038426460288
77.982,0.44,17.6,0.200447202736516,0.040179081084894
78.001,0.22,8.8,0.0727779804536824,0.00529663443891658
78.001,0.531,21.24,0.304789498962798,0.0928966386779936
78.019,0.168,6.72,0.0572796030985829,0.00328095293113119
78.041,0.479,19.16,0.239883291901949,0.0575439937337157
78.041,0.595,23.8,0.409260659730011,0.167494287602644
78.06,0.427,17.08,0.188799134909629,0.0356451133426244
78.06,0.569,22.76,0.363078054770101,0.131825673855641
78.079,0.349,13.96,0.131825673855641,0.0173780082874937
78.097,0.544,21.76,0.323593656929628,0.10471285480509
78.097,0.608,24.32,0.434510224171571,0.188799134909629
78.115,0.505,20.2,0.270395836410884,0.0731139083483417
78.133,0.608,24.32,0.434510224171571,0.188799134909629
78.133,0.647,25.88,0.519995996533516,0.270395836410884
78.151,0.595,23.8,0.409260659730011,0.167494287602644
78.151,0.647,25.88,0.519995996533516,0.270395836410884
78.17,0.66,26.4,0.552077439280757,0.304789498962798
78.188,0.647,25.88,0.519995996533516,0.270395836410884
78.188,0.673,26.92,0.586138164514029,0.343557947899875
78.206,0.647,25.88,0.519995996533516,0.270395836410884
78.223,0.673,26.92,0.586138164514029,0.343557947899875
78.223,0.66,26.4,0.552077439280757,0.304789498962798
78.242,0.608,24.32,0.434510224171571,0.188799134909629
78.258,0.66,26.4,0.552077439280757,0.304789498962798
78.258,0.621,24.84,0.461317574560379,0.212813904598271
78.276,0.505,20.2,0.270395836410884,0.0731139083483417
78.296,0.608,24.32,0.434510224171571,0.188799134909629
78.296,0.544,21.76,0.323593656929628,0.10471285480509
78.314,0.324,12.96,0.117489755493953,0.0138038426460288
78.331,0.569,22.76,0.363078054770101,0.131825673855641
78.331,0.401,16.04,0.167494287602644,0.0280543363795171
78.349,0.272,10.88,0.0924698173938222,0.00855066712884683
78.367,0.44,17.6,0.200447202736516,0.040179081084894
78.367,0.207,8.28,0.0685488226452661,0.00469894108605215
78.385,0.492,19.68,0.254683025258504,0.0648634433548238
78.403,0.207,8.28,0.0685488226452661,0.00469894108605215
78.403,0.453,18.12,0.212813904598271,0.0452897579903621
78.421,0.582,23.28,0.385478357665772,0.148593564228701
78.439,0.582,23.28,0.385478357665772,0.148593564228701
78.439,0.569,22.76,0.363078054770101,0.131825673855641
78.456,0.349,13.96,0.131825673855641,0.0173780082874937
78.474,0.544,21.76,0.323593656929628,0.10471285480509
78.474,0.634,25.36,0.489778819368446,0.239883291901949
78.492,0.518,20.72,0.287078058202469,0.0824138115013002
78.51,0.621,24.84,0.461317574560379,0.212813904598271
78.51,0.647,25.88,0.519995996533516,0.270395836410884
78.528,0.608,24.32,0.434510224171571,0.188799134909629
78.546,0.647,25.88,0.519995996533516,0.270395836410884
78.546,0.66,26.4,0.552077439280757,0.304789498962798
78.564,0.66,26.4,0.552077439280757,0.304789498962798
78.582,0.673,26.92,0.586138164514029,0.343557947899875
78.582,0.647,25.88,0.519995996533516,0.270395836410884
78.599,0.673,26.92,0.586138164514029,0.343557947899875
78.618,0.673,26.92,0.586138164514029,0.343557947899875
78.618,0.621,24.84,0.461317574560379,0.212813904598271
78.636,0.673,26.92,0.586138164514029,0.343557947899875
78.654,0.621,24.84,0.461317574560379,0.212813904598271
78.654,0.544,21.76,0.323593656929628,0.10471285480509
78.671,0.634,25.36,0.489778819368446,0.239883291901949
78.689,0.556,22.24,0.341979442513709,0.116949939101987
78.689,0.362,14.48,0.139958732257262,0.0195884467350599
78.71,0.569,22.76,0.363078054770101,0.131825673855641
78.728,0.414,16.56,0.177827941003892,0.0316227766016838
78.729,0.22,8.8,0.0727779804536824,0.00529663443891658
78.746,0.466,18.64,0.225943577022098,0.0510504999975407
78.766,0.22,8.8,0.0727779804536824,0.00529663443891658
78.766,0.466,18.64,0.225943577022098,0.0510504999975407
78.783,0.207,8.28,0.0685488226452661,0.00469894108605215
78.783,0.414,16.56,0.177827941003892,0.0316227766016838
78.8,0.569,22.76,0.363078054770101,0.131825673855641
78.819,0.362,14.48,0.139958732257262,0.0195884467350599
78.819,0.556,22.24,0.341979442513709,0.116949939101987
78.837,0.285,11.4,0.0981747943019984,0.0096382902362397
78.854,0.531,21.24,0.304789498962798,0.0928966386779936
78.855,0.634,25.36,0.489778819368446,0.239883291901949
78.873,0.505,20.2,0.270395836410884,0.0731139083483417
78.89,0.608,24.32,0.434510224171571,0.188799134909629
78.89,0.66,26.4,0.552077439280757,0.304789498962798
78.908,0.595,23.8,0.409260659730011,0.167494287602644
78.926,0.66,26.4,0.552077439280757,0.304789498962798
78.926,0.673,26.92,0.586138164514029,0.343557947899875
78.945,0.647,25.88,0.519995996533516,0.270395836410884
78.963,0.673,26.92,0.586138164514029,0.343557947899875
78.963,0.66,26.4,0.552077439280757,0.304789498962798
78.98,0.66,26.4,0.552077439280757,0.304789498962798
78.997,0.66,26.4,0.552077439280757,0.304789498962798
78.997,0.621,24.84,0.461317574560379,0.212813904598271
79.016,0.673,26.92,0.586138164514029,0.343557947899875
79.033,0.634,25.36,0.489778819368446,0.239883291901949
79.033,0.544,21.76,0.323593656929628,0.10471285480509
79.051,0.647,25.88,0.519995996533516,0.270395836410884
79.068,0.569,22.76,0.363078054770101,0.131825673855641
79.068,0.388,15.52,0.157761126969935,0.0248885731828239
79.086,0.582,23.28,0.385478357665772,0.148593564228701
79.105,0.453,18.12,0.212813904598271,0.0452897579903621
79.105,0.22,8.8,0.0727779804536824,0.00529663443891658
79.123,0.492,19.68,0.254683025258504,0.0648634433548238
79.14,0.22,8.8,0.0727779804536824,0.00529663443891658
79.14,0.44,17.6,0.200447202736516,0.040179081084894
79.158,0.259,10.36,0.0870963589956081,0.00758577575029184
79.175,0.388,15.52,0.157761126969935,0.0248885731828239
79.175,0.569,22.76,0.363078054770101,0.131825673855641
79.194,0.349,13.96,0.131825673855641,0.0173780082874937
79.212,0.544,21.76,0.323593656929628,0.10471285480509
79.212,0.259,10.36,0.0870963589956081,0.00758577575029184
79.23,0.505,20.2,0.270395836410884,0.0731139083483417
79.247,0.608,24.32,0.434510224171571,0.188799134909629
79.247,0.492,19.68,0.254683025258504,0.0648634433548238
79.265,0.595,23.8,0.409260659730011,0.167494287602644
79.284,0.66,26.4,0.552077439280757,0.304789498962798
79.284,0.595,23.8,0.409260659730011,0.167494287602644
79.301,0.647,25.88,0.519995996533516,0.270395836410884
79.32,0.66,26.4,0.552077439280757,0.304789498962798
79.32,0.634,25.36,0.489778819368446,0.239883291901949
79.338,0.66,26.4,0.552077439280757,0.304789498962798
79.355,0.647,25.88,0.519995996533516,0.270395836410884
79.355,0.647,25.88,0.519995996533516,0.270395836410884
79.373,0.66,26.4,0.552077439280757,0.304789498962798
79.391,0.621,24.84,0.461317574560379,0.212813904598271
79.391,0.66,26.4,0.552077439280757,0.304789498962798
79.41,0.634,25.36,0.489778819368446,0.239883291901949
79.427,0.569,22.76,0.363078054770101,0.131825673855641
79.427,0.647,25.88,0.519995996533516,0.270395836410884
79.445,0.569,22.76,0.363078054770101,0.131825673855641
79.462,0.427,17.08,0.188799134909629,0.0356451133426244
79.462,0.595,23.8,0.409260659730011,0.167494287602644
79.481,0.466,18.64,0.225943577022098,0.0510504999975407
79.498,0.22,8.8,0.0727779804536824,0.00529663443891658
79.498,0.505,20.2,0.270395836410884,0.0731139083483417
79.517,0.194,7.76,0.0645654229034656,0.00416869383470336
79.534,0.427,17.08,0.188799134909629,0.0356451133426244
79.534,0.298,11.92,0.10423174293933,0.0108642562361707
79.552,0.362,14.48,0.139958732257262,0.0195884467350599
79.57,0.556,22.24,0.341979442513709,0.116949939101987
79.57,0.285,11.4,0.0981747943019984,0.0096382902362397
79.588,0.531,21.24,0.304789498962798,0.0928966386779936
79.607,0.22,8.8,0.0727779804536824,0.00529663443891658
79.607,0.505,20.2,0.270395836410884,0.0731139083483417
79.625,0.608,24.32,0.434510224171571,0.188799134909629
79.644,0.479,19.16,0.239883291901949,0.0575439937337157
79.644,0.595,23.8,0.409260659730011,0.167494287602644
79.662,0.66,26.4,0.552077439280757,0.304789498962798
79.68,0.595,23.8,0.409260659730011,0.167494287602644
79.68,0.647,25.88,0.519995996533516,0.270395836410884
79.697,0.66,26.4,0.552077439280757,0.304789498962798
79.716,0.647,25.88,0.519995996533516,0.270395836410884
79.716,0.673,26.92,0.586138164514029,0.343557947899875
79.733,0.66,26.4,0.552077439280757,0.304789498962798
79.751,0.66,26.4,0.552077439280757,0.304789498962798
79.751,0.673,26.92,0.586138164514029,0.343557947899875
79.771,0.634,25.36,0.489778819368446,0.239883291901949
79.788,0.66,26.4,0.552077439280757,0.304789498962798
79.788,0.634,25.36,0.489778819368446,0.239883291901949
79.805,0.569,22.76,0.363078054770101,0.131825673855641
79.824,0.647,25.88,0.519995996533516,0.270395836410884
79.824,0.582,23.28,0.385478357665772,0.148593564228701
79.841,0.453,18.12,0.212813904598271,0.0452897579903621
79.859,0.608,24.32,0.434510224171571,0.188799134909629
79.859,0.492,19.68,0.254683025258504,0.0648634433548238
79.876,0.582,23.28,0.385478357665772,0.148593564228701
79.895,0.518,20.72,0.287078058202469,0.0824138115013002
79.895,0.259,10.36,0.0870963589956081,0.00758577575029184
79.913,0.388,15.52,0.157761126969935,0.0248885731828239
79.933,0.336,13.44,0.124165230759241,0.0154170045294956
79.933,0.324,12.96,0.117489755493953,0.0138038426460288
79.951,0.544,21.76,0.323593656929628,0.10471285480509
79.952,0.272,10.88,0.0924698173938222,0.00855066712884683
79.969,0.518,20.72,0.287078058202469,0.0824138115013002
79.987,0.194,7.76,0.0645654229034656,0.00416869383470336
79.987,0.479,19.16,0.239883291901949,0.0575439937337157
80.004,0.595,23.8,0.409260659730011,0.167494287602644
80.022,0.453,18.12,0.212813904598271,0.0452897579903621
80.022,0.569,22.76,0.363078054770101,0.131825673855641
80.04,0.647,25.88,0.519995996533516,0.270395836410884
80.058,0.569,22.76,0.363078054770101,0.131825673855641
80.058,0.647,25.88,0.519995996533516,0.270395836410884
80.076,0.673,26.92,0.586138164514029,0.343557947899875
80.093,0.634,25.36,0.489778819368446,0.239883291901949
80.093,0.673,26.92,0.586138164514029,0.343557947899875
80.11,0.673,26.92,0.586138164514029,0.343557947899875
80.128,0.66,26.4,0.552077439280757,0.304789498962798
80.128,0.66,26.4,0.552077439280757,0.304789498962798
80.146,0.634,25.36,0.489778819368446,0.239883291901949
80.164,0.673,26.92,0.586138164514029,0.343557947899875
80.164,0.647,25.88,0.519995996533516,0.270395836410884
80.182,0.582,23.28,0.385478357665772,0.148593564228701
80.2,0.647,25.88,0.519995996533516,0.270395836410884
80.2,0.595,23.8,0.409260659730011,0.167494287602644
80.217,0.466,18.64,0.225943577022098,0.0510504999975407
80.236,0.608,24.32,0.434510224171571,0.188799134909629
80.236,0.518,20.72,0.287078058202469,0.0824138115013002
80.253,0.233,9.32,0.0772680585095702,0.00597035286583837
80.27,0.531,21.24,0.304789498962798,0.0928966386779936
80.27,0.518,20.72,0.287078058202469,0.0824138115013002
80.288,0.362,14.48,0.139958732257262,0.0195884467350599
80.307,0.375,15,0.148593564228701,0.022080047330189
80.325,0.324,12.96,0.117489755493953,0.0138038426460288
80.325,0.531,21.24,0.304789498962798,0.0928966386779936
80.343,0.22,8.8,0.0727779804536824,0.00529663443891658
80.343,0.505,20.2,0.270395836410884,0.0731139083483417
80.361,0.608,24.32,0.434510224171571,0.188799134909629
80.379,0.505,20.2,0.270395836410884,0.0731139083483417
80.379,0.595,23.8,0.409260659730011,0.167494287602644
80.396,0.427,17.08,0.188799134909629,0.0356451133426244
80.414,0.569,22.76,0.363078054770101,0.131825673855641
80.414,0.647,25.88,0.519995996533516,0.270395836410884
80.432,0.556,22.24,0.341979442513709,0.116949939101987
80.45,0.634,25.36,0.489778819368446,0.239883291901949
80.45,0.647,25.88,0.519995996533516,0.270395836410884
80.47,0.634,25.36,0.489778819368446,0.239883291901949
80.487,0.673,26.92,0.586138164514029,0.343557947899875
80.487,0.66,26.4,0.552077439280757,0.304789498962798
80.504,0.647,25.88,0.519995996533516,0.270395836410884
80.522,0.66,26.4,0.552077439280757,0.304789498962798
80.522,0.66,26.4,0.552077439280757,0.304789498962798
80.541,0.673,26.92,0.586138164514029,0.343557947899875
80.558,0.647,25.88,0.519995996533516,0.270395836410884
80.558,0.582,23.28,0.385478357665772,0.148593564228701
80.576,0.66,26.4,0.552077439280757,0.304789498962798
80.593,0.608,24.32,0.434510224171571,0.188799134909629
80.593,0.492,19.68,0.254683025258504,0.0648634433548238
80.612,0.621,24.84,0.461317574560379,0.212813904598271
80.631,0.518,20.72,0.287078058202469,0.0824138115013002
80.631,0.285,11.4,0.0981747943019984,0.0096382902362397
80.65,0.544,21.76,0.323593656929628,0.10471285480509
80.667,0.466,18.64,0.225943577022098,0.0510504999975407
80.668,0.324,12.96,0.117489755493953,0.0138038426460288
80.685,0.414,16.56,0.177827941003892,0.0316227766016838
80.703,0.233,9.32,0.0772680585095702,0.00597035286583837
80.703,0.518,20.72,0.287078058202469,0.0824138115013002
80.72,0.194,7.76,0.0645654229034656,0.00416869383470336
80.738,0.479,19.16,0.239883291901949,0.0575439937337157
80.738,0.595,23.8,0.409260659730011,0.167494287602644
80.757,0.44,17.6,0.200447202736516,0.040179081084894
80.774,0.582,23.28,0.385478357665772,0.148593564228701
80.774,0.401,16.04,0.167494287602644,0.0280543363795171
80.793,0.582,23.28,0.385478357665772,0.148593564228701
80.811,0.647,25.88,0.519995996533516,0.270395836410884
80.811,0.544,21.76,0.323593656929628,0.10471285480509
80.829,0.634,25.36,0.489778819368446,0.239883291901949
80.846,0.66,26.4,0.552077439280757,0.304789498962798
80.846,0.608,24.32,0.434510224171571,0.188799134909629
80.864,0.66,26.4,0.552077439280757,0.304789498962798
80.883,0.673,26.92,0.586138164514029,0.343557947899875
80.883,0.66,26.4,0.552077439280757,0.304789498962798
80.901,0.673,26.92,0.586138164514029,0.343557947899875
80.919,0.647,25.88,0.519995996533516,0.270395836410884
80.919,0.673,26.92,0.586138164514029,0.343557947899875
80.936,0.66,26.4,0.552077439280757,0.304789498962798
80.954,0.595,23.8,0.409260659730011,0.167494287602644
80.954,0.66,26.4,0.552077439280757,0.304789498962798
80.971,0.621,24.84,0.461317574560379,0.212813904598271
80.988,0.518,20.72,0.287078058202469,0.0824138115013002
80.988,0.621,24.84,0.461317574560379,0.212813904598271
81.006,0.544,21.76,0.323593656929628,0.10471285480509
81.025,0.311,12.44,0.110662378397767,0.0122461619926505
81.025,0.556,22.24,0.341979442513709,0.116949939101987
81.042,0.362,14.48,0.139958732257262,0.0195884467350599
81.059,0.298,11.92,0.10423174293933,0.0108642562361707
81.059,0.427,17.08,0.188799134909629,0.0356451133426244
81.077,0.285,11.4,0.0981747943019984,0.0096382902362397
81.095,0.505,20.2,0.270395836410884,0.0731139083483417
81.095,0.181,7.24,0.0608135001278718,0.00369828179780266
81.112,0.453,18.12,0.212813904598271,0.0452897579903621
81.13,0.582,23.28,0.385478357665772,0.148593564228701
81.13,0.427,17.08,0.188799134909629,0.0356451133426244
81.148,0.569,22.76,0.363078054770101,0.131825673855641
81.165,0.375,15,0.148593564228701,0.022080047330189
81.165,0.569,22.76,0.363078054770101,0.131825673855641
81.183,0.634,25.36,0.489778819368446,0.239883291901949
81.2,0.544,21.76,0.323593656929628,0.10471285480509
81.201,0.621,24.84,0.461317574560379,0.212813904598271
81.22,0.673,26.92,0.586138164514029,0.343557947899875
81.239,0.608,24.32,0.434510224171571,0.188799134909629
81.239,0.66,26.4,0.552077439280757,0.304789498962798
81.256,0.66,26.4,0.552077439280757,0.304789498962798
81.273,0.66,26.4,0.552077439280757,0.304789498962798
81.273,0.673,26.92,0.586138164514029,0.343557947899875
81.291,0.647,25.88,0.519995996533516,0.270395836410884
81.309,0.673,26.92,0.586138164514029,0.343557947899875
81.309,0.66,26.4,0.552077439280757,0.304789498962798
81.329,0.608,24.32,0.434510224171571,0.188799134909629
81.348,0.66,26.4,0.552077439280757,0.304789498962798
81.348,0.634,25.36,0.489778819368446,0.239883291901949
81.368,0.531,21.24,0.304789498962798,0.0928966386779936
81.368,0.634,25.36,0.489778819368446,0.239883291901949
81.386,0.556,22.24,0.341979442513709,0.116949939101987
81.405,0.44,17.6,0.200447202736516,0.040179081084894
81.405,0.556,22.24,0.341979442513709,0.116949939101987
81.424,0.414,16.56,0.177827941003892,0.0316227766016838
81.443,0.272,10.88,0.0924698173938222,0.00855066712884683
81.443,0.453,18.12,0.212813904598271,0.0452897579903621
81.463,0.194,7.76,0.0645654229034656,0.00416869383470336
81.463,0.492,19.68,0.254683025258504,0.0648634433548238
81.481,0.246,9.84,0.0820351544329818,0.00672976656284318
81.499,0.44,17.6,0.200447202736516,0.040179081084894
81.499,0.595,23.8,0.409260659730011,0.167494287602644
81.516,0.375,15,0.148593564228701,0.022080047330189
81.535,0.569,22.76,0.363078054770101,0.131825673855641
81.535,0.311,12.44,0.110662378397767,0.0122461619926505
81.553,0.544,21.76,0.323593656929628,0.10471285480509
81.57,0.621,24.84,0.461317574560379,0.212813904598271
81.57,0.505,20.2,0.270395836410884,0.0731139083483417
81.589,0.621,24.84,0.461317574560379,0.212813904598271
81.607,0.66,26.4,0.552077439280757,0.304789498962798
81.607,0.595,23.8,0.409260659730011,0.167494287602644
81.624,0.66,26.4,0.552077439280757,0.304789498962798
81.642,0.673,26.92,0.586138164514029,0.343557947899875
81.642,0.647,25.88,0.519995996533516,0.270395836410884
81.66,0.66,26.4,0.552077439280757,0.304789498962798
81.678,0.66,26.4,0.552077439280757,0.304789498962798
81.678,0.673,26.92,0.586138164514029,0.343557947899875
81.695,0.647,25.88,0.519995996533516,0.270395836410884
81.713,0.608,24.32,0.434510224171571,0.188799134909629
81.713,0.66,26.4,0.552077439280757,0.304789498962798
81.731,0.621,24.84,0.461317574560379,0.212813904598271
81.748,0.544,21.76,0.323593656929628,0.10471285480509
81.748,0.634,25.36,0.489778819368446,0.239883291901949
81.767,0.556,22.24,0.341979442513709,0.116949939101987
81.786,0.375,15,0.148593564228701,0.022080047330189
81.787,0.595,23.8,0.409260659730011,0.167494287602644
81.806,0.44,17.6,0.200447202736516,0.040179081084894
81.824,0.194,7.76,0.0645654229034656,0.00416869383470336
81.824,0.479,19.16,0.239883291901949,0.0575439937337157
81.842,0.155,6.2,0.0539510622515128,0.00291071711806661
81.86,0.453,18.12,0.212813904598271,0.0452897579903621
81.86,0.22,8.8,0.0727779804536824,0.00529663443891658
81.877,0.427,17.08,0.188799134909629,0.0356451133426244
81.899,0.582,23.28,0.385478357665772,0.148593564228701
81.899,0.349,13.96,0.131825673855641,0.0173780082874937
81.917,0.544,21.76,0.323593656929628,0.10471285480509
81.917,0.285,11.4,0.0981747943019984,0.0096382902362397
81.937,0.531,21.24,0.304789498962798,0.0928966386779936
81.956,0.608,24.32,0.434510224171571,0.188799134909629
81.956,0.505,20.2,0.270395836410884,0.0731139083483417
81.976,0.608,24.32,0.434510224171571,0.188799134909629
81.976,0.647,25.88,0.519995996533516,0.270395836410884
81.997,0.582,23.28,0.385478357665772,0.148593564228701
82.017,0.634,25.36,0.489778819368446,0.239883291901949
82.017,0.673,26.92,0.586138164514029,0.343557947899875
82.037,0.647,25.88,0.519995996533516,0.270395836410884
82.037,0.66,26.4,0.552077439280757,0.304789498962798
82.055,0.647,25.88,0.519995996533516,0.270395836410884
82.074,0.673,26.92,0.586138164514029,0.343557947899875
82.074,0.66,26.4,0.552077439280757,0.304789498962798
82.091,0.621,24.84,0.461317574560379,0.212813904598271
82.109,0.673,26.92,0.586138164514029,0.343557947899875
82.109,0.634,25.36,0.489778819368446,0.239883291901949
82.127,0.556,22.24,0.341979442513709,0.116949939101987
82.146,0.647,25.88,0.519995996533516,0.270395836410884
82.146,0.569,22.76,0.363078054770101,0.131825673855641
82.165,0.414,16.56,0.177827941003892,0.0316227766016838
82.165,0.595,23.8,0.409260659730011,0.167494287602644
82.183,0.453,18.12,0.212813904598271,0.0452897579903621
82.201,0.181,7.24,0.0608135001278718,0.00369828179780266
82.202,0.492,19.68,0.254683025258504,0.0648634433548238
82.22,0.194,7.76,0.0645654229034656,0.00416869383470336
82.239,0.479,19.16,0.239883291901949,0.0575439937337157
82.239,0.285,11.4,0.0981747943019984,0.0096382902362397
82.259,0.375,15,0.148593564228701,0.022080047330189
82.278,0.569,22.76,0.363078054770101,0.131825673855641
82.278,0.336,13.44,0.124165230759241,0.0154170045294956
82.294,0.544,21.76,0.323593656929628,0.10471285480509
82.312,0.246,9.84,0.0820351544329818,0.00672976656284318
82.313,0.518,20.72,0.287078058202469,0.0824138115013002
82.331,0.621,24.84,0.461317574560379,0.212813904598271
82.348,0.466,18.64,0.225943577022098,0.0510504999975407
82.35,0.595,23.8,0.409260659730011,0.167494287602644
82.369,0.66,26.4,0.552077439280757,0.304789498962798
82.369,0.582,23.28,0.385478357665772,0.148593564228701
82.387,0.647,25.88,0.519995996533516,0.270395836410884
82.404,0.673,26.92,0.586138164514029,0.343557947899875
82.404,0.647,25.88,0.519995996533516,0.270395836410884
82.421,0.673,26.92,0.586138164514029,0.343557947899875
82.439,0.66,26.4,0.552077439280757,0.304789498962798
82.44,0.66,26.4,0.552077439280757,0.304789498962798
82.458,0.66,26.4,0.552077439280757,0.304789498962798
82.475,0.621,24.84,0.461317574560379,0.212813904598271
82.475,0.66,26.4,0.552077439280757,0.304789498962798
82.493,0.634,25.36,0.489778819368446,0.239883291901949
82.511,0.556,22.24,0.341979442513709,0.116949939101987
82.511,0.647,25.88,0.519995996533516,0.270395836410884
82.53,0.582,23.28,0.385478357665772,0.148593564228701
82.549,0.44,17.6,0.200447202736516,0.040179081084894
82.549,0.608,24.32,0.434510224171571,0.188799134909629
82.568,0.479,19.16,0.239883291901949,0.0575439937337157
82.586,0.155,6.2,0.0539510622515128,0.00291071711806661
82.586,0.505,20.2,0.270395836410884,0.0731139083483417
82.605,0.233,9.32,0.0772680585095702,0.00597035286583837
82.623,0.414,16.56,0.177827941003892,0.0316227766016838
82.623,0.311,12.44,0.110662378397767,0.0122461619926505
82.642,0.336,13.44,0.124165230759241,0.0154170045294956
82.642,0.544,21.76,0.323593656929628,0.10471285480509
82.661,0.298,11.92,0.10423174293933,0.0108642562361707
82.682,0.518,20.72,0.287078058202469,0.0824138115013002
82.682,0.22,8.8,0.0727779804536824,0.00529663443891658
82.701,0.492,19.68,0.254683025258504,0.0648634433548238
82.72,0.595,23.8,0.409260659730011,0.167494287602644
82.72,0.453,18.12,0.212813904598271,0.0452897579903621
82.738,0.582,23.28,0.385478357665772,0.148593564228701
82.739,0.647,25.88,0.519995996533516,0.270395836410884
82.756,0.569,22.76,0.363078054770101,0.131825673855641
82.775,0.634,25.36,0.489778819368446,0.239883291901949
82.775,0.673,26.92,0.586138164514029,0.343557947899875
82.794,0.621,24.84,0.461317574560379,0.212813904598271
82.813,0.66,26.4,0.552077439280757,0.304789498962798
82.813,0.66,26.4,0.552077439280757,0.304789498962798
82.833,0.66,26.4,0.552077439280757,0.304789498962798
82.833,0.673,26.92,0.586138164514029,0.343557947899875
82.853,0.634,25.36,0.489778819368446,0.239883291901949
82.872,0.66,26.4,0.552077439280757,0.304789498962798
82.872,0.647,25.88,0.519995996533516,0.270395836410884
82.89,0.569,22.76,0.363078054770101,0.131825673855641
82.909,0.647,25.88,0.519995996533516,0.270395836410884
82.909,0.595,23.8,0.409260659730011,0.167494287602644
82.928,0.466,18.64,0.225943577022098,0.0510504999975407
82.928,0.608,24.32,0.434510224171571,0.188799134909629
82.947,0.544,21.76,0.323593656929628,0.10471285480509
82.967,0.194,7.76,0.0645654229034656,0.00416869383470336
82.967,0.531,21.24,0.304789498962798,0.0928966386779936
82.985,0.298,11.92,0.10423174293933,0.0108642562361707
83.004,0.401,16.04,0.167494287602644,0.0280543363795171
83.004,0.349,13.96,0.131825673855641,0.0173780082874937
83.024,0.324,12.96,0.117489755493953,0.0138038426460288
83.024,0.544,21.76,0.323593656929628,0.10471285480509
83.042,0.259,10.36,0.0870963589956081,0.00758577575029184
83.06,0.505,20.2,0.270395836410884,0.0731139083483417
83.06,0.181,7.24,0.0608135001278718,0.00369828179780266
83.079,0.479,19.16,0.239883291901949,0.0575439937337157
83.097,0.608,24.32,0.434510224171571,0.188799134909629
83.097,0.44,17.6,0.200447202736516,0.040179081084894
83.115,0.582,23.28,0.385478357665772,0.148593564228701
83.133,0.647,25.88,0.519995996533516,0.270395836410884
83.133,0.556,22.24,0.341979442513709,0.116949939101987
83.151,0.647,25.88,0.519995996533516,0.270395836410884
83.169,0.66,26.4,0.552077439280757,0.304789498962798
83.169,0.634,25.36,0.489778819368446,0.239883291901949
83.188,0.66,26.4,0.552077439280757,0.304789498962798
83.206,0.66,26.4,0.552077439280757,0.304789498962798
83.206,0.673,26.92,0.586138164514029,0.343557947899875
83.223,0.66,26.4,0.552077439280757,0.304789498962798
83.241,0.634,25.36,0.489778819368446,0.239883291901949
83.241,0.673,26.92,0.586138164514029,0.343557947899875
83.259,0.647,25.88,0.519995996533516,0.270395836410884
83.276,0.582,23.28,0.385478357665772,0.148593564228701
83.276,0.647,25.88,0.519995996533516,0.270395836410884
83.293,0.608,24.32,0.434510224171571,0.188799134909629
83.311,0.492,19.68,0.254683025258504,0.0648634433548238
83.311,0.608,24.32,0.434510224171571,0.188799134909629
83.33,0.518,20.72,0.287078058202469,0.0824138115013002
83.348,0.259,10.36,0.0870963589956081,0.00758577575029184
83.348,0.544,21.76,0.323593656929628,0.10471285480509
83.367,0.336,13.44,0.124165230759241,0.0154170045294956
83.385,0.336,13.44,0.124165230759241,0.0154170045294956
83.385,0.388,15.52,0.157761126969935,0.0248885731828239
83.402,0.259,10.36,0.0870963589956081,0.00758577575029184
83.42,0.518,20.72,0.287078058202469,0.0824138115013002
83.42,0.181,7.24,0.0608135001278718,0.00369828179780266
83.438,0.492,19.68,0.254683025258504,0.0648634433548238
83.458,0.608,24.32,0.434510224171571,0.188799134909629
83.458,0.466,18.64,0.225943577022098,0.0510504999975407
83.475,0.595,23.8,0.409260659730011,0.167494287602644
83.475,0.414,16.56,0.177827941003892,0.0316227766016838
83.494,0.569,22.76,0.363078054770101,0.131825673855641
83.512,0.647,25.88,0.519995996533516,0.270395836410884
83.512,0.544,21.76,0.323593656929628,0.10471285480509
83.53,0.634,25.36,0.489778819368446,0.239883291901949
83.547,0.66,26.4,0.552077439280757,0.304789498962798
83.547,0.608,24.32,0.434510224171571,0.188799134909629
83.565,0.66,26.4,0.552077439280757,0.304789498962798
83.583,0.66,26.4,0.552077439280757,0.304789498962798
83.583,0.66,26.4,0.552077439280757,0.304789498962798
83.6,0.66,26.4,0.552077439280757,0.304789498962798
83.618,0.647,25.88,0.519995996533516,0.270395836410884
83.619,0.673,26.92,0.586138164514029,0.343557947899875
83.637,0.647,25.88,0.519995996533516,0.270395836410884
83.655,0.595,23.8,0.409260659730011,0.167494287602644
83.655,0.66,26.4,0.552077439280757,0.304789498962798
83.673,0.608,24.32,0.434510224171571,0.188799134909629
83.69,0.505,20.2,0.270395836410884,0.0731139083483417
83.69,0.634,25.36,0.489778819368446,0.239883291901949
83.709,0.544,21.76,0.323593656929628,0.10471285480509
83.73,0.298,11.92,0.10423174293933,0.0108642562361707
83.73,0.556,22.24,0.341979442513709,0.116949939101987
83.754,0.375,15,0.148593564228701,0.022080047330189
83.754,0.311,12.44,0.110662378397767,0.0122461619926505
83.775,0.453,18.12,0.212813904598271,0.0452897579903621
83.775,0.246,9.84,0.0820351544329818,0.00672976656284318
83.795,0.505,20.2,0.270395836410884,0.0731139083483417
83.815,0.233,9.32,0.0772680585095702,0.00597035286583837
83.815,0.466,18.64,0.225943577022098,0.0510504999975407
83.836,0.595,23.8,0.409260659730011,0.167494287602644
83.836,0.44,17.6,0.200447202736516,0.040179081084894
83.856,0.595,23.8,0.409260659730011,0.167494287602644
83.856,0.375,15,0.148593564228701,0.022080047330189
83.876,0.556,22.24,0.341979442513709,0.116949939101987
83.899,0.634,25.36,0.489778819368446,0.239883291901949
83.899,0.544,21.76,0.323593656929628,0.10471285480509
83.921,0.621,24.84,0.461317574560379,0.212813904598271
83.921,0.66,26.4,0.552077439280757,0.304789498962798
83.943,0.621,24.84,0.461317574560379,0.212813904598271
83.943,0.647,25.88,0.519995996533516,0.270395836410884
83.964,0.66,26.4,0.552077439280757,0.304789498962798
83.964,0.647,25.88,0.519995996533516,0.270395836410884
83.984,0.66,26.4,0.552077439280757,0.304789498962798
84.004,0.647,25.88,0.519995996533516,0.270395836410884
84.004,0.673,26.92,0.586138164514029,0.343557947899875
84.026,0.66,26.4,0.552077439280757,0.304789498962798
84.026,0.608,24.32,0.434510224171571,0.188799134909629
84.046,0.673,26.92,0.586138164514029,0.343557947899875
84.068,0.621,24.84,0.461317574560379,0.212813904598271
84.068,0.531,21.24,0.304789498962798,0.0928966386779936
84.094,0.621,24.84,0.461317574560379,0.212813904598271
84.094,0.544,21.76,0.323593656929628,0.10471285480509
84.094,0.336,13.44,0.124165230759241,0.0154170045294956
84.118,0.569,22.76,0.363078054770101,0.131825673855641
84.118,0.401,16.04,0.167494287602644,0.0280543363795171
84.138,0.259,10.36,0.0870963589956081,0.00758577575029184
84.159,0.453,18.12,0.212813904598271,0.0452897579903621
84.159,0.155,6.2,0.0539510622515128,0.00291071711806661
84.18,0.479,19.16,0.239883291901949,0.0575439937337157
84.18,0.207,8.28,0.0685488226452661,0.00469894108605215
84.201,0.453,18.12,0.212813904598271,0.0452897579903621
84.219,0.595,23.8,0.409260659730011,0.167494287602644
84.219,0.414,16.56,0.177827941003892,0.0316227766016838
84.236,0.556,22.24,0.341979442513709,0.116949939101987
84.253,0.349,13.96,0.131825673855641,0.0173780082874937
84.253,0.556,22.24,0.341979442513709,0.116949939101987
84.271,0.634,25.36,0.489778819368446,0.239883291901949
84.29,0.518,20.72,0.287078058202469,0.0824138115013002
84.29,0.621,24.84,0.461317574560379,0.212813904598271
84.308,0.66,26.4,0.552077439280757,0.304789498962798
84.325,0.608,24.32,0.434510224171571,0.188799134909629
84.325,0.66,26.4,0.552077439280757,0.304789498962798
84.343,0.673,26.92,0.586138164514029,0.343557947899875
84.36,0.66,26.4,0.552077439280757,0.304789498962798
84.36,0.66,26.4,0.552077439280757,0.304789498962798
84.379,0.647,25.88,0.519995996533516,0.270395836410884
84.397,0.673,26.92,0.586138164514029,0.343557947899875
84.397,0.66,26.4,0.552077439280757,0.304789498962798
84.415,0.608,24.32,0.434510224171571,0.188799134909629
84.433,0.673,26.92,0.586138164514029,0.343557947899875
84.433,0.621,24.84,0.461317574560379,0.212813904598271
84.451,0.531,21.24,0.304789498962798,0.0928966386779936
84.469,0.647,25.88,0.519995996533516,0.270395836410884
84.469,0.569,22.76,0.363078054770101,0.131825673855641
84.486,0.466,18.64,0.225943577022098,0.0510504999975407
84.504,0.582,23.28,0.385478357665772,0.148593564228701
84.504,0.427,17.08,0.188799134909629,0.0356451133426244
84.523,0.233,9.32,0.0772680585095702,0.00597035286583837
84.54,0.466,18.64,0.225943577022098,0.0510504999975407
84.541,0.181,7.24,0.0608135001278718,0.00369828179780266
84.558,0.479,19.16,0.239883291901949,0.0575439937337157
84.576,0.233,9.32,0.0772680585095702,0.00597035286583837
84.576,0.427,17.08,0.188799134909629,0.0356451133426244
84.593,0.608,24.32,0.434510224171571,0.188799134909629
84.611,0.375,15,0.148593564228701,0.022080047330189
84.611,0.556,22.24,0.341979442513709,0.116949939101987
84.629,0.298,11.92,0.10423174293933,0.0108642562361707
84.647,0.531,21.24,0.304789498962798,0.0928966386779936
84.647,0.621,24.84,0.461317574560379,0.212813904598271
84.664,0.505,20.2,0.270395836410884,0.0731139083483417
84.682,0.608,24.32,0.434510224171571,0.188799134909629
84.682,0.647,25.88,0.519995996533516,0.270395836410884
84.7,0.595,23.8,0.409260659730011,0.167494287602644
84.72,0.647,25.88,0.519995996533516,0.270395836410884
84.72,0.66,26.4,0.552077439280757,0.304789498962798
84.739,0.634,25.36,0.489778819368446,0.239883291901949
84.739,0.66,26.4,0.552077439280757,0.304789498962798
84.758,0.66,26.4,0.552077439280757,0.304789498962798
84.776,0.673,26.92,0.586138164514029,0.343557947899875
84.776,0.673,26.92,0.586138164514029,0.343557947899875
84.794,0.621,24.84,0.461317574560379,0.212813904598271
84.813,0.66,26.4,0.552077439280757,0.304789498962798
84.814,0.647,25.88,0.519995996533516,0.270395836410884
84.832,0.556,22.24,0.341979442513709,0.116949939101987
84.852,0.647,25.88,0.519995996533516,0.270395836410884
84.852,0.569,22.76,0.363078054770101,0.131825673855641
84.87,0.414,16.56,0.177827941003892,0.0316227766016838
84.87,0.582,23.28,0.385478357665772,0.148593564228701
84.888,0.492,19.68,0.254683025258504,0.0648634433548238
84.904,0.168,6.72,0.0572796030985829,0.00328095293113119
84.904,0.492,19.68,0.254683025258504,0.0648634433548238
84.923,0.207,8.28,0.0685488226452661,0.00469894108605215
84.941,0.453,18.12,0.212813904598271,0.0452897579903621
84.941,0.272,10.88,0.0924698173938222,0.00855066712884683
84.959,0.401,16.04,0.167494287602644,0.0280543363795171
84.977,0.556,22.24,0.341979442513709,0.116949939101987
84.977,0.336,13.44,0.124165230759241,0.0154170045294956
84.995,0.544,21.76,0.323593656929628,0.10471285480509
85.013,0.233,9.32,0.0772680585095702,0.00597035286583837
85.013,0.518,20.72,0.287078058202469,0.0824138115013002
85.03,0.608,24.32,0.434510224171571,0.188799134909629
85.048,0.479,19.16,0.239883291901949,0.0575439937337157
85.048,0.595,23.8,0.409260659730011,0.167494287602644
85.067,0.66,26.4,0.552077439280757,0.304789498962798
85.084,0.582,23.28,0.385478357665772,0.148593564228701
85.085,0.647,25.88,0.519995996533516,0.270395836410884
85.101,0.66,26.4,0.552077439280757,0.304789498962798
85.119,0.647,25.88,0.519995996533516,0.270395836410884
85.119,0.66,26.4,0.552077439280757,0.304789498962798
85.136,0.647,25.88,0.519995996533516,0.270395836410884
85.154,0.66,26.4,0.552077439280757,0.304789498962798
85.154,0.66,26.4,0.552077439280757,0.304789498962798
85.172,0.621,24.84,0.461317574560379,0.212813904598271
85.191,0.66,26.4,0.552077439280757,0.304789498962798
85.191,0.634,25.36,0.489778819368446,0.239883291901949
85.209,0.556,22.24,0.341979442513709,0.116949939101987
85.226,0.647,25.88,0.519995996533516,0.270395836410884
85.226,0.582,23.28,0.385478357665772,0.148593564228701
85.243,0.44,17.6,0.200447202736516,0.040179081084894
85.262,0.595,23.8,0.409260659730011,0.167494287602644
85.262,0.466,18.64,0.225943577022098,0.0510504999975407
85.28,0.142,5.68,0.0508159442560561,0.0025822601906346
85.297,0.582,23.28,0.385478357665772,0.148593564228701
85.297,0.505,20.2,0.270395836410884,0.0731139083483417
85.315,0.401,16.04,0.167494287602644,0.0280543363795171
85.332,0.298,11.92,0.10423174293933,0.0108642562361707
85.349,0.362,14.48,0.139958732257262,0.0195884467350599
85.349,0.556,22.24,0.341979442513709,0.116949939101987
85.367,0.388,15.52,0.157761126969935,0.0248885731828239
85.385,0.531,21.24,0.304789498962798,0.0928966386779936
85.385,0.22,8.8,0.0727779804536824,0.00529663443891658
85.404,0.505,20.2,0.270395836410884,0.0731139083483417
85.404,0.595,23.8,0.409260659730011,0.167494287602644
85.421,0.453,18.12,0.212813904598271,0.0452897579903621
85.439,0.595,23.8,0.409260659730011,0.167494287602644
85.457,0.647,25.88,0.519995996533516,0.270395836410884
85.457,0.569,22.76,0.363078054770101,0.131825673855641
85.475,0.634,25.36,0.489778819368446,0.239883291901949
85.476,0.66,26.4,0.552077439280757,0.304789498962798
85.493,0.634,25.36,0.489778819368446,0.239883291901949
85.511,0.66,26.4,0.552077439280757,0.304789498962798
85.511,0.647,25.88,0.519995996533516,0.270395836410884
85.529,0.673,26.92,0.586138164514029,0.343557947899875
85.548,0.66,26.4,0.552077439280757,0.304789498962798
85.548,0.621,24.84,0.461317574560379,0.212813904598271
85.565,0.647,25.88,0.519995996533516,0.270395836410884
85.583,0.634,25.36,0.489778819368446,0.239883291901949
85.583,0.556,22.24,0.341979442513709,0.116949939101987
85.602,0.647,25.88,0.519995996533516,0.270395836410884
85.62,0.569,22.76,0.363078054770101,0.131825673855641
85.62,0.44,17.6,0.200447202736516,0.040179081084894
85.636,0.595,23.8,0.409260659730011,0.167494287602644
85.655,0.466,18.64,0.225943577022098,0.0510504999975407
85.655,0.155,6.2,0.0539510622515128,0.00291071711806661
85.673,0.518,20.72,0.287078058202469,0.0824138115013002
85.691,0.272,10.88,0.0924698173938222,0.00855066712884683
85.691,0.401,16.04,0.167494287602644,0.0280543363795171
85.708,0.349,13.96,0.131825673855641,0.0173780082874937
85.727,0.324,12.96,0.117489755493953,0.0138038426460288
85.727,0.544,21.76,0.323593656929628,0.10471285480509
85.746,0.246,9.84,0.0820351544329818,0.00672976656284318
85.763,0.505,20.2,0.270395836410884,0.0731139083483417
85.763,0.168,6.72,0.0572796030985829,0.00328095293113119
85.782,0.479,19.16,0.239883291901949,0.0575439937337157
85.801,0.595,23.8,0.409260659730011,0.167494287602644
85.801,0.44,17.6,0.200447202736516,0.040179081084894
85.82,0.569,22.76,0.363078054770101,0.131825673855641
85.837,0.634,25.36,0.489778819368446,0.239883291901949
85.837,0.569,22.76,0.363078054770101,0.131825673855641
85.855,0.634,25.36,0.489778819368446,0.239883291901949
85.873,0.66,26.4,0.552077439280757,0.304789498962798
85.873,0.621,24.84,0.461317574560379,0.212813904598271
85.893,0.66,26.4,0.552077439280757,0.304789498962798
85.893,0.66,26.4,0.552077439280757,0.304789498962798
85.911,0.647,25.88,0.519995996533516,0.270395836410884
85.93,0.66,26.4,0.552077439280757,0.304789498962798
85.93,0.621,24.84,0.461317574560379,0.212813904598271
85.947,0.66,26.4,0.552077439280757,0.304789498962798
85.964,0.634,25.36,0.489778819368446,0.239883291901949
85.964,0.569,22.76,0.363078054770101,0.131825673855641
85.982,0.634,25.36,0.489778819368446,0.239883291901949
86,0.595,23.8,0.409260659730011,0.167494287602644
86,0.466,18.64,0.225943577022098,0.0510504999975407
86.017,0.582,23.28,0.385478357665772,0.148593564228701
86.035,0.505,20.2,0.270395836410884,0.0731139083483417
86.053,0.233,9.32,0.0772680585095702,0.00597035286583837
86.053,0.518,20.72,0.287078058202469,0.0824138115013002
86.07,0.298,11.92,0.10423174293933,0.0108642562361707
86.088,0.324,12.96,0.117489755493953,0.0138038426460288
86.088,0.375,15,0.148593564228701,0.022080047330189
86.105,0.246,9.84,0.0820351544329818,0.00672976656284318
86.124,0.505,20.2,0.270395836410884,0.0731139083483417
86.124,0.194,7.76,0.0645654229034656,0.00416869383470336
86.142,0.492,19.68,0.254683025258504,0.0648634433548238
86.16,0.595,23.8,0.409260659730011,0.167494287602644
86.16,0.453,18.12,0.212813904598271,0.0452897579903621
86.177,0.582,23.28,0.385478357665772,0.148593564228701
86.194,0.401,16.04,0.167494287602644,0.0280543363795171
86.194,0.556,22.24,0.341979442513709,0.116949939101987
86.211,0.634,25.36,0.489778819368446,0.239883291901949
86.229,0.582,23.28,0.385478357665772,0.148593564228701
86.229,0.621,24.84,0.461317574560379,0.212813904598271
86.247,0.647,25.88,0.519995996533516,0.270395836410884
86.265,0.608,24.32,0.434510224171571,0.188799134909629
86.265,0.647,25.88,0.519995996533516,0.270395836410884
86.283,0.647,25.88,0.519995996533516,0.270395836410884
86.301,0.647,25.88,0.519995996533516,0.270395836410884
86.301,0.647,25.88,0.519995996533516,0.270395836410884
86.318,0.621,24.84,0.461317574560379,0.212813904598271
86.335,0.647,25.88,0.519995996533516,0.270395836410884
86.336,0.634,25.36,0.489778819368446,0.239883291901949
86.354,0.569,22.76,0.363078054770101,0.131825673855641
86.372,0.634,25.36,0.489778819368446,0.239883291901949
86.372,0.595,23.8,0.409260659730011,0.167494287602644
86.39,0.479,19.16,0.239883291901949,0.0575439937337157
86.409,0.608,24.32,0.434510224171571,0.188799134909629
86.409,0.505,20.2,0.270395836410884,0.0731139083483417
86.426,0.259,10.36,0.0870963589956081,0.00758577575029184
86.445,0.531,21.24,0.304789498962798,0.0928966386779936
86.445,0.324,12.96,0.117489755493953,0.0138038426460288
86.462,0.311,12.44,0.110662378397767,0.0122461619926505
86.483,0.388,15.52,0.157761126969935,0.0248885731828239
86.483,0.246,9.84,0.0820351544329818,0.00672976656284318
86.5,0.505,20.2,0.270395836410884,0.0731139083483417
86.5,0.155,6.2,0.0539510622515128,0.00291071711806661
86.518,0.479,19.16,0.239883291901949,0.0575439937337157
86.536,0.595,23.8,0.409260659730011,0.167494287602644
86.536,0.44,17.6,0.200447202736516,0.040179081084894
86.554,0.582,23.28,0.385478357665772,0.148593564228701
86.572,0.401,16.04,0.167494287602644,0.0280543363795171
86.572,0.569,22.76,0.363078054770101,0.131825673855641
86.591,0.647,25.88,0.519995996533516,0.270395836410884
86.608,0.544,21.76,0.323593656929628,0.10471285480509
86.608,0.634,25.36,0.489778819368446,0.239883291901949
86.627,0.66,26.4,0.552077439280757,0.304789498962798
86.644,0.621,24.84,0.461317574560379,0.212813904598271
86.644,0.66,26.4,0.552077439280757,0.304789498962798
86.661,0.673,26.92,0.586138164514029,0.343557947899875
86.678,0.66,26.4,0.552077439280757,0.304789498962798
86.678,0.673,26.92,0.586138164514029,0.343557947899875
86.697,0.66,26.4,0.552077439280757,0.304789498962798
86.715,0.673,26.92,0.586138164514029,0.343557947899875
86.715,0.66,26.4,0.552077439280757,0.304789498962798
86.733,0.595,23.8,0.409260659730011,0.167494287602644
86.75,0.66,26.4,0.552077439280757,0.304789498962798
86.75,0.621,24.84,0.461317574560379,0.212813904598271
86.767,0.518,20.72,0.287078058202469,0.0824138115013002
86.784,0.621,24.84,0.461317574560379,0.212813904598271
86.803,0.531,21.24,0.304789498962798,0.0928966386779936
86.803,0.324,12.96,0.117489755493953,0.0138038426460288
86.821,0.569,22.76,0.363078054770101,0.131825673855641
86.838,0.582,23.28,0.385478357665772,0.148593564228701
86.838,0.259,10.36,0.0870963589956081,0.00758577575029184
86.856,0.44,17.6,0.200447202736516,0.040179081084894
86.874,0.194,7.76,0.0645654229034656,0.00416869383470336
86.874,0.479,19.16,0.239883291901949,0.0575439937337157
86.893,0.168,6.72,0.0572796030985829,0.00328095293113119
86.91,0.44,17.6,0.200447202736516,0.040179081084894
86.91,0.569,22.76,0.363078054770101,0.131825673855641
86.927,0.401,16.04,0.167494287602644,0.0280543363795171
86.945,0.621,24.84,0.461317574560379,0.212813904598271
86.945,0.349,13.96,0.131825673855641,0.0173780082874937
86.964,0.544,21.76,0.323593656929628,0.10471285480509
86.98,0.634,25.36,0.489778819368446,0.239883291901949
86.98,0.518,20.72,0.287078058202469,0.0824138115013002
86.998,0.621,24.84,0.461317574560379,0.212813904598271
87.017,0.647,25.88,0.519995996533516,0.270395836410884
87.017,0.595,23.8,0.409260659730011,0.167494287602644
87.034,0.647,25.88,0.519995996533516,0.270395836410884
87.051,0.66,26.4,0.552077439280757,0.304789498962798
87.051,0.647,25.88,0.519995996533516,0.270395836410884
87.071,0.66,26.4,0.552077439280757,0.304789498962798
87.088,0.647,25.88,0.519995996533516,0.270395836410884
87.088,0.66,26.4,0.552077439280757,0.304789498962798
87.106,0.647,25.88,0.519995996533516,0.270395836410884
87.123,0.595,23.8,0.409260659730011,0.167494287602644
87.123,0.647,25.88,0.519995996533516,0.270395836410884
87.14,0.621,24.84,0.461317574560379,0.212813904598271
87.158,0.518,20.72,0.287078058202469,0.0824138115013002
87.158,0.621,24.84,0.461317574560379,0.212813904598271
87.176,0.556,22.24,0.341979442513709,0.116949939101987
87.193,0.362,14.48,0.139958732257262,0.0195884467350599
87.194,0.582,23.28,0.385478357665772,0.148593564228701
87.212,0.414,16.56,0.177827941003892,0.0316227766016838
87.23,0.272,10.88,0.0924698173938222,0.00855066712884683
87.23,0.466,18.64,0.225943577022098,0.0510504999975407
87.247,0.155,6.2,0.0539510622515128,0.00291071711806661
87.266,0.479,19.16,0.239883291901949,0.0575439937337157
87.266,0.194,7.76,0.0645654229034656,0.00416869383470336
87.284,0.427,17.08,0.188799134909629,0.0356451133426244
87.303,0.582,23.28,0.385478357665772,0.148593564228701
87.303,0.388,15.52,0.157761126969935,0.0248885731828239
87.322,0.556,22.24,0.341979442513709,0.116949939101987
87.322,0.311,12.44,0.110662378397767,0.0122461619926505
87.34,0.531,21.24,0.304789498962798,0.0928966386779936
87.359,0.621,24.84,0.461317574560379,0.212813904598271
87.359,0.505,20.2,0.270395836410884,0.0731139083483417
87.378,0.608,24.32,0.434510224171571,0.188799134909629
87.397,0.66,26.4,0.552077439280757,0.304789498962798
87.397,0.595,23.8,0.409260659730011,0.167494287602644
87.415,0.634,25.36,0.489778819368446,0.239883291901949
87.436,0.647,25.88,0.519995996533516,0.270395836410884
87.436,0.621,24.84,0.461317574560379,0.212813904598271
87.454,0.66,26.4,0.552077439280757,0.304789498962798
87.454,0.647,25.88,0.519995996533516,0.270395836410884
87.473,0.647,25.88,0.519995996533516,0.270395836410884
87.492,0.647,25.88,0.519995996533516,0.270395836410884
87.492,0.608,24.32,0.434510224171571,0.188799134909629
87.51,0.66,26.4,0.552077439280757,0.304789498962798
87.528,0.621,24.84,0.461317574560379,0.212813904598271
87.529,0.531,21.24,0.304789498962798,0.0928966386779936
87.547,0.634,25.36,0.489778819368446,0.239883291901949
87.566,0.569,22.76,0.363078054770101,0.131825673855641
87.566,0.401,16.04,0.167494287602644,0.0280543363795171
87.585,0.582,23.28,0.385478357665772,0.148593564228701
87.585,0.44,17.6,0.200447202736516,0.040179081084894
87.604,0.427,17.08,0.188799134909629,0.0356451133426244
87.623,0.479,19.16,0.239883291901949,0.0575439937337157
87.623,0.181,7.24,0.0608135001278718,0.00369828179780266
87.641,0.44,17.6,0.200447202736516,0.040179081084894
87.662,0.246,9.84,0.0820351544329818,0.00672976656284318
87.662,0.518,20.72,0.287078058202469,0.0824138115013002
87.68,0.556,22.24,0.341979442513709,0.116949939101987
87.68,0.324,12.96,0.117489755493953,0.0138038426460288
87.7,0.531,21.24,0.304789498962798,0.0928966386779936
87.718,0.246,9.84,0.0820351544329818,0.00672976656284318
87.718,0.518,20.72,0.287078058202469,0.0824138115013002
87.735,0.595,23.8,0.409260659730011,0.167494287602644
87.753,0.479,19.16,0.239883291901949,0.0575439937337157
87.754,0.582,23.28,0.385478357665772,0.148593564228701
87.773,0.634,25.36,0.489778819368446,0.239883291901949
87.79,0.582,23.28,0.385478357665772,0.148593564228701
87.79,0.634,25.36,0.489778819368446,0.239883291901949
87.809,0.66,26.4,0.552077439280757,0.304789498962798
87.827,0.634,25.36,0.489778819368446,0.239883291901949
87.827,0.66,26.4,0.552077439280757,0.304789498962798
87.845,0.647,25.88,0.519995996533516,0.270395836410884
87.864,0.66,26.4,0.552077439280757,0.304789498962798
87.864,0.66,26.4,0.552077439280757,0.304789498962798
87.884,0.621,24.84,0.461317574560379,0.212813904598271
87.884,0.66,26.4,0.552077439280757,0.304789498962798
87.903,0.621,24.84,0.461317574560379,0.212813904598271
87.921,0.556,22.24,0.341979442513709,0.116949939101987
87.921,0.647,25.88,0.519995996533516,0.270395836410884
87.939,0.582,23.28,0.385478357665772,0.148593564228701
87.957,0.427,17.08,0.188799134909629,0.0356451133426244
87.957,0.595,23.8,0.409260659730011,0.167494287602644
87.975,0.466,18.64,0.225943577022098,0.0510504999975407
87.993,0.155,6.2,0.0539510622515128,0.00291071711806661
87.993,0.505,20.2,0.270395836410884,0.0731139083483417
88.014,0.194,7.76,0.0645654229034656,0.00416869383470336
88.014,0.427,17.08,0.188799134909629,0.0356451133426244
88.031,0.285,11.4,0.0981747943019984,0.0096382902362397
88.05,0.362,14.48,0.139958732257262,0.0195884467350599
88.05,0.556,22.24,0.341979442513709,0.116949939101987
88.067,0.285,11.4,0.0981747943019984,0.0096382902362397
88.085,0.518,20.72,0.287078058202469,0.0824138115013002
88.085,0.194,7.76,0.0645654229034656,0.00416869383470336
88.103,0.492,19.68,0.254683025258504,0.0648634433548238
88.122,0.595,23.8,0.409260659730011,0.167494287602644
88.122,0.466,18.64,0.225943577022098,0.0510504999975407
88.14,0.582,23.28,0.385478357665772,0.148593564228701
88.158,0.66,26.4,0.552077439280757,0.304789498962798
88.158,0.556,22.24,0.341979442513709,0.116949939101987
88.176,0.634,25.36,0.489778819368446,0.239883291901949
88.194,0.66,26.4,0.552077439280757,0.304789498962798
88.194,0.634,25.36,0.489778819368446,0.239883291901949
88.213,0.66,26.4,0.552077439280757,0.304789498962798
88.232,0.647,25.88,0.519995996533516,0.270395836410884
88.232,0.647,25.88,0.519995996533516,0.270395836410884
88.25,0.66,26.4,0.552077439280757,0.304789498962798
88.268,0.621,24.84,0.461317574560379,0.212813904598271
88.268,0.66,26.4,0.552077439280757,0.304789498962798
88.286,0.634,25.36,0.489778819368446,0.239883291901949
88.286,0.569,22.76,0.363078054770101,0.131825673855641
88.304,0.647,25.88,0.519995996533516,0.270395836410884
88.324,0.582,23.28,0.385478357665772,0.148593564228701
88.324,0.453,18.12,0.212813904598271,0.0452897579903621
88.342,0.608,24.32,0.434510224171571,0.188799134909629
88.359,0.492,19.68,0.254683025258504,0.0648634433548238
88.359,0.142,5.68,0.0508159442560561,0.0025822601906346
88.376,0.556,22.24,0.341979442513709,0.116949939101987
88.394,0.259,10.36,0.0870963589956081,0.00758577575029184
88.394,0.388,15.52,0.157761126969935,0.0248885731828239
88.413,0.336,13.44,0.124165230759241,0.0154170045294956
88.431,0.336,13.44,0.124165230759241,0.0154170045294956
88.431,0.544,21.76,0.323593656929628,0.10471285480509
88.449,0.272,10.88,0.0924698173938222,0.00855066712884683
88.467,0.518,20.72,0.287078058202469,0.0824138115013002
88.467,0.207,8.28,0.0685488226452661,0.00469894108605215
88.485,0.479,19.16,0.239883291901949,0.0575439937337157
88.503,0.595,23.8,0.409260659730011,0.167494287602644
88.503,0.44,17.6,0.200447202736516,0.040179081084894
88.521,0.582,23.28,0.385478357665772,0.148593564228701
88.54,0.634,25.36,0.489778819368446,0.239883291901949
88.54,0.556,22.24,0.341979442513709,0.116949939101987
88.559,0.621,24.84,0.461317574560379,0.212813904598271
88.576,0.647,25.88,0.519995996533516,0.270395836410884
88.576,0.621,24.84,0.461317574560379,0.212813904598271
88.595,0.647,25.88,0.519995996533516,0.270395836410884
88.612,0.66,26.4,0.552077439280757,0.304789498962798
88.612,0.647,25.88,0.519995996533516,0.270395836410884
88.63,0.66,26.4,0.552077439280757,0.304789498962798
88.648,0.634,25.36,0.489778819368446,0.239883291901949
88.648,0.647,25.88,0.519995996533516,0.270395836410884
88.666,0.634,25.36,0.489778819368446,0.239883291901949
88.685,0.634,25.36,0.489778819368446,0.239883291901949
88.685,0.647,25.88,0.519995996533516,0.270395836410884
88.703,0.582,23.28,0.385478357665772,0.148593564228701
88.703,0.466,18.64,0.225943577022098,0.0510504999975407
88.722,0.608,24.32,0.434510224171571,0.188799134909629
88.741,0.505,20.2,0.270395836410884,0.0731139083483417
88.741,0.207,8.28,0.0685488226452661,0.00469894108605215
88.759,0.531,21.24,0.304789498962798,0.0928966386779936
88.778,0.298,11.92,0.10423174293933,0.0108642562361707
88.778,0.362,14.48,0.139958732257262,0.0195884467350599
88.798,0.375,15,0.148593564228701,0.022080047330189
88.798,0.285,11.4,0.0981747943019984,0.0096382902362397
88.815,0.518,20.72,0.287078058202469,0.0824138115013002
88.834,0.207,8.28,0.0685488226452661,0.00469894108605215
88.852,0.518,20.72,0.287078058202469,0.0824138115013002
88.852,0.181,7.24,0.0608135001278718,0.00369828179780266
88.87,0.466,18.64,0.225943577022098,0.0510504999975407
88.87,0.608,24.32,0.434510224171571,0.188799134909629
88.887,0.427,17.08,0.188799134909629,0.0356451133426244
88.907,0.582,23.28,0.385478357665772,0.148593564228701
88.907,0.634,25.36,0.489778819368446,0.239883291901949
88.925,0.556,22.24,0.341979442513709,0.116949939101987
88.944,0.634,25.36,0.489778819368446,0.239883291901949
88.944,0.66,26.4,0.552077439280757,0.304789498962798
88.961,0.621,24.84,0.461317574560379,0.212813904598271
88.979,0.66,26.4,0.552077439280757,0.304789498962798
88.979,0.66,26.4,0.552077439280757,0.304789498962798
88.998,0.647,25.88,0.519995996533516,0.270395836410884
89.016,0.66,26.4,0.552077439280757,0.304789498962798
89.016,0.647,25.88,0.519995996533516,0.270395836410884
89.034,0.647,25.88,0.519995996533516,0.270395836410884
89.052,0.634,25.36,0.489778819368446,0.239883291901949
89.052,0.569,22.76,0.363078054770101,0.131825673855641
89.07,0.647,25.88,0.519995996533516,0.270395836410884
89.089,0.595,23.8,0.409260659730011,0.167494287602644
89.089,0.466,18.64,0.225943577022098,0.0510504999975407
89.108,0.595,23.8,0.409260659730011,0.167494287602644
89.125,0.505,20.2,0.270395836410884,0.0731139083483417
89.125,0.233,9.32,0.0772680585095702,0.00597035286583837
89.146,0.531,21.24,0.304789498962798,0.0928966386779936
89.146,0.298,11.92,0.10423174293933,0.0108642562361707
89.164,0.336,13.44,0.124165230759241,0.0154170045294956
89.184,0.375,15,0.148593564228701,0.022080047330189
89.184,0.246,9.84,0.0820351544329818,0.00672976656284318
89.202,0.492,19.68,0.254683025258504,0.0648634433548238
89.221,0.155,6.2,0.0539510622515128,0.00291071711806661
89.221,0.479,19.16,0.239883291901949,0.0575439937337157
89.24,0.582,23.28,0.385478357665772,0.148593564228701
89.241,0.44,17.6,0.200447202736516,0.040179081084894
89.26,0.582,23.28,0.385478357665772,0.148593564228701
89.279,0.388,15.52,0.157761126969935,0.0248885731828239
89.279,0.556,22.24,0.341979442513709,0.116949939101987
89.3,0.621,24.84,0.461317574560379,0.212813904598271
89.3,0.544,21.76,0.323593656929628,0.10471285480509
89.318,0.621,24.84,0.461317574560379,0.212813904598271
89.337,0.66,26.4,0.552077439280757,0.304789498962798
89.337,0.621,24.84,0.461317574560379,0.212813904598271
89.354,0.673,26.92,0.586138164514029,0.343557947899875
89.372,0.66,26.4,0.552077439280757,0.304789498962798
89.374,0.66,26.4,0.552077439280757,0.304789498962798
89.391,0.673,26.92,0.586138164514029,0.343557947899875
89.408,0.647,25.88,0.519995996533516,0.270395836410884
89.408,0.673,26.92,0.586138164514029,0.343557947899875
89.427,0.66,26.4,0.552077439280757,0.304789498962798
89.445,0.582,23.28,0.385478357665772,0.148593564228701
89.445,0.66,26.4,0.552077439280757,0.304789498962798
89.463,0.608,24.32,0.434510224171571,0.188799134909629
89.481,0.505,20.2,0.270395836410884,0.0731139083483417
89.481,0.634,25.36,0.489778819368446,0.239883291901949
89.5,0.531,21.24,0.304789498962798,0.0928966386779936
89.517,0.298,11.92,0.10423174293933,0.0108642562361707
89.518,0.556,22.24,0.341979442513709,0.116949939101987
89.536,0.375,15,0.148593564228701,0.022080047330189
89.555,0.285,11.4,0.0981747943019984,0.0096382902362397
89.555,0.427,17.08,0.188799134909629,0.0356451133426244
89.576,0.194,7.76,0.0645654229034656,0.00416869383470336
89.576,0.505,20.2,0.270395836410884,0.0731139083483417
89.595,0.142,5.68,0.0508159442560561,0.0025822601906346
89.614,0.453,18.12,0.212813904598271,0.0452897579903621
89.614,0.582,23.28,0.385478357665772,0.148593564228701
89.633,0.414,16.56,0.177827941003892,0.0316227766016838
89.633,0.569,22.76,0.363078054770101,0.131825673855641
89.652,0.336,13.44,0.124165230759241,0.0154170045294956
89.672,0.544,21.76,0.323593656929628,0.10471285480509
89.672,0.621,24.84,0.461317574560379,0.212813904598271
89.692,0.518,20.72,0.287078058202469,0.0824138115013002
89.692,0.608,24.32,0.434510224171571,0.188799134909629
89.71,0.66,26.4,0.552077439280757,0.304789498962798
89.728,0.608,24.32,0.434510224171571,0.188799134909629
89.728,0.66,26.4,0.552077439280757,0.304789498962798
89.748,0.66,26.4,0.552077439280757,0.304789498962798
89.765,0.66,26.4,0.552077439280757,0.304789498962798
89.765,0.66,26.4,0.552077439280757,0.304789498962798
89.784,0.647,25.88,0.519995996533516,0.270395836410884
89.802,0.673,26.92,0.586138164514029,0.343557947899875
89.802,0.647,25.88,0.519995996533516,0.270395836410884
89.821,0.608,24.32,0.434510224171571,0.188799134909629
89.84,0.66,26.4,0.552077439280757,0.304789498962798
89.84,0.621,24.84,0.461317574560379,0.212813904598271
89.859,0.518,20.72,0.287078058202469,0.0824138115013002
89.859,0.634,25.36,0.489778819368446,0.239883291901949
89.877,0.544,21.76,0.323593656929628,0.10471285480509
89.894,0.324,12.96,0.117489755493953,0.0138038426460288
89.894,0.556,22.24,0.341979442513709,0.116949939101987
89.915,0.388,15.52,0.157761126969935,0.0248885731828239
89.934,0.233,9.32,0.0772680585095702,0.00597035286583837
89.934,0.44,17.6,0.200447202736516,0.040179081084894
89.952,0.181,7.24,0.0608135001278718,0.00369828179780266
89.971,0.479,19.16,0.239883291901949,0.0575439937337157
89.971,0.207,8.28,0.0685488226452661,0.00469894108605215
89.99,0.44,17.6,0.200447202736516,0.040179081084894
89.99,0.582,23.28,0.385478357665772,0.148593564228701
90.008,0.388,15.52,0.157761126969935,0.0248885731828239
90.028,0.569,22.76,0.363078054770101,0.131825673855641
90.028,0.336,13.44,0.124165230759241,0.0154170045294956
90.047,0.544,21.76,0.323593656929628,0.10471285480509
90.065,0.647,25.88,0.519995996533516,0.270395836410884
90.065,0.531,21.24,0.304789498962798,0.0928966386779936
90.084,0.621,24.84,0.461317574560379,0.212813904598271
90.102,0.686,27.44,0.62230028516916,0.387257644921617
90.102,0.595,23.8,0.409260659730011,0.167494287602644
90.121,0.66,26.4,0.552077439280757,0.304789498962798
90.121,0.673,26.92,0.586138164514029,0.343557947899875
90.14,0.647,25.88,0.519995996533516,0.270395836410884
90.16,0.66,26.4,0.552077439280757,0.304789498962798
90.16,0.647,25.88,0.519995996533516,0.270395836410884
90.178,0.66,26.4,0.552077439280757,0.304789498962798
90.196,0.66,26.4,0.552077439280757,0.304789498962798
90.196,0.608,24.32,0.434510224171571,0.188799134909629
90.214,0.66,26.4,0.552077439280757,0.304789498962798
90.233,0.634,25.36,0.489778819368446,0.239883291901949
90.233,0.531,21.24,0.304789498962798,0.0928966386779936
90.25,0.634,25.36,0.489778819368446,0.239883291901949
90.269,0.544,21.76,0.323593656929628,0.10471285480509
90.27,0.375,15,0.148593564228701,0.022080047330189
90.288,0.582,23.28,0.385478357665772,0.148593564228701
90.288,0.427,17.08,0.188799134909629,0.0356451133426244
90.307,0.207,8.28,0.0685488226452661,0.00469894108605215
90.325,0.466,18.64,0.225943577022098,0.0510504999975407
90.325,0.168,6.72,0.0572796030985829,0.00328095293113119
90.344,0.479,19.16,0.239883291901949,0.0575439937337157
90.361,0.194,7.76,0.0645654229034656,0.00416869383470336
90.361,0.427,17.08,0.188799134909629,0.0356451133426244
90.381,0.582,23.28,0.385478357665772,0.148593564228701
90.399,0.388,15.52,0.157761126969935,0.0248885731828239
90.399,0.556,22.24,0.341979442513709,0.116949939101987
90.418,0.285,11.4,0.0981747943019984,0.0096382902362397
90.418,0.531,21.24,0.304789498962798,0.0928966386779936
90.437,0.621,24.84,0.461317574560379,0.212813904598271
90.455,0.505,20.2,0.270395836410884,0.0731139083483417
90.455,0.608,24.32,0.434510224171571,0.188799134909629
90.474,0.66,26.4,0.552077439280757,0.304789498962798
90.493,0.595,23.8,0.409260659730011,0.167494287602644
90.493,0.647,25.88,0.519995996533516,0.270395836410884
90.511,0.66,26.4,0.552077439280757,0.304789498962798
90.531,0.621,24.84,0.461317574560379,0.212813904598271
90.531,0.647,25.88,0.519995996533516,0.270395836410884
90.55,0.634,25.36,0.489778819368446,0.239883291901949
90.55,0.647,25.88,0.519995996533516,0.270395836410884
90.568,0.647,25.88,0.519995996533516,0.270395836410884
90.587,0.608,24.32,0.434510224171571,0.188799134909629
90.587,0.66,26.4,0.552077439280757,0.304789498962798
90.605,0.621,24.84,0.461317574560379,0.212813904598271
90.623,0.544,21.76,0.323593656929628,0.10471285480509
90.623,0.621,24.84,0.461317574560379,0.212813904598271
90.642,0.556,22.24,0.341979442513709,0.116949939101987
90.659,0.401,16.04,0.167494287602644,0.0280543363795171
90.659,0.556,22.24,0.341979442513709,0.116949939101987
90.677,0.453,18.12,0.212813904598271,0.0452897579903621
90.695,0.168,6.72,0.0572796030985829,0.00328095293113119
90.695,0.492,19.68,0.254683025258504,0.0648634433548238
90.714,0.181,7.24,0.0608135001278718,0.00369828179780266
90.733,0.44,17.6,0.200447202736516,0.040179081084894
90.733,0.246,9.84,0.0820351544329818,0.00672976656284318
90.752,0.388,15.52,0.157761126969935,0.0248885731828239
90.752,0.569,22.76,0.363078054770101,0.131825673855641
90.769,0.324,12.96,0.117489755493953,0.0138038426460288
90.787,0.544,21.76,0.323593656929628,0.10471285480509
90.804,0.272,10.88,0.0924698173938222,0.00855066712884683
90.804,0.518,20.72,0.287078058202469,0.0824138115013002
90.824,0.621,24.84,0.461317574560379,0.212813904598271
90.824,0.492,19.68,0.254683025258504,0.0648634433548238
90.844,0.608,24.32,0.434510224171571,0.188799134909629
90.862,0.673,26.92,0.586138164514029,0.343557947899875
90.862,0.595,23.8,0.409260659730011,0.167494287602644
90.882,0.647,25.88,0.519995996533516,0.270395836410884
90.9,0.673,26.92,0.586138164514029,0.343557947899875
90.9,0.647,25.88,0.519995996533516,0.270395836410884
90.92,0.673,26.92,0.586138164514029,0.343557947899875
90.92,0.66,26.4,0.552077439280757,0.304789498962798
90.939,0.66,26.4,0.552077439280757,0.304789498962798
90.957,0.66,26.4,0.552077439280757,0.304789498962798
90.957,0.621,24.84,0.461317574560379,0.212813904598271
90.975,0.66,26.4,0.552077439280757,0.304789498962798
90.993,0.634,25.36,0.489778819368446,0.239883291901949
90.993,0.544,21.76,0.323593656929628,0.10471285480509
91.011,0.634,25.36,0.489778819368446,0.239883291901949
91.03,0.569,22.76,0.363078054770101,0.131825673855641
91.03,0.414,16.56,0.177827941003892,0.0316227766016838
91.047,0.582,23.28,0.385478357665772,0.148593564228701
91.065,0.466,18.64,0.225943577022098,0.0510504999975407
91.065,0.129,5.16,0.0478630092322639,0.00229086765276777
91.085,0.492,19.68,0.254683025258504,0.0648634433548238
91.103,0.181,7.24,0.0608135001278718,0.00369828179780266
91.103,0.414,16.56,0.177827941003892,0.0316227766016838
91.121,0.285,11.4,0.0981747943019984,0.0096382902362397
91.121,0.414,16.56,0.177827941003892,0.0316227766016838
91.14,0.556,22.24,0.341979442513709,0.116949939101987
91.16,0.311,12.44,0.110662378397767,0.0122461619926505
91.16,0.531,21.24,0.304789498962798,0.0928966386779936
91.178,0.194,7.76,0.0645654229034656,0.00416869383470336
91.195,0.492,19.68,0.254683025258504,0.0648634433548238
91.196,0.608,24.32,0.434510224171571,0.188799134909629
91.214,0.466,18.64,0.225943577022098,0.0510504999975407
91.233,0.608,24.32,0.434510224171571,0.188799134909629
91.233,0.647,25.88,0.519995996533516,0.270395836410884
91.251,0.582,23.28,0.385478357665772,0.148593564228701
91.269,0.647,25.88,0.519995996533516,0.270395836410884
91.269,0.66,26.4,0.552077439280757,0.304789498962798
91.287,0.634,25.36,0.489778819368446,0.239883291901949
91.287,0.66,26.4,0.552077439280757,0.304789498962798
91.305,0.66,26.4,0.552077439280757,0.304789498962798
91.324,0.66,26.4,0.552077439280757,0.304789498962798
91.324,0.66,26.4,0.552077439280757,0.304789498962798
91.342,0.621,24.84,0.461317574560379,0.212813904598271
91.36,0.66,26.4,0.552077439280757,0.304789498962798
91.36,0.634,25.36,0.489778819368446,0.239883291901949
91.378,0.569,22.76,0.363078054770101,0.131825673855641
91.396,0.647,25.88,0.519995996533516,0.270395836410884
91.396,0.582,23.28,0.385478357665772,0.148593564228701
91.414,0.453,18.12,0.212813904598271,0.0452897579903621
91.433,0.595,23.8,0.409260659730011,0.167494287602644
91.433,0.518,20.72,0.287078058202469,0.0824138115013002
91.451,0.324,12.96,0.117489755493953,0.0138038426460288
91.47,0.518,20.72,0.287078058202469,0.0824138115013002
91.47,0.285,11.4,0.0981747943019984,0.0096382902362397
91.488,0.401,16.04,0.167494287602644,0.0280543363795171
91.506,0.349,13.96,0.131825673855641,0.0173780082874937
91.506,0.336,13.44,0.124165230759241,0.0154170045294956
91.524,0.544,21.76,0.323593656929628,0.10471285480509
91.542,0.246,9.84,0.0820351544329818,0.00672976656284318
91.542,0.531,21.24,0.304789498962798,0.0928966386779936
91.561,0.168,6.72,0.0572796030985829,0.00328095293113119
91.578,0.479,19.16,0.239883291901949,0.0575439937337157
91.578,0.608,24.32,0.434510224171571,0.188799134909629
91.596,0.453,18.12,0.212813904598271,0.0452897579903621
91.616,0.582,23.28,0.385478357665772,0.148593564228701
91.616,0.647,25.88,0.519995996533516,0.270395836410884
91.633,0.556,22.24,0.341979442513709,0.116949939101987
91.633,0.647,25.88,0.519995996533516,0.270395836410884
91.652,0.66,26.4,0.552077439280757,0.304789498962798
91.672,0.621,24.84,0.461317574560379,0.212813904598271
91.672,0.66,26.4,0.552077439280757,0.304789498962798
91.689,0.66,26.4,0.552077439280757,0.304789498962798
91.708,0.66,26.4,0.552077439280757,0.304789498962798
91.708,0.66,26.4,0.552077439280757,0.304789498962798
91.727,0.621,24.84,0.461317574560379,0.212813904598271
91.745,0.647,25.88,0.519995996533516,0.270395836410884
91.745,0.634,25.36,0.489778819368446,0.239883291901949
91.764,0.569,22.76,0.363078054770101,0.131825673855641
91.781,0.647,25.88,0.519995996533516,0.270395836410884
91.781,0.582,23.28,0.385478357665772,0.148593564228701
91.8,0.453,18.12,0.212813904598271,0.0452897579903621
91.8,0.608,24.32,0.434510224171571,0.188799134909629
91.818,0.492,19.68,0.254683025258504,0.0648634433548238
91.836,0.22,8.8,0.0727779804536824,0.00529663443891658
91.836,0.505,20.2,0.270395836410884,0.0731139083483417
91.855,0.285,11.4,0.0981747943019984,0.0096382902362397
91.874,0.362,14.48,0.139958732257262,0.0195884467350599
91.874,0.362,14.48,0.139958732257262,0.0195884467350599
91.894,0.285,11.4,0.0981747943019984,0.0096382902362397
91.912,0.505,20.2,0.270395836410884,0.0731139083483417
91.912,0.22,8.8,0.0727779804536824,0.00529663443891658
91.931,0.492,19.68,0.254683025258504,0.0648634433548238
91.931,0.142,5.68,0.0508159442560561,0.0025822601906346
91.95,0.466,18.64,0.225943577022098,0.0510504999975407
91.97,0.595,23.8,0.409260659730011,0.167494287602644
91.97,0.44,17.6,0.200447202736516,0.040179081084894
91.987,0.569,22.76,0.363078054770101,0.131825673855641
92.005,0.647,25.88,0.519995996533516,0.270395836410884
92.005,0.556,22.24,0.341979442513709,0.116949939101987
92.022,0.634,25.36,0.489778819368446,0.239883291901949
92.041,0.66,26.4,0.552077439280757,0.304789498962798
92.041,0.621,24.84,0.461317574560379,0.212813904598271
92.059,0.66,26.4,0.552077439280757,0.304789498962798
92.077,0.66,26.4,0.552077439280757,0.304789498962798
92.077,0.66,26.4,0.552077439280757,0.304789498962798
92.095,0.66,26.4,0.552077439280757,0.304789498962798
92.113,0.634,25.36,0.489778819368446,0.239883291901949
92.113,0.66,26.4,0.552077439280757,0.304789498962798
92.131,0.647,25.88,0.519995996533516,0.270395836410884
92.15,0.582,23.28,0.385478357665772,0.148593564228701
92.15,0.66,26.4,0.552077439280757,0.304789498962798
92.167,0.595,23.8,0.409260659730011,0.167494287602644
92.186,0.492,19.68,0.254683025258504,0.0648634433548238
92.186,0.621,24.84,0.461317574560379,0.212813904598271
92.203,0.518,20.72,0.287078058202469,0.0824138115013002
92.222,0.272,10.88,0.0924698173938222,0.00855066712884683
92.222,0.544,21.76,0.323593656929628,0.10471285480509
92.24,0.349,13.96,0.131825673855641,0.0173780082874937
92.24,0.349,13.96,0.131825673855641,0.0173780082874937
92.259,0.401,16.04,0.167494287602644,0.0280543363795171
92.278,0.246,9.84,0.0820351544329818,0.00672976656284318
92.278,0.518,20.72,0.287078058202469,0.0824138115013002
92.295,0.285,11.4,0.0981747943019984,0.0096382902362397
92.315,0.479,19.16,0.239883291901949,0.0575439937337157
92.315,0.608,24.32,0.434510224171571,0.188799134909629
92.333,0.453,18.12,0.212813904598271,0.0452897579903621
92.352,0.582,23.28,0.385478357665772,0.148593564228701
92.352,0.388,15.52,0.157761126969935,0.0248885731828239
92.372,0.556,22.24,0.341979442513709,0.116949939101987
92.372,0.634,25.36,0.489778819368446,0.239883291901949
92.39,0.544,21.76,0.323593656929628,0.10471285480509
92.408,0.621,24.84,0.461317574560379,0.212813904598271
92.408,0.66,26.4,0.552077439280757,0.304789498962798
92.426,0.608,24.32,0.434510224171571,0.188799134909629
92.443,0.66,26.4,0.552077439280757,0.304789498962798
92.443,0.66,26.4,0.552077439280757,0.304789498962798
92.462,0.66,26.4,0.552077439280757,0.304789498962798
92.48,0.66,26.4,0.552077439280757,0.304789498962798
92.48,0.634,25.36,0.489778819368446,0.239883291901949
92.499,0.66,26.4,0.552077439280757,0.304789498962798
92.516,0.647,25.88,0.519995996533516,0.270395836410884
92.516,0.595,23.8,0.409260659730011,0.167494287602644
92.535,0.66,26.4,0.552077439280757,0.304789498962798
92.552,0.608,24.32,0.434510224171571,0.188799134909629
92.552,0.505,20.2,0.270395836410884,0.0731139083483417
92.571,0.621,24.84,0.461317574560379,0.212813904598271
92.589,0.518,20.72,0.287078058202469,0.0824138115013002
92.589,0.285,11.4,0.0981747943019984,0.0096382902362397
92.608,0.556,22.24,0.341979442513709,0.116949939101987
92.625,0.362,14.48,0.139958732257262,0.0195884467350599
92.625,0.272,10.88,0.0924698173938222,0.00855066712884683
92.644,0.414,16.56,0.177827941003892,0.0316227766016838
92.662,0.207,8.28,0.0685488226452661,0.00469894108605215
92.662,0.492,19.68,0.254683025258504,0.0648634433548238
92.682,0.181,7.24,0.0608135001278718,0.00369828179780266
92.682,0.466,18.64,0.225943577022098,0.0510504999975407
92.7,0.595,23.8,0.409260659730011,0.167494287602644
92.718,0.414,16.56,0.177827941003892,0.0316227766016838
92.718,0.556,22.24,0.341979442513709,0.116949939101987
92.736,0.375,15,0.148593564228701,0.022080047330189
92.755,0.556,22.24,0.341979442513709,0.116949939101987
92.755,0.634,25.36,0.489778819368446,0.239883291901949
92.775,0.531,21.24,0.304789498962798,0.0928966386779936
92.796,0.621,24.84,0.461317574560379,0.212813904598271
92.796,0.66,26.4,0.552077439280757,0.304789498962798
92.819,0.608,24.32,0.434510224171571,0.188799134909629
92.819,0.66,26.4,0.552077439280757,0.304789498962798
92.838,0.66,26.4,0.552077439280757,0.304789498962798
92.838,0.647,25.88,0.519995996533516,0.270395836410884
92.857,0.673,26.92,0.586138164514029,0.343557947899875
92.876,0.647,25.88,0.519995996533516,0.270395836410884
92.877,0.66,26.4,0.552077439280757,0.304789498962798
92.894,0.66,26.4,0.552077439280757,0.304789498962798
92.914,0.608,24.32,0.434510224171571,0.188799134909629
92.914,0.66,26.4,0.552077439280757,0.304789498962798
92.932,0.621,24.84,0.461317574560379,0.212813904598271
92.932,0.518,20.72,0.287078058202469,0.0824138115013002
92.95,0.621,24.84,0.461317574560379,0.212813904598271
92.968,0.544,21.76,0.323593656929628,0.10471285480509
92.968,0.336,13.44,0.124165230759241,0.0154170045294956
92.987,0.556,22.24,0.341979442513709,0.116949939101987
93.007,0.401,16.04,0.167494287602644,0.0280543363795171
93.007,0.259,10.36,0.0870963589956081,0.00758577575029184
93.027,0.453,18.12,0.212813904598271,0.0452897579903621
93.027,0.181,7.24,0.0608135001278718,0.00369828179780266
93.045,0.492,19.68,0.254683025258504,0.0648634433548238
93.063,0.207,8.28,0.0685488226452661,0.00469894108605215
93.063,0.44,17.6,0.200447202736516,0.040179081084894
93.082,0.582,23.28,0.385478357665772,0.148593564228701
93.1,0.388,15.52,0.157761126969935,0.0248885731828239
93.1,0.556,22.24,0.341979442513709,0.116949939101987
93.121,0.324,12.96,0.117489755493953,0.0138038426460288
93.121,0.531,21.24,0.304789498962798,0.0928966386779936
93.139,0.621,24.84,0.461317574560379,0.212813904598271
93.158,0.518,20.72,0.287078058202469,0.0824138115013002
93.158,0.608,24.32,0.434510224171571,0.188799134909629
93.177,0.66,26.4,0.552077439280757,0.304789498962798
93.195,0.595,23.8,0.409260659730011,0.167494287602644
93.195,0.66,26.4,0.552077439280757,0.304789498962798
93.213,0.66,26.4,0.552077439280757,0.304789498962798
93.231,0.634,25.36,0.489778819368446,0.239883291901949
93.231,0.66,26.4,0.552077439280757,0.304789498962798
93.249,0.647,25.88,0.519995996533516,0.270395836410884
93.266,0.673,26.92,0.586138164514029,0.343557947899875
93.266,0.647,25.88,0.519995996533516,0.270395836410884
93.285,0.595,23.8,0.409260659730011,0.167494287602644
93.302,0.647,25.88,0.519995996533516,0.270395836410884
93.303,0.621,24.84,0.461317574560379,0.212813904598271
93.32,0.531,21.24,0.304789498962798,0.0928966386779936
93.339,0.621,24.84,0.461317574560379,0.212813904598271
93.339,0.556,22.24,0.341979442513709,0.116949939101987
93.359,0.375,15,0.148593564228701,0.022080047330189
93.377,0.569,22.76,0.363078054770101,0.131825673855641
93.377,0.427,17.08,0.188799134909629,0.0356451133426244
93.396,0.207,8.28,0.0685488226452661,0.00469894108605215
93.396,0.466,18.64,0.225943577022098,0.0510504999975407
93.415,0.142,5.68,0.0508159442560561,0.0025822601906346
93.433,0.466,18.64,0.225943577022098,0.0510504999975407
93.433,0.246,9.84,0.0820351544329818,0.00672976656284318
93.452,0.414,16.56,0.177827941003892,0.0316227766016838
93.47,0.569,22.76,0.363078054770101,0.131825673855641
93.47,0.362,14.48,0.139958732257262,0.0195884467350599
93.488,0.556,22.24,0.341979442513709,0.116949939101987
93.506,0.298,11.92,0.10423174293933,0.0108642562361707
93.506,0.518,20.72,0.287078058202469,0.0824138115013002
93.524,0.621,24.84,0.461317574560379,0.212813904598271
93.543,0.492,19.68,0.254683025258504,0.0648634433548238
93.543,0.608,24.32,0.434510224171571,0.188799134909629
93.571,0.647,25.88,0.519995996533516,0.270395836410884
93.571,0.582,23.28,0.385478357665772,0.148593564228701
93.591,0.647,25.88,0.519995996533516,0.270395836410884
93.592,0.673,26.92,0.586138164514029,0.343557947899875
93.614,0.634,25.36,0.489778819368446,0.239883291901949
93.614,0.673,26.92,0.586138164514029,0.343557947899875
93.637,0.647,25.88,0.519995996533516,0.270395836410884
93.637,0.673,26.92,0.586138164514029,0.343557947899875
93.658,0.66,26.4,0.552077439280757,0.304789498962798
93.658,0.621,24.84,0.461317574560379,0.212813904598271
93.679,0.66,26.4,0.552077439280757,0.304789498962798
93.699,0.621,24.84,0.461317574560379,0.212813904598271
93.699,0.544,21.76,0.323593656929628,0.10471285480509
93.717,0.647,25.88,0.519995996533516,0.270395836410884
93.717,0.556,22.24,0.341979442513709,0.116949939101987
93.737,0.388,15.52,0.157761126969935,0.0248885731828239
93.758,0.582,23.28,0.385478357665772,0.148593564228701
93.758,0.44,17.6,0.200447202736516,0.040179081084894
93.776,0.194,7.76,0.0645654229034656,0.00416869383470336
93.776,0.479,19.16,0.239883291901949,0.0575439937337157
93.797,0.194,7.76,0.0645654229034656,0.00416869383470336
93.818,0.44,17.6,0.200447202736516,0.040179081084894
93.818,0.272,10.88,0.0924698173938222,0.00855066712884683
93.846,0.388,15.52,0.157761126969935,0.0248885731828239
93.846,0.556,22.24,0.341979442513709,0.116949939101987
93.87,0.324,12.96,0.117489755493953,0.0138038426460288
93.87,0.544,21.76,0.323593656929628,0.10471285480509
93.894,0.233,9.32,0.0772680585095702,0.00597035286583837
93.894,0.518,20.72,0.287078058202469,0.0824138115013002
93.917,0.608,24.32,0.434510224171571,0.188799134909629
93.917,0.479,19.16,0.239883291901949,0.0575439937337157
93.94,0.595,23.8,0.409260659730011,0.167494287602644
93.94,0.647,25.88,0.519995996533516,0.270395836410884
93.968,0.582,23.28,0.385478357665772,0.148593564228701
93.968,0.647,25.88,0.519995996533516,0.270395836410884
93.968,0.673,26.92,0.586138164514029,0.343557947899875
93.992,0.634,25.36,0.489778819368446,0.239883291901949
93.992,0.66,26.4,0.552077439280757,0.304789498962798
94.012,0.647,25.88,0.519995996533516,0.270395836410884
94.031,0.647,25.88,0.519995996533516,0.270395836410884
94.031,0.66,26.4,0.552077439280757,0.304789498962798
94.051,0.621,24.84,0.461317574560379,0.212813904598271
94.051,0.66,26.4,0.552077439280757,0.304789498962798
94.071,0.634,25.36,0.489778819368446,0.239883291901949
94.094,0.556,22.24,0.341979442513709,0.116949939101987
94.094,0.634,25.36,0.489778819368446,0.239883291901949
94.115,0.582,23.28,0.385478357665772,0.148593564228701
94.116,0.44,17.6,0.200447202736516,0.040179081084894
94.134,0.595,23.8,0.409260659730011,0.167494287602644
94.135,0.479,19.16,0.239883291901949,0.0575439937337157
94.156,0.168,6.72,0.0572796030985829,0.00328095293113119
94.177,0.505,20.2,0.270395836410884,0.0731139083483417
94.177,0.246,9.84,0.0820351544329818,0.00672976656284318
94.199,0.414,16.56,0.177827941003892,0.0316227766016838
94.199,0.518,20.72,0.287078058202469,0.0824138115013002
94.22,0.349,13.96,0.131825673855641,0.0173780082874937
94.22,0.556,22.24,0.341979442513709,0.116949939101987
94.239,0.285,11.4,0.0981747943019984,0.0096382902362397
94.258,0.518,20.72,0.287078058202469,0.0824138115013002
94.258,0.194,7.76,0.0645654229034656,0.00416869383470336
94.277,0.492,19.68,0.254683025258504,0.0648634433548238
94.277,0.595,23.8,0.409260659730011,0.167494287602644
94.296,0.453,18.12,0.212813904598271,0.0452897579903621
94.316,0.582,23.28,0.385478357665772,0.148593564228701
94.316,0.634,25.36,0.489778819368446,0.239883291901949
94.336,0.569,22.76,0.363078054770101,0.131825673855641
94.356,0.634,25.36,0.489778819368446,0.239883291901949
94.357,0.66,26.4,0.552077439280757,0.304789498962798
94.377,0.634,25.36,0.489778819368446,0.239883291901949
94.377,0.66,26.4,0.552077439280757,0.304789498962798
94.397,0.66,26.4,0.552077439280757,0.304789498962798
94.397,0.66,26.4,0.552077439280757,0.304789498962798
94.416,0.66,26.4,0.552077439280757,0.304789498962798
94.436,0.634,25.36,0.489778819368446,0.239883291901949
94.436,0.673,26.92,0.586138164514029,0.343557947899875
94.454,0.647,25.88,0.519995996533516,0.270395836410884
94.474,0.569,22.76,0.363078054770101,0.131825673855641
94.474,0.647,25.88,0.519995996533516,0.270395836410884
94.494,0.582,23.28,0.385478357665772,0.148593564228701
94.494,0.44,17.6,0.200447202736516,0.040179081084894
94.515,0.608,24.32,0.434510224171571,0.188799134909629
94.534,0.479,19.16,0.239883291901949,0.0575439937337157
94.534,0.207,8.28,0.0685488226452661,0.00469894108605215
94.553,0.505,20.2,0.270395836410884,0.0731139083483417
94.553,0.259,10.36,0.0870963589956081,0.00758577575029184
94.573,0.388,15.52,0.157761126969935,0.0248885731828239
94.591,0.336,13.44,0.124165230759241,0.0154170045294956
94.591,0.324,12.96,0.117489755493953,0.0138038426460288
94.61,0.531,21.24,0.304789498962798,0.0928966386779936
94.629,0.233,9.32,0.0772680585095702,0.00597035286583837
94.629,0.505,20.2,0.270395836410884,0.0731139083483417
94.647,0.181,7.24,0.0608135001278718,0.00369828179780266
94.647,0.492,19.68,0.254683025258504,0.0648634433548238
94.665,0.595,23.8,0.409260659730011,0.167494287602644
94.684,0.453,18.12,0.212813904598271,0.0452897579903621
94.684,0.582,23.28,0.385478357665772,0.148593564228701
94.703,0.634,25.36,0.489778819368446,0.239883291901949
94.722,0.556,22.24,0.341979442513709,0.116949939101987
94.722,0.634,25.36,0.489778819368446,0.239883291901949
94.74,0.66,26.4,0.552077439280757,0.304789498962798
94.76,0.621,24.84,0.461317574560379,0.212813904598271
94.76,0.66,26.4,0.552077439280757,0.304789498962798
94.78,0.66,26.4,0.552077439280757,0.304789498962798
94.78,0.647,25.88,0.519995996533516,0.270395836410884
94.8,0.66,26.4,0.552077439280757,0.304789498962798
94.821,0.634,25.36,0.489778819368446,0.239883291901949
94.821,0.66,26.4,0.552077439280757,0.304789498962798
94.841,0.647,25.88,0.519995996533516,0.270395836410884
94.841,0.582,23.28,0.385478357665772,0.148593564228701
94.861,0.634,25.36,0.489778819368446,0.239883291901949
94.861,0.595,23.8,0.409260659730011,0.167494287602644
94.881,0.479,19.16,0.239883291901949,0.0575439937337157
94.901,0.608,24.32,0.434510224171571,0.188799134909629
94.901,0.505,20.2,0.270395836410884,0.0731139083483417
94.92,0.414,16.56,0.177827941003892,0.0316227766016838
94.92,0.531,21.24,0.304789498962798,0.0928966386779936
94.939,0.324,12.96,0.117489755493953,0.0138038426460288
94.957,0.375,15,0.148593564228701,0.022080047330189
94.957,0.362,14.48,0.139958732257262,0.0195884467350599
94.978,0.285,11.4,0.0981747943019984,0.0096382902362397
94.998,0.531,21.24,0.304789498962798,0.0928966386779936
94.999,0.181,7.24,0.0608135001278718,0.00369828179780266
95.017,0.492,19.68,0.254683025258504,0.0648634433548238
95.017,0.608,24.32,0.434510224171571,0.188799134909629
95.036,0.453,18.12,0.212813904598271,0.0452897579903621
95.056,0.595,23.8,0.409260659730011,0.167494287602644
95.057,0.414,16.56,0.177827941003892,0.0316227766016838
95.076,0.569,22.76,0.363078054770101,0.131825673855641
95.076,0.647,25.88,0.519995996533516,0.270395836410884
95.095,0.556,22.24,0.341979442513709,0.116949939101987
95.113,0.634,25.36,0.489778819368446,0.239883291901949
95.113,0.66,26.4,0.552077439280757,0.304789498962798
95.133,0.621,24.84,0.461317574560379,0.212813904598271
95.151,0.66,26.4,0.552077439280757,0.304789498962798
95.152,0.66,26.4,0.552077439280757,0.304789498962798
95.17,0.647,25.88,0.519995996533516,0.270395836410884
95.17,0.673,26.92,0.586138164514029,0.343557947899875
95.188,0.647,25.88,0.519995996533516,0.270395836410884
95.206,0.66,26.4,0.552077439280757,0.304789498962798
95.206,0.647,25.88,0.519995996533516,0.270395836410884
95.226,0.595,23.8,0.409260659730011,0.167494287602644
95.244,0.66,26.4,0.552077439280757,0.304789498962798
95.244,0.608,24.32,0.434510224171571,0.188799134909629
95.264,0.492,19.68,0.254683025258504,0.0648634433548238
95.283,0.621,24.84,0.461317574560379,0.212813904598271
95.283,0.518,20.72,0.287078058202469,0.0824138115013002
95.3,0.259,10.36,0.0870963589956081,0.00758577575029184
95.3,0.544,21.76,0.323593656929628,0.10471285480509
95.318,0.349,13.96,0.131825673855641,0.0173780082874937
95.337,0.311,12.44,0.110662378397767,0.0122461619926505
95.337,0.414,16.56,0.177827941003892,0.0316227766016838
95.357,0.233,9.32,0.0772680585095702,0.00597035286583837
95.374,0.492,19.68,0.254683025258504,0.0648634433548238
95.374,0.155,6.2,0.0539510622515128,0.00291071711806661
95.393,0.479,19.16,0.239883291901949,0.0575439937337157
95.412,0.595,23.8,0.409260659730011,0.167494287602644
95.412,0.401,16.04,0.167494287602644,0.0280543363795171
95.43,0.595,23.8,0.409260659730011,0.167494287602644
95.448,0.388,15.52,0.157761126969935,0.0248885731828239
95.448,0.556,22.24,0.341979442513709,0.116949939101987
95.467,0.621,24.84,0.461317574560379,0.212813904598271
95.485,0.531,21.24,0.304789498962798,0.0928966386779936
95.485,0.621,24.84,0.461317574560379,0.212813904598271
95.504,0.66,26.4,0.552077439280757,0.304789498962798
95.522,0.608,24.32,0.434510224171571,0.188799134909629
95.522,0.647,25.88,0.519995996533516,0.270395836410884
95.54,0.66,26.4,0.552077439280757,0.304789498962798
95.54,0.647,25.88,0.519995996533516,0.270395836410884
95.558,0.66,26.4,0.552077439280757,0.304789498962798
95.577,0.634,25.36,0.489778819368446,0.239883291901949
95.577,0.66,26.4,0.552077439280757,0.304789498962798
95.595,0.647,25.88,0.519995996533516,0.270395836410884
95.614,0.595,23.8,0.409260659730011,0.167494287602644
95.614,0.66,26.4,0.552077439280757,0.304789498962798
95.633,0.608,24.32,0.434510224171571,0.188799134909629
95.653,0.505,20.2,0.270395836410884,0.0731139083483417
95.653,0.621,24.84,0.461317574560379,0.212813904598271
95.673,0.544,21.76,0.323593656929628,0.10471285480509
95.673,0.311,12.44,0.110662378397767,0.0122461619926505
95.691,0.556,22.24,0.341979442513709,0.116949939101987
95.709,0.388,15.52,0.157761126969935,0.0248885731828239
95.709,0.285,11.4,0.0981747943019984,0.0096382902362397
95.728,0.427,17.08,0.188799134909629,0.0356451133426244
95.746,0.181,7.24,0.0608135001278718,0.00369828179780266
95.746,0.492,19.68,0.254683025258504,0.0648634433548238
95.764,0.207,8.28,0.0685488226452661,0.00469894108605215
95.782,0.453,18.12,0.212813904598271,0.0452897579903621
95.782,0.595,23.8,0.409260659730011,0.167494287602644
95.801,0.414,16.56,0.177827941003892,0.0316227766016838
95.82,0.569,22.76,0.363078054770101,0.131825673855641
95.82,0.362,14.48,0.139958732257262,0.0195884467350599
95.84,0.556,22.24,0.341979442513709,0.116949939101987
95.84,0.621,24.84,0.461317574560379,0.212813904598271
95.859,0.518,20.72,0.287078058202469,0.0824138115013002
95.881,0.621,24.84,0.461317574560379,0.212813904598271
95.881,0.647,25.88,0.519995996533516,0.270395836410884
95.901,0.608,24.32,0.434510224171571,0.188799134909629
95.901,0.647,25.88,0.519995996533516,0.270395836410884
95.921,0.66,26.4,0.552077439280757,0.304789498962798
95.921,0.647,25.88,0.519995996533516,0.270395836410884
95.941,0.673,26.92,0.586138164514029,0.343557947899875
95.966,0.647,25.88,0.519995996533516,0.270395836410884
95.966,0.66,26.4,0.552077439280757,0.304789498962798
95.989,0.647,25.88,0.519995996533516,0.270395836410884
95.989,0.595,23.8,0.409260659730011,0.167494287602644
96.009,0.66,26.4,0.552077439280757,0.304789498962798
96.009,0.608,24.32,0.434510224171571,0.188799134909629
96.028,0.518,20.72,0.287078058202469,0.0824138115013002
96.028,0.634,25.36,0.489778819368446,0.239883291901949
96.052,0.544,21.76,0.323593656929628,0.10471285480509
96.052,0.349,13.96,0.131825673855641,0.0173780082874937
96.073,0.569,22.76,0.363078054770101,0.131825673855641
96.093,0.453,18.12,0.212813904598271,0.0452897579903621
96.093,0.22,8.8,0.0727779804536824,0.00529663443891658
96.117,0.453,18.12,0.212813904598271,0.0452897579903621
96.117,0.194,7.76,0.0645654229034656,0.00416869383470336
96.139,0.466,18.64,0.225943577022098,0.0510504999975407
96.139,0.207,8.28,0.0685488226452661,0.00469894108605215
96.161,0.492,19.68,0.254683025258504,0.0648634433548238
96.161,0.582,23.28,0.385478357665772,0.148593564228701
96.181,0.375,15,0.148593564228701,0.022080047330189
96.202,0.556,22.24,0.341979442513709,0.116949939101987
96.202,0.311,12.44,0.110662378397767,0.0122461619926505
96.223,0.531,21.24,0.304789498962798,0.0928966386779936
96.223,0.621,24.84,0.461317574560379,0.212813904598271
96.243,0.505,20.2,0.270395836410884,0.0731139083483417
96.243,0.608,24.32,0.434510224171571,0.188799134909629
96.266,0.647,25.88,0.519995996533516,0.270395836410884
96.266,0.595,23.8,0.409260659730011,0.167494287602644
96.288,0.66,26.4,0.552077439280757,0.304789498962798
96.313,0.66,26.4,0.552077439280757,0.304789498962798
96.313,0.647,25.88,0.519995996533516,0.270395836410884
96.335,0.66,26.4,0.552077439280757,0.304789498962798
96.335,0.66,26.4,0.552077439280757,0.304789498962798
96.357,0.66,26.4,0.552077439280757,0.304789498962798
96.357,0.66,26.4,0.552077439280757,0.304789498962798
96.378,0.608,24.32,0.434510224171571,0.188799134909629
96.378,0.66,26.4,0.552077439280757,0.304789498962798
96.401,0.621,24.84,0.461317574560379,0.212813904598271
96.401,0.556,22.24,0.341979442513709,0.116949939101987
96.424,0.647,25.88,0.519995996533516,0.270395836410884
96.424,0.556,22.24,0.341979442513709,0.116949939101987
96.449,0.388,15.52,0.157761126969935,0.0248885731828239
96.449,0.582,23.28,0.385478357665772,0.148593564228701
96.469,0.427,17.08,0.188799134909629,0.0356451133426244
96.469,0.207,8.28,0.0685488226452661,0.00469894108605215
96.489,0.479,19.16,0.239883291901949,0.0575439937337157
96.51,0.142,5.68,0.0508159442560561,0.0025822601906346
96.51,0.479,19.16,0.239883291901949,0.0575439937337157
96.531,0.207,8.28,0.0685488226452661,0.00469894108605215
96.531,0.414,16.56,0.177827941003892,0.0316227766016838
96.549,0.569,22.76,0.363078054770101,0.131825673855641
96.57,0.375,15,0.148593564228701,0.022080047330189
96.57,0.556,22.24,0.341979442513709,0.116949939101987
96.588,0.285,11.4,0.0981747943019984,0.0096382902362397
96.588,0.518,20.72,0.287078058202469,0.0824138115013002
96.607,0.621,24.84,0.461317574560379,0.212813904598271
96.627,0.505,20.2,0.270395836410884,0.0731139083483417
96.627,0.608,24.32,0.434510224171571,0.188799134909629
96.647,0.647,25.88,0.519995996533516,0.270395836410884
96.647,0.595,23.8,0.409260659730011,0.167494287602644
96.665,0.647,25.88,0.519995996533516,0.270395836410884
96.688,0.66,26.4,0.552077439280757,0.304789498962798
96.689,0.634,25.36,0.489778819368446,0.239883291901949
96.712,0.66,26.4,0.552077439280757,0.304789498962798
96.712,0.647,25.88,0.519995996533516,0.270395836410884
96.733,0.66,26.4,0.552077439280757,0.304789498962798
96.734,0.66,26.4,0.552077439280757,0.304789498962798
96.755,0.621,24.84,0.461317574560379,0.212813904598271
96.755,0.66,26.4,0.552077439280757,0.304789498962798
96.776,0.634,25.36,0.489778819368446,0.239883291901949
96.798,0.544,21.76,0.323593656929628,0.10471285480509
96.798,0.634,25.36,0.489778819368446,0.239883291901949
96.819,0.569,22.76,0.363078054770101,0.131825673855641
96.819,0.414,16.56,0.177827941003892,0.0316227766016838
96.84,0.582,23.28,0.385478357665772,0.148593564228701
96.84,0.453,18.12,0.212813904598271,0.0452897579903621
96.861,0.181,7.24,0.0608135001278718,0.00369828179780266
96.862,0.492,19.68,0.254683025258504,0.0648634433548238
96.888,0.233,9.32,0.0772680585095702,0.00597035286583837
96.888,0.427,17.08,0.188799134909629,0.0356451133426244
96.909,0.272,10.88,0.0924698173938222,0.00855066712884683
96.909,0.375,15,0.148593564228701,0.022080047330189
96.93,0.556,22.24,0.341979442513709,0.116949939101987
96.95,0.311,12.44,0.110662378397767,0.0122461619926505
96.95,0.531,21.24,0.304789498962798,0.0928966386779936
96.971,0.453,18.12,0.212813904598271,0.0452897579903621
96.971,0.492,19.68,0.254683025258504,0.0648634433548238
96.992,0.608,24.32,0.434510224171571,0.188799134909629
96.992,0.466,18.64,0.225943577022098,0.0510504999975407
97.016,0.608,24.32,0.434510224171571,0.188799134909629
97.016,0.647,25.88,0.519995996533516,0.270395836410884
97.043,0.582,23.28,0.385478357665772,0.148593564228701
97.043,0.647,25.88,0.519995996533516,0.270395836410884
97.067,0.673,26.92,0.586138164514029,0.343557947899875
97.067,0.634,25.36,0.489778819368446,0.239883291901949
97.089,0.66,26.4,0.552077439280757,0.304789498962798
97.089,0.66,26.4,0.552077439280757,0.304789498962798
97.11,0.66,26.4,0.552077439280757,0.304789498962798
97.132,0.673,26.92,0.586138164514029,0.343557947899875
97.132,0.621,24.84,0.461317574560379,0.212813904598271
97.154,0.66,26.4,0.552077439280757,0.304789498962798
97.154,0.634,25.36,0.489778819368446,0.239883291901949
97.178,0.569,22.76,0.363078054770101,0.131825673855641
97.178,0.647,25.88,0.519995996533516,0.270395836410884
97.201,0.582,23.28,0.385478357665772,0.148593564228701
97.201,0.44,17.6,0.200447202736516,0.040179081084894
97.221,0.595,23.8,0.409260659730011,0.167494287602644
97.221,0.479,19.16,0.239883291901949,0.0575439937337157
97.241,0.375,15,0.148593564228701,0.022080047330189
97.26,0.505,20.2,0.270395836410884,0.0731139083483417
97.26,0.259,10.36,0.0870963589956081,0.00758577575029184
97.28,0.414,16.56,0.177827941003892,0.0316227766016838
97.28,0.453,18.12,0.212813904598271,0.0452897579903621
97.299,0.336,13.44,0.124165230759241,0.0154170045294956
97.318,0.544,21.76,0.323593656929628,0.10471285480509
97.318,0.272,10.88,0.0924698173938222,0.00855066712884683
97.337,0.518,20.72,0.287078058202469,0.0824138115013002
97.337,0.22,8.8,0.0727779804536824,0.00529663443891658
97.357,0.505,20.2,0.270395836410884,0.0731139083483417
97.376,0.595,23.8,0.409260659730011,0.167494287602644
97.376,0.479,19.16,0.239883291901949,0.0575439937337157
97.394,0.582,23.28,0.385478357665772,0.148593564228701
97.412,0.647,25.88,0.519995996533516,0.270395836410884
97.412,0.569,22.76,0.363078054770101,0.131825673855641
97.432,0.634,25.36,0.489778819368446,0.239883291901949
97.45,0.66,26.4,0.552077439280757,0.304789498962798
97.45,0.621,24.84,0.461317574560379,0.212813904598271
97.468,0.647,25.88,0.519995996533516,0.270395836410884
97.468,0.66,26.4,0.552077439280757,0.304789498962798
97.49,0.647,25.88,0.519995996533516,0.270395836410884
97.507,0.66,26.4,0.552077439280757,0.304789498962798
97.507,0.634,25.36,0.489778819368446,0.239883291901949
97.527,0.66,26.4,0.552077439280757,0.304789498962798
97.547,0.634,25.36,0.489778819368446,0.239883291901949
97.547,0.569,22.76,0.363078054770101,0.131825673855641
97.565,0.647,25.88,0.519995996533516,0.270395836410884
97.565,0.582,23.28,0.385478357665772,0.148593564228701
97.584,0.466,18.64,0.225943577022098,0.0510504999975407
97.605,0.608,24.32,0.434510224171571,0.188799134909629
97.605,0.505,20.2,0.270395836410884,0.0731139083483417
97.623,0.22,8.8,0.0727779804536824,0.00529663443891658
97.624,0.531,21.24,0.304789498962798,0.0928966386779936
97.642,0.272,10.88,0.0924698173938222,0.00855066712884683
97.661,0.388,15.52,0.157761126969935,0.0248885731828239
97.661,0.349,13.96,0.131825673855641,0.0173780082874937
97.68,0.311,12.44,0.110662378397767,0.0122461619926505
97.698,0.544,21.76,0.323593656929628,0.10471285480509
97.698,0.233,9.32,0.0772680585095702,0.00597035286583837
97.717,0.505,20.2,0.270395836410884,0.0731139083483417
97.736,0.181,7.24,0.0608135001278718,0.00369828179780266
97.736,0.479,19.16,0.239883291901949,0.0575439937337157
97.755,0.595,23.8,0.409260659730011,0.167494287602644
97.755,0.427,17.08,0.188799134909629,0.0356451133426244
97.772,0.582,23.28,0.385478357665772,0.148593564228701
97.791,0.634,25.36,0.489778819368446,0.239883291901949
97.791,0.556,22.24,0.341979442513709,0.116949939101987
97.81,0.634,25.36,0.489778819368446,0.239883291901949
97.828,0.66,26.4,0.552077439280757,0.304789498962798
97.828,0.621,24.84,0.461317574560379,0.212813904598271
97.846,0.66,26.4,0.552077439280757,0.304789498962798
97.863,0.647,25.88,0.519995996533516,0.270395836410884
97.863,0.647,25.88,0.519995996533516,0.270395836410884
97.883,0.673,26.92,0.586138164514029,0.343557947899875
97.9,0.634,25.36,0.489778819368446,0.239883291901949
97.9,0.66,26.4,0.552077439280757,0.304789498962798
97.919,0.647,25.88,0.519995996533516,0.270395836410884
97.938,0.569,22.76,0.363078054770101,0.131825673855641
97.938,0.647,25.88,0.519995996533516,0.270395836410884
97.956,0.595,23.8,0.409260659730011,0.167494287602644
97.974,0.479,19.16,0.239883291901949,0.0575439937337157
97.974,0.608,24.32,0.434510224171571,0.188799134909629
97.993,0.505,20.2,0.270395836410884,0.0731139083483417
97.993,0.246,9.84,0.0820351544329818,0.00672976656284318
98.011,0.531,21.24,0.304789498962798,0.0928966386779936
98.03,0.336,13.44,0.124165230759241,0.0154170045294956
98.03,0.324,12.96,0.117489755493953,0.0138038426460288
98.049,0.388,15.52,0.157761126969935,0.0248885731828239
98.067,0.272,10.88,0.0924698173938222,0.00855066712884683
98.067,0.531,21.24,0.304789498962798,0.0928966386779936
98.087,0.44,17.6,0.200447202736516,0.040179081084894
98.105,0.479,19.16,0.239883291901949,0.0575439937337157
98.105,0.595,23.8,0.409260659730011,0.167494287602644
98.123,0.453,18.12,0.212813904598271,0.0452897579903621
98.123,0.582,23.28,0.385478357665772,0.148593564228701
98.142,0.414,16.56,0.177827941003892,0.0316227766016838
98.16,0.556,22.24,0.341979442513709,0.116949939101987
98.16,0.634,25.36,0.489778819368446,0.239883291901949
98.178,0.544,21.76,0.323593656929628,0.10471285480509
98.198,0.634,25.36,0.489778819368446,0.239883291901949
98.198,0.66,26.4,0.552077439280757,0.304789498962798
98.219,0.608,24.32,0.434510224171571,0.188799134909629
98.219,0.647,25.88,0.519995996533516,0.270395836410884
98.241,0.66,26.4,0.552077439280757,0.304789498962798
98.261,0.647,25.88,0.519995996533516,0.270395836410884
98.261,0.66,26.4,0.552077439280757,0.304789498962798
98.28,0.634,25.36,0.489778819368446,0.239883291901949
98.28,0.66,26.4,0.552077439280757,0.304789498962798
98.299,0.647,25.88,0.519995996533516,0.270395836410884
98.318,0.582,23.28,0.385478357665772,0.148593564228701
98.318,0.66,26.4,0.552077439280757,0.304789498962798
98.339,0.595,23.8,0.409260659730011,0.167494287602644
98.339,0.492,19.68,0.254683025258504,0.0648634433548238
98.358,0.608,24.32,0.434510224171571,0.188799134909629
98.376,0.518,20.72,0.287078058202469,0.0824138115013002
98.376,0.272,10.88,0.0924698173938222,0.00855066712884683
98.394,0.544,21.76,0.323593656929628,0.10471285480509
98.412,0.349,13.96,0.131825673855641,0.0173780082874937
98.412,0.401,16.04,0.167494287602644,0.0280543363795171
98.431,0.427,17.08,0.188799134909629,0.0356451133426244
98.45,0.22,8.8,0.0727779804536824,0.00529663443891658
98.45,0.505,20.2,0.270395836410884,0.0731139083483417
98.469,0.168,6.72,0.0572796030985829,0.00328095293113119
98.487,0.466,18.64,0.225943577022098,0.0510504999975407
98.487,0.582,23.28,0.385478357665772,0.148593564228701
98.508,0.427,17.08,0.188799134909629,0.0356451133426244
98.508,0.569,22.76,0.363078054770101,0.131825673855641
98.528,0.388,15.52,0.157761126969935,0.0248885731828239
98.547,0.556,22.24,0.341979442513709,0.116949939101987
98.547,0.634,25.36,0.489778819368446,0.239883291901949
98.571,0.544,21.76,0.323593656929628,0.10471285480509
98.571,0.634,25.36,0.489778819368446,0.239883291901949
98.591,0.647,25.88,0.519995996533516,0.270395836410884
98.591,0.608,24.32,0.434510224171571,0.188799134909629
98.611,0.647,25.88,0.519995996533516,0.270395836410884
98.63,0.66,26.4,0.552077439280757,0.304789498962798
98.63,0.647,25.88,0.519995996533516,0.270395836410884
98.65,0.66,26.4,0.552077439280757,0.304789498962798
98.65,0.634,25.36,0.489778819368446,0.239883291901949
98.668,0.66,26.4,0.552077439280757,0.304789498962798
98.687,0.66,26.4,0.552077439280757,0.304789498962798
98.687,0.595,23.8,0.409260659730011,0.167494287602644
98.706,0.647,25.88,0.519995996533516,0.270395836410884
98.725,0.595,23.8,0.409260659730011,0.167494287602644
98.725,0.505,20.2,0.270395836410884,0.0731139083483417
98.744,0.621,24.84,0.461317574560379,0.212813904598271
98.744,0.544,21.76,0.323593656929628,0.10471285480509
98.769,0.324,12.96,0.117489755493953,0.0138038426460288
98.769,0.556,22.24,0.341979442513709,0.116949939101987
98.789,0.401,16.04,0.167494287602644,0.0280543363795171
98.807,0.259,10.36,0.0870963589956081,0.00758577575029184
98.807,0.453,18.12,0.212813904598271,0.0452897579903621
98.83,0.168,6.72,0.0572796030985829,0.00328095293113119
98.83,0.479,19.16,0.239883291901949,0.0575439937337157
98.853,0.181,7.24,0.0608135001278718,0.00369828179780266
98.853,0.453,18.12,0.212813904598271,0.0452897579903621
98.873,0.582,23.28,0.385478357665772,0.148593564228701
98.873,0.388,15.52,0.157761126969935,0.0248885731828239
98.895,0.569,22.76,0.363078054770101,0.131825673855641
98.914,0.336,13.44,0.124165230759241,0.0154170045294956
98.914,0.544,21.76,0.323593656929628,0.10471285480509
98.934,0.621,24.84,0.461317574560379,0.212813904598271
98.934,0.518,20.72,0.287078058202469,0.0824138115013002
98.953,0.608,24.32,0.434510224171571,0.188799134909629
98.971,0.647,25.88,0.519995996533516,0.270395836410884
98.971,0.595,23.8,0.409260659730011,0.167494287602644
98.993,0.66,26.4,0.552077439280757,0.304789498962798
98.993,0.66,26.4,0.552077439280757,0.304789498962798
99.013,0.634,25.36,0.489778819368446,0.239883291901949
99.036,0.66,26.4,0.552077439280757,0.304789498962798
99.036,0.647,25.88,0.519995996533516,0.270395836410884
99.059,0.66,26.4,0.552077439280757,0.304789498962798
99.059,0.647,25.88,0.519995996533516,0.270395836410884
99.082,0.608,24.32,0.434510224171571,0.188799134909629
99.082,0.66,26.4,0.552077439280757,0.304789498962798
99.103,0.608,24.32,0.434510224171571,0.188799134909629
99.103,0.518,20.72,0.287078058202469,0.0824138115013002
99.125,0.634,25.36,0.489778819368446,0.239883291901949
99.125,0.544,21.76,0.323593656929628,0.10471285480509
99.148,0.349,13.96,0.131825673855641,0.0173780082874937
99.148,0.569,22.76,0.363078054770101,0.131825673855641
99.169,0.414,16.56,0.177827941003892,0.0316227766016838
99.193,0.22,8.8,0.0727779804536824,0.00529663443891658
99.193,0.453,18.12,0.212813904598271,0.0452897579903621
99.214,0.181,7.24,0.0608135001278718,0.00369828179780266
99.214,0.466,18.64,0.225943577022098,0.0510504999975407
99.237,0.207,8.28,0.0685488226452661,0.00469894108605215
99.237,0.427,17.08,0.188799134909629,0.0356451133426244
99.26,0.569,22.76,0.363078054770101,0.131825673855641
99.26,0.362,14.48,0.139958732257262,0.0195884467350599
99.283,0.544,21.76,0.323593656929628,0.10471285480509
99.283,0.298,11.92,0.10423174293933,0.0108642562361707
99.305,0.531,21.24,0.304789498962798,0.0928966386779936
99.305,0.621,24.84,0.461317574560379,0.212813904598271
99.327,0.505,20.2,0.270395836410884,0.0731139083483417
99.327,0.608,24.32,0.434510224171571,0.188799134909629
99.348,0.647,25.88,0.519995996533516,0.270395836410884
99.367,0.595,23.8,0.409260659730011,0.167494287602644
99.368,0.647,25.88,0.519995996533516,0.270395836410884
99.386,0.66,26.4,0.552077439280757,0.304789498962798
99.386,0.647,25.88,0.519995996533516,0.270395836410884
99.405,0.66,26.4,0.552077439280757,0.304789498962798
99.425,0.647,25.88,0.519995996533516,0.270395836410884
99.425,0.66,26.4,0.552077439280757,0.304789498962798
99.446,0.647,25.88,0.519995996533516,0.270395836410884
99.446,0.608,24.32,0.434510224171571,0.188799134909629
99.465,0.647,25.88,0.519995996533516,0.270395836410884
99.483,0.621,24.84,0.461317574560379,0.212813904598271
99.483,0.544,21.76,0.323593656929628,0.10471285480509
99.503,0.621,24.84,0.461317574560379,0.212813904598271
99.522,0.569,22.76,0.363078054770101,0.131825673855641
99.522,0.414,16.56,0.177827941003892,0.0316227766016838
99.541,0.582,23.28,0.385478357665772,0.148593564228701
99.541,0.453,18.12,0.212813904598271,0.0452897579903621
99.559,0.207,8.28,0.0685488226452661,0.00469894108605215
99.578,0.492,19.68,0.254683025258504,0.0648634433548238
99.578,0.181,7.24,0.0608135001278718,0.00369828179780266
99.596,0.44,17.6,0.200447202736516,0.040179081084894
99.615,0.233,9.32,0.0772680585095702,0.00597035286583837
99.615,0.388,15.52,0.157761126969935,0.0248885731828239
99.634,0.569,22.76,0.363078054770101,0.131825673855641
99.653,0.336,13.44,0.124165230759241,0.0154170045294956
99.653,0.544,21.76,0.323593656929628,0.10471285480509
99.671,0.259,10.36,0.0870963589956081,0.00758577575029184
99.689,0.518,20.72,0.287078058202469,0.0824138115013002
99.689,0.608,24.32,0.434510224171571,0.188799134909629
99.707,0.479,19.16,0.239883291901949,0.0575439937337157
99.707,0.595,23.8,0.409260659730011,0.167494287602644
99.725,0.647,25.88,0.519995996533516,0.270395836410884
99.745,0.582,23.28,0.385478357665772,0.148593564228701
99.745,0.647,25.88,0.519995996533516,0.270395836410884
99.765,0.66,26.4,0.552077439280757,0.304789498962798
99.782,0.634,25.36,0.489778819368446,0.239883291901949
99.782,0.673,26.92,0.586138164514029,0.343557947899875
99.802,0.66,26.4,0.552077439280757,0.304789498962798
99.819,0.66,26.4,0.552077439280757,0.304789498962798
99.82,0.66,26.4,0.552077439280757,0.304789498962798
99.838,0.621,24.84,0.461317574560379,0.212813904598271
99.856,0.673,26.92,0.586138164514029,0.343557947899875
99.856,0.634,25.36,0.489778819368446,0.239883291901949
99.875,0.544,21.76,0.323593656929628,0.10471285480509
99.875,0.647,25.88,0.519995996533516,0.270395836410884
99.894,0.569,22.76,0.363078054770101,0.131825673855641
99.912,0.414,16.56,0.177827941003892,0.0316227766016838
99.912,0.582,23.28,0.385478357665772,0.148593564228701
99.931,0.453,18.12,0.212813904598271,0.0452897579903621
99.951,0.414,16.56,0.177827941003892,0.0316227766016838
99.951,0.492,19.68,0.254683025258504,0.0648634433548238
99.97,0.207,8.28,0.0685488226452661,0.00469894108605215
99.97,0.427,17.08,0.188799134909629,0.0356451133426244
99.988,0.285,11.4,0.0981747943019984,0.0096382902362397
100.007,0.362,14.48,0.139958732257262,0.0195884467350599
100.007,0.544,21.76,0.323593656929628,0.10471285480509
100.026,0.298,11.92,0.10423174293933,0.0108642562361707
100.046,0.544,21.76,0.323593656929628,0.10471285480509
100.046,0.453,18.12,0.212813904598271,0.0452897579903621
100.065,0.505,20.2,0.270395836410884,0.0731139083483417
100.065,0.608,24.32,0.434510224171571,0.188799134909629
100.085,0.466,18.64,0.225943577022098,0.0510504999975407
100.104,0.595,23.8,0.409260659730011,0.167494287602644
100.104,0.647,25.88,0.519995996533516,0.270395836410884
100.123,0.569,22.76,0.363078054770101,0.131825673855641
100.142,0.634,25.36,0.489778819368446,0.239883291901949
100.142,0.66,26.4,0.552077439280757,0.304789498962798
100.16,0.634,25.36,0.489778819368446,0.239883291901949
100.16,0.66,26.4,0.552077439280757,0.304789498962798
100.178,0.66,26.4,0.552077439280757,0.304789498962798
100.197,0.647,25.88,0.519995996533516,0.270395836410884
100.197,0.66,26.4,0.552077439280757,0.304789498962798
100.216,0.621,24.84,0.461317574560379,0.212813904598271
100.234,0.66,26.4,0.552077439280757,0.304789498962798
100.234,0.634,25.36,0.489778819368446,0.239883291901949
100.254,0.569,22.76,0.363078054770101,0.131825673855641
100.273,0.634,25.36,0.489778819368446,0.239883291901949
100.273,0.582,23.28,0.385478357665772,0.148593564228701
100.291,0.453,18.12,0.212813904598271,0.0452897579903621
100.291,0.595,23.8,0.409260659730011,0.167494287602644
100.311,0.492,19.68,0.254683025258504,0.0648634433548238
100.33,0.207,8.28,0.0685488226452661,0.00469894108605215
100.33,0.518,20.72,0.287078058202469,0.0824138115013002
100.349,0.298,11.92,0.10423174293933,0.0108642562361707
100.368,0.505,20.2,0.270395836410884,0.0731139083483417
100.368,0.336,13.44,0.124165230759241,0.0154170045294956
100.387,0.324,12.96,0.117489755493953,0.0138038426460288
100.387,0.531,21.24,0.304789498962798,0.0928966386779936
100.406,0.246,9.84,0.0820351544329818,0.00672976656284318
100.426,0.518,20.72,0.287078058202469,0.0824138115013002
100.426,0.168,6.72,0.0572796030985829,0.00328095293113119
100.444,0.479,19.16,0.239883291901949,0.0575439937337157
100.465,0.608,24.32,0.434510224171571,0.188799134909629
100.465,0.44,17.6,0.200447202736516,0.040179081084894
100.484,0.582,23.28,0.385478357665772,0.148593564228701
100.484,0.634,25.36,0.489778819368446,0.239883291901949
100.505,0.569,22.76,0.363078054770101,0.131825673855641
100.506,0.634,25.36,0.489778819368446,0.239883291901949
100.525,0.66,26.4,0.552077439280757,0.304789498962798
100.544,0.634,25.36,0.489778819368446,0.239883291901949
100.544,0.66,26.4,0.552077439280757,0.304789498962798
100.564,0.66,26.4,0.552077439280757,0.304789498962798
100.584,0.647,25.88,0.519995996533516,0.270395836410884
100.584,0.66,26.4,0.552077439280757,0.304789498962798
100.603,0.634,25.36,0.489778819368446,0.239883291901949
100.603,0.66,26.4,0.552077439280757,0.304789498962798
100.622,0.634,25.36,0.489778819368446,0.239883291901949
100.64,0.569,22.76,0.363078054770101,0.131825673855641
100.64,0.647,25.88,0.519995996533516,0.270395836410884
100.658,0.582,23.28,0.385478357665772,0.148593564228701
100.676,0.479,19.16,0.239883291901949,0.0575439937337157
100.676,0.608,24.32,0.434510224171571,0.188799134909629
100.695,0.492,19.68,0.254683025258504,0.0648634433548238
100.713,0.233,9.32,0.0772680585095702,0.00597035286583837
100.713,0.518,20.72,0.287078058202469,0.0824138115013002
100.731,0.298,11.92,0.10423174293933,0.0108642562361707
100.75,0.349,13.96,0.131825673855641,0.0173780082874937
100.75,0.362,14.48,0.139958732257262,0.0195884467350599
100.768,0.285,11.4,0.0981747943019984,0.0096382902362397
100.768,0.531,21.24,0.304789498962798,0.0928966386779936
100.787,0.207,8.28,0.0685488226452661,0.00469894108605215
100.804,0.518,20.72,0.287078058202469,0.0824138115013002
100.804,0.272,10.88,0.0924698173938222,0.00855066712884683
100.823,0.453,18.12,0.212813904598271,0.0452897579903621
100.84,0.582,23.28,0.385478357665772,0.148593564228701
100.84,0.414,16.56,0.177827941003892,0.0316227766016838
100.859,0.569,22.76,0.363078054770101,0.131825673855641
100.878,0.634,25.36,0.489778819368446,0.239883291901949
100.878,0.544,21.76,0.323593656929628,0.10471285480509
100.896,0.621,24.84,0.461317574560379,0.212813904598271
100.915,0.647,25.88,0.519995996533516,0.270395836410884
100.915,0.621,24.84,0.461317574560379,0.212813904598271
100.935,0.647,25.88,0.519995996533516,0.270395836410884
100.935,0.647,25.88,0.519995996533516,0.270395836410884
100.954,0.673,26.92,0.586138164514029,0.343557947899875
100.974,0.66,26.4,0.552077439280757,0.304789498962798
100.974,0.634,25.36,0.489778819368446,0.239883291901949
100.992,0.66,26.4,0.552077439280757,0.304789498962798
101.01,0.647,25.88,0.519995996533516,0.270395836410884
101.01,0.582,23.28,0.385478357665772,0.148593564228701
101.028,0.647,25.88,0.519995996533516,0.270395836410884
101.047,0.608,24.32,0.434510224171571,0.188799134909629
101.047,0.479,19.16,0.239883291901949,0.0575439937337157
101.068,0.621,24.84,0.461317574560379,0.212813904598271
101.068,0.531,21.24,0.304789498962798,0.0928966386779936
101.086,0.272,10.88,0.0924698173938222,0.00855066712884683
101.104,0.544,21.76,0.323593656929628,0.10471285480509
101.104,0.336,13.44,0.124165230759241,0.0154170045294956
101.123,0.324,12.96,0.117489755493953,0.0138038426460288
101.142,0.401,16.04,0.167494287602644,0.0280543363795171
101.142,0.246,9.84,0.0820351544329818,0.00672976656284318
101.16,0.518,20.72,0.287078058202469,0.0824138115013002
101.16,0.194,7.76,0.0645654229034656,0.00416869383470336
101.179,0.479,19.16,0.239883291901949,0.0575439937337157
101.197,0.595,23.8,0.409260659730011,0.167494287602644
101.197,0.44,17.6,0.200447202736516,0.040179081084894
101.215,0.582,23.28,0.385478357665772,0.148593564228701
101.233,0.388,15.52,0.157761126969935,0.0248885731828239
101.233,0.569,22.76,0.363078054770101,0.131825673855641
101.251,0.634,25.36,0.489778819368446,0.239883291901949
101.269,0.544,21.76,0.323593656929628,0.10471285480509
101.269,0.621,24.84,0.461317574560379,0.212813904598271
101.289,0.66,26.4,0.552077439280757,0.304789498962798
101.307,0.621,24.84,0.461317574560379,0.212813904598271
101.308,0.647,25.88,0.519995996533516,0.270395836410884
101.325,0.647,25.88,0.519995996533516,0.270395836410884
101.343,0.647,25.88,0.519995996533516,0.270395836410884
101.343,0.66,26.4,0.552077439280757,0.304789498962798
101.361,0.634,25.36,0.489778819368446,0.239883291901949
101.38,0.66,26.4,0.552077439280757,0.304789498962798
101.38,0.647,25.88,0.519995996533516,0.270395836410884
101.398,0.608,24.32,0.434510224171571,0.188799134909629
101.418,0.647,25.88,0.519995996533516,0.270395836410884
101.418,0.595,23.8,0.409260659730011,0.167494287602644
101.435,0.505,20.2,0.270395836410884,0.0731139083483417
101.435,0.621,24.84,0.461317574560379,0.212813904598271
101.453,0.531,21.24,0.304789498962798,0.0928966386779936
101.472,0.324,12.96,0.117489755493953,0.0138038426460288
101.472,0.556,22.24,0.341979442513709,0.116949939101987
101.492,0.388,15.52,0.157761126969935,0.0248885731828239
101.512,0.259,10.36,0.0870963589956081,0.00758577575029184
101.512,0.44,17.6,0.200447202736516,0.040179081084894
101.531,0.22,8.8,0.0727779804536824,0.00529663443891658
101.531,0.479,19.16,0.239883291901949,0.0575439937337157
101.549,0.194,7.76,0.0645654229034656,0.00416869383470336
101.566,0.479,19.16,0.239883291901949,0.0575439937337157
101.566,0.582,23.28,0.385478357665772,0.148593564228701
101.586,0.414,16.56,0.177827941003892,0.0316227766016838
101.604,0.569,22.76,0.363078054770101,0.131825673855641
101.604,0.349,13.96,0.131825673855641,0.0173780082874937
101.622,0.544,21.76,0.323593656929628,0.10471285480509
101.641,0.621,24.84,0.461317574560379,0.212813904598271
101.641,0.518,20.72,0.287078058202469,0.0824138115013002
101.658,0.621,24.84,0.461317574560379,0.212813904598271
101.677,0.66,26.4,0.552077439280757,0.304789498962798
101.677,0.595,23.8,0.409260659730011,0.167494287602644
101.694,0.647,25.88,0.519995996533516,0.270395836410884
101.713,0.66,26.4,0.552077439280757,0.304789498962798
101.713,0.647,25.88,0.519995996533516,0.270395836410884
101.732,0.673,26.92,0.586138164514029,0.343557947899875
101.75,0.647,25.88,0.519995996533516,0.270395836410884
101.75,0.66,26.4,0.552077439280757,0.304789498962798
101.768,0.647,25.88,0.519995996533516,0.270395836410884
101.786,0.595,23.8,0.409260659730011,0.167494287602644
101.786,0.66,26.4,0.552077439280757,0.304789498962798
101.803,0.608,24.32,0.434510224171571,0.188799134909629
101.803,0.531,21.24,0.304789498962798,0.0928966386779936
101.82,0.634,25.36,0.489778819368446,0.239883291901949
101.839,0.544,21.76,0.323593656929628,0.10471285480509
101.84,0.362,14.48,0.139958732257262,0.0195884467350599
101.859,0.569,22.76,0.363078054770101,0.131825673855641
101.876,0.414,16.56,0.177827941003892,0.0316227766016838
101.876,0.259,10.36,0.0870963589956081,0.00758577575029184
101.894,0.453,18.12,0.212813904598271,0.0452897579903621
101.914,0.181,7.24,0.0608135001278718,0.00369828179780266
101.914,0.466,18.64,0.225943577022098,0.0510504999975407
101.934,0.22,8.8,0.0727779804536824,0.00529663443891658
101.951,0.44,17.6,0.200447202736516,0.040179081084894
101.951,0.582,23.28,0.385478357665772,0.148593564228701
101.969,0.388,15.52,0.157761126969935,0.0248885731828239
101.987,0.556,22.24,0.341979442513709,0.116949939101987
101.987,0.324,12.96,0.117489755493953,0.0138038426460288
102.004,0.531,21.24,0.304789498962798,0.0928966386779936
102.023,0.621,24.84,0.461317574560379,0.212813904598271
102.023,0.505,20.2,0.270395836410884,0.0731139083483417
102.041,0.595,23.8,0.409260659730011,0.167494287602644
102.059,0.647,25.88,0.519995996533516,0.270395836410884
102.059,0.595,23.8,0.409260659730011,0.167494287602644
102.079,0.634,25.36,0.489778819368446,0.239883291901949
102.079,0.647,25.88,0.519995996533516,0.270395836410884
102.098,0.634,25.36,0.489778819368446,0.239883291901949
102.115,0.66,26.4,0.552077439280757,0.304789498962798
102.115,0.647,25.88,0.519995996533516,0.270395836410884
102.135,0.66,26.4,0.552077439280757,0.304789498962798
102.153,0.647,25.88,0.519995996533516,0.270395836410884
102.153,0.595,23.8,0.409260659730011,0.167494287602644
102.171,0.66,26.4,0.552077439280757,0.304789498962798
102.189,0.621,24.84,0.461317574560379,0.212813904598271
102.189,0.544,21.76,0.323593656929628,0.10471285480509
102.207,0.634,25.36,0.489778819368446,0.239883291901949
102.225,0.556,22.24,0.341979442513709,0.116949939101987
102.225,0.388,15.52,0.157761126969935,0.0248885731828239
102.242,0.582,23.28,0.385478357665772,0.148593564228701
102.26,0.44,17.6,0.200447202736516,0.040179081084894
102.26,0.233,9.32,0.0772680585095702,0.00597035286583837
102.279,0.479,19.16,0.239883291901949,0.0575439937337157
102.296,0.194,7.76,0.0645654229034656,0.00416869383470336
102.296,0.466,18.64,0.225943577022098,0.0510504999975407
102.314,0.259,10.36,0.0870963589956081,0.00758577575029184
102.331,0.414,16.56,0.177827941003892,0.0316227766016838
102.331,0.556,22.24,0.341979442513709,0.116949939101987
102.351,0.336,13.44,0.124165230759241,0.0154170045294956
102.369,0.544,21.76,0.323593656929628,0.10471285480509
102.369,0.259,10.36,0.0870963589956081,0.00758577575029184
102.387,0.531,21.24,0.304789498962798,0.0928966386779936
102.387,0.621,24.84,0.461317574560379,0.212813904598271
102.406,0.505,20.2,0.270395836410884,0.0731139083483417
102.422,0.608,24.32,0.434510224171571,0.188799134909629
102.423,0.66,26.4,0.552077439280757,0.304789498962798
102.44,0.569,22.76,0.363078054770101,0.131825673855641
102.46,0.673,26.92,0.586138164514029,0.343557947899875
102.46,0.66,26.4,0.552077439280757,0.304789498962798
102.479,0.634,25.36,0.489778819368446,0.239883291901949
102.497,0.66,26.4,0.552077439280757,0.304789498962798
102.497,0.66,26.4,0.552077439280757,0.304789498962798
102.516,0.647,25.88,0.519995996533516,0.270395836410884
102.535,0.647,25.88,0.519995996533516,0.270395836410884
102.535,0.608,24.32,0.434510224171571,0.188799134909629
102.554,0.66,26.4,0.552077439280757,0.304789498962798
102.554,0.634,25.36,0.489778819368446,0.239883291901949
102.572,0.544,21.76,0.323593656929628,0.10471285480509
102.592,0.647,25.88,0.519995996533516,0.270395836410884
102.592,0.569,22.76,0.363078054770101,0.131825673855641
102.609,0.414,16.56,0.177827941003892,0.0316227766016838
102.628,0.595,23.8,0.409260659730011,0.167494287602644
102.628,0.453,18.12,0.212813904598271,0.0452897579903621
102.646,0.168,6.72,0.0572796030985829,0.00328095293113119
102.664,0.505,20.2,0.270395836410884,0.0731139083483417
102.664,0.207,8.28,0.0685488226452661,0.00469894108605215
102.683,0.427,17.08,0.188799134909629,0.0356451133426244
102.7,0.259,10.36,0.0870963589956081,0.00758577575029184
102.7,0.375,15,0.148593564228701,0.022080047330189
102.719,0.556,22.24,0.341979442513709,0.116949939101987
102.738,0.298,11.92,0.10423174293933,0.0108642562361707
102.738,0.518,20.72,0.287078058202469,0.0824138115013002
102.755,0.207,8.28,0.0685488226452661,0.00469894108605215
102.773,0.492,19.68,0.254683025258504,0.0648634433548238
102.774,0.595,23.8,0.409260659730011,0.167494287602644
102.792,0.466,18.64,0.225943577022098,0.0510504999975407
102.792,0.582,23.28,0.385478357665772,0.148593564228701
102.81,0.647,25.88,0.519995996533516,0.270395836410884
102.828,0.556,22.24,0.341979442513709,0.116949939101987
102.828,0.634,25.36,0.489778819368446,0.239883291901949
102.846,0.66,26.4,0.552077439280757,0.304789498962798
102.864,0.634,25.36,0.489778819368446,0.239883291901949
102.864,0.647,25.88,0.519995996533516,0.270395836410884
102.881,0.66,26.4,0.552077439280757,0.304789498962798
102.9,0.647,25.88,0.519995996533516,0.270395836410884
102.9,0.647,25.88,0.519995996533516,0.270395836410884
102.919,0.621,24.84,0.461317574560379,0.212813904598271
102.936,0.66,26.4,0.552077439280757,0.304789498962798
102.936,0.634,25.36,0.489778819368446,0.239883291901949
102.955,0.569,22.76,0.363078054770101,0.131825673855641
102.972,0.647,25.88,0.519995996533516,0.270395836410884
102.972,0.582,23.28,0.385478357665772,0.148593564228701
102.991,0.44,17.6,0.200447202736516,0.040179081084894
103.009,0.595,23.8,0.409260659730011,0.167494287602644
103.009,0.479,19.16,0.239883291901949,0.0575439937337157
103.028,0.142,5.68,0.0508159442560561,0.0025822601906346
103.046,0.518,20.72,0.287078058202469,0.0824138115013002
103.046,0.233,9.32,0.0772680585095702,0.00597035286583837
103.063,0.401,16.04,0.167494287602644,0.0280543363795171
103.083,0.336,13.44,0.124165230759241,0.0154170045294956
103.083,0.349,13.96,0.131825673855641,0.0173780082874937
103.102,0.544,21.76,0.323593656929628,0.10471285480509
103.102,0.479,19.16,0.239883291901949,0.0575439937337157
103.121,0.531,21.24,0.304789498962798,0.0928966386779936
103.138,0.155,6.2,0.0539510622515128,0.00291071711806661
103.138,0.492,19.68,0.254683025258504,0.0648634433548238
103.156,0.595,23.8,0.409260659730011,0.167494287602644
103.174,0.453,18.12,0.212813904598271,0.0452897579903621
103.174,0.582,23.28,0.385478357665772,0.148593564228701
103.191,0.647,25.88,0.519995996533516,0.270395836410884
103.21,0.569,22.76,0.363078054770101,0.131825673855641
103.21,0.634,25.36,0.489778819368446,0.239883291901949
103.229,0.66,26.4,0.552077439280757,0.304789498962798
103.246,0.634,25.36,0.489778819368446,0.239883291901949
103.246,0.66,26.4,0.552077439280757,0.304789498962798
103.265,0.66,26.4,0.552077439280757,0.304789498962798
103.283,0.66,26.4,0.552077439280757,0.304789498962798
103.283,0.66,26.4,0.552077439280757,0.304789498962798
103.3,0.621,24.84,0.461317574560379,0.212813904598271
103.319,0.66,26.4,0.552077439280757,0.304789498962798
103.319,0.621,24.84,0.461317574560379,0.212813904598271
103.336,0.569,22.76,0.363078054770101,0.131825673855641
103.356,0.647,25.88,0.519995996533516,0.270395836410884
103.356,0.582,23.28,0.385478357665772,0.148593564228701
103.373,0.453,18.12,0.212813904598271,0.0452897579903621
103.391,0.595,23.8,0.409260659730011,0.167494287602644
103.391,0.505,20.2,0.270395836410884,0.0731139083483417
103.409,0.181,7.24,0.0608135001278718,0.00369828179780266
103.427,0.531,21.24,0.304789498962798,0.0928966386779936
103.427,0.285,11.4,0.0981747943019984,0.0096382902362397
103.445,0.362,14.48,0.139958732257262,0.0195884467350599
103.465,0.362,14.48,0.139958732257262,0.0195884467350599
103.465,0.285,11.4,0.0981747943019984,0.0096382902362397
103.485,0.531,21.24,0.304789498962798,0.0928966386779936
103.485,0.181,7.24,0.0608135001278718,0.00369828179780266
103.504,0.505,20.2,0.270395836410884,0.0731139083483417
103.524,0.155,6.2,0.0539510622515128,0.00291071711806661
103.524,0.479,19.16,0.239883291901949,0.0575439937337157
103.544,0.582,23.28,0.385478357665772,0.148593564228701
103.544,0.427,17.08,0.188799134909629,0.0356451133426244
103.564,0.569,22.76,0.363078054770101,0.131825673855641
103.583,0.634,25.36,0.489778819368446,0.239883291901949
103.583,0.556,22.24,0.341979442513709,0.116949939101987
103.606,0.621,24.84,0.461317574560379,0.212813904598271
103.606,0.647,25.88,0.519995996533516,0.270395836410884
103.628,0.621,24.84,0.461317574560379,0.212813904598271
103.628,0.647,25.88,0.519995996533516,0.270395836410884
103.646,0.66,26.4,0.552077439280757,0.304789498962798
103.665,0.647,25.88,0.519995996533516,0.270395836410884
103.666,0.66,26.4,0.552077439280757,0.304789498962798
103.686,0.634,25.36,0.489778819368446,0.239883291901949
103.686,0.647,25.88,0.519995996533516,0.270395836410884
103.706,0.647,25.88,0.519995996533516,0.270395836410884
103.727,0.582,23.28,0.385478357665772,0.148593564228701
103.727,0.647,25.88,0.519995996533516,0.270395836410884
103.748,0.595,23.8,0.409260659730011,0.167494287602644
103.748,0.479,19.16,0.239883291901949,0.0575439937337157
103.768,0.608,24.32,0.434510224171571,0.188799134909629
103.787,0.505,20.2,0.270395836410884,0.0731139083483417
103.787,0.246,9.84,0.0820351544329818,0.00672976656284318
103.806,0.544,21.76,0.323593656929628,0.10471285480509
103.806,0.311,12.44,0.110662378397767,0.0122461619926505
103.824,0.349,13.96,0.131825673855641,0.0173780082874937
103.843,0.388,15.52,0.157761126969935,0.0248885731828239
103.843,0.246,9.84,0.0820351544329818,0.00672976656284318
103.862,0.518,20.72,0.287078058202469,0.0824138115013002
103.881,0.155,6.2,0.0539510622515128,0.00291071711806661
103.881,0.479,19.16,0.239883291901949,0.0575439937337157
103.901,0.608,24.32,0.434510224171571,0.188799134909629
103.901,0.44,17.6,0.200447202736516,0.040179081084894
103.92,0.569,22.76,0.363078054770101,0.131825673855641
103.938,0.388,15.52,0.157761126969935,0.0248885731828239
103.938,0.556,22.24,0.341979442513709,0.116949939101987
103.957,0.634,25.36,0.489778819368446,0.239883291901949
103.977,0.531,21.24,0.304789498962798,0.0928966386779936
103.977,0.621,24.84,0.461317574560379,0.212813904598271
103.996,0.647,25.88,0.519995996533516,0.270395836410884
103.996,0.608,24.32,0.434510224171571,0.188799134909629
104.015,0.647,25.88,0.519995996533516,0.270395836410884
104.033,0.66,26.4,0.552077439280757,0.304789498962798
104.033,0.647,25.88,0.519995996533516,0.270395836410884
104.051,0.647,25.88,0.519995996533516,0.270395836410884
104.07,0.634,25.36,0.489778819368446,0.239883291901949
104.07,0.647,25.88,0.519995996533516,0.270395836410884
104.089,0.647,25.88,0.519995996533516,0.270395836410884
104.108,0.582,23.28,0.385478357665772,0.148593564228701
104.108,0.647,25.88,0.519995996533516,0.270395836410884
104.126,0.608,24.32,0.434510224171571,0.188799134909629
104.126,0.505,20.2,0.270395836410884,0.0731139083483417
104.143,0.608,24.32,0.434510224171571,0.188799134909629
104.162,0.531,21.24,0.304789498962798,0.0928966386779936
104.162,0.311,12.44,0.110662378397767,0.0122461619926505
104.179,0.544,21.76,0.323593656929628,0.10471285480509
104.196,0.375,15,0.148593564228701,0.022080047330189
104.215,0.259,10.36,0.0870963589956081,0.00758577575029184
104.215,0.427,17.08,0.188799134909629,0.0356451133426244
104.232,0.207,8.28,0.0685488226452661,0.00469894108605215
104.234,0.492,19.68,0.254683025258504,0.0648634433548238
104.251,0.155,6.2,0.0539510622515128,0.00291071711806661
104.269,0.453,18.12,0.212813904598271,0.0452897579903621
104.269,0.582,23.28,0.385478357665772,0.148593564228701
104.288,0.427,17.08,0.188799134909629,0.0356451133426244
104.306,0.582,23.28,0.385478357665772,0.148593564228701
104.306,0.362,14.48,0.139958732257262,0.0195884467350599
104.326,0.556,22.24,0.341979442513709,0.116949939101987
104.344,0.621,24.84,0.461317574560379,0.212813904598271
104.344,0.518,20.72,0.287078058202469,0.0824138115013002
104.362,0.634,25.36,0.489778819368446,0.239883291901949
104.378,0.66,26.4,0.552077439280757,0.304789498962798
104.379,0.595,23.8,0.409260659730011,0.167494287602644
104.397,0.647,25.88,0.519995996533516,0.270395836410884
104.415,0.66,26.4,0.552077439280757,0.304789498962798
104.415,0.647,25.88,0.519995996533516,0.270395836410884
104.432,0.66,26.4,0.552077439280757,0.304789498962798
104.45,0.647,25.88,0.519995996533516,0.270395836410884
104.45,0.66,26.4,0.552077439280757,0.304789498962798
104.468,0.647,25.88,0.519995996533516,0.270395836410884
104.487,0.595,23.8,0.409260659730011,0.167494287602644
104.487,0.66,26.4,0.552077439280757,0.304789498962798
104.504,0.608,24.32,0.434510224171571,0.188799134909629
104.522,0.518,20.72,0.287078058202469,0.0824138115013002
104.522,0.621,24.84,0.461317574560379,0.212813904598271
104.539,0.544,21.76,0.323593656929628,0.10471285480509
104.557,0.336,13.44,0.124165230759241,0.0154170045294956
104.557,0.569,22.76,0.363078054770101,0.131825673855641
104.575,0.388,15.52,0.157761126969935,0.0248885731828239
104.593,0.233,9.32,0.0772680585095702,0.00597035286583837
104.593,0.44,17.6,0.200447202736516,0.040179081084894
104.611,0.155,6.2,0.0539510622515128,0.00291071711806661
104.63,0.479,19.16,0.239883291901949,0.0575439937337157
104.63,0.168,6.72,0.0572796030985829,0.00328095293113119
104.648,0.427,17.08,0.188799134909629,0.0356451133426244
104.667,0.569,22.76,0.363078054770101,0.131825673855641
104.667,0.388,15.52,0.157761126969935,0.0248885731828239
104.684,0.556,22.24,0.341979442513709,0.116949939101987
104.704,0.324,12.96,0.117489755493953,0.0138038426460288
104.704,0.531,21.24,0.304789498962798,0.0928966386779936
104.723,0.621,24.84,0.461317574560379,0.212813904598271
104.723,0.518,20.72,0.287078058202469,0.0824138115013002
104.74,0.608,24.32,0.434510224171571,0.188799134909629
104.761,0.647,25.88,0.519995996533516,0.270395836410884
104.761,0.608,24.32,0.434510224171571,0.188799134909629
104.78,0.647,25.88,0.519995996533516,0.270395836410884
104.8,0.66,26.4,0.552077439280757,0.304789498962798
104.8,0.647,25.88,0.519995996533516,0.270395836410884
104.82,0.66,26.4,0.552077439280757,0.304789498962798
104.82,0.66,26.4,0.552077439280757,0.304789498962798
104.839,0.66,26.4,0.552077439280757,0.304789498962798
104.859,0.66,26.4,0.552077439280757,0.304789498962798
104.859,0.608,24.32,0.434510224171571,0.188799134909629
104.878,0.66,26.4,0.552077439280757,0.304789498962798
104.878,0.621,24.84,0.461317574560379,0.212813904598271
104.896,0.544,21.76,0.323593656929628,0.10471285480509
104.914,0.634,25.36,0.489778819368446,0.239883291901949
104.914,0.556,22.24,0.341979442513709,0.116949939101987
104.932,0.375,15,0.148593564228701,0.022080047330189
104.95,0.582,23.28,0.385478357665772,0.148593564228701
104.952,0.44,17.6,0.200447202736516,0.040179081084894
104.969,0.207,8.28,0.0685488226452661,0.00469894108605215
104.989,0.479,19.16,0.239883291901949,0.0575439937337157
104.989,0.181,7.24,0.0608135001278718,0.00369828179780266
105.006,0.466,18.64,0.225943577022098,0.0510504999975407
105.026,0.207,8.28,0.0685488226452661,0.00469894108605215
105.026,0.414,16.56,0.177827941003892,0.0316227766016838
105.045,0.569,22.76,0.363078054770101,0.131825673855641
105.045,0.362,14.48,0.139958732257262,0.0195884467350599
105.061,0.544,21.76,0.323593656929628,0.10471285480509
105.08,0.285,11.4,0.0981747943019984,0.0096382902362397
105.08,0.518,20.72,0.287078058202469,0.0824138115013002
105.098,0.621,24.84,0.461317574560379,0.212813904598271
105.119,0.492,19.68,0.254683025258504,0.0648634433548238
105.119,0.608,24.32,0.434510224171571,0.188799134909629
105.138,0.647,25.88,0.519995996533516,0.270395836410884
105.156,0.595,23.8,0.409260659730011,0.167494287602644
105.156,0.634,25.36,0.489778819368446,0.239883291901949
105.174,0.66,26.4,0.552077439280757,0.304789498962798
105.174,0.634,25.36,0.489778819368446,0.239883291901949
105.192,0.66,26.4,0.552077439280757,0.304789498962798
105.212,0.647,25.88,0.519995996533516,0.270395836410884
105.212,0.66,26.4,0.552077439280757,0.304789498962798
105.23,0.66,26.4,0.552077439280757,0.304789498962798
105.249,0.608,24.32,0.434510224171571,0.188799134909629
105.249,0.647,25.88,0.519995996533516,0.270395836410884
105.267,0.621,24.84,0.461317574560379,0.212813904598271
105.285,0.544,21.76,0.323593656929628,0.10471285480509
105.285,0.634,25.36,0.489778819368446,0.239883291901949
105.303,0.569,22.76,0.363078054770101,0.131825673855641
105.321,0.401,16.04,0.167494287602644,0.0280543363795171
105.321,0.569,22.76,0.363078054770101,0.131825673855641
105.34,0.44,17.6,0.200447202736516,0.040179081084894
105.34,0.168,6.72,0.0572796030985829,0.00328095293113119
105.359,0.492,19.68,0.254683025258504,0.0648634433548238
105.377,0.168,6.72,0.0572796030985829,0.00328095293113119
105.377,0.427,17.08,0.188799134909629,0.0356451133426244
105.395,0.259,10.36,0.0870963589956081,0.00758577575029184
105.415,0.375,15,0.148593564228701,0.022080047330189
105.415,0.556,22.24,0.341979442513709,0.116949939101987
105.433,0.336,13.44,0.124165230759241,0.0154170045294956
105.45,0.544,21.76,0.323593656929628,0.10471285480509
105.45,0.246,9.84,0.0820351544329818,0.00672976656284318
105.468,0.518,20.72,0.287078058202469,0.0824138115013002
105.487,0.608,24.32,0.434510224171571,0.188799134909629
105.487,0.466,18.64,0.225943577022098,0.0510504999975407
105.504,0.595,23.8,0.409260659730011,0.167494287602644
105.523,0.634,25.36,0.489778819368446,0.239883291901949
105.523,0.582,23.28,0.385478357665772,0.148593564228701
105.541,0.634,25.36,0.489778819368446,0.239883291901949
105.559,0.66,26.4,0.552077439280757,0.304789498962798
105.559,0.621,24.84,0.461317574560379,0.212813904598271
105.576,0.647,25.88,0.519995996533516,0.270395836410884
105.594,0.66,26.4,0.552077439280757,0.304789498962798
105.594,0.647,25.88,0.519995996533516,0.270395836410884
105.612,0.647,25.88,0.519995996533516,0.270395836410884
105.63,0.621,24.84,0.461317574560379,0.212813904598271
105.63,0.66,26.4,0.552077439280757,0.304789498962798
105.648,0.634,25.36,0.489778819368446,0.239883291901949
105.666,0.556,22.24,0.341979442513709,0.116949939101987
105.667,0.647,25.88,0.519995996533516,0.270395836410884
105.684,0.569,22.76,0.363078054770101,0.131825673855641
105.701,0.427,17.08,0.188799134909629,0.0356451133426244
105.701,0.595,23.8,0.409260659730011,0.167494287602644
105.719,0.466,18.64,0.225943577022098,0.0510504999975407
105.737,0.194,7.76,0.0645654229034656,0.00416869383470336
105.737,0.505,20.2,0.270395836410884,0.0731139083483417
105.755,0.233,9.32,0.0772680585095702,0.00597035286583837
105.773,0.401,16.04,0.167494287602644,0.0280543363795171
105.773,0.311,12.44,0.110662378397767,0.0122461619926505
105.791,0.349,13.96,0.131825673855641,0.0173780082874937
105.809,0.544,21.76,0.323593656929628,0.10471285480509
105.809,0.259,10.36,0.0870963589956081,0.00758577575029184
105.827,0.518,20.72,0.287078058202469,0.0824138115013002
105.846,0.207,8.28,0.0685488226452661,0.00469894108605215
105.846,0.505,20.2,0.270395836410884,0.0731139083483417
105.864,0.595,23.8,0.409260659730011,0.167494287602644
105.882,0.466,18.64,0.225943577022098,0.0510504999975407
105.882,0.582,23.28,0.385478357665772,0.148593564228701
105.9,0.647,25.88,0.519995996533516,0.270395836410884
105.9,0.569,22.76,0.363078054770101,0.131825673855641
105.919,0.634,25.36,0.489778819368446,0.239883291901949
105.937,0.66,26.4,0.552077439280757,0.304789498962798
105.937,0.621,24.84,0.461317574560379,0.212813904598271
105.955,0.673,26.92,0.586138164514029,0.343557947899875
105.974,0.66,26.4,0.552077439280757,0.304789498962798
105.974,0.647,25.88,0.519995996533516,0.270395836410884
105.992,0.66,26.4,0.552077439280757,0.304789498962798
106.009,0.634,25.36,0.489778819368446,0.239883291901949
106.009,0.647,25.88,0.519995996533516,0.270395836410884
106.029,0.634,25.36,0.489778819368446,0.239883291901949
106.047,0.569,22.76,0.363078054770101,0.131825673855641
106.047,0.647,25.88,0.519995996533516,0.270395836410884
106.063,0.582,23.28,0.385478357665772,0.148593564228701
106.082,0.466,18.64,0.225943577022098,0.0510504999975407
106.082,0.595,23.8,0.409260659730011,0.167494287602644
106.1,0.492,19.68,0.254683025258504,0.0648634433548238
106.118,0.181,7.24,0.0608135001278718,0.00369828179780266
106.119,0.518,20.72,0.287078058202469,0.0824138115013002
106.136,0.22,8.8,0.0727779804536824,0.00529663443891658
106.154,0.375,15,0.148593564228701,0.022080047330189
106.154,0.349,13.96,0.131825673855641,0.0173780082874937
106.173,0.298,11.92,0.10423174293933,0.0108642562361707
106.193,0.531,21.24,0.304789498962798,0.0928966386779936
106.193,0.22,8.8,0.0727779804536824,0.00529663443891658
106.212,0.492,19.68,0.254683025258504,0.0648634433548238
106.212,0.155,6.2,0.0539510622515128,0.00291071711806661
106.23,0.466,18.64,0.225943577022098,0.0510504999975407
106.248,0.582,23.28,0.385478357665772,0.148593564228701
106.248,0.414,16.56,0.177827941003892,0.0316227766016838
106.266,0.582,23.28,0.385478357665772,0.148593564228701
106.283,0.634,25.36,0.489778819368446,0.239883291901949
106.283,0.556,22.24,0.341979442513709,0.116949939101987
106.302,0.634,25.36,0.489778819368446,0.239883291901949
106.321,0.66,26.4,0.552077439280757,0.304789498962798
106.321,0.608,24.32,0.434510224171571,0.188799134909629
106.339,0.647,25.88,0.519995996533516,0.270395836410884
106.357,0.66,26.4,0.552077439280757,0.304789498962798
106.358,0.647,25.88,0.519995996533516,0.270395836410884
106.375,0.66,26.4,0.552077439280757,0.304789498962798
106.393,0.634,25.36,0.489778819368446,0.239883291901949
106.393,0.66,26.4,0.552077439280757,0.304789498962798
106.411,0.634,25.36,0.489778819368446,0.239883291901949
106.429,0.569,22.76,0.363078054770101,0.131825673855641
106.429,0.647,25.88,0.519995996533516,0.270395836410884
106.446,0.595,23.8,0.409260659730011,0.167494287602644
106.465,0.479,19.16,0.239883291901949,0.0575439937337157
106.465,0.621,24.84,0.461317574560379,0.212813904598271
106.482,0.505,20.2,0.270395836410884,0.0731139083483417
106.5,0.544,21.76,0.323593656929628,0.10471285480509
106.5,0.544,21.76,0.323593656929628,0.10471285480509
106.52,0.336,13.44,0.124165230759241,0.0154170045294956
106.52,0.324,12.96,0.117489755493953,0.0138038426460288
106.537,0.388,15.52,0.157761126969935,0.0248885731828239
106.554,0.246,9.84,0.0820351544329818,0.00672976656284318
106.572,0.518,20.72,0.287078058202469,0.0824138115013002
106.573,0.233,9.32,0.0772680585095702,0.00597035286583837
106.591,0.492,19.68,0.254683025258504,0.0648634433548238
106.591,0.608,24.32,0.434510224171571,0.188799134909629
106.61,0.453,18.12,0.212813904598271,0.0452897579903621
106.628,0.582,23.28,0.385478357665772,0.148593564228701
106.628,0.401,16.04,0.167494287602644,0.0280543363795171
106.646,0.569,22.76,0.363078054770101,0.131825673855641
106.664,0.634,25.36,0.489778819368446,0.239883291901949
106.664,0.544,21.76,0.323593656929628,0.10471285480509
106.683,0.621,24.84,0.461317574560379,0.212813904598271
106.701,0.66,26.4,0.552077439280757,0.304789498962798
106.701,0.621,24.84,0.461317574560379,0.212813904598271
106.72,0.647,25.88,0.519995996533516,0.270395836410884
106.738,0.66,26.4,0.552077439280757,0.304789498962798
106.738,0.66,26.4,0.552077439280757,0.304789498962798
106.756,0.66,26.4,0.552077439280757,0.304789498962798
106.774,0.634,25.36,0.489778819368446,0.239883291901949
106.774,0.66,26.4,0.552077439280757,0.304789498962798
106.793,0.647,25.88,0.519995996533516,0.270395836410884
106.811,0.595,23.8,0.409260659730011,0.167494287602644
106.811,0.647,25.88,0.519995996533516,0.270395836410884
106.829,0.595,23.8,0.409260659730011,0.167494287602644
106.829,0.479,19.16,0.239883291901949,0.0575439937337157
106.847,0.608,24.32,0.434510224171571,0.188799134909629
106.865,0.518,20.72,0.287078058202469,0.0824138115013002
106.865,0.272,10.88,0.0924698173938222,0.00855066712884683
106.883,0.544,21.76,0.323593656929628,0.10471285480509
106.901,0.362,14.48,0.139958732257262,0.0195884467350599
106.901,0.285,11.4,0.0981747943019984,0.0096382902362397
106.921,0.414,16.56,0.177827941003892,0.0316227766016838
106.939,0.207,8.28,0.0685488226452661,0.00469894108605215
106.939,0.492,19.68,0.254683025258504,0.0648634433548238
106.957,0.129,5.16,0.0478630092322639,0.00229086765276777
106.974,0.466,18.64,0.225943577022098,0.0510504999975407
106.974,0.582,23.28,0.385478357665772,0.148593564228701
106.993,0.414,16.56,0.177827941003892,0.0316227766016838
107.011,0.569,22.76,0.363078054770101,0.131825673855641
107.011,0.362,14.48,0.139958732257262,0.0195884467350599
107.028,0.544,21.76,0.323593656929628,0.10471285480509
107.047,0.621,24.84,0.461317574560379,0.212813904598271
107.047,0.531,21.24,0.304789498962798,0.0928966386779936
107.066,0.621,24.84,0.461317574560379,0.212813904598271
107.084,0.66,26.4,0.552077439280757,0.304789498962798
107.084,0.608,24.32,0.434510224171571,0.188799134909629
107.102,0.647,25.88,0.519995996533516,0.270395836410884
107.123,0.66,26.4,0.552077439280757,0.304789498962798
107.123,0.647,25.88,0.519995996533516,0.270395836410884
107.141,0.66,26.4,0.552077439280757,0.304789498962798
107.141,0.647,25.88,0.519995996533516,0.270395836410884
107.16,0.66,26.4,0.552077439280757,0.304789498962798
107.178,0.647,25.88,0.519995996533516,0.270395836410884
107.179,0.595,23.8,0.409260659730011,0.167494287602644
107.196,0.647,25.88,0.519995996533516,0.270395836410884
107.213,0.608,24.32,0.434510224171571,0.188799134909629
107.213,0.505,20.2,0.270395836410884,0.0731139083483417
107.232,0.621,24.84,0.461317574560379,0.212813904598271
107.25,0.531,21.24,0.304789498962798,0.0928966386779936
107.25,0.324,12.96,0.117489755493953,0.0138038426460288
107.267,0.544,21.76,0.323593656929628,0.10471285480509
107.286,0.375,15,0.148593564228701,0.022080047330189
107.286,0.246,9.84,0.0820351544329818,0.00672976656284318
107.305,0.44,17.6,0.200447202736516,0.040179081084894
107.321,0.194,7.76,0.0645654229034656,0.00416869383470336
107.321,0.492,19.68,0.254683025258504,0.0648634433548238
107.339,0.129,5.16,0.0478630092322639,0.00229086765276777
107.358,0.44,17.6,0.200447202736516,0.040179081084894
107.358,0.582,23.28,0.385478357665772,0.148593564228701
107.376,0.414,16.56,0.177827941003892,0.0316227766016838
107.393,0.569,22.76,0.363078054770101,0.131825673855641
107.393,0.349,13.96,0.131825673855641,0.0173780082874937
107.412,0.544,21.76,0.323593656929628,0.10471285480509
107.413,0.621,24.84,0.461317574560379,0.212813904598271
107.431,0.531,21.24,0.304789498962798,0.0928966386779936
107.448,0.621,24.84,0.461317574560379,0.212813904598271
107.467,0.647,25.88,0.519995996533516,0.270395836410884
107.467,0.582,23.28,0.385478357665772,0.148593564228701
107.485,0.634,25.36,0.489778819368446,0.239883291901949
107.485,0.66,26.4,0.552077439280757,0.304789498962798
107.503,0.634,25.36,0.489778819368446,0.239883291901949
107.52,0.66,26.4,0.552077439280757,0.304789498962798
107.52,0.634,25.36,0.489778819368446,0.239883291901949
107.538,0.66,26.4,0.552077439280757,0.304789498962798
107.557,0.647,25.88,0.519995996533516,0.270395836410884
107.557,0.608,24.32,0.434510224171571,0.188799134909629
107.574,0.647,25.88,0.519995996533516,0.270395836410884
107.591,0.621,24.84,0.461317574560379,0.212813904598271
107.609,0.518,20.72,0.287078058202469,0.0824138115013002
107.609,0.634,25.36,0.489778819368446,0.239883291901949
107.626,0.544,21.76,0.323593656929628,0.10471285480509
107.644,0.362,14.48,0.139958732257262,0.0195884467350599
107.644,0.569,22.76,0.363078054770101,0.131825673855641
107.662,0.427,17.08,0.188799134909629,0.0356451133426244
107.679,0.207,8.28,0.0685488226452661,0.00469894108605215
107.679,0.453,18.12,0.212813904598271,0.0452897579903621
107.696,0.194,7.76,0.0645654229034656,0.00416869383470336
107.715,0.466,18.64,0.225943577022098,0.0510504999975407
107.715,0.505,20.2,0.270395836410884,0.0731139083483417
107.732,0.414,16.56,0.177827941003892,0.0316227766016838
107.749,0.582,23.28,0.385478357665772,0.148593564228701
107.75,0.362,14.48,0.139958732257262,0.0195884467350599
107.768,0.544,21.76,0.323593656929628,0.10471285480509
107.785,0.272,10.88,0.0924698173938222,0.00855066712884683
107.785,0.518,20.72,0.287078058202469,0.0824138115013002
107.803,0.621,24.84,0.461317574560379,0.212813904598271
107.822,0.492,19.68,0.254683025258504,0.0648634433548238
107.822,0.595,23.8,0.409260659730011,0.167494287602644
107.841,0.647,25.88,0.519995996533516,0.270395836410884
107.858,0.582,23.28,0.385478357665772,0.148593564228701
107.858,0.647,25.88,0.519995996533516,0.270395836410884
107.875,0.66,26.4,0.552077439280757,0.304789498962798
107.893,0.647,25.88,0.519995996533516,0.270395836410884
107.893,0.66,26.4,0.552077439280757,0.304789498962798
107.91,0.647,25.88,0.519995996533516,0.270395836410884
107.928,0.647,25.88,0.519995996533516,0.270395836410884
107.928,0.647,25.88,0.519995996533516,0.270395836410884
107.946,0.608,24.32,0.434510224171571,0.188799134909629
107.964,0.66,26.4,0.552077439280757,0.304789498962798
107.965,0.621,24.84,0.461317574560379,0.212813904598271
107.982,0.531,21.24,0.304789498962798,0.0928966386779936
108.001,0.621,24.84,0.461317574560379,0.212813904598271
108.001,0.544,21.76,0.323593656929628,0.10471285480509
108.019,0.388,15.52,0.157761126969935,0.0248885731828239
108.039,0.647,25.88,0.519995996533516,0.270395836410884
108.039,0.44,17.6,0.200447202736516,0.040179081084894
108.057,0.207,8.28,0.0685488226452661,0.00469894108605215
108.057,0.466,18.64,0.225943577022098,0.0510504999975407
108.075,0.181,7.24,0.0608135001278718,0.00369828179780266
108.093,0.44,17.6,0.200447202736516,0.040179081084894
108.093,0.233,9.32,0.0772680585095702,0.00597035286583837
108.111,0.401,16.04,0.167494287602644,0.0280543363795171
108.129,0.556,22.24,0.341979442513709,0.116949939101987
108.129,0.336,13.44,0.124165230759241,0.0154170045294956
108.148,0.544,21.76,0.323593656929628,0.10471285480509
108.167,0.259,10.36,0.0870963589956081,0.00758577575029184
108.167,0.518,20.72,0.287078058202469,0.0824138115013002
108.184,0.608,24.32,0.434510224171571,0.188799134909629
108.202,0.492,19.68,0.254683025258504,0.0648634433548238
108.202,0.608,24.32,0.434510224171571,0.188799134909629
108.219,0.647,25.88,0.519995996533516,0.270395836410884
108.238,0.582,23.28,0.385478357665772,0.148593564228701
108.238,0.647,25.88,0.519995996533516,0.270395836410884
108.257,0.66,26.4,0.552077439280757,0.304789498962798
108.276,0.634,25.36,0.489778819368446,0.239883291901949
108.276,0.647,25.88,0.519995996533516,0.270395836410884
108.293,0.66,26.4,0.552077439280757,0.304789498962798
108.312,0.66,26.4,0.552077439280757,0.304789498962798
108.312,0.66,26.4,0.552077439280757,0.304789498962798
108.329,0.621,24.84,0.461317574560379,0.212813904598271
108.347,0.66,26.4,0.552077439280757,0.304789498962798
108.347,0.634,25.36,0.489778819368446,0.239883291901949
108.365,0.544,21.76,0.323593656929628,0.10471285480509
108.383,0.634,25.36,0.489778819368446,0.239883291901949
108.383,0.582,23.28,0.385478357665772,0.148593564228701
108.4,0.414,16.56,0.177827941003892,0.0316227766016838
108.418,0.595,23.8,0.409260659730011,0.167494287602644
108.418,0.466,18.64,0.225943577022098,0.0510504999975407
108.435,0.181,7.24,0.0608135001278718,0.00369828179780266
108.453,0.492,19.68,0.254683025258504,0.0648634433548238
108.453,0.22,8.8,0.0727779804536824,0.00529663443891658
108.471,0.427,17.08,0.188799134909629,0.0356451133426244
108.489,0.285,11.4,0.0981747943019984,0.0096382902362397
108.489,0.375,15,0.148593564228701,0.022080047330189
108.507,0.556,22.24,0.341979442513709,0.116949939101987
108.524,0.298,11.92,0.10423174293933,0.0108642562361707
108.524,0.531,21.24,0.304789498962798,0.0928966386779936
108.542,0.207,8.28,0.0685488226452661,0.00469894108605215
108.56,0.492,19.68,0.254683025258504,0.0648634433548238
108.56,0.608,24.32,0.434510224171571,0.188799134909629
108.578,0.453,18.12,0.212813904598271,0.0452897579903621
108.595,0.595,23.8,0.409260659730011,0.167494287602644
108.595,0.647,25.88,0.519995996533516,0.270395836410884
108.614,0.569,22.76,0.363078054770101,0.131825673855641
108.632,0.634,25.36,0.489778819368446,0.239883291901949
108.632,0.66,26.4,0.552077439280757,0.304789498962798
108.65,0.634,25.36,0.489778819368446,0.239883291901949
108.668,0.66,26.4,0.552077439280757,0.304789498962798
108.668,0.647,25.88,0.519995996533516,0.270395836410884
108.686,0.647,25.88,0.519995996533516,0.270395836410884
108.705,0.66,26.4,0.552077439280757,0.304789498962798
108.705,0.621,24.84,0.461317574560379,0.212813904598271
108.722,0.66,26.4,0.552077439280757,0.304789498962798
108.739,0.621,24.84,0.461317574560379,0.212813904598271
108.739,0.556,22.24,0.341979442513709,0.116949939101987
108.757,0.634,25.36,0.489778819368446,0.239883291901949
108.775,0.582,23.28,0.385478357665772,0.148593564228701
108.775,0.44,17.6,0.200447202736516,0.040179081084894
108.792,0.595,23.8,0.409260659730011,0.167494287602644
108.811,0.479,19.16,0.239883291901949,0.0575439937337157
108.811,0.155,6.2,0.0539510622515128,0.00291071711806661
108.828,0.505,20.2,0.270395836410884,0.0731139083483417
108.846,0.233,9.32,0.0772680585095702,0.00597035286583837
108.846,0.505,20.2,0.270395836410884,0.0731139083483417
108.863,0.324,12.96,0.117489755493953,0.0138038426460288
108.881,0.324,12.96,0.117489755493953,0.0138038426460288
108.881,0.531,21.24,0.304789498962798,0.0928966386779936
108.9,0.246,9.84,0.0820351544329818,0.00672976656284318
108.917,0.505,20.2,0.270395836410884,0.0731139083483417
108.917,0.155,6.2,0.0539510622515128,0.00291071711806661
108.934,0.479,19.16,0.239883291901949,0.0575439937337157
108.952,0.621,24.84,0.461317574560379,0.212813904598271
108.952,0.44,17.6,0.200447202736516,0.040179081084894
108.97,0.582,23.28,0.385478357665772,0.148593564228701
108.988,0.634,25.36,0.489778819368446,0.239883291901949
108.988,0.556,22.24,0.341979442513709,0.116949939101987
109.006,0.634,25.36,0.489778819368446,0.239883291901949
109.024,0.66,26.4,0.552077439280757,0.304789498962798
109.024,0.634,25.36,0.489778819368446,0.239883291901949
109.043,0.66,26.4,0.552077439280757,0.304789498962798
109.063,0.66,26.4,0.552077439280757,0.304789498962798
109.063,0.66,26.4,0.552077439280757,0.304789498962798
109.082,0.673,26.92,0.586138164514029,0.343557947899875
109.082,0.634,25.36,0.489778819368446,0.239883291901949
109.103,0.66,26.4,0.552077439280757,0.304789498962798
109.123,0.634,25.36,0.489778819368446,0.239883291901949
109.123,0.569,22.76,0.363078054770101,0.131825673855641
109.144,0.647,25.88,0.519995996533516,0.270395836410884
109.144,0.595,23.8,0.409260659730011,0.167494287602644
109.165,0.453,18.12,0.212813904598271,0.0452897579903621
109.165,0.608,24.32,0.434510224171571,0.188799134909629
109.185,0.492,19.68,0.254683025258504,0.0648634433548238
109.203,0.22,8.8,0.0727779804536824,0.00529663443891658
109.203,0.531,21.24,0.304789498962798,0.0928966386779936
109.221,0.272,10.88,0.0924698173938222,0.00855066712884683
109.239,0.362,14.48,0.139958732257262,0.0195884467350599
109.239,0.336,13.44,0.124165230759241,0.0154170045294956
109.259,0.311,12.44,0.110662378397767,0.0122461619926505
109.276,0.531,21.24,0.304789498962798,0.0928966386779936
109.276,0.22,8.8,0.0727779804536824,0.00529663443891658
109.295,0.492,19.68,0.254683025258504,0.0648634433548238
109.295,0.168,6.72,0.0572796030985829,0.00328095293113119
109.314,0.479,19.16,0.239883291901949,0.0575439937337157
109.333,0.595,23.8,0.409260659730011,0.167494287602644
109.333,0.44,17.6,0.200447202736516,0.040179081084894
109.354,0.582,23.28,0.385478357665772,0.148593564228701
109.354,0.634,25.36,0.489778819368446,0.239883291901949
109.375,0.556,22.24,0.341979442513709,0.116949939101987
109.394,0.634,25.36,0.489778819368446,0.239883291901949
109.394,0.66,26.4,0.552077439280757,0.304789498962798
109.413,0.621,24.84,0.461317574560379,0.212813904598271
109.413,0.647,25.88,0.519995996533516,0.270395836410884
109.433,0.66,26.4,0.552077439280757,0.304789498962798
109.454,0.66,26.4,0.552077439280757,0.304789498962798
109.454,0.66,26.4,0.552077439280757,0.304789498962798
109.473,0.621,24.84,0.461317574560379,0.212813904598271
109.475,0.66,26.4,0.552077439280757,0.304789498962798
109.493,0.634,25.36,0.489778819368446,0.239883291901949
109.511,0.582,23.28,0.385478357665772,0.148593564228701
109.511,0.647,25.88,0.519995996533516,0.270395836410884
109.53,0.595,23.8,0.409260659730011,0.167494287602644
109.548,0.479,19.16,0.239883291901949,0.0575439937337157
109.548,0.608,24.32,0.434510224171571,0.188799134909629
109.566,0.518,20.72,0.287078058202469,0.0824138115013002
109.585,0.246,9.84,0.0820351544329818,0.00672976656284318
109.585,0.531,21.24,0.304789498962798,0.0928966386779936
109.603,0.336,13.44,0.124165230759241,0.0154170045294956
109.622,0.324,12.96,0.117489755493953,0.0138038426460288
109.622,0.401,16.04,0.167494287602644,0.0280543363795171
109.639,0.246,9.84,0.0820351544329818,0.00672976656284318
109.64,0.505,20.2,0.270395836410884,0.0731139083483417
109.658,0.207,8.28,0.0685488226452661,0.00469894108605215
109.675,0.479,19.16,0.239883291901949,0.0575439937337157
109.676,0.608,24.32,0.434510224171571,0.188799134909629
109.693,0.453,18.12,0.212813904598271,0.0452897579903621
109.71,0.582,23.28,0.385478357665772,0.148593564228701
109.728,0.401,16.04,0.167494287602644,0.0280543363795171
109.728,0.569,22.76,0.363078054770101,0.131825673855641
109.745,0.647,25.88,0.519995996533516,0.270395836410884
109.765,0.544,21.76,0.323593656929628,0.10471285480509
109.765,0.634,25.36,0.489778819368446,0.239883291901949
109.783,0.66,26.4,0.552077439280757,0.304789498962798
109.783,0.621,24.84,0.461317574560379,0.212813904598271
109.802,0.647,25.88,0.519995996533516,0.270395836410884
109.82,0.66,26.4,0.552077439280757,0.304789498962798
109.82,0.647,25.88,0.519995996533516,0.270395836410884
109.838,0.66,26.4,0.552077439280757,0.304789498962798
109.855,0.634,25.36,0.489778819368446,0.239883291901949
109.855,0.647,25.88,0.519995996533516,0.270395836410884
109.873,0.647,25.88,0.519995996533516,0.270395836410884
109.893,0.582,23.28,0.385478357665772,0.148593564228701
109.893,0.66,26.4,0.552077439280757,0.304789498962798
109.912,0.608,24.32,0.434510224171571,0.188799134909629
109.93,0.492,19.68,0.254683025258504,0.0648634433548238
109.93,0.621,24.84,0.461317574560379,0.212813904598271
109.946,0.531,21.24,0.304789498962798,0.0928966386779936
109.965,0.298,11.92,0.10423174293933,0.0108642562361707
109.965,0.556,22.24,0.341979442513709,0.116949939101987
109.983,0.336,13.44,0.124165230759241,0.0154170045294956
110.001,0.298,11.92,0.10423174293933,0.0108642562361707
110.001,0.401,16.04,0.167494287602644,0.0280543363795171
110.019,0.233,9.32,0.0772680585095702,0.00597035286583837
110.037,0.492,19.68,0.254683025258504,0.0648634433548238
110.037,0.142,5.68,0.0508159442560561,0.0025822601906346
110.055,0.466,18.64,0.225943577022098,0.0510504999975407
110.073,0.582,23.28,0.385478357665772,0.148593564228701
110.073,0.414,16.56,0.177827941003892,0.0316227766016838
110.092,0.569,22.76,0.363078054770101,0.131825673855641
110.11,0.375,15,0.148593564228701,0.022080047330189
110.11,0.556,22.24,0.341979442513709,0.116949939101987
110.128,0.621,24.84,0.461317574560379,0.212813904598271
110.145,0.531,21.24,0.304789498962798,0.0928966386779936
110.146,0.608,24.32,0.434510224171571,0.188799134909629
110.164,0.66,26.4,0.552077439280757,0.304789498962798
110.164,0.608,24.32,0.434510224171571,0.188799134909629
110.183,0.647,25.88,0.519995996533516,0.270395836410884
110.202,0.66,26.4,0.552077439280757,0.304789498962798
110.203,0.647,25.88,0.519995996533516,0.270395836410884
110.22,0.66,26.4,0.552077439280757,0.304789498962798
110.239,0.647,25.88,0.519995996533516,0.270395836410884
110.239,0.66,26.4,0.552077439280757,0.304789498962798
110.258,0.66,26.4,0.552077439280757,0.304789498962798
110.277,0.595,23.8,0.409260659730011,0.167494287602644
110.277,0.673,26.92,0.586138164514029,0.343557947899875
110.295,0.608,24.32,0.434510224171571,0.188799134909629
110.295,0.518,20.72,0.287078058202469,0.0824138115013002
110.314,0.621,24.84,0.461317574560379,0.212813904598271
110.332,0.531,21.24,0.304789498962798,0.0928966386779936
110.333,0.336,13.44,0.124165230759241,0.0154170045294956
110.352,0.556,22.24,0.341979442513709,0.116949939101987
110.371,0.401,16.04,0.167494287602644,0.0280543363795171
110.371,0.259,10.36,0.0870963589956081,0.00758577575029184
110.39,0.44,17.6,0.200447202736516,0.040179081084894
110.391,0.142,5.68,0.0508159442560561,0.0025822601906346
110.408,0.479,19.16,0.239883291901949,0.0575439937337157
110.426,0.207,8.28,0.0685488226452661,0.00469894108605215
110.426,0.44,17.6,0.200447202736516,0.040179081084894
110.445,0.582,23.28,0.385478357665772,0.148593564228701
110.462,0.401,16.04,0.167494287602644,0.0280543363795171
110.462,0.556,22.24,0.341979442513709,0.116949939101987
110.481,0.569,22.76,0.363078054770101,0.131825673855641
110.499,0.544,21.76,0.323593656929628,0.10471285480509
110.499,0.621,24.84,0.461317574560379,0.212813904598271
110.517,0.518,20.72,0.287078058202469,0.0824138115013002
110.534,0.608,24.32,0.434510224171571,0.188799134909629
110.534,0.66,26.4,0.552077439280757,0.304789498962798
110.554,0.595,23.8,0.409260659730011,0.167494287602644
110.572,0.66,26.4,0.552077439280757,0.304789498962798
110.572,0.647,25.88,0.519995996533516,0.270395836410884
110.589,0.647,25.88,0.519995996533516,0.270395836410884
110.606,0.66,26.4,0.552077439280757,0.304789498962798
110.606,0.647,25.88,0.519995996533516,0.270395836410884
110.624,0.66,26.4,0.552077439280757,0.304789498962798
110.643,0.647,25.88,0.519995996533516,0.270395836410884
110.643,0.595,23.8,0.409260659730011,0.167494287602644
110.661,0.647,25.88,0.519995996533516,0.270395836410884
110.679,0.621,24.84,0.461317574560379,0.212813904598271
110.679,0.531,21.24,0.304789498962798,0.0928966386779936
110.696,0.634,25.36,0.489778819368446,0.239883291901949
110.714,0.544,21.76,0.323593656929628,0.10471285480509
110.715,0.362,14.48,0.139958732257262,0.0195884467350599
110.732,0.569,22.76,0.363078054770101,0.131825673855641
110.75,0.414,16.56,0.177827941003892,0.0316227766016838
110.75,0.22,8.8,0.0727779804536824,0.00529663443891658
110.768,0.453,18.12,0.212813904598271,0.0452897579903621
110.786,0.142,5.68,0.0508159442560561,0.0025822601906346
110.786,0.518,20.72,0.287078058202469,0.0824138115013002
110.804,0.181,7.24,0.0608135001278718,0.00369828179780266
110.821,0.427,17.08,0.188799134909629,0.0356451133426244
110.821,0.569,22.76,0.363078054770101,0.131825673855641
110.84,0.362,14.48,0.139958732257262,0.0195884467350599
110.865,0.556,22.24,0.341979442513709,0.116949939101987
110.865,0.298,11.92,0.10423174293933,0.0108642562361707
110.883,0.531,21.24,0.304789498962798,0.0928966386779936
110.883,0.621,24.84,0.461317574560379,0.212813904598271
110.902,0.492,19.68,0.254683025258504,0.0648634433548238
110.919,0.608,24.32,0.434510224171571,0.188799134909629
110.919,0.647,25.88,0.519995996533516,0.270395836410884
110.938,0.595,23.8,0.409260659730011,0.167494287602644
110.955,0.647,25.88,0.519995996533516,0.270395836410884
110.955,0.66,26.4,0.552077439280757,0.304789498962798
110.974,0.634,25.36,0.489778819368446,0.239883291901949
110.974,0.66,26.4,0.552077439280757,0.304789498962798
110.992,0.66,26.4,0.552077439280757,0.304789498962798
111.01,0.66,26.4,0.552077439280757,0.304789498962798
111.01,0.66,26.4,0.552077439280757,0.304789498962798
111.027,0.608,24.32,0.434510224171571,0.188799134909629
111.045,0.66,26.4,0.552077439280757,0.304789498962798
111.062,0.621,24.84,0.461317574560379,0.212813904598271
111.062,0.544,21.76,0.323593656929628,0.10471285480509
111.08,0.621,24.84,0.461317574560379,0.212813904598271
111.099,0.569,22.76,0.363078054770101,0.131825673855641
111.099,0.401,16.04,0.167494287602644,0.0280543363795171
111.116,0.582,23.28,0.385478357665772,0.148593564228701
111.117,0.44,17.6,0.200447202736516,0.040179081084894
111.134,0.155,6.2,0.0539510622515128,0.00291071711806661
111.152,0.479,19.16,0.239883291901949,0.0575439937337157
111.17,0.155,6.2,0.0539510622515128,0.00291071711806661
111.17,0.453,18.12,0.212813904598271,0.0452897579903621
111.189,0.246,9.84,0.0820351544329818,0.00672976656284318
111.189,0.388,15.52,0.157761126969935,0.0248885731828239
111.207,0.556,22.24,0.341979442513709,0.116949939101987
111.225,0.324,12.96,0.117489755493953,0.0138038426460288
111.225,0.544,21.76,0.323593656929628,0.10471285480509
111.242,0.259,10.36,0.0870963589956081,0.00758577575029184
111.26,0.518,20.72,0.287078058202469,0.0824138115013002
111.26,0.608,24.32,0.434510224171571,0.188799134909629
111.277,0.479,19.16,0.239883291901949,0.0575439937337157
111.295,0.595,23.8,0.409260659730011,0.167494287602644
111.314,0.647,25.88,0.519995996533516,0.270395836410884
111.314,0.582,23.28,0.385478357665772,0.148593564228701
111.331,0.647,25.88,0.519995996533516,0.270395836410884
111.331,0.673,26.92,0.586138164514029,0.343557947899875
111.349,0.634,25.36,0.489778819368446,0.239883291901949
111.366,0.66,26.4,0.552077439280757,0.304789498962798
111.385,0.634,25.36,0.489778819368446,0.239883291901949
111.385,0.66,26.4,0.552077439280757,0.304789498962798
111.403,0.66,26.4,0.552077439280757,0.304789498962798
111.403,0.621,24.84,0.461317574560379,0.212813904598271
111.422,0.66,26.4,0.552077439280757,0.304789498962798
111.439,0.634,25.36,0.489778819368446,0.239883291901949
111.439,0.544,21.76,0.323593656929628,0.10471285480509
111.458,0.634,25.36,0.489778819368446,0.239883291901949
111.475,0.569,22.76,0.363078054770101,0.131825673855641
111.475,0.427,17.08,0.188799134909629,0.0356451133426244
111.494,0.582,23.28,0.385478357665772,0.148593564228701
111.512,0.466,18.64,0.225943577022098,0.0510504999975407
111.512,0.194,7.76,0.0645654229034656,0.00416869383470336
111.532,0.492,19.68,0.254683025258504,0.0648634433548238
111.551,0.181,7.24,0.0608135001278718,0.00369828179780266
111.551,0.427,17.08,0.188799134909629,0.0356451133426244
111.568,0.285,11.4,0.0981747943019984,0.0096382902362397
111.587,0.349,13.96,0.131825673855641,0.0173780082874937
111.587,0.544,21.76,0.323593656929628,0.10471285480509
111.605,0.285,11.4,0.0981747943019984,0.0096382902362397
111.605,0.531,21.24,0.304789498962798,0.0928966386779936
111.623,0.181,7.24,0.0608135001278718,0.00369828179780266
111.641,0.492,19.68,0.254683025258504,0.0648634433548238
111.658,0.608,24.32,0.434510224171571,0.188799134909629
111.658,0.466,18.64,0.225943577022098,0.0510504999975407
111.677,0.582,23.28,0.385478357665772,0.148593564228701
111.677,0.647,25.88,0.519995996533516,0.270395836410884
111.696,0.569,22.76,0.363078054770101,0.131825673855641
111.715,0.634,25.36,0.489778819368446,0.239883291901949
111.715,0.66,26.4,0.552077439280757,0.304789498962798
111.733,0.608,24.32,0.434510224171571,0.188799134909629
111.752,0.66,26.4,0.552077439280757,0.304789498962798
111.752,0.66,26.4,0.552077439280757,0.304789498962798
111.77,0.647,25.88,0.519995996533516,0.270395836410884
111.79,0.66,26.4,0.552077439280757,0.304789498962798
111.79,0.621,24.84,0.461317574560379,0.212813904598271
111.81,0.66,26.4,0.552077439280757,0.304789498962798
111.81,0.634,25.36,0.489778819368446,0.239883291901949
111.829,0.556,22.24,0.341979442513709,0.116949939101987
111.849,0.634,25.36,0.489778819368446,0.239883291901949
111.849,0.582,23.28,0.385478357665772,0.148593564228701
111.867,0.44,17.6,0.200447202736516,0.040179081084894
111.867,0.595,23.8,0.409260659730011,0.167494287602644
111.886,0.479,19.16,0.239883291901949,0.0575439937337157
111.903,0.155,6.2,0.0539510622515128,0.00291071711806661
111.903,0.518,20.72,0.287078058202469,0.0824138115013002
111.921,0.233,9.32,0.0772680585095702,0.00597035286583837
111.939,0.401,16.04,0.167494287602644,0.0280543363795171
111.939,0.311,12.44,0.110662378397767,0.0122461619926505
111.957,0.349,13.96,0.131825673855641,0.0173780082874937
111.975,0.544,21.76,0.323593656929628,0.10471285480509
111.975,0.246,9.84,0.0820351544329818,0.00672976656284318
111.993,0.518,20.72,0.287078058202469,0.0824138115013002
112.011,0.168,6.72,0.0572796030985829,0.00328095293113119
112.011,0.518,20.72,0.287078058202469,0.0824138115013002
112.029,0.595,23.8,0.409260659730011,0.167494287602644
112.047,0.44,17.6,0.200447202736516,0.040179081084894
112.047,0.582,23.28,0.385478357665772,0.148593564228701
112.065,0.647,25.88,0.519995996533516,0.270395836410884
112.084,0.569,22.76,0.363078054770101,0.131825673855641
112.084,0.634,25.36,0.489778819368446,0.239883291901949
112.101,0.66,26.4,0.552077439280757,0.304789498962798
112.118,0.621,24.84,0.461317574560379,0.212813904598271
112.118,0.66,26.4,0.552077439280757,0.304789498962798
112.137,0.647,25.88,0.519995996533516,0.270395836410884
112.154,0.647,25.88,0.519995996533516,0.270395836410884
112.154,0.647,25.88,0.519995996533516,0.270395836410884
112.172,0.621,24.84,0.461317574560379,0.212813904598271
112.189,0.66,26.4,0.552077439280757,0.304789498962798
112.19,0.634,25.36,0.489778819368446,0.239883291901949
112.208,0.569,22.76,0.363078054770101,0.131825673855641
112.225,0.647,25.88,0.519995996533516,0.270395836410884
112.225,0.582,23.28,0.385478357665772,0.148593564228701
112.243,0.466,18.64,0.225943577022098,0.0510504999975407
112.261,0.608,24.32,0.434510224171571,0.188799134909629
112.261,0.492,19.68,0.254683025258504,0.0648634433548238
112.279,0.194,7.76,0.0645654229034656,0.00416869383470336
112.297,0.531,21.24,0.304789498962798,0.0928966386779936
112.297,0.298,11.92,0.10423174293933,0.0108642562361707
112.314,0.349,13.96,0.131825673855641,0.0173780082874937
112.332,0.375,15,0.148593564228701,0.022080047330189
112.332,0.272,10.88,0.0924698173938222,0.00855066712884683
112.349,0.518,20.72,0.287078058202469,0.0824138115013002
112.367,0.168,6.72,0.0572796030985829,0.00328095293113119
112.385,0.505,20.2,0.270395836410884,0.0731139083483417
112.385,0.22,8.8,0.0727779804536824,0.00529663443891658
112.403,0.466,18.64,0.225943577022098,0.0510504999975407
112.403,0.582,23.28,0.385478357665772,0.148593564228701
112.422,0.427,17.08,0.188799134909629,0.0356451133426244
112.439,0.569,22.76,0.363078054770101,0.131825673855641
112.439,0.634,25.36,0.489778819368446,0.239883291901949
112.457,0.556,22.24,0.341979442513709,0.116949939101987
112.474,0.621,24.84,0.461317574560379,0.212813904598271
112.493,0.647,25.88,0.519995996533516,0.270395836410884
112.493,0.634,25.36,0.489778819368446,0.239883291901949
112.512,0.66,26.4,0.552077439280757,0.304789498962798
112.512,0.66,26.4,0.552077439280757,0.304789498962798
112.53,0.647,25.88,0.519995996533516,0.270395836410884
112.548,0.673,26.92,0.586138164514029,0.343557947899875
112.548,0.634,25.36,0.489778819368446,0.239883291901949
112.567,0.66,26.4,0.552077439280757,0.304789498962798
112.585,0.647,25.88,0.519995996533516,0.270395836410884
112.585,0.569,22.76,0.363078054770101,0.131825673855641
112.603,0.647,25.88,0.519995996533516,0.270395836410884
112.622,0.608,24.32,0.434510224171571,0.188799134909629
112.622,0.466,18.64,0.225943577022098,0.0510504999975407
112.641,0.608,24.32,0.434510224171571,0.188799134909629
112.659,0.505,20.2,0.270395836410884,0.0731139083483417
112.659,0.259,10.36,0.0870963589956081,0.00758577575029184
112.679,0.531,21.24,0.304789498962798,0.0928966386779936
112.679,0.311,12.44,0.110662378397767,0.0122461619926505
112.698,0.336,13.44,0.124165230759241,0.0154170045294956
112.717,0.375,15,0.148593564228701,0.022080047330189
112.717,0.259,10.36,0.0870963589956081,0.00758577575029184
112.737,0.518,20.72,0.287078058202469,0.0824138115013002
112.737,0.207,8.28,0.0685488226452661,0.00469894108605215
112.759,0.479,19.16,0.239883291901949,0.0575439937337157
112.778,0.595,23.8,0.409260659730011,0.167494287602644
112.779,0.44,17.6,0.200447202736516,0.040179081084894
112.797,0.569,22.76,0.363078054770101,0.131825673855641
112.797,0.388,15.52,0.157761126969935,0.0248885731828239
112.817,0.556,22.24,0.341979442513709,0.116949939101987
112.835,0.621,24.84,0.461317574560379,0.212813904598271
112.835,0.556,22.24,0.341979442513709,0.116949939101987
112.854,0.621,24.84,0.461317574560379,0.212813904598271
112.873,0.647,25.88,0.519995996533516,0.270395836410884
112.873,0.608,24.32,0.434510224171571,0.188799134909629
112.892,0.647,25.88,0.519995996533516,0.270395836410884
112.892,0.66,26.4,0.552077439280757,0.304789498962798
112.911,0.647,25.88,0.519995996533516,0.270395836410884
112.93,0.647,25.88,0.519995996533516,0.270395836410884
112.93,0.634,25.36,0.489778819368446,0.239883291901949
112.948,0.66,26.4,0.552077439280757,0.304789498962798
112.967,0.647,25.88,0.519995996533516,0.270395836410884
112.967,0.595,23.8,0.409260659730011,0.167494287602644
112.986,0.634,25.36,0.489778819368446,0.239883291901949
113.004,0.595,23.8,0.409260659730011,0.167494287602644
113.004,0.505,20.2,0.270395836410884,0.0731139083483417
113.024,0.621,24.84,0.461317574560379,0.212813904598271
113.025,0.531,21.24,0.304789498962798,0.0928966386779936
113.044,0.492,19.68,0.254683025258504,0.0648634433548238
113.061,0.556,22.24,0.341979442513709,0.116949939101987
113.062,0.375,15,0.148593564228701,0.022080047330189
113.081,0.285,11.4,0.0981747943019984,0.0096382902362397
113.1,0.44,17.6,0.200447202736516,0.040179081084894
113.1,0.168,6.72,0.0572796030985829,0.00328095293113119
113.119,0.492,19.68,0.254683025258504,0.0648634433548238
113.119,0.142,5.68,0.0508159442560561,0.0025822601906346
113.138,0.466,18.64,0.225943577022098,0.0510504999975407
113.156,0.595,23.8,0.409260659730011,0.167494287602644
113.156,0.427,17.08,0.188799134909629,0.0356451133426244
113.175,0.582,23.28,0.385478357665772,0.148593564228701
113.193,0.362,14.48,0.139958732257262,0.0195884467350599
113.193,0.544,21.76,0.323593656929628,0.10471285480509
113.213,0.634,25.36,0.489778819368446,0.239883291901949
113.213,0.531,21.24,0.304789498962798,0.0928966386779936
113.232,0.621,24.84,0.461317574560379,0.212813904598271
113.252,0.66,26.4,0.552077439280757,0.304789498962798
113.252,0.608,24.32,0.434510224171571,0.188799134909629
113.271,0.647,25.88,0.519995996533516,0.270395836410884
113.289,0.66,26.4,0.552077439280757,0.304789498962798
113.289,0.647,25.88,0.519995996533516,0.270395836410884
113.309,0.647,25.88,0.519995996533516,0.270395836410884
113.309,0.647,25.88,0.519995996533516,0.270395836410884
113.328,0.66,26.4,0.552077439280757,0.304789498962798
113.346,0.647,25.88,0.519995996533516,0.270395836410884
113.346,0.595,23.8,0.409260659730011,0.167494287602644
113.364,0.647,25.88,0.519995996533516,0.270395836410884
113.381,0.608,24.32,0.434510224171571,0.188799134909629
113.382,0.505,20.2,0.270395836410884,0.0731139083483417
113.401,0.621,24.84,0.461317574560379,0.212813904598271
113.419,0.531,21.24,0.304789498962798,0.0928966386779936
113.419,0.349,13.96,0.131825673855641,0.0173780082874937
113.438,0.556,22.24,0.341979442513709,0.116949939101987
113.457,0.401,16.04,0.167494287602644,0.0280543363795171
113.458,0.285,11.4,0.0981747943019984,0.0096382902362397
113.477,0.44,17.6,0.200447202736516,0.040179081084894
113.477,0.142,5.68,0.0508159442560561,0.0025822601906346
113.497,0.479,19.16,0.239883291901949,0.0575439937337157
113.517,0.168,6.72,0.0572796030985829,0.00328095293113119
113.517,0.44,17.6,0.200447202736516,0.040179081084894
113.535,0.595,23.8,0.409260659730011,0.167494287602644
113.535,0.388,15.52,0.157761126969935,0.0248885731828239
113.555,0.556,22.24,0.341979442513709,0.116949939101987
113.574,0.336,13.44,0.124165230759241,0.0154170045294956
113.574,0.544,21.76,0.323593656929628,0.10471285480509
113.595,0.621,24.84,0.461317574560379,0.212813904598271
113.595,0.505,20.2,0.270395836410884,0.0731139083483417
113.613,0.608,24.32,0.434510224171571,0.188799134909629
113.632,0.647,25.88,0.519995996533516,0.270395836410884
113.632,0.608,24.32,0.434510224171571,0.188799134909629
113.65,0.647,25.88,0.519995996533516,0.270395836410884
113.667,0.66,26.4,0.552077439280757,0.304789498962798
113.667,0.634,25.36,0.489778819368446,0.239883291901949
113.685,0.66,26.4,0.552077439280757,0.304789498962798
113.703,0.647,25.88,0.519995996533516,0.270395836410884
113.704,0.647,25.88,0.519995996533516,0.270395836410884
113.722,0.647,25.88,0.519995996533516,0.270395836410884
113.741,0.608,24.32,0.434510224171571,0.188799134909629
113.741,0.647,25.88,0.519995996533516,0.270395836410884
113.758,0.621,24.84,0.461317574560379,0.212813904598271
113.776,0.518,20.72,0.287078058202469,0.0824138115013002
113.776,0.634,25.36,0.489778819368446,0.239883291901949
113.795,0.544,21.76,0.323593656929628,0.10471285480509
113.814,0.362,14.48,0.139958732257262,0.0195884467350599
113.814,0.582,23.28,0.385478357665772,0.148593564228701
113.832,0.427,17.08,0.188799134909629,0.0356451133426244
113.832,0.194,7.76,0.0645654229034656,0.00416869383470336
113.852,0.466,18.64,0.225943577022098,0.0510504999975407
113.871,0.298,11.92,0.10423174293933,0.0108642562361707
113.871,0.453,18.12,0.212813904598271,0.0452897579903621
113.89,0.194,7.76,0.0645654229034656,0.00416869383470336
113.91,0.427,17.08,0.188799134909629,0.0356451133426244
113.91,0.569,22.76,0.363078054770101,0.131825673855641
113.929,0.362,14.48,0.139958732257262,0.0195884467350599
113.929,0.556,22.24,0.341979442513709,0.116949939101987
113.948,0.298,11.92,0.10423174293933,0.0108642562361707
113.967,0.531,21.24,0.304789498962798,0.0928966386779936
113.967,0.634,25.36,0.489778819368446,0.239883291901949
113.986,0.505,20.2,0.270395836410884,0.0731139083483417
114.005,0.608,24.32,0.434510224171571,0.188799134909629
114.005,0.634,25.36,0.489778819368446,0.239883291901949
114.024,0.595,23.8,0.409260659730011,0.167494287602644
114.024,0.647,25.88,0.519995996533516,0.270395836410884
114.043,0.647,25.88,0.519995996533516,0.270395836410884
114.06,0.647,25.88,0.519995996533516,0.270395836410884
114.06,0.66,26.4,0.552077439280757,0.304789498962798
114.078,0.647,25.88,0.519995996533516,0.270395836410884
114.096,0.66,26.4,0.552077439280757,0.304789498962798
114.097,0.647,25.88,0.519995996533516,0.270395836410884
114.114,0.608,24.32,0.434510224171571,0.188799134909629
114.133,0.66,26.4,0.552077439280757,0.304789498962798
114.133,0.621,24.84,0.461317574560379,0.212813904598271
114.15,0.544,21.76,0.323593656929628,0.10471285480509
114.168,0.621,24.84,0.461317574560379,0.212813904598271
114.168,0.556,22.24,0.341979442513709,0.116949939101987
114.186,0.401,16.04,0.167494287602644,0.0280543363795171
114.204,0.582,23.28,0.385478357665772,0.148593564228701
114.204,0.44,17.6,0.200447202736516,0.040179081084894
114.223,0.181,7.24,0.0608135001278718,0.00369828179780266
114.24,0.479,19.16,0.239883291901949,0.0575439937337157
114.24,0.207,8.28,0.0685488226452661,0.00469894108605215
114.258,0.44,17.6,0.200447202736516,0.040179081084894
114.276,0.259,10.36,0.0870963589956081,0.00758577575029184
114.276,0.414,16.56,0.177827941003892,0.0316227766016838
114.294,0.556,22.24,0.341979442513709,0.116949939101987
114.314,0.324,12.96,0.117489755493953,0.0138038426460288
114.314,0.531,21.24,0.304789498962798,0.0928966386779936
114.332,0.233,9.32,0.0772680585095702,0.00597035286583837
114.35,0.492,19.68,0.254683025258504,0.0648634433548238
114.35,0.608,24.32,0.434510224171571,0.188799134909629
114.369,0.479,19.16,0.239883291901949,0.0575439937337157
114.369,0.595,23.8,0.409260659730011,0.167494287602644
114.387,0.647,25.88,0.519995996533516,0.270395836410884
114.405,0.569,22.76,0.363078054770101,0.131825673855641
114.405,0.647,25.88,0.519995996533516,0.270395836410884
114.423,0.66,26.4,0.552077439280757,0.304789498962798
114.441,0.634,25.36,0.489778819368446,0.239883291901949
114.441,0.66,26.4,0.552077439280757,0.304789498962798
114.459,0.66,26.4,0.552077439280757,0.304789498962798
114.478,0.66,26.4,0.552077439280757,0.304789498962798
114.478,0.66,26.4,0.552077439280757,0.304789498962798
114.496,0.608,24.32,0.434510224171571,0.188799134909629
114.516,0.66,26.4,0.552077439280757,0.304789498962798
114.516,0.621,24.84,0.461317574560379,0.212813904598271
114.535,0.556,22.24,0.341979442513709,0.116949939101987
114.535,0.647,25.88,0.519995996533516,0.270395836410884
114.554,0.582,23.28,0.385478357665772,0.148593564228701
114.575,0.414,16.56,0.177827941003892,0.0316227766016838
114.576,0.595,23.8,0.409260659730011,0.167494287602644
114.597,0.453,18.12,0.212813904598271,0.0452897579903621
114.597,0.194,7.76,0.0645654229034656,0.00416869383470336
114.619,0.492,19.68,0.254683025258504,0.0648634433548238
114.619,0.207,8.28,0.0685488226452661,0.00469894108605215
114.637,0.414,16.56,0.177827941003892,0.0316227766016838
114.656,0.298,11.92,0.10423174293933,0.0108642562361707
114.656,0.362,14.48,0.139958732257262,0.0195884467350599
114.674,0.556,22.24,0.341979442513709,0.116949939101987
114.692,0.311,12.44,0.110662378397767,0.0122461619926505
114.692,0.518,20.72,0.287078058202469,0.0824138115013002
114.712,0.207,8.28,0.0685488226452661,0.00469894108605215
114.733,0.505,20.2,0.270395836410884,0.0731139083483417
114.733,0.595,23.8,0.409260659730011,0.167494287602644
114.753,0.466,18.64,0.225943577022098,0.0510504999975407
114.753,0.582,23.28,0.385478357665772,0.148593564228701
114.773,0.647,25.88,0.519995996533516,0.270395836410884
114.773,0.569,22.76,0.363078054770101,0.131825673855641
114.794,0.634,25.36,0.489778819368446,0.239883291901949
114.814,0.66,26.4,0.552077439280757,0.304789498962798
114.815,0.621,24.84,0.461317574560379,0.212813904598271
114.834,0.66,26.4,0.552077439280757,0.304789498962798
114.834,0.647,25.88,0.519995996533516,0.270395836410884
114.859,0.66,26.4,0.552077439280757,0.304789498962798
114.859,0.66,26.4,0.552077439280757,0.304789498962798
114.878,0.634,25.36,0.489778819368446,0.239883291901949
114.898,0.66,26.4,0.552077439280757,0.304789498962798
114.898,0.634,25.36,0.489778819368446,0.239883291901949
114.916,0.556,22.24,0.341979442513709,0.116949939101987
114.916,0.634,25.36,0.489778819368446,0.239883291901949
114.935,0.582,23.28,0.385478357665772,0.148593564228701
114.956,0.44,17.6,0.200447202736516,0.040179081084894
114.956,0.595,23.8,0.409260659730011,0.167494287602644
114.974,0.479,19.16,0.239883291901949,0.0575439937337157
114.995,0.142,5.68,0.0508159442560561,0.0025822601906346
114.995,0.518,20.72,0.287078058202469,0.0824138115013002
115.013,0.246,9.84,0.0820351544329818,0.00672976656284318
115.013,0.388,15.52,0.157761126969935,0.0248885731828239
115.033,0.336,13.44,0.124165230759241,0.0154170045294956
115.051,0.311,12.44,0.110662378397767,0.0122461619926505
115.053,0.531,21.24,0.304789498962798,0.0928966386779936
115.072,0.233,9.32,0.0772680585095702,0.00597035286583837
115.072,0.505,20.2,0.270395836410884,0.0731139083483417
115.091,0.259,10.36,0.0870963589956081,0.00758577575029184
115.109,0.479,19.16,0.239883291901949,0.0575439937337157
115.11,0.595,23.8,0.409260659730011,0.167494287602644
115.128,0.427,17.08,0.188799134909629,0.0356451133426244
115.147,0.582,23.28,0.385478357665772,0.148593564228701
115.147,0.647,25.88,0.519995996533516,0.270395836410884
115.164,0.556,22.24,0.341979442513709,0.116949939101987
115.182,0.634,25.36,0.489778819368446,0.239883291901949
115.183,0.66,26.4,0.552077439280757,0.304789498962798
115.201,0.621,24.84,0.461317574560379,0.212813904598271
115.22,0.66,26.4,0.552077439280757,0.304789498962798
115.22,0.66,26.4,0.552077439280757,0.304789498962798
115.239,0.66,26.4,0.552077439280757,0.304789498962798
115.239,0.66,26.4,0.552077439280757,0.304789498962798
115.257,0.634,25.36,0.489778819368446,0.239883291901949
115.277,0.66,26.4,0.552077439280757,0.304789498962798
115.277,0.634,25.36,0.489778819368446,0.239883291901949
115.293,0.569,22.76,0.363078054770101,0.131825673855641
115.312,0.66,26.4,0.552077439280757,0.304789498962798
115.312,0.595,23.8,0.409260659730011,0.167494287602644
115.33,0.466,18.64,0.225943577022098,0.0510504999975407
115.347,0.608,24.32,0.434510224171571,0.188799134909629
115.347,0.505,20.2,0.270395836410884,0.0731139083483417
115.365,0.194,7.76,0.0645654229034656,0.00416869383470336
115.384,0.531,21.24,0.304789498962798,0.0928966386779936
115.384,0.311,12.44,0.110662378397767,0.0122461619926505
115.401,0.375,15,0.148593564228701,0.022080047330189
115.42,0.349,13.96,0.131825673855641,0.0173780082874937
115.421,0.285,11.4,0.0981747943019984,0.0096382902362397
115.44,0.518,20.72,0.287078058202469,0.0824138115013002
115.44,0.207,8.28,0.0685488226452661,0.00469894108605215
115.458,0.492,19.68,0.254683025258504,0.0648634433548238
115.477,0.608,24.32,0.434510224171571,0.188799134909629
115.477,0.466,18.64,0.225943577022098,0.0510504999975407
115.494,0.582,23.28,0.385478357665772,0.148593564228701
115.512,0.414,16.56,0.177827941003892,0.0316227766016838
115.512,0.556,22.24,0.341979442513709,0.116949939101987
115.53,0.647,25.88,0.519995996533516,0.270395836410884
115.548,0.556,22.24,0.341979442513709,0.116949939101987
115.548,0.634,25.36,0.489778819368446,0.239883291901949
115.566,0.66,26.4,0.552077439280757,0.304789498962798
115.584,0.621,24.84,0.461317574560379,0.212813904598271
115.584,0.647,25.88,0.519995996533516,0.270395836410884
115.601,0.647,25.88,0.519995996533516,0.270395836410884
115.619,0.647,25.88,0.519995996533516,0.270395836410884
115.619,0.66,26.4,0.552077439280757,0.304789498962798
115.638,0.634,25.36,0.489778819368446,0.239883291901949
115.655,0.66,26.4,0.552077439280757,0.304789498962798
115.655,0.647,25.88,0.519995996533516,0.270395836410884
115.673,0.582,23.28,0.385478357665772,0.148593564228701
115.69,0.647,25.88,0.519995996533516,0.270395836410884
115.69,0.595,23.8,0.409260659730011,0.167494287602644
115.709,0.492,19.68,0.254683025258504,0.0648634433548238
115.729,0.608,24.32,0.434510224171571,0.188799134909629
115.729,0.518,20.72,0.287078058202469,0.0824138115013002
115.747,0.246,9.84,0.0820351544329818,0.00672976656284318
115.765,0.544,21.76,0.323593656929628,0.10471285480509
115.765,0.336,13.44,0.124165230759241,0.0154170045294956
115.784,0.311,12.44,0.110662378397767,0.0122461619926505
115.803,0.401,16.04,0.167494287602644,0.0280543363795171
115.803,0.233,9.32,0.0772680585095702,0.00597035286583837
115.822,0.505,20.2,0.270395836410884,0.0731139083483417
115.822,0.168,6.72,0.0572796030985829,0.00328095293113119
115.842,0.479,19.16,0.239883291901949,0.0575439937337157
115.861,0.595,23.8,0.409260659730011,0.167494287602644
115.861,0.44,17.6,0.200447202736516,0.040179081084894
115.88,0.595,23.8,0.409260659730011,0.167494287602644
115.898,0.388,15.52,0.157761126969935,0.0248885731828239
115.898,0.569,22.76,0.363078054770101,0.131825673855641
115.918,0.634,25.36,0.489778819368446,0.239883291901949
115.918,0.544,21.76,0.323593656929628,0.10471285480509
115.937,0.634,25.36,0.489778819368446,0.239883291901949
115.955,0.66,26.4,0.552077439280757,0.304789498962798
115.955,0.608,24.32,0.434510224171571,0.188799134909629
115.973,0.647,25.88,0.519995996533516,0.270395836410884
115.991,0.66,26.4,0.552077439280757,0.304789498962798
115.991,0.647,25.88,0.519995996533516,0.270395836410884
116.01,0.66,26.4,0.552077439280757,0.304789498962798
116.029,0.647,25.88,0.519995996533516,0.270395836410884
116.029,0.66,26.4,0.552077439280757,0.304789498962798
116.047,0.647,25.88,0.519995996533516,0.270395836410884
116.065,0.595,23.8,0.409260659730011,0.167494287602644
116.065,0.647,25.88,0.519995996533516,0.270395836410884
116.085,0.595,23.8,0.409260659730011,0.167494287602644
116.085,0.518,20.72,0.287078058202469,0.0824138115013002
116.103,0.621,24.84,0.461317574560379,0.212813904598271
116.122,0.531,21.24,0.304789498962798,0.0928966386779936
116.122,0.311,12.44,0.110662378397767,0.0122461619926505
116.14,0.556,22.24,0.341979442513709,0.116949939101987
116.157,0.375,15,0.148593564228701,0.022080047330189
116.157,0.285,11.4,0.0981747943019984,0.0096382902362397
116.174,0.427,17.08,0.188799134909629,0.0356451133426244
116.193,0.22,8.8,0.0727779804536824,0.00529663443891658
116.193,0.492,19.68,0.254683025258504,0.0648634433548238
116.211,0.155,6.2,0.0539510622515128,0.00291071711806661
116.229,0.453,18.12,0.212813904598271,0.0452897579903621
116.23,0.582,23.28,0.385478357665772,0.148593564228701
116.249,0.414,16.56,0.177827941003892,0.0316227766016838
116.249,0.582,23.28,0.385478357665772,0.148593564228701
116.268,0.362,14.48,0.139958732257262,0.0195884467350599
116.286,0.544,21.76,0.323593656929628,0.10471285480509
116.286,0.621,24.84,0.461317574560379,0.212813904598271
116.304,0.518,20.72,0.287078058202469,0.0824138115013002
116.324,0.621,24.84,0.461317574560379,0.212813904598271
116.324,0.66,26.4,0.552077439280757,0.304789498962798
116.342,0.595,23.8,0.409260659730011,0.167494287602644
116.359,0.66,26.4,0.552077439280757,0.304789498962798
116.359,0.66,26.4,0.552077439280757,0.304789498962798
116.377,0.647,25.88,0.519995996533516,0.270395836410884
116.394,0.66,26.4,0.552077439280757,0.304789498962798
116.394,0.647,25.88,0.519995996533516,0.270395836410884
116.413,0.66,26.4,0.552077439280757,0.304789498962798
116.432,0.647,25.88,0.519995996533516,0.270395836410884
116.432,0.608,24.32,0.434510224171571,0.188799134909629
116.45,0.66,26.4,0.552077439280757,0.304789498962798
116.467,0.608,24.32,0.434510224171571,0.188799134909629
116.467,0.518,20.72,0.287078058202469,0.0824138115013002
116.485,0.621,24.84,0.461317574560379,0.212813904598271
116.504,0.544,21.76,0.323593656929628,0.10471285480509
116.504,0.336,13.44,0.124165230759241,0.0154170045294956
116.522,0.569,22.76,0.363078054770101,0.131825673855641
116.539,0.401,16.04,0.167494287602644,0.0280543363795171
116.54,0.259,10.36,0.0870963589956081,0.00758577575029184
116.558,0.453,18.12,0.212813904598271,0.0452897579903621
116.575,0.233,9.32,0.0772680585095702,0.00597035286583837
116.575,0.479,19.16,0.239883291901949,0.0575439937337157
116.593,0.194,7.76,0.0645654229034656,0.00416869383470336
116.611,0.44,17.6,0.200447202736516,0.040179081084894
116.611,0.569,22.76,0.363078054770101,0.131825673855641
116.628,0.388,15.52,0.157761126969935,0.0248885731828239
116.647,0.556,22.24,0.341979442513709,0.116949939101987
116.647,0.349,13.96,0.131825673855641,0.0173780082874937
116.664,0.531,21.24,0.304789498962798,0.0928966386779936
116.682,0.621,24.84,0.461317574560379,0.212813904598271
116.682,0.505,20.2,0.270395836410884,0.0731139083483417
116.699,0.608,24.32,0.434510224171571,0.188799134909629
116.717,0.647,25.88,0.519995996533516,0.270395836410884
116.717,0.595,23.8,0.409260659730011,0.167494287602644
116.737,0.647,25.88,0.519995996533516,0.270395836410884
116.756,0.647,25.88,0.519995996533516,0.270395836410884
116.757,0.647,25.88,0.519995996533516,0.270395836410884
116.779,0.66,26.4,0.552077439280757,0.304789498962798
116.779,0.634,25.36,0.489778819368446,0.239883291901949
116.8,0.66,26.4,0.552077439280757,0.304789498962798
116.8,0.647,25.88,0.519995996533516,0.270395836410884
116.819,0.608,24.32,0.434510224171571,0.188799134909629
116.838,0.647,25.88,0.519995996533516,0.270395836410884
116.838,0.608,24.32,0.434510224171571,0.188799134909629
116.856,0.544,21.76,0.323593656929628,0.10471285480509
116.874,0.634,25.36,0.489778819368446,0.239883291901949
116.874,0.556,22.24,0.341979442513709,0.116949939101987
116.891,0.375,15,0.148593564228701,0.022080047330189
116.911,0.556,22.24,0.341979442513709,0.116949939101987
116.911,0.44,17.6,0.200447202736516,0.040179081084894
116.929,0.155,6.2,0.0539510622515128,0.00291071711806661
116.929,0.466,18.64,0.225943577022098,0.0510504999975407
116.949,0.155,6.2,0.0539510622515128,0.00291071711806661
116.967,0.44,17.6,0.200447202736516,0.040179081084894
116.967,0.259,10.36,0.0870963589956081,0.00758577575029184
116.985,0.401,16.04,0.167494287602644,0.0280543363795171
117.003,0.569,22.76,0.363078054770101,0.131825673855641
117.003,0.349,13.96,0.131825673855641,0.0173780082874937
117.02,0.544,21.76,0.323593656929628,0.10471285480509
117.038,0.272,10.88,0.0924698173938222,0.00855066712884683
117.038,0.505,20.2,0.270395836410884,0.0731139083483417
117.056,0.621,24.84,0.461317574560379,0.212813904598271
117.074,0.492,19.68,0.254683025258504,0.0648634433548238
117.074,0.595,23.8,0.409260659730011,0.167494287602644
117.093,0.647,25.88,0.519995996533516,0.270395836410884
117.11,0.582,23.28,0.385478357665772,0.148593564228701
117.11,0.66,26.4,0.552077439280757,0.304789498962798
117.129,0.66,26.4,0.552077439280757,0.304789498962798
117.146,0.634,25.36,0.489778819368446,0.239883291901949
117.146,0.66,26.4,0.552077439280757,0.304789498962798
117.165,0.647,25.88,0.519995996533516,0.270395836410884
117.183,0.66,26.4,0.552077439280757,0.304789498962798
117.183,0.647,25.88,0.519995996533516,0.270395836410884
117.203,0.608,24.32,0.434510224171571,0.188799134909629
117.203,0.66,26.4,0.552077439280757,0.304789498962798
117.22,0.634,25.36,0.489778819368446,0.239883291901949
117.24,0.544,21.76,0.323593656929628,0.10471285480509
117.24,0.634,25.36,0.489778819368446,0.239883291901949
117.256,0.569,22.76,0.363078054770101,0.131825673855641
117.276,0.401,16.04,0.167494287602644,0.0280543363795171
117.277,0.595,23.8,0.409260659730011,0.167494287602644
117.296,0.427,17.08,0.188799134909629,0.0356451133426244
117.313,0.194,7.76,0.0645654229034656,0.00416869383470336
117.314,0.479,19.16,0.239883291901949,0.0575439937337157
117.333,0.207,8.28,0.0685488226452661,0.00469894108605215
117.352,0.427,17.08,0.188799134909629,0.0356451133426244
117.352,0.259,10.36,0.0870963589956081,0.00758577575029184
117.371,0.375,15,0.148593564228701,0.022080047330189
117.371,0.544,21.76,0.323593656929628,0.10471285480509
117.388,0.311,12.44,0.110662378397767,0.0122461619926505
117.407,0.544,21.76,0.323593656929628,0.10471285480509
117.407,0.233,9.32,0.0772680585095702,0.00597035286583837
117.425,0.505,20.2,0.270395836410884,0.0731139083483417
117.444,0.608,24.32,0.434510224171571,0.188799134909629
117.444,0.492,19.68,0.254683025258504,0.0648634433548238
117.463,0.595,23.8,0.409260659730011,0.167494287602644
117.481,0.647,25.88,0.519995996533516,0.270395836410884
117.482,0.582,23.28,0.385478357665772,0.148593564228701
117.5,0.634,25.36,0.489778819368446,0.239883291901949
117.518,0.66,26.4,0.552077439280757,0.304789498962798
117.518,0.647,25.88,0.519995996533516,0.270395836410884
117.536,0.66,26.4,0.552077439280757,0.304789498962798
117.536,0.66,26.4,0.552077439280757,0.304789498962798
117.554,0.647,25.88,0.519995996533516,0.270395836410884
117.574,0.66,26.4,0.552077439280757,0.304789498962798
117.574,0.621,24.84,0.461317574560379,0.212813904598271
117.592,0.66,26.4,0.552077439280757,0.304789498962798
117.609,0.634,25.36,0.489778819368446,0.239883291901949
117.609,0.556,22.24,0.341979442513709,0.116949939101987
117.628,0.634,25.36,0.489778819368446,0.239883291901949
117.647,0.569,22.76,0.363078054770101,0.131825673855641
117.647,0.44,17.6,0.200447202736516,0.040179081084894
117.665,0.595,23.8,0.409260659730011,0.167494287602644
117.684,0.479,19.16,0.239883291901949,0.0575439937337157
117.684,0.142,5.68,0.0508159442560561,0.0025822601906346
117.703,0.518,20.72,0.287078058202469,0.0824138115013002
117.703,0.22,8.8,0.0727779804536824,0.00529663443891658
117.722,0.401,16.04,0.167494287602644,0.0280543363795171
117.74,0.311,12.44,0.110662378397767,0.0122461619926505
117.74,0.336,13.44,0.124165230759241,0.0154170045294956
117.759,0.544,21.76,0.323593656929628,0.10471285480509
117.779,0.246,9.84,0.0820351544329818,0.00672976656284318
117.779,0.518,20.72,0.287078058202469,0.0824138115013002
117.796,0.155,6.2,0.0539510622515128,0.00291071711806661
117.815,0.492,19.68,0.254683025258504,0.0648634433548238
117.815,0.595,23.8,0.409260659730011,0.167494287602644
117.832,0.44,17.6,0.200447202736516,0.040179081084894
117.85,0.582,23.28,0.385478357665772,0.148593564228701
117.85,0.647,25.88,0.519995996533516,0.270395836410884
117.869,0.569,22.76,0.363078054770101,0.131825673855641
117.886,0.634,25.36,0.489778819368446,0.239883291901949
117.887,0.66,26.4,0.552077439280757,0.304789498962798
117.904,0.621,24.84,0.461317574560379,0.212813904598271
117.922,0.647,25.88,0.519995996533516,0.270395836410884
117.922,0.66,26.4,0.552077439280757,0.304789498962798
117.941,0.647,25.88,0.519995996533516,0.270395836410884
117.959,0.66,26.4,0.552077439280757,0.304789498962798
117.959,0.621,24.84,0.461317574560379,0.212813904598271
117.978,0.66,26.4,0.552077439280757,0.304789498962798
117.978,0.634,25.36,0.489778819368446,0.239883291901949
117.996,0.569,22.76,0.363078054770101,0.131825673855641
118.014,0.647,25.88,0.519995996533516,0.270395836410884
118.014,0.582,23.28,0.385478357665772,0.148593564228701
118.032,0.453,18.12,0.212813904598271,0.0452897579903621
118.053,0.595,23.8,0.409260659730011,0.167494287602644
118.053,0.492,19.68,0.254683025258504,0.0648634433548238
118.071,0.181,7.24,0.0608135001278718,0.00369828179780266
118.09,0.518,20.72,0.287078058202469,0.0824138115013002
118.09,0.246,9.84,0.0820351544329818,0.00672976656284318
118.109,0.388,15.52,0.157761126969935,0.0248885731828239
118.109,0.349,13.96,0.131825673855641,0.0173780082874937
118.127,0.311,12.44,0.110662378397767,0.0122461619926505
118.145,0.518,20.72,0.287078058202469,0.0824138115013002
118.145,0.22,8.8,0.0727779804536824,0.00529663443891658
118.165,0.505,20.2,0.270395836410884,0.0731139083483417
118.183,0.168,6.72,0.0572796030985829,0.00328095293113119
118.183,0.466,18.64,0.225943577022098,0.0510504999975407
118.202,0.582,23.28,0.385478357665772,0.148593564228701
118.22,0.427,17.08,0.188799134909629,0.0356451133426244
118.22,0.582,23.28,0.385478357665772,0.148593564228701
118.238,0.634,25.36,0.489778819368446,0.239883291901949
118.256,0.556,22.24,0.341979442513709,0.116949939101987
118.256,0.634,25.36,0.489778819368446,0.239883291901949
118.276,0.66,26.4,0.552077439280757,0.304789498962798
118.276,0.608,24.32,0.434510224171571,0.188799134909629
118.294,0.66,26.4,0.552077439280757,0.304789498962798
118.312,0.66,26.4,0.552077439280757,0.304789498962798
118.312,0.647,25.88,0.519995996533516,0.270395836410884
118.33,0.66,26.4,0.552077439280757,0.304789498962798
118.348,0.621,24.84,0.461317574560379,0.212813904598271
118.349,0.66,26.4,0.552077439280757,0.304789498962798
118.367,0.634,25.36,0.489778819368446,0.239883291901949
118.385,0.582,23.28,0.385478357665772,0.148593564228701
118.385,0.647,25.88,0.519995996533516,0.270395836410884
118.403,0.595,23.8,0.409260659730011,0.167494287602644
118.42,0.492,19.68,0.254683025258504,0.0648634433548238
118.421,0.608,24.32,0.434510224171571,0.188799134909629
118.438,0.505,20.2,0.270395836410884,0.0731139083483417
118.456,0.22,8.8,0.0727779804536824,0.00529663443891658
118.456,0.544,21.76,0.323593656929628,0.10471285480509
118.475,0.453,18.12,0.212813904598271,0.0452897579903621
118.493,0.349,13.96,0.131825673855641,0.0173780082874937
118.493,0.388,15.52,0.157761126969935,0.0248885731828239
118.512,0.246,9.84,0.0820351544329818,0.00672976656284318
118.529,0.518,20.72,0.287078058202469,0.0824138115013002
118.529,0.194,7.76,0.0645654229034656,0.00416869383470336
118.548,0.492,19.68,0.254683025258504,0.0648634433548238
118.564,0.608,24.32,0.434510224171571,0.188799134909629
118.565,0.453,18.12,0.212813904598271,0.0452897579903621
118.582,0.595,23.8,0.409260659730011,0.167494287602644
118.6,0.414,16.56,0.177827941003892,0.0316227766016838
118.6,0.582,23.28,0.385478357665772,0.148593564228701
118.618,0.634,25.36,0.489778819368446,0.239883291901949
118.637,0.544,21.76,0.323593656929628,0.10471285480509
118.637,0.621,24.84,0.461317574560379,0.212813904598271
118.655,0.66,26.4,0.552077439280757,0.304789498962798
118.672,0.621,24.84,0.461317574560379,0.212813904598271
118.672,0.647,25.88,0.519995996533516,0.270395836410884
118.69,0.66,26.4,0.552077439280757,0.304789498962798
118.711,0.647,25.88,0.519995996533516,0.270395836410884
118.711,0.66,26.4,0.552077439280757,0.304789498962798
118.734,0.634,25.36,0.489778819368446,0.239883291901949
118.734,0.66,26.4,0.552077439280757,0.304789498962798
118.758,0.634,25.36,0.489778819368446,0.239883291901949
118.759,0.595,23.8,0.409260659730011,0.167494287602644
118.78,0.66,26.4,0.552077439280757,0.304789498962798
118.78,0.595,23.8,0.409260659730011,0.167494287602644
118.799,0.492,19.68,0.254683025258504,0.0648634433548238
118.799,0.608,24.32,0.434510224171571,0.188799134909629
118.817,0.518,20.72,0.287078058202469,0.0824138115013002
118.839,0.272,10.88,0.0924698173938222,0.00855066712884683
118.839,0.544,21.76,0.323593656929628,0.10471285480509
118.864,0.362,14.48,0.139958732257262,0.0195884467350599
118.864,0.298,11.92,0.10423174293933,0.0108642562361707
118.883,0.401,16.04,0.167494287602644,0.0280543363795171
118.883,0.233,9.32,0.0772680585095702,0.00597035286583837
118.901,0.505,20.2,0.270395836410884,0.0731139083483417
118.921,0.168,6.72,0.0572796030985829,0.00328095293113119
118.921,0.453,18.12,0.212813904598271,0.0452897579903621
118.94,0.582,23.28,0.385478357665772,0.148593564228701
118.959,0.427,17.08,0.188799134909629,0.0356451133426244
118.959,0.582,23.28,0.385478357665772,0.148593564228701
118.976,0.388,15.52,0.157761126969935,0.0248885731828239
118.994,0.569,22.76,0.363078054770101,0.131825673855641
118.994,0.634,25.36,0.489778819368446,0.239883291901949
119.012,0.531,21.24,0.304789498962798,0.0928966386779936
119.031,0.608,24.32,0.434510224171571,0.188799134909629
119.031,0.66,26.4,0.552077439280757,0.304789498962798
119.049,0.608,24.32,0.434510224171571,0.188799134909629
119.049,0.647,25.88,0.519995996533516,0.270395836410884
119.068,0.66,26.4,0.552077439280757,0.304789498962798
119.086,0.647,25.88,0.519995996533516,0.270395836410884
119.086,0.66,26.4,0.552077439280757,0.304789498962798
119.104,0.647,25.88,0.519995996533516,0.270395836410884
119.122,0.66,26.4,0.552077439280757,0.304789498962798
119.122,0.647,25.88,0.519995996533516,0.270395836410884
119.143,0.595,23.8,0.409260659730011,0.167494287602644
119.163,0.66,26.4,0.552077439280757,0.304789498962798
119.163,0.608,24.32,0.434510224171571,0.188799134909629
119.179,0.505,20.2,0.270395836410884,0.0731139083483417
119.18,0.621,24.84,0.461317574560379,0.212813904598271
119.198,0.531,21.24,0.304789498962798,0.0928966386779936
119.218,0.336,13.44,0.124165230759241,0.0154170045294956
119.218,0.556,22.24,0.341979442513709,0.116949939101987
119.243,0.401,16.04,0.167494287602644,0.0280543363795171
119.243,0.259,10.36,0.0870963589956081,0.00758577575029184
119.261,0.427,17.08,0.188799134909629,0.0356451133426244
119.279,0.207,8.28,0.0685488226452661,0.00469894108605215
119.279,0.492,19.68,0.254683025258504,0.0648634433548238
119.298,0.207,8.28,0.0685488226452661,0.00469894108605215
119.299,0.453,18.12,0.212813904598271,0.0452897579903621
119.318,0.569,22.76,0.363078054770101,0.131825673855641
119.337,0.414,16.56,0.177827941003892,0.0316227766016838
119.337,0.569,22.76,0.363078054770101,0.131825673855641
119.358,0.349,13.96,0.131825673855641,0.0173780082874937
119.358,0.544,21.76,0.323593656929628,0.10471285480509
119.378,0.621,24.84,0.461317574560379,0.212813904598271
119.4,0.518,20.72,0.287078058202469,0.0824138115013002
119.4,0.608,24.32,0.434510224171571,0.188799134909629
119.427,0.66,26.4,0.552077439280757,0.304789498962798
119.427,0.608,24.32,0.434510224171571,0.188799134909629
119.447,0.647,25.88,0.519995996533516,0.270395836410884
119.447,0.66,26.4,0.552077439280757,0.304789498962798
119.465,0.647,25.88,0.519995996533516,0.270395836410884
119.483,0.673,26.92,0.586138164514029,0.343557947899875
119.483,0.647,25.88,0.519995996533516,0.270395836410884
119.502,0.647,25.88,0.519995996533516,0.270395836410884
119.502,0.647,25.88,0.519995996533516,0.270395836410884
119.52,0.608,24.32,0.434510224171571,0.188799134909629
119.539,0.66,26.4,0.552077439280757,0.304789498962798
119.539,0.608,24.32,0.434510224171571,0.188799134909629
119.558,0.531,21.24,0.304789498962798,0.0928966386779936
119.576,0.621,24.84,0.461317574560379,0.212813904598271
119.576,0.544,21.76,0.323593656929628,0.10471285480509
119.595,0.362,14.48,0.139958732257262,0.0195884467350599
119.614,0.556,22.24,0.341979442513709,0.116949939101987
119.614,0.427,17.08,0.188799134909629,0.0356451133426244
119.633,0.246,9.84,0.0820351544329818,0.00672976656284318
119.633,0.453,18.12,0.212813904598271,0.0452897579903621
119.651,0.116,4.64,0.045081670454146,0.00203235701093622
119.671,0.466,18.64,0.225943577022098,0.0510504999975407
119.671,0.194,7.76,0.0645654229034656,0.00416869383470336
119.693,0.427,17.08,0.188799134909629,0.0356451133426244
119.694,0.582,23.28,0.385478357665772,0.148593564228701
119.714,0.349,13.96,0.131825673855641,0.0173780082874937
119.735,0.556,22.24,0.341979442513709,0.116949939101987
119.735,0.298,11.92,0.10423174293933,0.0108642562361707
119.755,0.531,21.24,0.304789498962798,0.0928966386779936
119.755,0.621,24.84,0.461317574560379,0.212813904598271
119.775,0.505,20.2,0.270395836410884,0.0731139083483417
119.792,0.608,24.32,0.434510224171571,0.188799134909629
119.793,0.66,26.4,0.552077439280757,0.304789498962798
119.812,0.595,23.8,0.409260659730011,0.167494287602644
119.812,0.647,25.88,0.519995996533516,0.270395836410884
119.83,0.66,26.4,0.552077439280757,0.304789498962798
119.848,0.634,25.36,0.489778819368446,0.239883291901949
119.848,0.66,26.4,0.552077439280757,0.304789498962798
119.867,0.66,26.4,0.552077439280757,0.304789498962798
119.887,0.66,26.4,0.552077439280757,0.304789498962798
119.887,0.66,26.4,0.552077439280757,0.304789498962798
119.904,0.608,24.32,0.434510224171571,0.188799134909629
119.924,0.66,26.4,0.552077439280757,0.304789498962798
119.924,0.634,25.36,0.489778819368446,0.239883291901949
119.943,0.531,21.24,0.304789498962798,0.0928966386779936
119.943,0.634,25.36,0.489778819368446,0.239883291901949
119.964,0.556,22.24,0.341979442513709,0.116949939101987
119.984,0.388,15.52,0.157761126969935,0.0248885731828239
119.984,0.582,23.28,0.385478357665772,0.148593564228701
120.004,0.44,17.6,0.200447202736516,0.040179081084894
120.004,0.479,19.16,0.239883291901949,0.0575439937337157
120.023,0.479,19.16,0.239883291901949,0.0575439937337157
120.043,0.142,5.68,0.0508159442560561,0.0025822601906346
120.043,0.453,18.12,0.212813904598271,0.0452897579903621
120.063,0.246,9.84,0.0820351544329818,0.00672976656284318
120.063,0.401,16.04,0.167494287602644,0.0280543363795171
120.081,0.569,22.76,0.363078054770101,0.131825673855641
120.1,0.349,13.96,0.131825673855641,0.0173780082874937
120.1,0.544,21.76,0.323593656929628,0.10471285480509
120.118,0.259,10.36,0.0870963589956081,0.00758577575029184
120.137,0.518,20.72,0.287078058202469,0.0824138115013002
120.137,0.608,24.32,0.434510224171571,0.188799134909629
120.156,0.479,19.16,0.239883291901949,0.0575439937337157
120.156,0.595,23.8,0.409260659730011,0.167494287602644
120.175,0.647,25.88,0.519995996533516,0.270395836410884
120.195,0.582,23.28,0.385478357665772,0.148593564228701
120.195,0.634,25.36,0.489778819368446,0.239883291901949
120.214,0.647,25.88,0.519995996533516,0.270395836410884
120.233,0.634,25.36,0.489778819368446,0.239883291901949
120.234,0.66,26.4,0.552077439280757,0.304789498962798
120.253,0.647,25.88,0.519995996533516,0.270395836410884
120.253,0.647,25.88,0.519995996533516,0.270395836410884
120.272,0.66,26.4,0.552077439280757,0.304789498962798
120.292,0.621,24.84,0.461317574560379,0.212813904598271
120.292,0.647,25.88,0.519995996533516,0.270395836410884
120.313,0.634,25.36,0.489778819368446,0.239883291901949
120.313,0.556,22.24,0.341979442513709,0.116949939101987
120.333,0.634,25.36,0.489778819368446,0.239883291901949
120.358,0.569,22.76,0.363078054770101,0.131825673855641
120.358,0.427,17.08,0.188799134909629,0.0356451133426244
120.379,0.582,23.28,0.385478357665772,0.148593564228701
120.379,0.466,18.64,0.225943577022098,0.0510504999975407
120.397,0.116,4.64,0.045081670454146,0.00203235701093622
120.397,0.505,20.2,0.270395836410884,0.0731139083483417
120.416,0.22,8.8,0.0727779804536824,0.00529663443891658
120.433,0.414,16.56,0.177827941003892,0.0316227766016838
120.433,0.311,12.44,0.110662378397767,0.0122461619926505
120.451,0.362,14.48,0.139958732257262,0.0195884467350599
120.47,0.556,22.24,0.341979442513709,0.116949939101987
120.47,0.298,11.92,0.10423174293933,0.0108642562361707
120.487,0.531,21.24,0.304789498962798,0.0928966386779936
120.506,0.194,7.76,0.0645654229034656,0.00416869383470336
120.506,0.505,20.2,0.270395836410884,0.0731139083483417
120.524,0.608,24.32,0.434510224171571,0.188799134909629
120.541,0.479,19.16,0.239883291901949,0.0575439937337157
120.541,0.595,23.8,0.409260659730011,0.167494287602644
120.559,0.647,25.88,0.519995996533516,0.270395836410884
120.577,0.569,22.76,0.363078054770101,0.131825673855641
120.577,0.634,25.36,0.489778819368446,0.239883291901949
120.595,0.66,26.4,0.552077439280757,0.304789498962798
120.617,0.634,25.36,0.489778819368446,0.239883291901949
120.617,0.66,26.4,0.552077439280757,0.304789498962798
120.635,0.647,25.88,0.519995996533516,0.270395836410884
120.635,0.66,26.4,0.552077439280757,0.304789498962798
120.653,0.66,26.4,0.552077439280757,0.304789498962798
120.672,0.621,24.84,0.461317574560379,0.212813904598271
120.672,0.66,26.4,0.552077439280757,0.304789498962798
120.69,0.634,25.36,0.489778819368446,0.239883291901949
120.707,0.556,22.24,0.341979442513709,0.116949939101987
120.707,0.647,25.88,0.519995996533516,0.270395836410884
120.729,0.582,23.28,0.385478357665772,0.148593564228701
120.729,0.44,17.6,0.200447202736516,0.040179081084894
120.749,0.595,23.8,0.409260659730011,0.167494287602644
120.767,0.479,19.16,0.239883291901949,0.0575439937337157
120.767,0.129,5.16,0.0478630092322639,0.00229086765276777
120.792,0.505,20.2,0.270395836410884,0.0731139083483417
120.792,0.246,9.84,0.0820351544329818,0.00672976656284318
120.812,0.388,15.52,0.157761126969935,0.0248885731828239
120.812,0.324,12.96,0.117489755493953,0.0138038426460288
120.833,0.311,12.44,0.110662378397767,0.0122461619926505
120.853,0.531,21.24,0.304789498962798,0.0928966386779936
120.853,0.22,8.8,0.0727779804536824,0.00529663443891658
120.874,0.505,20.2,0.270395836410884,0.0731139083483417
120.874,0.168,6.72,0.0572796030985829,0.00328095293113119
120.896,0.479,19.16,0.239883291901949,0.0575439937337157
120.896,0.582,23.28,0.385478357665772,0.148593564228701
120.916,0.44,17.6,0.200447202736516,0.040179081084894
120.936,0.569,22.76,0.363078054770101,0.131825673855641
120.936,0.634,25.36,0.489778819368446,0.239883291901949
120.954,0.556,22.24,0.341979442513709,0.116949939101987
120.955,0.634,25.36,0.489778819368446,0.239883291901949
120.974,0.66,26.4,0.552077439280757,0.304789498962798
120.992,0.608,24.32,0.434510224171571,0.188799134909629
120.992,0.66,26.4,0.552077439280757,0.304789498962798
121.01,0.66,26.4,0.552077439280757,0.304789498962798
121.029,0.66,26.4,0.552077439280757,0.304789498962798
121.029,0.66,26.4,0.552077439280757,0.304789498962798
121.049,0.634,25.36,0.489778819368446,0.239883291901949
121.049,0.647,25.88,0.519995996533516,0.270395836410884
121.067,0.634,25.36,0.489778819368446,0.239883291901949
121.086,0.569,22.76,0.363078054770101,0.131825673855641
121.086,0.647,25.88,0.519995996533516,0.270395836410884
121.104,0.595,23.8,0.409260659730011,0.167494287602644
121.122,0.466,18.64,0.225943577022098,0.0510504999975407
121.122,0.595,23.8,0.409260659730011,0.167494287602644
121.141,0.505,20.2,0.270395836410884,0.0731139083483417
121.159,0.298,11.92,0.10423174293933,0.0108642562361707
121.159,0.531,21.24,0.304789498962798,0.0928966386779936
121.178,0.298,11.92,0.10423174293933,0.0108642562361707
121.198,0.362,14.48,0.139958732257262,0.0195884467350599
121.198,0.362,14.48,0.139958732257262,0.0195884467350599
121.215,0.298,11.92,0.10423174293933,0.0108642562361707
121.234,0.518,20.72,0.287078058202469,0.0824138115013002
121.234,0.194,7.76,0.0645654229034656,0.00416869383470336
121.253,0.544,21.76,0.323593656929628,0.10471285480509
121.253,0.595,23.8,0.409260659730011,0.167494287602644
121.272,0.453,18.12,0.212813904598271,0.0452897579903621
121.29,0.595,23.8,0.409260659730011,0.167494287602644
121.29,0.414,16.56,0.177827941003892,0.0316227766016838
121.31,0.569,22.76,0.363078054770101,0.131825673855641
121.328,0.634,25.36,0.489778819368446,0.239883291901949
121.328,0.556,22.24,0.341979442513709,0.116949939101987
121.346,0.621,24.84,0.461317574560379,0.212813904598271
121.364,0.66,26.4,0.552077439280757,0.304789498962798
121.364,0.621,24.84,0.461317574560379,0.212813904598271
121.382,0.647,25.88,0.519995996533516,0.270395836410884
121.382,0.673,26.92,0.586138164514029,0.343557947899875
121.401,0.647,25.88,0.519995996533516,0.270395836410884
121.42,0.66,26.4,0.552077439280757,0.304789498962798
121.42,0.621,24.84,0.461317574560379,0.212813904598271
121.437,0.66,26.4,0.552077439280757,0.304789498962798
121.455,0.634,25.36,0.489778819368446,0.239883291901949
121.455,0.582,23.28,0.385478357665772,0.148593564228701
121.473,0.647,25.88,0.519995996533516,0.270395836410884
121.49,0.595,23.8,0.409260659730011,0.167494287602644
121.49,0.492,19.68,0.254683025258504,0.0648634433548238
121.508,0.608,24.32,0.434510224171571,0.188799134909629
121.526,0.518,20.72,0.287078058202469,0.0824138115013002
121.526,0.272,10.88,0.0924698173938222,0.00855066712884683
121.544,0.569,22.76,0.363078054770101,0.131825673855641
121.562,0.349,13.96,0.131825673855641,0.0173780082874937
121.562,0.324,12.96,0.117489755493953,0.0138038426460288
121.58,0.401,16.04,0.167494287602644,0.0280543363795171
121.597,0.22,8.8,0.0727779804536824,0.00529663443891658
121.614,0.505,20.2,0.270395836410884,0.0731139083483417
121.614,0.168,6.72,0.0572796030985829,0.00328095293113119
121.633,0.466,18.64,0.225943577022098,0.0510504999975407
121.651,0.595,23.8,0.409260659730011,0.167494287602644
121.651,0.427,17.08,0.188799134909629,0.0356451133426244
121.668,0.582,23.28,0.385478357665772,0.148593564228701
121.668,0.388,15.52,0.157761126969935,0.0248885731828239
121.687,0.556,22.24,0.341979442513709,0.116949939101987
121.704,0.634,25.36,0.489778819368446,0.239883291901949
121.704,0.544,21.76,0.323593656929628,0.10471285480509
121.722,0.634,25.36,0.489778819368446,0.239883291901949
121.739,0.66,26.4,0.552077439280757,0.304789498962798
121.739,0.608,24.32,0.434510224171571,0.188799134909629
121.758,0.66,26.4,0.552077439280757,0.304789498962798
121.777,0.66,26.4,0.552077439280757,0.304789498962798
121.777,0.647,25.88,0.519995996533516,0.270395836410884
121.794,0.66,26.4,0.552077439280757,0.304789498962798
121.814,0.647,25.88,0.519995996533516,0.270395836410884
121.814,0.66,26.4,0.552077439280757,0.304789498962798
121.831,0.647,25.88,0.519995996533516,0.270395836410884
121.849,0.595,23.8,0.409260659730011,0.167494287602644
121.849,0.66,26.4,0.552077439280757,0.304789498962798
121.866,0.608,24.32,0.434510224171571,0.188799134909629
121.886,0.505,20.2,0.270395836410884,0.0731139083483417
121.886,0.634,25.36,0.489778819368446,0.239883291901949
121.903,0.531,21.24,0.304789498962798,0.0928966386779936
121.921,0.298,11.92,0.10423174293933,0.0108642562361707
121.921,0.556,22.24,0.341979442513709,0.116949939101987
121.938,0.375,15,0.148593564228701,0.022080047330189
121.956,0.272,10.88,0.0924698173938222,0.00855066712884683
121.956,0.427,17.08,0.188799134909629,0.0356451133426244
121.974,0.194,7.76,0.0645654229034656,0.00416869383470336
121.993,0.492,19.68,0.254683025258504,0.0648634433548238
121.993,0.181,7.24,0.0608135001278718,0.00369828179780266
122.012,0.466,18.64,0.225943577022098,0.0510504999975407
122.029,0.582,23.28,0.385478357665772,0.148593564228701
122.029,0.427,17.08,0.188799134909629,0.0356451133426244
122.046,0.569,22.76,0.363078054770101,0.131825673855641
122.064,0.362,14.48,0.139958732257262,0.0195884467350599
122.064,0.544,21.76,0.323593656929628,0.10471285480509
122.082,0.634,25.36,0.489778819368446,0.239883291901949
122.1,0.531,21.24,0.304789498962798,0.0928966386779936
122.1,0.608,24.32,0.434510224171571,0.188799134909629
122.117,0.66,26.4,0.552077439280757,0.304789498962798
122.136,0.608,24.32,0.434510224171571,0.188799134909629
122.136,0.647,25.88,0.519995996533516,0.270395836410884
122.153,0.647,25.88,0.519995996533516,0.270395836410884
122.171,0.647,25.88,0.519995996533516,0.270395836410884
122.171,0.66,26.4,0.552077439280757,0.304789498962798
122.188,0.647,25.88,0.519995996533516,0.270395836410884
122.208,0.66,26.4,0.552077439280757,0.304789498962798
122.208,0.647,25.88,0.519995996533516,0.270395836410884
122.227,0.595,23.8,0.409260659730011,0.167494287602644
122.244,0.647,25.88,0.519995996533516,0.270395836410884
122.244,0.608,24.32,0.434510224171571,0.188799134909629
122.263,0.518,20.72,0.287078058202469,0.0824138115013002
122.281,0.621,24.84,0.461317574560379,0.212813904598271
122.281,0.544,21.76,0.323593656929628,0.10471285480509
122.3,0.349,13.96,0.131825673855641,0.0173780082874937
122.3,0.556,22.24,0.341979442513709,0.116949939101987
122.321,0.414,16.56,0.177827941003892,0.0316227766016838
122.339,0.22,8.8,0.0727779804536824,0.00529663443891658
122.339,0.466,18.64,0.225943577022098,0.0510504999975407
122.357,0.129,5.16,0.0478630092322639,0.00229086765276777
122.377,0.479,19.16,0.239883291901949,0.0575439937337157
122.377,0.194,7.76,0.0645654229034656,0.00416869383470336
122.395,0.427,17.08,0.188799134909629,0.0356451133426244
122.412,0.582,23.28,0.385478357665772,0.148593564228701
122.412,0.375,15,0.148593564228701,0.022080047330189
122.431,0.556,22.24,0.341979442513709,0.116949939101987
122.431,0.311,12.44,0.110662378397767,0.0122461619926505
122.45,0.531,21.24,0.304789498962798,0.0928966386779936
122.467,0.621,24.84,0.461317574560379,0.212813904598271
122.467,0.505,20.2,0.270395836410884,0.0731139083483417
122.485,0.621,24.84,0.461317574560379,0.212813904598271
122.503,0.647,25.88,0.519995996533516,0.270395836410884
122.503,0.595,23.8,0.409260659730011,0.167494287602644
122.52,0.66,26.4,0.552077439280757,0.304789498962798
122.539,0.673,26.92,0.586138164514029,0.343557947899875
122.539,0.634,25.36,0.489778819368446,0.239883291901949
122.558,0.66,26.4,0.552077439280757,0.304789498962798
122.576,0.647,25.88,0.519995996533516,0.270395836410884
122.576,0.66,26.4,0.552077439280757,0.304789498962798
122.594,0.66,26.4,0.552077439280757,0.304789498962798
122.614,0.608,24.32,0.434510224171571,0.188799134909629
122.614,0.66,26.4,0.552077439280757,0.304789498962798
122.633,0.621,24.84,0.461317574560379,0.212813904598271
122.633,0.531,21.24,0.304789498962798,0.0928966386779936
122.652,0.647,25.88,0.519995996533516,0.270395836410884
122.67,0.556,22.24,0.341979442513709,0.116949939101987
122.67,0.375,15,0.148593564228701,0.022080047330189
122.69,0.569,22.76,0.363078054770101,0.131825673855641
122.707,0.427,17.08,0.188799134909629,0.0356451133426244
122.707,0.194,7.76,0.0645654229034656,0.00416869383470336
122.726,0.479,19.16,0.239883291901949,0.0575439937337157
122.745,0.168,6.72,0.0572796030985829,0.00328095293113119
122.745,0.44,17.6,0.200447202736516,0.040179081084894
122.764,0.207,8.28,0.0685488226452661,0.00469894108605215
122.783,0.505,20.2,0.270395836410884,0.0731139083483417
122.783,0.569,22.76,0.363078054770101,0.131825673855641
122.801,0.362,14.48,0.139958732257262,0.0195884467350599
122.801,0.544,21.76,0.323593656929628,0.10471285480509
122.819,0.285,11.4,0.0981747943019984,0.0096382902362397
122.837,0.531,21.24,0.304789498962798,0.0928966386779936
122.837,0.621,24.84,0.461317574560379,0.212813904598271
122.856,0.492,19.68,0.254683025258504,0.0648634433548238
122.874,0.595,23.8,0.409260659730011,0.167494287602644
122.874,0.647,25.88,0.519995996533516,0.270395836410884
122.893,0.582,23.28,0.385478357665772,0.148593564228701
122.91,0.634,25.36,0.489778819368446,0.239883291901949
122.912,0.66,26.4,0.552077439280757,0.304789498962798
122.928,0.634,25.36,0.489778819368446,0.239883291901949
122.947,0.647,25.88,0.519995996533516,0.270395836410884
122.948,0.647,25.88,0.519995996533516,0.270395836410884
122.965,0.66,26.4,0.552077439280757,0.304789498962798
122.985,0.647,25.88,0.519995996533516,0.270395836410884
122.985,0.621,24.84,0.461317574560379,0.212813904598271
123.005,0.66,26.4,0.552077439280757,0.304789498962798
123.005,0.621,24.84,0.461317574560379,0.212813904598271
123.025,0.544,21.76,0.323593656929628,0.10471285480509
123.266,0.621,24.84,0.461317574560379,0.212813904598271
123.267,0.569,22.76,0.363078054770101,0.131825673855641
123.267,0.414,16.56,0.177827941003892,0.0316227766016838
123.267,0.595,23.8,0.409260659730011,0.167494287602644
123.267,0.466,18.64,0.225943577022098,0.0510504999975407
123.267,0.194,7.76,0.0645654229034656,0.00416869383470336
123.267,0.492,19.68,0.254683025258504,0.0648634433548238
123.267,0.155,6.2,0.0539510622515128,0.00291071711806661
123.267,0.427,17.08,0.188799134909629,0.0356451133426244
123.267,0.272,10.88,0.0924698173938222,0.00855066712884683
123.267,0.375,15,0.148593564228701,0.022080047330189
123.267,0.556,22.24,0.341979442513709,0.116949939101987
123.267,0.285,11.4,0.0981747943019984,0.0096382902362397
123.267,0.518,20.72,0.287078058202469,0.0824138115013002
123.267,0.194,7.76,0.0645654229034656,0.00416869383470336
123.267,0.518,20.72,0.287078058202469,0.0824138115013002
123.267,0.608,24.32,0.434510224171571,0.188799134909629
123.267,0.479,19.16,0.239883291901949,0.0575439937337157
123.267,0.608,24.32,0.434510224171571,0.188799134909629
123.267,0.66,26.4,0.552077439280757,0.304789498962798
123.268,0.569,22.76,0.363078054770101,0.131825673855641
123.285,0.634,25.36,0.489778819368446,0.239883291901949
