Time_s,DetectorVoltage_V,Power_dB,RelativeAmplitude,RelativePower
0.296,0.453,18.12,0.167494287602644,0.0280543363795172
0.296,0.259,10.36,0.0685488226452662,0.00469894108605216
0.296,0.505,20.2,0.212813904598271,0.0452897579903621
0.296,0.181,7.24,0.0478630092322639,0.00229086765276777
0.296,0.518,20.72,0.225943577022098,0.0510504999975407
0.297,0.181,7.24,0.0478630092322639,0.00229086765276777
0.297,0.492,19.68,0.200447202736516,0.040179081084894
0.297,0.634,25.36,0.385478357665772,0.148593564228701
0.297,0.44,17.6,0.157761126969935,0.0248885731828239
0.297,0.608,24.32,0.341979442513709,0.116949939101987
0.297,0.375,15,0.116949939101987,0.0136772882559585
0.297,0.595,23.8,0.322106879128344,0.103752841581801
0.297,0.673,26.92,0.46131757456038,0.212813904598272
0.297,0.556,22.24,0.269153480392692,0.0724435960074991
0.297,0.66,26.4,0.434510224171572,0.18879913490963
0.297,0.712,28.48,0.552077439280758,0.304789498962799
0.297,0.647,25.88,0.409260659730011,0.167494287602644
0.297,0.699,27.96,0.519995996533516,0.270395836410885
0.297,0.712,28.48,0.552077439280758,0.304789498962799
0.297,0.699,27.96,0.519995996533516,0.270395836410885
0.297,0.712,28.48,0.552077439280758,0.304789498962799
0.297,0.699,27.96,0.519995996533516,0.270395836410885
0.297,0.712,28.48,0.552077439280758,0.304789498962799
0.298,0.699,27.96,0.519995996533516,0.270395836410885
0.298,0.66,26.4,0.434510224171572,0.18879913490963
0.369,0.712,28.48,0.552077439280758,0.304789498962799
0.369,0.673,26.92,0.46131757456038,0.212813904598272
0.369,0.608,24.32,0.341979442513709,0.116949939101987
0.369,0.686,27.44,0.489778819368447,0.239883291901949
0.369,0.621,24.84,0.363078054770102,0.131825673855641
0.369,0.427,17.08,0.148593564228701,0.022080047330189
0.382,0.634,25.36,0.385478357665772,0.148593564228701
0.487,0.492,19.68,0.200447202736516,0.040179081084894
0.487,0.233,9.32,0.0608135001278718,0.00369828179780267
0.487,0.531,21.24,0.239883291901949,0.0575439937337158
0.487,0.181,7.24,0.0478630092322639,0.00229086765276777
0.488,0.505,20.2,0.212813904598271,0.0452897579903621
0.488,0.285,11.4,0.0772680585095703,0.00597035286583838
0.488,0.466,18.64,0.177827941003892,0.0316227766016838
0.488,0.621,24.84,0.363078054770102,0.131825673855641
0.488,0.401,16.04,0.131825673855641,0.0173780082874938
0.571,0.595,23.8,0.322106879128344,0.103752841581801
0.571,0.518,20.72,0.225943577022098,0.0510504999975407
0.571,0.569,22.76,0.285759054337495,0.0816582371358593
0.571,0.66,26.4,0.434510224171572,0.18879913490963
0.571,0.556,22.24,0.269153480392692,0.0724435960074991
0.571,0.66,26.4,0.434510224171572,0.18879913490963
0.571,0.712,28.48,0.552077439280758,0.304789498962799
0.591,0.634,25.36,0.385478357665772,0.148593564228701
0.591,0.699,27.96,0.519995996533516,0.270395836410885
0.608,0.712,28.48,0.552077439280758,0.304789498962799
0.625,0.699,27.96,0.519995996533516,0.270395836410885
0.625,0.712,28.48,0.552077439280758,0.304789498962799
0.64,0.699,27.96,0.519995996533516,0.270395836410885
0.654,0.712,28.48,0.552077439280758,0.304789498962799
0.67,0.699,27.96,0.519995996533516,0.270395836410885
0.685,0.66,26.4,0.434510224171572,0.18879913490963
0.685,0.699,27.96,0.519995996533516,0.270395836410885
0.701,0.673,26.92,0.46131757456038,0.212813904598272
0.717,0.595,23.8,0.322106879128344,0.103752841581801
0.743,0.686,27.44,0.489778819368447,0.239883291901949
0.744,0.621,24.84,0.363078054770102,0.131825673855641
0.744,0.479,19.16,0.188799134909629,0.0356451133426244
0.783,0.634,25.36,0.385478357665772,0.148593564228701
0.785,0.518,20.72,0.225943577022098,0.0510504999975407
0.785,0.168,6.72,0.0450816704541461,0.00203235701093622
0.813,0.544,21.76,0.254683025258504,0.064863443354824
0.813,0.569,22.76,0.285759054337495,0.0816582371358593
0.834,0.479,19.16,0.188799134909629,0.0356451133426244
0.834,0.349,13.96,0.103752841581801,0.0107646521362984
0.852,0.44,17.6,0.157761126969935,0.0248885731828239
0.852,0.608,24.32,0.341979442513709,0.116949939101987
0.868,0.362,14.48,0.110153930954142,0.0121338885046498
0.884,0.582,23.28,0.303389118419427,0.0920449571753172
0.899,0.272,10.88,0.0727779804536825,0.00529663443891659
0.899,0.556,22.24,0.269153480392692,0.0724435960074991
0.915,0.66,26.4,0.434510224171572,0.18879913490963
0.93,0.518,20.72,0.225943577022098,0.0510504999975407
0.946,0.647,25.88,0.409260659730011,0.167494287602644
0.946,0.699,27.96,0.519995996533516,0.270395836410885
0.961,0.634,25.36,0.385478357665772,0.148593564228701
0.977,0.686,27.44,0.489778819368447,0.239883291901949
0.991,0.712,28.48,0.552077439280758,0.304789498962799
1.008,0.673,26.92,0.46131757456038,0.212813904598272
1.008,0.699,27.96,0.519995996533516,0.270395836410885
1.022,0.699,27.96,0.519995996533516,0.270395836410885
1.038,0.699,27.96,0.519995996533516,0.270395836410885
1.055,0.699,27.96,0.519995996533516,0.270395836410885
1.055,0.673,26.92,0.46131757456038,0.212813904598272
1.072,0.699,27.96,0.519995996533516,0.270395836410885
1.088,0.673,26.92,0.46131757456038,0.212813904598272
1.102,0.621,24.84,0.363078054770102,0.131825673855641
1.102,0.699,27.96,0.519995996533516,0.270395836410885
1.118,0.634,25.36,0.385478357665772,0.148593564228701
1.132,0.479,19.16,0.188799134909629,0.0356451133426244
1.148,0.634,25.36,0.385478357665772,0.148593564228701
1.149,0.518,20.72,0.225943577022098,0.0510504999975407
1.165,0.168,6.72,0.0450816704541461,0.00203235701093622
1.181,0.556,22.24,0.269153480392692,0.0724435960074991
1.196,0.259,10.36,0.0685488226452662,0.00469894108605216
1.196,0.466,18.64,0.177827941003892,0.0316227766016838
1.213,0.375,15,0.116949939101987,0.0136772882559585
1.228,0.401,16.04,0.131825673855641,0.0173780082874938
1.244,0.582,23.28,0.303389118419427,0.0920449571753172
1.244,0.311,12.44,0.0870963589956081,0.00758577575029184
1.261,0.582,23.28,0.303389118419427,0.0920449571753172
1.275,0.22,8.8,0.057279603098583,0.00328095293113119
1.29,0.544,21.76,0.254683025258504,0.064863443354824
1.29,0.66,26.4,0.434510224171572,0.18879913490963
1.306,0.518,20.72,0.225943577022098,0.0510504999975407
1.321,0.634,25.36,0.385478357665772,0.148593564228701
1.337,0.673,26.92,0.46131757456038,0.212813904598272
1.353,0.608,24.32,0.341979442513709,0.116949939101987
1.353,0.686,27.44,0.489778819368447,0.239883291901949
1.367,0.699,27.96,0.519995996533516,0.270395836410885
1.383,0.673,26.92,0.46131757456038,0.212813904598272
1.398,0.712,28.48,0.552077439280758,0.304789498962799
1.398,0.699,27.96,0.519995996533516,0.270395836410885
1.413,0.699,27.96,0.519995996533516,0.270395836410885
1.428,0.712,28.48,0.552077439280758,0.304789498962799
1.443,0.673,26.92,0.46131757456038,0.212813904598272
1.458,0.712,28.48,0.552077439280758,0.304789498962799
1.458,0.686,27.44,0.489778819368447,0.239883291901949
1.473,0.621,24.84,0.363078054770102,0.131825673855641
1.487,0.699,27.96,0.519995996533516,0.270395836410885
1.503,0.634,25.36,0.385478357665772,0.148593564228701
1.517,0.518,20.72,0.225943577022098,0.0510504999975407
1.517,0.673,26.92,0.46131757456038,0.212813904598272
1.534,0.556,22.24,0.269153480392692,0.0724435960074991
1.548,0.246,9.84,0.0645654229034656,0.00416869383470336
1.564,0.582,23.28,0.303389118419427,0.0920449571753172
1.579,0.324,12.96,0.0924698173938223,0.00855066712884685
1.579,0.427,17.08,0.148593564228701,0.022080047330189
1.594,0.414,16.56,0.139958732257262,0.0195884467350599
1.609,0.362,14.48,0.110153930954142,0.0121338885046498
1.624,0.582,23.28,0.303389118419427,0.0920449571753172
1.624,0.544,21.76,0.254683025258504,0.064863443354824
1.64,0.556,22.24,0.269153480392692,0.0724435960074991
1.655,0.194,7.76,0.0508159442560561,0.0025822601906346
1.67,0.518,20.72,0.225943577022098,0.0510504999975407
1.684,0.647,25.88,0.409260659730011,0.167494287602644
1.684,0.479,19.16,0.188799134909629,0.0356451133426244
1.7,0.621,24.84,0.363078054770102,0.131825673855641
1.715,0.686,27.44,0.489778819368447,0.239883291901949
1.73,0.608,24.32,0.341979442513709,0.116949939101987
1.745,0.686,27.44,0.489778819368447,0.239883291901949
1.746,0.712,28.48,0.552077439280758,0.304789498962799
1.762,0.673,26.92,0.46131757456038,0.212813904598272
1.777,0.699,27.96,0.519995996533516,0.270395836410885
1.791,0.712,28.48,0.552077439280758,0.304789498962799
1.791,0.699,27.96,0.519995996533516,0.270395836410885
1.806,0.699,27.96,0.519995996533516,0.270395836410885
1.821,0.686,27.44,0.489778819368447,0.239883291901949
1.836,0.712,28.48,0.552077439280758,0.304789498962799
1.852,0.699,27.96,0.519995996533516,0.270395836410885
1.852,0.634,25.36,0.385478357665772,0.148593564228701
1.867,0.699,27.96,0.519995996533516,0.270395836410885
1.883,0.647,25.88,0.409260659730011,0.167494287602644
1.899,0.531,21.24,0.239883291901949,0.0575439937337158
1.899,0.66,26.4,0.434510224171572,0.18879913490963
1.914,0.556,22.24,0.269153480392692,0.0724435960074991
1.931,0.259,10.36,0.0685488226452662,0.00469894108605216
1.947,0.582,23.28,0.303389118419427,0.0920449571753172
1.947,0.362,14.48,0.110153930954142,0.0121338885046498
1.961,0.388,15.52,0.124165230759241,0.0154170045294956
1.977,0.44,17.6,0.157761126969935,0.0248885731828239
1.992,0.311,12.44,0.0870963589956081,0.00758577575029184
2.008,0.569,22.76,0.285759054337495,0.0816582371358593
2.008,0.194,7.76,0.0508159442560561,0.0025822601906346
2.023,0.544,21.76,0.254683025258504,0.064863443354824
2.039,0.66,26.4,0.434510224171572,0.18879913490963
2.055,0.518,20.72,0.225943577022098,0.0510504999975407
2.055,0.634,25.36,0.385478357665772,0.148593564228701
2.07,0.479,19.16,0.188799134909629,0.0356451133426244
2.086,0.621,24.84,0.363078054770102,0.131825673855641
2.101,0.686,27.44,0.489778819368447,0.239883291901949
2.101,0.595,23.8,0.322106879128344,0.103752841581801
2.117,0.673,26.92,0.46131757456038,0.212813904598272
2.134,0.699,27.96,0.519995996533516,0.270395836410885
2.148,0.66,26.4,0.434510224171572,0.18879913490963
2.148,0.699,27.96,0.519995996533516,0.270395836410885
2.164,0.712,28.48,0.552077439280758,0.304789498962799
2.179,0.699,27.96,0.519995996533516,0.270395836410885
2.195,0.712,28.48,0.552077439280758,0.304789498962799
2.21,0.686,27.44,0.489778819368447,0.239883291901949
2.21,0.712,28.48,0.552077439280758,0.304789498962799
2.226,0.699,27.96,0.519995996533516,0.270395836410885
2.241,0.647,25.88,0.409260659730011,0.167494287602644
2.256,0.712,28.48,0.552077439280758,0.304789498962799
2.256,0.66,26.4,0.434510224171572,0.18879913490963
2.272,0.556,22.24,0.269153480392692,0.0724435960074991
2.287,0.673,26.92,0.46131757456038,0.212813904598272
2.301,0.582,23.28,0.303389118419427,0.0920449571753172
2.316,0.349,13.96,0.103752841581801,0.0107646521362984
2.316,0.608,24.32,0.341979442513709,0.116949939101987
2.333,0.427,17.08,0.148593564228701,0.022080047330189
2.348,0.634,25.36,0.385478357665772,0.148593564228701
2.363,0.492,19.68,0.200447202736516,0.040179081084894
2.363,0.233,9.32,0.0608135001278718,0.00369828179780267
2.378,0.556,22.24,0.269153480392692,0.0724435960074991
2.394,0.181,7.24,0.0478630092322639,0.00229086765276777
2.41,0.531,21.24,0.239883291901949,0.0575439937337158
2.41,0.647,25.88,0.409260659730011,0.167494287602644
2.425,0.479,19.16,0.188799134909629,0.0356451133426244
2.443,0.634,25.36,0.385478357665772,0.148593564228701
2.458,0.427,17.08,0.148593564228701,0.022080047330189
2.458,0.595,23.8,0.322106879128344,0.103752841581801
2.474,0.686,27.44,0.489778819368447,0.239883291901949
2.489,0.582,23.28,0.303389118419427,0.0920449571753172
2.504,0.673,26.92,0.46131757456038,0.212813904598272
2.504,0.712,28.48,0.552077439280758,0.304789498962799
2.521,0.66,26.4,0.434510224171572,0.18879913490963
2.536,0.712,28.48,0.552077439280758,0.304789498962799
2.552,0.712,28.48,0.552077439280758,0.304789498962799
2.567,0.699,27.96,0.519995996533516,0.270395836410885
2.567,0.725,29,0.586138164514029,0.343557947899875
2.583,0.686,27.44,0.489778819368447,0.239883291901949
2.598,0.712,28.48,0.552077439280758,0.304789498962799
2.613,0.699,27.96,0.519995996533516,0.270395836410885
2.613,0.647,25.88,0.409260659730011,0.167494287602644
2.629,0.699,27.96,0.519995996533516,0.270395836410885
2.645,0.66,26.4,0.434510224171572,0.18879913490963
2.661,0.569,22.76,0.285759054337495,0.0816582371358593
2.661,0.673,26.92,0.46131757456038,0.212813904598272
2.677,0.595,23.8,0.322106879128344,0.103752841581801
2.693,0.401,16.04,0.131825673855641,0.0173780082874938
2.708,0.595,23.8,0.322106879128344,0.103752841581801
2.708,0.453,18.12,0.167494287602644,0.0280543363795172
2.725,0.311,12.44,0.0870963589956081,0.00758577575029184
2.74,0.492,19.68,0.200447202736516,0.040179081084894
2.756,0.194,7.76,0.0508159442560561,0.0025822601906346
2.756,0.531,21.24,0.239883291901949,0.0575439937337158
2.772,0.207,8.28,0.0539510622515128,0.00291071711806661
2.788,0.492,19.68,0.200447202736516,0.040179081084894
2.805,0.634,25.36,0.385478357665772,0.148593564228701
2.805,0.453,18.12,0.167494287602644,0.0280543363795172
2.82,0.621,24.84,0.363078054770102,0.131825673855641
2.835,0.388,15.52,0.124165230759241,0.0154170045294956
2.852,0.595,23.8,0.322106879128344,0.103752841581801
2.852,0.673,26.92,0.46131757456038,0.212813904598272
2.868,0.569,22.76,0.285759054337495,0.0816582371358593
2.884,0.673,26.92,0.46131757456038,0.212813904598272
2.899,0.699,27.96,0.519995996533516,0.270395836410885
2.9,0.66,26.4,0.434510224171572,0.18879913490963
2.915,0.699,27.96,0.519995996533516,0.270395836410885
2.931,0.712,28.48,0.552077439280758,0.304789498962799
2.946,0.699,27.96,0.519995996533516,0.270395836410885
2.946,0.712,28.48,0.552077439280758,0.304789498962799
2.962,0.699,27.96,0.519995996533516,0.270395836410885
2.978,0.712,28.48,0.552077439280758,0.304789498962799
2.994,0.712,28.48,0.552077439280758,0.304789498962799
2.994,0.66,26.4,0.434510224171572,0.18879913490963
3.011,0.699,27.96,0.519995996533516,0.270395836410885
3.026,0.673,26.92,0.46131757456038,0.212813904598272
3.042,0.582,23.28,0.303389118419427,0.0920449571753172
3.042,0.686,27.44,0.489778819368447,0.239883291901949
3.058,0.608,24.32,0.341979442513709,0.116949939101987
3.073,0.427,17.08,0.148593564228701,0.022080047330189
3.089,0.634,25.36,0.385478357665772,0.148593564228701
3.09,0.492,19.68,0.200447202736516,0.040179081084894
3.106,0.22,8.8,0.057279603098583,0.00328095293113119
3.122,0.518,20.72,0.225943577022098,0.0510504999975407
3.138,0.181,7.24,0.0478630092322639,0.00229086765276777
3.138,0.518,20.72,0.225943577022098,0.0510504999975407
3.153,0.259,10.36,0.0685488226452662,0.00469894108605216
3.168,0.66,26.4,0.434510224171572,0.18879913490963
3.184,0.634,25.36,0.385478357665772,0.148593564228701
3.184,0.44,17.6,0.157761126969935,0.0248885731828239
3.201,0.608,24.32,0.341979442513709,0.116949939101987
3.217,0.362,14.48,0.110153930954142,0.0121338885046498
3.233,0.582,23.28,0.303389118419427,0.0920449571753172
3.233,0.66,26.4,0.434510224171572,0.18879913490963
3.249,0.556,22.24,0.269153480392692,0.0724435960074991
3.266,0.634,25.36,0.385478357665772,0.148593564228701
3.281,0.699,27.96,0.519995996533516,0.270395836410885
3.281,0.647,25.88,0.409260659730011,0.167494287602644
3.298,0.699,27.96,0.519995996533516,0.270395836410885
3.314,0.712,28.48,0.552077439280758,0.304789498962799
3.33,0.699,27.96,0.519995996533516,0.270395836410885
3.33,0.712,28.48,0.552077439280758,0.304789498962799
3.346,0.699,27.96,0.519995996533516,0.270395836410885
3.362,0.712,28.48,0.552077439280758,0.304789498962799
3.378,0.712,28.48,0.552077439280758,0.304789498962799
3.378,0.647,25.88,0.409260659730011,0.167494287602644
3.394,0.699,27.96,0.519995996533516,0.270395836410885
3.409,0.673,26.92,0.46131757456038,0.212813904598272
3.425,0.595,23.8,0.322106879128344,0.103752841581801
3.425,0.686,27.44,0.489778819368447,0.239883291901949
3.442,0.621,24.84,0.363078054770102,0.131825673855641
3.458,0.453,18.12,0.167494287602644,0.0280543363795172
3.459,0.634,25.36,0.385478357665772,0.148593564228701
3.474,0.518,20.72,0.225943577022098,0.0510504999975407
3.491,0.155,6.2,0.0424619563946313,0.00180301774085957
3.507,0.531,21.24,0.239883291901949,0.0575439937337158
3.507,0.207,8.28,0.0539510622515128,0.00291071711806661
3.523,0.492,19.68,0.200447202736516,0.040179081084894
3.54,0.298,11.92,0.0820351544329818,0.00672976656284318
3.557,0.44,17.6,0.157761126969935,0.0248885731828239
3.557,0.621,24.84,0.363078054770102,0.131825673855641
3.573,0.375,15,0.116949939101987,0.0136772882559585
3.589,0.595,23.8,0.322106879128344,0.103752841581801
3.589,0.298,11.92,0.0820351544329818,0.00672976656284318
3.606,0.556,22.24,0.269153480392692,0.0724435960074991
3.622,0.66,26.4,0.434510224171572,0.18879913490963
3.639,0.531,21.24,0.239883291901949,0.0575439937337158
3.639,0.647,25.88,0.409260659730011,0.167494287602644
3.656,0.699,27.96,0.519995996533516,0.270395836410885
3.671,0.634,25.36,0.385478357665772,0.148593564228701
3.688,0.699,27.96,0.519995996533516,0.270395836410885
3.688,0.725,29,0.586138164514029,0.343557947899875
3.705,0.686,27.44,0.489778819368447,0.239883291901949
3.722,0.712,28.48,0.552077439280758,0.304789498962799
3.722,0.699,27.96,0.519995996533516,0.270395836410885
3.738,0.712,28.48,0.552077439280758,0.304789498962799
3.755,0.699,27.96,0.519995996533516,0.270395836410885
3.755,0.673,26.92,0.46131757456038,0.212813904598272
3.771,0.712,28.48,0.552077439280758,0.304789498962799
3.787,0.673,26.92,0.46131757456038,0.212813904598272
3.805,0.608,24.32,0.341979442513709,0.116949939101987
3.806,0.699,27.96,0.519995996533516,0.270395836410885
3.823,0.634,25.36,0.385478357665772,0.148593564228701
3.84,0.479,19.16,0.188799134909629,0.0356451133426244
3.84,0.647,25.88,0.409260659730011,0.167494287602644
3.856,0.531,21.24,0.239883291901949,0.0575439937337158
3.873,0.155,6.2,0.0424619563946313,0.00180301774085957
3.89,0.569,22.76,0.285759054337495,0.0816582371358593
3.89,0.246,9.84,0.0645654229034656,0.00416869383470336
3.905,0.466,18.64,0.177827941003892,0.0316227766016838
3.922,0.349,13.96,0.103752841581801,0.0107646521362984
3.939,0.427,17.08,0.148593564228701,0.022080047330189
3.939,0.608,24.32,0.341979442513709,0.116949939101987
3.955,0.349,13.96,0.103752841581801,0.0107646521362984
3.972,0.595,23.8,0.322106879128344,0.103752841581801
3.972,0.233,9.32,0.0608135001278718,0.00369828179780267
3.989,0.66,26.4,0.434510224171572,0.18879913490963
4.005,0.647,25.88,0.409260659730011,0.167494287602644
4.022,0.518,20.72,0.225943577022098,0.0510504999975407
4.022,0.647,25.88,0.409260659730011,0.167494287602644
4.038,0.699,27.96,0.519995996533516,0.270395836410885
4.054,0.621,24.84,0.363078054770102,0.131825673855641
4.054,0.686,27.44,0.489778819368447,0.239883291901949
4.071,0.725,29,0.586138164514029,0.343557947899875
4.087,0.673,26.92,0.46131757456038,0.212813904598272
4.104,0.712,28.48,0.552077439280758,0.304789498962799
4.104,0.699,27.96,0.519995996533516,0.270395836410885
4.122,0.712,28.48,0.552077439280758,0.304789498962799
4.138,0.712,28.48,0.552077439280758,0.304789498962799
4.138,0.673,26.92,0.46131757456038,0.212813904598272
4.156,0.712,28.48,0.552077439280758,0.304789498962799
4.172,0.686,27.44,0.489778819368447,0.239883291901949
4.172,0.634,25.36,0.385478357665772,0.148593564228701
4.189,0.699,27.96,0.519995996533516,0.270395836410885
4.205,0.634,25.36,0.385478357665772,0.148593564228701
4.223,0.505,20.2,0.212813904598271,0.0452897579903621
4.223,0.647,25.88,0.409260659730011,0.167494287602644
4.239,0.544,21.76,0.254683025258504,0.064863443354824
4.257,0.194,7.76,0.0508159442560561,0.0025822601906346
4.257,0.582,23.28,0.303389118419427,0.0920449571753172
4.273,0.324,12.96,0.0924698173938223,0.00855066712884685
4.29,0.44,17.6,0.157761126969935,0.0248885731828239
4.306,0.414,16.56,0.139958732257262,0.0195884467350599
4.306,0.375,15,0.116949939101987,0.0136772882559585
4.323,0.582,23.28,0.303389118419427,0.0920449571753172
4.339,0.246,9.84,0.0645654229034656,0.00416869383470336
4.339,0.556,22.24,0.269153480392692,0.0724435960074991
4.356,0.181,7.24,0.0478630092322639,0.00229086765276777
4.373,0.531,21.24,0.239883291901949,0.0575439937337158
4.389,0.647,25.88,0.409260659730011,0.167494287602644
4.389,0.505,20.2,0.212813904598271,0.0452897579903621
4.407,0.634,25.36,0.385478357665772,0.148593564228701
4.424,0.699,27.96,0.519995996533516,0.270395836410885
4.424,0.608,24.32,0.341979442513709,0.116949939101987
4.441,0.686,27.44,0.489778819368447,0.239883291901949
4.458,0.699,27.96,0.519995996533516,0.270395836410885
4.474,0.673,26.92,0.46131757456038,0.212813904598272
4.474,0.712,28.48,0.552077439280758,0.304789498962799
4.492,0.712,28.48,0.552077439280758,0.304789498962799
4.508,0.712,28.48,0.552077439280758,0.304789498962799
4.508,0.699,27.96,0.519995996533516,0.270395836410885
4.525,0.686,27.44,0.489778819368447,0.239883291901949
4.542,0.712,28.48,0.552077439280758,0.304789498962799
4.542,0.699,27.96,0.519995996533516,0.270395836410885
4.559,0.621,24.84,0.363078054770102,0.131825673855641
4.575,0.699,27.96,0.519995996533516,0.270395836410885
4.591,0.647,25.88,0.409260659730011,0.167494287602644
4.591,0.531,21.24,0.239883291901949,0.0575439937337158
4.607,0.673,26.92,0.46131757456038,0.212813904598272
4.625,0.556,22.24,0.269153480392692,0.0724435960074991
4.642,0.272,10.88,0.0727779804536825,0.00529663443891659
4.642,0.582,23.28,0.303389118419427,0.0920449571753172
4.66,0.375,15,0.116949939101987,0.0136772882559585
4.678,0.414,16.56,0.139958732257262,0.0195884467350599
4.678,0.427,17.08,0.148593564228701,0.022080047330189
4.695,0.336,13.44,0.0977237220955811,0.00954992586021437
4.713,0.569,22.76,0.285759054337495,0.0816582371358593
4.713,0.233,9.32,0.0608135001278718,0.00369828179780267
4.733,0.544,21.76,0.254683025258504,0.064863443354824
4.733,0.647,25.88,0.409260659730011,0.167494287602644
4.75,0.518,20.72,0.225943577022098,0.0510504999975407
4.769,0.634,25.36,0.385478357665772,0.148593564228701
4.769,0.479,19.16,0.188799134909629,0.0356451133426244
4.788,0.608,24.32,0.341979442513709,0.116949939101987
4.805,0.686,27.44,0.489778819368447,0.239883291901949
4.805,0.595,23.8,0.322106879128344,0.103752841581801
4.823,0.673,26.92,0.46131757456038,0.212813904598272
4.841,0.712,28.48,0.552077439280758,0.304789498962799
4.841,0.66,26.4,0.434510224171572,0.18879913490963
4.859,0.699,27.96,0.519995996533516,0.270395836410885
4.876,0.712,28.48,0.552077439280758,0.304789498962799
4.876,0.699,27.96,0.519995996533516,0.270395836410885
4.893,0.712,28.48,0.552077439280758,0.304789498962799
4.911,0.673,26.92,0.46131757456038,0.212813904598272
4.911,0.699,27.96,0.519995996533516,0.270395836410885
4.928,0.686,27.44,0.489778819368447,0.239883291901949
4.944,0.647,25.88,0.409260659730011,0.167494287602644
4.962,0.699,27.96,0.519995996533516,0.270395836410885
4.962,0.66,26.4,0.434510224171572,0.18879913490963
4.981,0.556,22.24,0.269153480392692,0.0724435960074991
4.997,0.673,26.92,0.46131757456038,0.212813904598272
4.997,0.569,22.76,0.285759054337495,0.0816582371358593
5.015,0.324,12.96,0.0924698173938223,0.00855066712884685
5.032,0.608,24.32,0.341979442513709,0.116949939101987
5.033,0.414,16.56,0.139958732257262,0.0195884467350599
5.05,0.349,13.96,0.103752841581801,0.0107646521362984
5.068,0.479,19.16,0.188799134909629,0.0356451133426244
5.068,0.246,9.84,0.0645654229034656,0.00416869383470336
5.085,0.556,22.24,0.269153480392692,0.0724435960074991
5.102,0.349,13.96,0.103752841581801,0.0107646521362984
5.102,0.531,21.24,0.239883291901949,0.0575439937337158
5.12,0.647,25.88,0.409260659730011,0.167494287602644
5.136,0.492,19.68,0.200447202736516,0.040179081084894
5.154,0.634,25.36,0.385478357665772,0.148593564228701
5.155,0.427,17.08,0.148593564228701,0.022080047330189
5.172,0.621,24.84,0.363078054770102,0.131825673855641
5.19,0.686,27.44,0.489778819368447,0.239883291901949
5.19,0.595,23.8,0.322106879128344,0.103752841581801
5.207,0.673,26.92,0.46131757456038,0.212813904598272
5.224,0.712,28.48,0.552077439280758,0.304789498962799
5.224,0.66,26.4,0.434510224171572,0.18879913490963
5.241,0.699,27.96,0.519995996533516,0.270395836410885
5.258,0.699,27.96,0.519995996533516,0.270395836410885
5.258,0.699,27.96,0.519995996533516,0.270395836410885
5.276,0.712,28.48,0.552077439280758,0.304789498962799
5.293,0.686,27.44,0.489778819368447,0.239883291901949
5.293,0.712,28.48,0.552077439280758,0.304789498962799
5.311,0.699,27.96,0.519995996533516,0.270395836410885
5.328,0.647,25.88,0.409260659730011,0.167494287602644
5.328,0.699,27.96,0.519995996533516,0.270395836410885
5.346,0.66,26.4,0.434510224171572,0.18879913490963
5.364,0.569,22.76,0.285759054337495,0.0816582371358593
5.364,0.673,26.92,0.46131757456038,0.212813904598272
5.383,0.582,23.28,0.303389118419427,0.0920449571753172
5.401,0.375,15,0.116949939101987,0.0136772882559585
5.401,0.608,24.32,0.341979442513709,0.116949939101987
5.421,0.492,19.68,0.200447202736516,0.040179081084894
5.44,0.298,11.92,0.0820351544329818,0.00672976656284318
5.44,0.492,19.68,0.200447202736516,0.040179081084894
5.458,0.194,7.76,0.0508159442560561,0.0025822601906346
5.458,0.544,21.76,0.254683025258504,0.064863443354824
5.477,0.207,8.28,0.0539510622515128,0.00291071711806661
5.495,0.492,19.68,0.200447202736516,0.040179081084894
5.495,0.634,25.36,0.385478357665772,0.148593564228701
5.511,0.466,18.64,0.177827941003892,0.0316227766016838
5.528,0.608,24.32,0.341979442513709,0.116949939101987
5.546,0.401,16.04,0.131825673855641,0.0173780082874938
5.546,0.595,23.8,0.322106879128344,0.103752841581801
5.563,0.673,26.92,0.46131757456038,0.212813904598272
5.583,0.569,22.76,0.285759054337495,0.0816582371358593
5.583,0.66,26.4,0.434510224171572,0.18879913490963
5.602,0.699,27.96,0.519995996533516,0.270395836410885
5.602,0.66,26.4,0.434510224171572,0.18879913490963
5.619,0.699,27.96,0.519995996533516,0.270395836410885
5.637,0.712,28.48,0.552077439280758,0.304789498962799
5.637,0.686,27.44,0.489778819368447,0.239883291901949
5.656,0.712,28.48,0.552077439280758,0.304789498962799
5.674,0.686,27.44,0.489778819368447,0.239883291901949
5.674,0.712,28.48,0.552077439280758,0.304789498962799
5.692,0.699,27.96,0.519995996533516,0.270395836410885
5.712,0.66,26.4,0.434510224171572,0.18879913490963
5.712,0.699,27.96,0.519995996533516,0.270395836410885
5.731,0.673,26.92,0.46131757456038,0.212813904598272
5.75,0.582,23.28,0.303389118419427,0.0920449571753172
5.75,0.686,27.44,0.489778819368447,0.239883291901949
5.768,0.595,23.8,0.322106879128344,0.103752841581801
5.785,0.414,16.56,0.139958732257262,0.0195884467350599
5.785,0.634,25.36,0.385478357665772,0.148593564228701
5.803,0.479,19.16,0.188799134909629,0.0356451133426244
5.82,0.272,10.88,0.0727779804536825,0.00529663443891659
5.82,0.518,20.72,0.225943577022098,0.0510504999975407
5.838,0.233,9.32,0.0608135001278718,0.00369828179780267
5.857,0.531,21.24,0.239883291901949,0.0575439937337158
5.857,0.233,9.32,0.0608135001278718,0.00369828179780267
5.876,0.479,19.16,0.188799134909629,0.0356451133426244
5.876,0.621,24.84,0.363078054770102,0.131825673855641
5.893,0.427,17.08,0.148593564228701,0.022080047330189
5.911,0.608,24.32,0.341979442513709,0.116949939101987
5.927,0.349,13.96,0.103752841581801,0.0107646521362984
5.927,0.582,23.28,0.303389118419427,0.0920449571753172
5.945,0.686,27.44,0.489778819368447,0.239883291901949
5.962,0.556,22.24,0.269153480392692,0.0724435960074991
5.962,0.66,26.4,0.434510224171572,0.18879913490963
5.981,0.699,27.96,0.519995996533516,0.270395836410885
6.001,0.647,25.88,0.409260659730011,0.167494287602644
6.001,0.699,27.96,0.519995996533516,0.270395836410885
6.019,0.699,27.96,0.519995996533516,0.270395836410885
6.019,0.699,27.96,0.519995996533516,0.270395836410885
6.037,0.712,28.48,0.552077439280758,0.304789498962799
6.054,0.699,27.96,0.519995996533516,0.270395836410885
6.054,0.712,28.48,0.552077439280758,0.304789498962799
6.072,0.699,27.96,0.519995996533516,0.270395836410885
6.09,0.66,26.4,0.434510224171572,0.18879913490963
6.09,0.712,28.48,0.552077439280758,0.304789498962799
6.107,0.66,26.4,0.434510224171572,0.18879913490963
6.125,0.595,23.8,0.322106879128344,0.103752841581801
6.143,0.686,27.44,0.489778819368447,0.239883291901949
6.143,0.621,24.84,0.363078054770102,0.131825673855641
6.16,0.453,18.12,0.167494287602644,0.0280543363795172
6.179,0.634,25.36,0.385478357665772,0.148593564228701
6.179,0.505,20.2,0.212813904598271,0.0452897579903621
6.197,0.181,7.24,0.0478630092322639,0.00229086765276777
6.197,0.544,21.76,0.254683025258504,0.064863443354824
6.214,0.233,9.32,0.0608135001278718,0.00369828179780267
6.233,0.505,20.2,0.212813904598271,0.0452897579903621
6.233,0.569,22.76,0.285759054337495,0.0816582371358593
6.25,0.453,18.12,0.167494287602644,0.0280543363795172
6.268,0.608,24.32,0.341979442513709,0.116949939101987
6.287,0.388,15.52,0.124165230759241,0.0154170045294956
6.287,0.595,23.8,0.322106879128344,0.103752841581801
6.304,0.285,11.4,0.0772680585095703,0.00597035286583838
6.304,0.569,22.76,0.285759054337495,0.0816582371358593
6.323,0.673,26.92,0.46131757456038,0.212813904598272
6.343,0.531,21.24,0.239883291901949,0.0575439937337158
6.343,0.673,26.92,0.46131757456038,0.212813904598272
6.36,0.699,27.96,0.519995996533516,0.270395836410885
6.38,0.634,25.36,0.385478357665772,0.148593564228701
6.38,0.699,27.96,0.519995996533516,0.270395836410885
6.399,0.712,28.48,0.552077439280758,0.304789498962799
6.416,0.686,27.44,0.489778819368447,0.239883291901949
6.416,0.712,28.48,0.552077439280758,0.304789498962799
6.434,0.712,28.48,0.552077439280758,0.304789498962799
6.452,0.699,27.96,0.519995996533516,0.270395836410885
6.452,0.712,28.48,0.552077439280758,0.304789498962799
6.47,0.673,26.92,0.46131757456038,0.212813904598272
6.488,0.712,28.48,0.552077439280758,0.304789498962799
6.488,0.686,27.44,0.489778819368447,0.239883291901949
6.507,0.608,24.32,0.341979442513709,0.116949939101987
6.507,0.699,27.96,0.519995996533516,0.270395836410885
6.525,0.634,25.36,0.385478357665772,0.148593564228701
6.543,0.492,19.68,0.200447202736516,0.040179081084894
6.543,0.647,25.88,0.409260659730011,0.167494287602644
6.562,0.518,20.72,0.225943577022098,0.0510504999975407
6.582,0.181,7.24,0.0478630092322639,0.00229086765276777
6.582,0.556,22.24,0.269153480392692,0.0724435960074991
6.6,0.233,9.32,0.0608135001278718,0.00369828179780267
6.618,0.479,19.16,0.188799134909629,0.0356451133426244
6.618,0.336,13.44,0.0977237220955811,0.00954992586021437
6.636,0.414,16.56,0.139958732257262,0.0195884467350599
6.654,0.608,24.32,0.341979442513709,0.116949939101987
6.655,0.336,13.44,0.0977237220955811,0.00954992586021437
6.673,0.582,23.28,0.303389118419427,0.0920449571753172
6.673,0.259,10.36,0.0685488226452662,0.00469894108605216
6.692,0.556,22.24,0.269153480392692,0.0724435960074991
6.711,0.66,26.4,0.434510224171572,0.18879913490963
6.711,0.518,20.72,0.225943577022098,0.0510504999975407
6.729,0.647,25.88,0.409260659730011,0.167494287602644
6.748,0.686,27.44,0.489778819368447,0.239883291901949
6.748,0.621,24.84,0.363078054770102,0.131825673855641
6.766,0.686,27.44,0.489778819368447,0.239883291901949
6.784,0.712,28.48,0.552077439280758,0.304789498962799
6.784,0.673,26.92,0.46131757456038,0.212813904598272
6.803,0.699,27.96,0.519995996533516,0.270395836410885
6.822,0.699,27.96,0.519995996533516,0.270395836410885
6.822,0.712,28.48,0.552077439280758,0.304789498962799
6.841,0.699,27.96,0.519995996533516,0.270395836410885
6.841,0.673,26.92,0.46131757456038,0.212813904598272
6.86,0.712,28.48,0.552077439280758,0.304789498962799
6.878,0.686,27.44,0.489778819368447,0.239883291901949
6.878,0.621,24.84,0.363078054770102,0.131825673855641
6.898,0.686,27.44,0.489778819368447,0.239883291901949
6.917,0.634,25.36,0.385478357665772,0.148593564228701
6.917,0.518,20.72,0.225943577022098,0.0510504999975407
6.936,0.647,25.88,0.409260659730011,0.167494287602644
6.936,0.544,21.76,0.254683025258504,0.064863443354824
6.953,0.233,9.32,0.0608135001278718,0.00369828179780267
6.972,0.582,23.28,0.303389118419427,0.0920449571753172
6.972,0.324,12.96,0.0924698173938223,0.00855066712884685
6.991,0.453,18.12,0.167494287602644,0.0280543363795172
7.01,0.388,15.52,0.124165230759241,0.0154170045294956
7.01,0.375,15,0.116949939101987,0.0136772882559585
7.03,0.595,23.8,0.322106879128344,0.103752841581801
7.047,0.285,11.4,0.0772680585095703,0.00597035286583838
7.047,0.569,22.76,0.285759054337495,0.0816582371358593
7.066,0.168,6.72,0.0450816704541461,0.00203235701093622
7.066,0.531,21.24,0.239883291901949,0.0575439937337158
7.084,0.647,25.88,0.409260659730011,0.167494287602644
7.102,0.492,19.68,0.200447202736516,0.040179081084894
7.103,0.634,25.36,0.385478357665772,0.148593564228701
7.121,0.699,27.96,0.519995996533516,0.270395836410885
7.139,0.621,24.84,0.363078054770102,0.131825673855641
7.139,0.686,27.44,0.489778819368447,0.239883291901949
7.157,0.712,28.48,0.552077439280758,0.304789498962799
7.176,0.673,26.92,0.46131757456038,0.212813904598272
7.176,0.712,28.48,0.552077439280758,0.304789498962799
7.193,0.712,28.48,0.552077439280758,0.304789498962799
7.212,0.699,27.96,0.519995996533516,0.270395836410885
7.212,0.712,28.48,0.552077439280758,0.304789498962799
7.23,0.686,27.44,0.489778819368447,0.239883291901949
7.247,0.712,28.48,0.552077439280758,0.304789498962799
7.247,0.686,27.44,0.489778819368447,0.239883291901949
7.267,0.647,25.88,0.409260659730011,0.167494287602644
7.284,0.699,27.96,0.519995996533516,0.270395836410885
7.284,0.647,25.88,0.409260659730011,0.167494287602644
7.303,0.518,20.72,0.225943577022098,0.0510504999975407
7.32,0.66,26.4,0.434510224171572,0.18879913490963
7.32,0.544,21.76,0.254683025258504,0.064863443354824
7.338,0.246,9.84,0.0645654229034656,0.00416869383470336
7.354,0.582,23.28,0.303389118419427,0.0920449571753172
7.354,0.349,13.96,0.103752841581801,0.0107646521362984
7.372,0.414,16.56,0.139958732257262,0.0195884467350599
7.391,0.427,17.08,0.148593564228701,0.022080047330189
7.391,0.324,12.96,0.0924698173938223,0.00855066712884685
7.408,0.569,22.76,0.285759054337495,0.0816582371358593
7.425,0.259,10.36,0.0685488226452662,0.00469894108605216
7.425,0.556,22.24,0.269153480392692,0.0724435960074991
7.443,0.362,14.48,0.110153930954142,0.0121338885046498
7.461,0.518,20.72,0.225943577022098,0.0510504999975407
7.461,0.66,26.4,0.434510224171572,0.18879913490963
7.479,0.479,19.16,0.188799134909629,0.0356451133426244
7.497,0.621,24.84,0.363078054770102,0.131825673855641
7.497,0.686,27.44,0.489778819368447,0.239883291901949
7.766,0.608,24.32,0.341979442513709,0.116949939101987
7.766,0.673,26.92,0.46131757456038,0.212813904598272
7.766,0.712,28.48,0.552077439280758,0.304789498962799
7.766,0.66,26.4,0.434510224171572,0.18879913490963
7.766,0.712,28.48,0.552077439280758,0.304789498962799
7.766,0.712,28.48,0.552077439280758,0.304789498962799
7.766,0.699,27.96,0.519995996533516,0.270395836410885
7.766,0.699,27.96,0.519995996533516,0.270395836410885
7.766,0.686,27.44,0.489778819368447,0.239883291901949
7.766,0.712,28.48,0.552077439280758,0.304789498962799
7.766,0.699,27.96,0.519995996533516,0.270395836410885
7.766,0.634,25.36,0.385478357665772,0.148593564228701
7.766,0.699,27.96,0.519995996533516,0.270395836410885
7.766,0.647,25.88,0.409260659730011,0.167494287602644
7.766,0.569,22.76,0.285759054337495,0.0816582371358593
7.767,0.66,26.4,0.434510224171572,0.18879913490963
7.767,0.569,22.76,0.285759054337495,0.0816582371358593
7.767,0.324,12.96,0.0924698173938223,0.00855066712884685
7.767,0.595,23.8,0.322106879128344,0.103752841581801
7.767,0.388,15.52,0.124165230759241,0.0154170045294956
7.767,0.388,15.52,0.124165230759241,0.0154170045294956
7.767,0.453,18.12,0.167494287602644,0.0280543363795172
7.787,0.621,24.84,0.363078054770102,0.131825673855641
7.787,0.569,22.76,0.285759054337495,0.0816582371358593
7.804,0.207,8.28,0.0539510622515128,0.00291071711806661
7.804,0.531,21.24,0.239883291901949,0.0575439937337158
7.823,0.647,25.88,0.409260659730011,0.167494287602644
7.84,0.505,20.2,0.212813904598271,0.0452897579903621
7.84,0.634,25.36,0.385478357665772,0.148593564228701
7.86,0.44,17.6,0.157761126969935,0.0248885731828239
7.878,0.621,24.84,0.363078054770102,0.131825673855641
7.878,0.686,27.44,0.489778819368447,0.239883291901949
7.895,0.595,23.8,0.322106879128344,0.103752841581801
7.913,0.673,26.92,0.46131757456038,0.212813904598272
7.913,0.712,28.48,0.552077439280758,0.304789498962799
7.933,0.673,26.92,0.46131757456038,0.212813904598272
7.951,0.699,27.96,0.519995996533516,0.270395836410885
7.951,0.712,28.48,0.552077439280758,0.304789498962799
7.969,0.699,27.96,0.519995996533516,0.270395836410885
7.986,0.712,28.48,0.552077439280758,0.304789498962799
7.986,0.686,27.44,0.489778819368447,0.239883291901949
8.005,0.712,28.48,0.552077439280758,0.304789498962799
8.023,0.699,27.96,0.519995996533516,0.270395836410885
8.023,0.634,25.36,0.385478357665772,0.148593564228701
8.041,0.712,28.48,0.552077439280758,0.304789498962799
8.058,0.66,26.4,0.434510224171572,0.18879913490963
8.058,0.556,22.24,0.269153480392692,0.0724435960074991
8.077,0.66,26.4,0.434510224171572,0.18879913490963
8.095,0.582,23.28,0.303389118419427,0.0920449571753172
8.095,0.349,13.96,0.103752841581801,0.0107646521362984
8.113,0.608,24.32,0.341979442513709,0.116949939101987
8.131,0.427,17.08,0.148593564228701,0.022080047330189
8.131,0.324,12.96,0.0924698173938223,0.00855066712884685
8.149,0.479,19.16,0.188799134909629,0.0356451133426244
8.167,0.233,9.32,0.0608135001278718,0.00369828179780267
8.167,0.544,21.76,0.254683025258504,0.064863443354824
8.186,0.168,6.72,0.0450816704541461,0.00203235701093622
8.202,0.505,20.2,0.212813904598271,0.0452897579903621
8.202,0.634,25.36,0.385478357665772,0.148593564228701
8.221,0.466,18.64,0.177827941003892,0.0316227766016838
8.24,0.634,25.36,0.385478357665772,0.148593564228701
8.24,0.414,16.56,0.139958732257262,0.0195884467350599
8.258,0.608,24.32,0.341979442513709,0.116949939101987
8.258,0.673,26.92,0.46131757456038,0.212813904598272
8.277,0.569,22.76,0.285759054337495,0.0816582371358593
8.294,0.66,26.4,0.434510224171572,0.18879913490963
8.294,0.712,28.48,0.552077439280758,0.304789498962799
8.312,0.647,25.88,0.409260659730011,0.167494287602644
8.33,0.699,27.96,0.519995996533516,0.270395836410885
8.33,0.712,28.48,0.552077439280758,0.304789498962799
8.348,0.699,27.96,0.519995996533516,0.270395836410885
8.366,0.712,28.48,0.552077439280758,0.304789498962799
8.366,0.699,27.96,0.519995996533516,0.270395836410885
8.385,0.712,28.48,0.552077439280758,0.304789498962799
8.402,0.699,27.96,0.519995996533516,0.270395836410885
8.402,0.647,25.88,0.409260659730011,0.167494287602644
8.42,0.712,28.48,0.552077439280758,0.304789498962799
8.438,0.673,26.92,0.46131757456038,0.212813904598272
8.438,0.569,22.76,0.285759054337495,0.0816582371358593
8.456,0.686,27.44,0.489778819368447,0.239883291901949
8.474,0.608,24.32,0.341979442513709,0.116949939101987
8.475,0.401,16.04,0.131825673855641,0.0173780082874938
8.492,0.621,24.84,0.363078054770102,0.131825673855641
8.511,0.466,18.64,0.177827941003892,0.0316227766016838
8.511,0.272,10.88,0.0727779804536825,0.00529663443891659
8.529,0.505,20.2,0.212813904598271,0.0452897579903621
8.546,0.22,8.8,0.057279603098583,0.00328095293113119
8.546,0.531,21.24,0.239883291901949,0.0575439937337158
8.564,0.22,8.8,0.057279603098583,0.00328095293113119
8.582,0.505,20.2,0.212813904598271,0.0452897579903621
8.582,0.634,25.36,0.385478357665772,0.148593564228701
8.6,0.453,18.12,0.167494287602644,0.0280543363795172
8.618,0.608,24.32,0.341979442513709,0.116949939101987
8.618,0.388,15.52,0.124165230759241,0.0154170045294956
8.636,0.595,23.8,0.322106879128344,0.103752841581801
8.653,0.673,26.92,0.46131757456038,0.212813904598272
8.654,0.569,22.76,0.285759054337495,0.0816582371358593
8.672,0.673,26.92,0.46131757456038,0.212813904598272
8.689,0.699,27.96,0.519995996533516,0.270395836410885
8.689,0.66,26.4,0.434510224171572,0.18879913490963
8.707,0.699,27.96,0.519995996533516,0.270395836410885
8.725,0.712,28.48,0.552077439280758,0.304789498962799
8.725,0.699,27.96,0.519995996533516,0.270395836410885
8.743,0.712,28.48,0.552077439280758,0.304789498962799
8.761,0.686,27.44,0.489778819368447,0.239883291901949
8.761,0.699,27.96,0.519995996533516,0.270395836410885
8.779,0.712,28.48,0.552077439280758,0.304789498962799
8.796,0.673,26.92,0.46131757456038,0.212813904598272
8.796,0.712,28.48,0.552077439280758,0.304789498962799
8.815,0.673,26.92,0.46131757456038,0.212813904598272
8.832,0.582,23.28,0.303389118419427,0.0920449571753172
8.832,0.686,27.44,0.489778819368447,0.239883291901949
8.85,0.608,24.32,0.341979442513709,0.116949939101987
8.867,0.427,17.08,0.148593564228701,0.022080047330189
8.867,0.621,24.84,0.363078054770102,0.131825673855641
8.885,0.479,19.16,0.188799134909629,0.0356451133426244
8.904,0.22,8.8,0.057279603098583,0.00328095293113119
8.904,0.518,20.72,0.225943577022098,0.0510504999975407
8.921,0.194,7.76,0.0508159442560561,0.0025822601906346
8.94,0.518,20.72,0.225943577022098,0.0510504999975407
8.941,0.259,10.36,0.0685488226452662,0.00469894108605216
8.957,0.453,18.12,0.167494287602644,0.0280543363795172
8.975,0.634,25.36,0.385478357665772,0.148593564228701
8.975,0.401,16.04,0.131825673855641,0.0173780082874938
8.993,0.595,23.8,0.322106879128344,0.103752841581801
9.013,0.336,13.44,0.0977237220955811,0.00954992586021437
9.013,0.569,22.76,0.285759054337495,0.0816582371358593
9.032,0.673,26.92,0.46131757456038,0.212813904598272
9.032,0.556,22.24,0.269153480392692,0.0724435960074991
9.051,0.66,26.4,0.434510224171572,0.18879913490963
9.069,0.699,27.96,0.519995996533516,0.270395836410885
9.069,0.634,25.36,0.385478357665772,0.148593564228701
9.088,0.699,27.96,0.519995996533516,0.270395836410885
9.105,0.712,28.48,0.552077439280758,0.304789498962799
9.105,0.673,26.92,0.46131757456038,0.212813904598272
9.123,0.712,28.48,0.552077439280758,0.304789498962799
9.141,0.712,28.48,0.552077439280758,0.304789498962799
9.141,0.712,28.48,0.552077439280758,0.304789498962799
9.159,0.712,28.48,0.552077439280758,0.304789498962799
9.175,0.673,26.92,0.46131757456038,0.212813904598272
9.175,0.699,27.96,0.519995996533516,0.270395836410885
9.193,0.673,26.92,0.46131757456038,0.212813904598272
9.21,0.608,24.32,0.341979442513709,0.116949939101987
9.21,0.686,27.44,0.489778819368447,0.239883291901949
9.228,0.621,24.84,0.363078054770102,0.131825673855641
9.245,0.44,17.6,0.157761126969935,0.0248885731828239
9.262,0.634,25.36,0.385478357665772,0.148593564228701
9.262,0.505,20.2,0.212813904598271,0.0452897579903621
9.281,0.207,8.28,0.0539510622515128,0.00291071711806661
9.298,0.531,21.24,0.239883291901949,0.0575439937337158
9.298,0.194,7.76,0.0508159442560561,0.0025822601906346
9.315,0.492,19.68,0.200447202736516,0.040179081084894
9.333,0.298,11.92,0.0820351544329818,0.00672976656284318
9.334,0.453,18.12,0.167494287602644,0.0280543363795172
9.35,0.608,24.32,0.341979442513709,0.116949939101987
9.368,0.375,15,0.116949939101987,0.0136772882559585
9.368,0.595,23.8,0.322106879128344,0.103752841581801
9.385,0.285,11.4,0.0772680585095703,0.00597035286583838
9.403,0.569,22.76,0.285759054337495,0.0816582371358593
9.403,0.66,26.4,0.434510224171572,0.18879913490963
9.422,0.556,22.24,0.269153480392692,0.0724435960074991
9.44,0.647,25.88,0.409260659730011,0.167494287602644
9.44,0.699,27.96,0.519995996533516,0.270395836410885
9.458,0.634,25.36,0.385478357665772,0.148593564228701
9.476,0.686,27.44,0.489778819368447,0.239883291901949
9.476,0.712,28.48,0.552077439280758,0.304789498962799
9.496,0.686,27.44,0.489778819368447,0.239883291901949
9.496,0.699,27.96,0.519995996533516,0.270395836410885
9.712,0.712,28.48,0.552077439280758,0.304789498962799
9.713,0.699,27.96,0.519995996533516,0.270395836410885
9.713,0.699,27.96,0.519995996533516,0.270395836410885
9.713,0.673,26.92,0.46131757456038,0.212813904598272
9.713,0.699,27.96,0.519995996533516,0.270395836410885
9.713,0.686,27.44,0.489778819368447,0.239883291901949
9.713,0.608,24.32,0.341979442513709,0.116949939101987
9.713,0.686,27.44,0.489778819368447,0.239883291901949
9.713,0.621,24.84,0.363078054770102,0.131825673855641
9.713,0.492,19.68,0.200447202736516,0.040179081084894
9.713,0.647,25.88,0.409260659730011,0.167494287602644
9.713,0.531,21.24,0.239883291901949,0.0575439937337158
9.713,0.168,6.72,0.0450816704541461,0.00203235701093622
9.713,0.569,22.76,0.285759054337495,0.0816582371358593
9.713,0.259,10.36,0.0685488226452662,0.00469894108605216
9.713,0.479,19.16,0.188799134909629,0.0356451133426244
9.713,0.362,14.48,0.110153930954142,0.0121338885046498
9.713,0.479,19.16,0.188799134909629,0.0356451133426244
9.73,0.608,24.32,0.341979442513709,0.116949939101987
9.748,0.324,12.96,0.0924698173938223,0.00855066712884685
9.748,0.582,23.28,0.303389118419427,0.0920449571753172
9.765,0.259,10.36,0.0685488226452662,0.00469894108605216
9.783,0.556,22.24,0.269153480392692,0.0724435960074991
9.783,0.66,26.4,0.434510224171572,0.18879913490963
9.799,0.492,19.68,0.200447202736516,0.040179081084894
9.816,0.647,25.88,0.409260659730011,0.167494287602644
9.834,0.712,28.48,0.552077439280758,0.304789498962799
9.834,0.634,25.36,0.385478357665772,0.148593564228701
9.851,0.686,27.44,0.489778819368447,0.239883291901949
9.868,0.712,28.48,0.552077439280758,0.304789498962799
9.868,0.686,27.44,0.489778819368447,0.239883291901949
9.885,0.712,28.48,0.552077439280758,0.304789498962799
9.903,0.712,28.48,0.552077439280758,0.304789498962799
9.903,0.712,28.48,0.552077439280758,0.304789498962799
9.921,0.712,28.48,0.552077439280758,0.304789498962799
9.937,0.673,26.92,0.46131757456038,0.212813904598272
9.938,0.712,28.48,0.552077439280758,0.304789498962799
9.954,0.686,27.44,0.489778819368447,0.239883291901949
9.972,0.621,24.84,0.363078054770102,0.131825673855641
9.99,0.699,27.96,0.519995996533516,0.270395836410885
9.99,0.634,25.36,0.385478357665772,0.148593564228701
10.008,0.505,20.2,0.212813904598271,0.0452897579903621
10.025,0.647,25.88,0.409260659730011,0.167494287602644
10.025,0.531,21.24,0.239883291901949,0.0575439937337158
10.042,0.194,7.76,0.0508159442560561,0.0025822601906346
10.059,0.569,22.76,0.285759054337495,0.0816582371358593
10.059,0.311,12.44,0.0870963589956081,0.00758577575029184
10.076,0.44,17.6,0.157761126969935,0.0248885731828239
10.095,0.401,16.04,0.131825673855641,0.0173780082874938
10.095,0.388,15.52,0.124165230759241,0.0154170045294956
10.113,0.582,23.28,0.303389118419427,0.0920449571753172
10.13,0.298,11.92,0.0820351544329818,0.00672976656284318
10.13,0.556,22.24,0.269153480392692,0.0724435960074991
10.147,0.207,8.28,0.0539510622515128,0.00291071711806661
10.164,0.531,21.24,0.239883291901949,0.0575439937337158
10.164,0.647,25.88,0.409260659730011,0.167494287602644
10.182,0.492,19.68,0.200447202736516,0.040179081084894
10.199,0.634,25.36,0.385478357665772,0.148593564228701
10.199,0.699,27.96,0.519995996533516,0.270395836410885
10.217,0.621,24.84,0.363078054770102,0.131825673855641
10.234,0.712,28.48,0.552077439280758,0.304789498962799
10.235,0.712,28.48,0.552077439280758,0.304789498962799
10.252,0.673,26.92,0.46131757456038,0.212813904598272
10.27,0.699,27.96,0.519995996533516,0.270395836410885
10.27,0.699,27.96,0.519995996533516,0.270395836410885
10.287,0.699,27.96,0.519995996533516,0.270395836410885
10.305,0.712,28.48,0.552077439280758,0.304789498962799
10.324,0.686,27.44,0.489778819368447,0.239883291901949
10.324,0.712,28.48,0.552077439280758,0.304789498962799
10.343,0.699,27.96,0.519995996533516,0.270395836410885
10.343,0.621,24.84,0.363078054770102,0.131825673855641
10.361,0.699,27.96,0.519995996533516,0.270395836410885
10.378,0.647,25.88,0.409260659730011,0.167494287602644
10.378,0.531,21.24,0.239883291901949,0.0575439937337158
10.397,0.66,26.4,0.434510224171572,0.18879913490963
10.415,0.556,22.24,0.269153480392692,0.0724435960074991
10.415,0.246,9.84,0.0645654229034656,0.00416869383470336
10.434,0.582,23.28,0.303389118419427,0.0920449571753172
10.453,0.349,13.96,0.103752841581801,0.0107646521362984
10.453,0.414,16.56,0.139958732257262,0.0195884467350599
10.471,0.44,17.6,0.157761126969935,0.0248885731828239
10.489,0.492,19.68,0.200447202736516,0.040179081084894
10.489,0.582,23.28,0.303389118419427,0.0920449571753172
10.507,0.22,8.8,0.057279603098583,0.00328095293113119
10.526,0.544,21.76,0.254683025258504,0.064863443354824
10.526,0.66,26.4,0.434510224171572,0.18879913490963
10.543,0.595,23.8,0.322106879128344,0.103752841581801
10.561,0.647,25.88,0.409260659730011,0.167494287602644
10.561,0.479,19.16,0.188799134909629,0.0356451133426244
10.577,0.621,24.84,0.363078054770102,0.131825673855641
10.596,0.686,27.44,0.489778819368447,0.239883291901949
10.596,0.608,24.32,0.341979442513709,0.116949939101987
10.612,0.686,27.44,0.489778819368447,0.239883291901949
10.63,0.712,28.48,0.552077439280758,0.304789498962799
10.63,0.673,26.92,0.46131757456038,0.212813904598272
10.648,0.712,28.48,0.552077439280758,0.304789498962799
10.665,0.712,28.48,0.552077439280758,0.304789498962799
10.665,0.712,28.48,0.552077439280758,0.304789498962799
10.682,0.712,28.48,0.552077439280758,0.304789498962799
10.7,0.686,27.44,0.489778819368447,0.239883291901949
10.7,0.712,28.48,0.552077439280758,0.304789498962799
10.717,0.686,27.44,0.489778819368447,0.239883291901949
10.734,0.634,25.36,0.385478357665772,0.148593564228701
10.752,0.712,28.48,0.552077439280758,0.304789498962799
10.752,0.66,26.4,0.434510224171572,0.18879913490963
10.769,0.544,21.76,0.254683025258504,0.064863443354824
10.787,0.686,27.44,0.489778819368447,0.239883291901949
10.787,0.569,22.76,0.285759054337495,0.0816582371358593
10.804,0.311,12.44,0.0870963589956081,0.00758577575029184
10.822,0.582,23.28,0.303389118419427,0.0920449571753172
10.822,0.401,16.04,0.131825673855641,0.0173780082874938
10.84,0.349,13.96,0.103752841581801,0.0107646521362984
10.857,0.453,18.12,0.167494287602644,0.0280543363795172
10.857,0.259,10.36,0.0685488226452662,0.00469894108605216
10.875,0.556,22.24,0.269153480392692,0.0724435960074991
10.893,0.155,6.2,0.0424619563946313,0.00180301774085957
10.893,0.531,21.24,0.239883291901949,0.0575439937337158
10.912,0.66,26.4,0.434510224171572,0.18879913490963
10.932,0.505,20.2,0.212813904598271,0.0452897579903621
10.932,0.634,25.36,0.385478357665772,0.148593564228701
10.95,0.427,17.08,0.148593564228701,0.022080047330189
10.95,0.621,24.84,0.363078054770102,0.131825673855641
10.97,0.686,27.44,0.489778819368447,0.239883291901949
10.988,0.582,23.28,0.303389118419427,0.0920449571753172
10.988,0.673,26.92,0.46131757456038,0.212813904598272
11.007,0.712,28.48,0.552077439280758,0.304789498962799
11.026,0.66,26.4,0.434510224171572,0.18879913490963
11.026,0.712,28.48,0.552077439280758,0.304789498962799
11.043,0.712,28.48,0.552077439280758,0.304789498962799
11.061,0.712,28.48,0.552077439280758,0.304789498962799
11.061,0.712,28.48,0.552077439280758,0.304789498962799
11.079,0.699,27.96,0.519995996533516,0.270395836410885
11.097,0.712,28.48,0.552077439280758,0.304789498962799
11.097,0.699,27.96,0.519995996533516,0.270395836410885
11.114,0.647,25.88,0.409260659730011,0.167494287602644
11.133,0.699,27.96,0.519995996533516,0.270395836410885
11.133,0.66,26.4,0.434510224171572,0.18879913490963
11.152,0.556,22.24,0.269153480392692,0.0724435960074991
11.152,0.673,26.92,0.46131757456038,0.212813904598272
11.169,0.582,23.28,0.303389118419427,0.0920449571753172
11.188,0.466,18.64,0.177827941003892,0.0316227766016838
11.188,0.621,24.84,0.363078054770102,0.131825673855641
11.206,0.44,17.6,0.157761126969935,0.0248885731828239
11.224,0.324,12.96,0.0924698173938223,0.00855066712884685
11.224,0.492,19.68,0.200447202736516,0.040179081084894
11.243,0.207,8.28,0.0539510622515128,0.00291071711806661
11.262,0.582,23.28,0.303389118419427,0.0920449571753172
11.262,0.168,6.72,0.0450816704541461,0.00203235701093622
11.279,0.518,20.72,0.225943577022098,0.0510504999975407
11.297,0.647,25.88,0.409260659730011,0.167494287602644
11.297,0.479,19.16,0.188799134909629,0.0356451133426244
11.314,0.621,24.84,0.363078054770102,0.131825673855641
11.333,0.427,17.08,0.148593564228701,0.022080047330189
11.333,0.608,24.32,0.341979442513709,0.116949939101987
11.35,0.673,26.92,0.46131757456038,0.212813904598272
11.369,0.595,23.8,0.322106879128344,0.103752841581801
11.369,0.673,26.92,0.46131757456038,0.212813904598272
11.386,0.699,27.96,0.519995996533516,0.270395836410885
11.404,0.66,26.4,0.434510224171572,0.18879913490963
11.404,0.699,27.96,0.519995996533516,0.270395836410885
11.42,0.699,27.96,0.519995996533516,0.270395836410885
11.438,0.699,27.96,0.519995996533516,0.270395836410885
11.438,0.712,28.48,0.552077439280758,0.304789498962799
11.454,0.686,27.44,0.489778819368447,0.239883291901949
11.472,0.712,28.48,0.552077439280758,0.304789498962799
11.489,0.699,27.96,0.519995996533516,0.270395836410885
11.489,0.66,26.4,0.434510224171572,0.18879913490963
11.507,0.699,27.96,0.519995996533516,0.270395836410885
11.525,0.66,26.4,0.434510224171572,0.18879913490963
11.525,0.569,22.76,0.285759054337495,0.0816582371358593
11.544,0.673,26.92,0.46131757456038,0.212813904598272
11.562,0.595,23.8,0.322106879128344,0.103752841581801
11.562,0.621,24.84,0.363078054770102,0.131825673855641
11.578,0.621,24.84,0.363078054770102,0.131825673855641
11.596,0.466,18.64,0.177827941003892,0.0316227766016838
11.596,0.272,10.88,0.0727779804536825,0.00529663443891659
11.612,0.505,20.2,0.212813904598271,0.0452897579903621
11.63,0.168,6.72,0.0450816704541461,0.00203235701093622
11.63,0.531,21.24,0.239883291901949,0.0575439937337158
11.647,0.207,8.28,0.0539510622515128,0.00291071711806661
11.664,0.492,19.68,0.200447202736516,0.040179081084894
11.664,0.634,25.36,0.385478357665772,0.148593564228701
11.682,0.44,17.6,0.157761126969935,0.0248885731828239
11.699,0.608,24.32,0.341979442513709,0.116949939101987
11.699,0.362,14.48,0.110153930954142,0.0121338885046498
11.717,0.582,23.28,0.303389118419427,0.0920449571753172
11.736,0.673,26.92,0.46131757456038,0.212813904598272
11.736,0.569,22.76,0.285759054337495,0.0816582371358593
11.753,0.66,26.4,0.434510224171572,0.18879913490963
11.771,0.699,27.96,0.519995996533516,0.270395836410885
11.771,0.66,26.4,0.434510224171572,0.18879913490963
11.79,0.699,27.96,0.519995996533516,0.270395836410885
11.809,0.712,28.48,0.552077439280758,0.304789498962799
11.809,0.686,27.44,0.489778819368447,0.239883291901949
11.825,0.712,28.48,0.552077439280758,0.304789498962799
11.843,0.699,27.96,0.519995996533516,0.270395836410885
11.843,0.712,28.48,0.552077439280758,0.304789498962799
11.86,0.712,28.48,0.552077439280758,0.304789498962799
11.878,0.66,26.4,0.434510224171572,0.18879913490963
11.878,0.712,28.48,0.552077439280758,0.304789498962799
11.896,0.673,26.92,0.46131757456038,0.212813904598272
11.914,0.595,23.8,0.322106879128344,0.103752841581801
11.914,0.686,27.44,0.489778819368447,0.239883291901949
11.931,0.608,24.32,0.341979442513709,0.116949939101987
11.949,0.427,17.08,0.148593564228701,0.022080047330189
11.966,0.634,25.36,0.385478357665772,0.148593564228701
11.966,0.492,19.68,0.200447202736516,0.040179081084894
11.983,0.259,10.36,0.0685488226452662,0.00469894108605216
12,0.531,21.24,0.239883291901949,0.0575439937337158
12,0.155,6.2,0.0424619563946313,0.00180301774085957
12.018,0.505,20.2,0.212813904598271,0.0452897579903621
12.035,0.259,10.36,0.0685488226452662,0.00469894108605216
12.035,0.479,19.16,0.188799134909629,0.0356451133426244
12.051,0.621,24.84,0.363078054770102,0.131825673855641
12.069,0.427,17.08,0.148593564228701,0.022080047330189
12.069,0.595,23.8,0.322106879128344,0.103752841581801
12.087,0.349,13.96,0.103752841581801,0.0107646521362984
12.105,0.582,23.28,0.303389118419427,0.0920449571753172
12.105,0.66,26.4,0.434510224171572,0.18879913490963
12.121,0.544,21.76,0.254683025258504,0.064863443354824
12.139,0.66,26.4,0.434510224171572,0.18879913490963
12.157,0.699,27.96,0.519995996533516,0.270395836410885
12.157,0.647,25.88,0.409260659730011,0.167494287602644
12.174,0.699,27.96,0.519995996533516,0.270395836410885
12.191,0.712,28.48,0.552077439280758,0.304789498962799
12.191,0.686,27.44,0.489778819368447,0.239883291901949
12.208,0.712,28.48,0.552077439280758,0.304789498962799
12.225,0.712,28.48,0.552077439280758,0.304789498962799
12.225,0.699,27.96,0.519995996533516,0.270395836410885
12.243,0.699,27.96,0.519995996533516,0.270395836410885
12.26,0.673,26.92,0.46131757456038,0.212813904598272
12.26,0.699,27.96,0.519995996533516,0.270395836410885
12.278,0.686,27.44,0.489778819368447,0.239883291901949
12.294,0.608,24.32,0.341979442513709,0.116949939101987
12.294,0.686,27.44,0.489778819368447,0.239883291901949
12.312,0.608,24.32,0.341979442513709,0.116949939101987
12.33,0.466,18.64,0.177827941003892,0.0316227766016838
12.348,0.634,25.36,0.385478357665772,0.148593564228701
12.348,0.505,20.2,0.212813904598271,0.0452897579903621
12.366,0.194,7.76,0.0508159442560561,0.0025822601906346
12.383,0.544,21.76,0.254683025258504,0.064863443354824
12.383,0.207,8.28,0.0539510622515128,0.00291071711806661
12.4,0.492,19.68,0.200447202736516,0.040179081084894
12.417,0.324,12.96,0.0924698173938223,0.00855066712884685
12.417,0.44,17.6,0.157761126969935,0.0248885731828239
12.434,0.608,24.32,0.341979442513709,0.116949939101987
12.452,0.362,14.48,0.110153930954142,0.0121338885046498
12.452,0.595,23.8,0.322106879128344,0.103752841581801
12.469,0.246,9.84,0.0645654229034656,0.00416869383470336
12.486,0.569,22.76,0.285759054337495,0.0816582371358593
12.486,0.66,26.4,0.434510224171572,0.18879913490963
12.504,0.544,21.76,0.254683025258504,0.064863443354824
12.522,0.66,26.4,0.434510224171572,0.18879913490963
12.522,0.699,27.96,0.519995996533516,0.270395836410885
12.539,0.634,25.36,0.385478357665772,0.148593564228701
12.556,0.699,27.96,0.519995996533516,0.270395836410885
12.556,0.712,28.48,0.552077439280758,0.304789498962799
12.573,0.686,27.44,0.489778819368447,0.239883291901949
12.592,0.699,27.96,0.519995996533516,0.270395836410885
12.608,0.712,28.48,0.552077439280758,0.304789498962799
12.608,0.712,28.48,0.552077439280758,0.304789498962799
12.626,0.712,28.48,0.552077439280758,0.304789498962799
12.642,0.673,26.92,0.46131757456038,0.212813904598272
12.642,0.712,28.48,0.552077439280758,0.304789498962799
12.659,0.686,27.44,0.489778819368447,0.239883291901949
12.677,0.608,24.32,0.341979442513709,0.116949939101987
12.677,0.686,27.44,0.489778819368447,0.239883291901949
12.695,0.673,26.92,0.46131757456038,0.212813904598272
12.712,0.505,20.2,0.212813904598271,0.0452897579903621
12.712,0.647,25.88,0.409260659730011,0.167494287602644
12.731,0.531,21.24,0.239883291901949,0.0575439937337158
12.748,0.207,8.28,0.0539510622515128,0.00291071711806661
12.749,0.556,22.24,0.269153480392692,0.0724435960074991
12.766,0.259,10.36,0.0685488226452662,0.00469894108605216
12.783,0.453,18.12,0.167494287602644,0.0280543363795172
12.783,0.569,22.76,0.285759054337495,0.0816582371358593
12.8,0.647,25.88,0.409260659730011,0.167494287602644
12.818,0.595,23.8,0.322106879128344,0.103752841581801
12.835,0.349,13.96,0.103752841581801,0.0107646521362984
12.835,0.569,22.76,0.285759054337495,0.0816582371358593
12.855,0.233,9.32,0.0608135001278718,0.00369828179780267
12.855,0.556,22.24,0.269153480392692,0.0724435960074991
12.874,0.66,26.4,0.434510224171572,0.18879913490963
12.89,0.518,20.72,0.225943577022098,0.0510504999975407
12.89,0.634,25.36,0.385478357665772,0.148593564228701
12.909,0.686,27.44,0.489778819368447,0.239883291901949
12.928,0.634,25.36,0.385478357665772,0.148593564228701
12.928,0.686,27.44,0.489778819368447,0.239883291901949
12.945,0.712,28.48,0.552077439280758,0.304789498962799
12.963,0.686,27.44,0.489778819368447,0.239883291901949
12.963,0.699,27.96,0.519995996533516,0.270395836410885
12.982,0.699,27.96,0.519995996533516,0.270395836410885
12.999,0.699,27.96,0.519995996533516,0.270395836410885
12.999,0.699,27.96,0.519995996533516,0.270395836410885
13.016,0.686,27.44,0.489778819368447,0.239883291901949
13.034,0.712,28.48,0.552077439280758,0.304789498962799
13.034,0.686,27.44,0.489778819368447,0.239883291901949
13.051,0.621,24.84,0.363078054770102,0.131825673855641
13.068,0.699,27.96,0.519995996533516,0.270395836410885
13.068,0.647,25.88,0.409260659730011,0.167494287602644
13.086,0.505,20.2,0.212813904598271,0.0452897579903621
13.104,0.647,25.88,0.409260659730011,0.167494287602644
13.12,0.556,22.24,0.269153480392692,0.0724435960074991
13.122,0.207,8.28,0.0539510622515128,0.00291071711806661
13.138,0.569,22.76,0.285759054337495,0.0816582371358593
13.155,0.324,12.96,0.0924698173938223,0.00855066712884685
13.155,0.44,17.6,0.157761126969935,0.0248885731828239
13.173,0.401,16.04,0.131825673855641,0.0173780082874938
13.189,0.375,15,0.116949939101987,0.0136772882559585
13.189,0.595,23.8,0.322106879128344,0.103752841581801
13.206,0.272,10.88,0.0727779804536825,0.00529663443891659
13.224,0.556,22.24,0.269153480392692,0.0724435960074991
13.224,0.168,6.72,0.0450816704541461,0.00203235701093622
13.241,0.544,21.76,0.254683025258504,0.064863443354824
13.259,0.647,25.88,0.409260659730011,0.167494287602644
13.276,0.492,19.68,0.200447202736516,0.040179081084894
13.276,0.634,25.36,0.385478357665772,0.148593564228701
13.293,0.699,27.96,0.519995996533516,0.270395836410885
13.31,0.608,24.32,0.341979442513709,0.116949939101987
13.31,0.686,27.44,0.489778819368447,0.239883291901949
13.327,0.712,28.48,0.552077439280758,0.304789498962799
13.344,0.686,27.44,0.489778819368447,0.239883291901949
13.344,0.712,28.48,0.552077439280758,0.304789498962799
13.362,0.712,28.48,0.552077439280758,0.304789498962799
13.38,0.699,27.96,0.519995996533516,0.270395836410885
13.38,0.699,27.96,0.519995996533516,0.270395836410885
13.398,0.686,27.44,0.489778819368447,0.239883291901949
13.415,0.725,29,0.586138164514029,0.343557947899875
13.415,0.699,27.96,0.519995996533516,0.270395836410885
13.432,0.634,25.36,0.385478357665772,0.148593564228701
13.449,0.699,27.96,0.519995996533516,0.270395836410885
13.467,0.634,25.36,0.385478357665772,0.148593564228701
13.467,0.544,21.76,0.254683025258504,0.064863443354824
13.484,0.66,26.4,0.434510224171572,0.18879913490963
13.501,0.556,22.24,0.269153480392692,0.0724435960074991
13.501,0.285,11.4,0.0772680585095703,0.00597035286583838
13.519,0.582,23.28,0.303389118419427,0.0920449571753172
13.537,0.375,15,0.116949939101987,0.0136772882559585
13.537,0.388,15.52,0.124165230759241,0.0154170045294956
13.556,0.44,17.6,0.157761126969935,0.0248885731828239
13.573,0.324,12.96,0.0924698173938223,0.00855066712884685
13.573,0.582,23.28,0.303389118419427,0.0920449571753172
13.591,0.22,8.8,0.057279603098583,0.00328095293113119
13.608,0.544,21.76,0.254683025258504,0.064863443354824
13.608,0.66,26.4,0.434510224171572,0.18879913490963
13.625,0.518,20.72,0.225943577022098,0.0510504999975407
13.642,0.634,25.36,0.385478357665772,0.148593564228701
13.642,0.466,18.64,0.177827941003892,0.0316227766016838
13.66,0.621,24.84,0.363078054770102,0.131825673855641
13.678,0.686,27.44,0.489778819368447,0.239883291901949
13.678,0.595,23.8,0.322106879128344,0.103752841581801
13.696,0.686,27.44,0.489778819368447,0.239883291901949
13.715,0.712,28.48,0.552077439280758,0.304789498962799
13.715,0.66,26.4,0.434510224171572,0.18879913490963
13.731,0.712,28.48,0.552077439280758,0.304789498962799
13.749,0.699,27.96,0.519995996533516,0.270395836410885
13.749,0.699,27.96,0.519995996533516,0.270395836410885
13.766,0.699,27.96,0.519995996533516,0.270395836410885
13.784,0.686,27.44,0.489778819368447,0.239883291901949
13.784,0.699,27.96,0.519995996533516,0.270395836410885
13.801,0.699,27.96,0.519995996533516,0.270395836410885
13.818,0.647,25.88,0.409260659730011,0.167494287602644
13.835,0.699,27.96,0.519995996533516,0.270395836410885
13.835,0.66,26.4,0.434510224171572,0.18879913490963
13.853,0.544,21.76,0.254683025258504,0.064863443354824
13.87,0.66,26.4,0.434510224171572,0.18879913490963
13.87,0.569,22.76,0.285759054337495,0.0816582371358593
13.888,0.311,12.44,0.0870963589956081,0.00758577575029184
13.907,0.608,24.32,0.341979442513709,0.116949939101987
13.907,0.401,16.04,0.131825673855641,0.0173780082874938
13.928,0.375,15,0.116949939101987,0.0136772882559585
13.928,0.466,18.64,0.177827941003892,0.0316227766016838
13.946,0.272,10.88,0.0727779804536825,0.00529663443891659
13.963,0.556,22.24,0.269153480392692,0.0724435960074991
13.963,0.168,6.72,0.0450816704541461,0.00203235701093622
13.981,0.531,21.24,0.239883291901949,0.0575439937337158
13.998,0.647,25.88,0.409260659730011,0.167494287602644
13.998,0.492,19.68,0.200447202736516,0.040179081084894
14.016,0.621,24.84,0.363078054770102,0.131825673855641
14.033,0.44,17.6,0.157761126969935,0.0248885731828239
14.033,0.608,24.32,0.341979442513709,0.116949939101987
14.051,0.686,27.44,0.489778819368447,0.239883291901949
14.069,0.595,23.8,0.322106879128344,0.103752841581801
14.086,0.673,26.92,0.46131757456038,0.212813904598272
14.087,0.699,27.96,0.519995996533516,0.270395836410885
14.103,0.66,26.4,0.434510224171572,0.18879913490963
14.122,0.699,27.96,0.519995996533516,0.270395836410885
14.122,0.712,28.48,0.552077439280758,0.304789498962799
14.139,0.699,27.96,0.519995996533516,0.270395836410885
14.156,0.712,28.48,0.552077439280758,0.304789498962799
14.156,0.686,27.44,0.489778819368447,0.239883291901949
14.174,0.712,28.48,0.552077439280758,0.304789498962799
14.192,0.699,27.96,0.519995996533516,0.270395836410885
14.192,0.647,25.88,0.409260659730011,0.167494287602644
14.209,0.699,27.96,0.519995996533516,0.270395836410885
14.227,0.66,26.4,0.434510224171572,0.18879913490963
14.227,0.569,22.76,0.285759054337495,0.0816582371358593
14.244,0.673,26.92,0.46131757456038,0.212813904598272
14.262,0.595,23.8,0.322106879128344,0.103752841581801
14.262,0.388,15.52,0.124165230759241,0.0154170045294956
14.279,0.608,24.32,0.341979442513709,0.116949939101987
14.296,0.453,18.12,0.167494287602644,0.0280543363795172
14.296,0.311,12.44,0.0870963589956081,0.00758577575029184
14.314,0.492,19.68,0.200447202736516,0.040179081084894
14.331,0.194,7.76,0.0508159442560561,0.0025822601906346
14.331,0.556,22.24,0.269153480392692,0.0724435960074991
14.349,0.155,6.2,0.0424619563946313,0.00180301774085957
14.366,0.505,20.2,0.212813904598271,0.0452897579903621
14.384,0.634,25.36,0.385478357665772,0.148593564228701
14.384,0.466,18.64,0.177827941003892,0.0316227766016838
14.402,0.621,24.84,0.363078054770102,0.131825673855641
14.418,0.401,16.04,0.131825673855641,0.0173780082874938
14.419,0.608,24.32,0.341979442513709,0.116949939101987
14.437,0.686,27.44,0.489778819368447,0.239883291901949
14.456,0.582,23.28,0.303389118419427,0.0920449571753172
14.456,0.66,26.4,0.434510224171572,0.18879913490963
14.473,0.712,28.48,0.552077439280758,0.304789498962799
14.491,0.66,26.4,0.434510224171572,0.18879913490963
14.491,0.712,28.48,0.552077439280758,0.304789498962799
14.509,0.712,28.48,0.552077439280758,0.304789498962799
14.527,0.699,27.96,0.519995996533516,0.270395836410885
14.527,0.699,27.96,0.519995996533516,0.270395836410885
14.543,0.686,27.44,0.489778819368447,0.239883291901949
14.562,0.712,28.48,0.552077439280758,0.304789498962799
14.562,0.699,27.96,0.519995996533516,0.270395836410885
14.58,0.647,25.88,0.409260659730011,0.167494287602644
14.597,0.699,27.96,0.519995996533516,0.270395836410885
14.597,0.673,26.92,0.46131757456038,0.212813904598272
14.614,0.569,22.76,0.285759054337495,0.0816582371358593
14.631,0.686,27.44,0.489778819368447,0.239883291901949
14.631,0.647,25.88,0.409260659730011,0.167494287602644
14.649,0.388,15.52,0.124165230759241,0.0154170045294956
14.667,0.621,24.84,0.363078054770102,0.131825673855641
14.667,0.453,18.12,0.167494287602644,0.0280543363795172
14.686,0.272,10.88,0.0727779804536825,0.00529663443891659
14.705,0.505,20.2,0.212813904598271,0.0452897579903621
14.705,0.155,6.2,0.0424619563946313,0.00180301774085957
14.723,0.531,21.24,0.239883291901949,0.0575439937337158
14.74,0.207,8.28,0.0539510622515128,0.00291071711806661
14.74,0.492,19.68,0.200447202736516,0.040179081084894
14.759,0.634,25.36,0.385478357665772,0.148593564228701
14.779,0.44,17.6,0.157761126969935,0.0248885731828239
14.779,0.608,24.32,0.341979442513709,0.116949939101987
14.797,0.362,14.48,0.110153930954142,0.0121338885046498
14.797,0.595,23.8,0.322106879128344,0.103752841581801
14.814,0.673,26.92,0.46131757456038,0.212813904598272
14.832,0.556,22.24,0.269153480392692,0.0724435960074991
14.832,0.66,26.4,0.434510224171572,0.18879913490963
14.849,0.699,27.96,0.519995996533516,0.270395836410885
14.867,0.634,25.36,0.385478357665772,0.148593564228701
14.884,0.699,27.96,0.519995996533516,0.270395836410885
14.884,0.712,28.48,0.552077439280758,0.304789498962799
14.903,0.699,27.96,0.519995996533516,0.270395836410885
14.903,0.699,27.96,0.519995996533516,0.270395836410885
14.921,0.686,27.44,0.489778819368447,0.239883291901949
14.939,0.712,28.48,0.552077439280758,0.304789498962799
14.956,0.699,27.96,0.519995996533516,0.270395836410885
14.956,0.66,26.4,0.434510224171572,0.18879913490963
14.975,0.712,28.48,0.552077439280758,0.304789498962799
14.975,0.673,26.92,0.46131757456038,0.212813904598272
14.994,0.595,23.8,0.322106879128344,0.103752841581801
15.012,0.686,27.44,0.489778819368447,0.239883291901949
15.012,0.608,24.32,0.341979442513709,0.116949939101987
15.032,0.453,18.12,0.167494287602644,0.0280543363795172
15.05,0.634,25.36,0.385478357665772,0.148593564228701
15.05,0.492,19.68,0.200447202736516,0.040179081084894
15.067,0.181,7.24,0.0478630092322639,0.00229086765276777
15.086,0.531,21.24,0.239883291901949,0.0575439937337158
15.086,0.194,7.76,0.0508159442560561,0.0025822601906346
15.104,0.505,20.2,0.212813904598271,0.0452897579903621
15.121,0.272,10.88,0.0727779804536825,0.00529663443891659
15.122,0.466,18.64,0.177827941003892,0.0316227766016838
15.14,0.634,25.36,0.385478357665772,0.148593564228701
15.164,0.595,23.8,0.322106879128344,0.103752841581801
15.164,0.608,24.32,0.341979442513709,0.116949939101987
15.19,0.324,12.96,0.0924698173938223,0.00855066712884685
15.19,0.556,22.24,0.269153480392692,0.0724435960074991
15.19,0.66,26.4,0.434510224171572,0.18879913490963
15.208,0.531,21.24,0.239883291901949,0.0575439937337158
15.227,0.647,25.88,0.409260659730011,0.167494287602644
15.227,0.699,27.96,0.519995996533516,0.270395836410885
15.249,0.647,25.88,0.409260659730011,0.167494287602644
15.249,0.699,27.96,0.519995996533516,0.270395836410885
15.266,0.699,27.96,0.519995996533516,0.270395836410885
15.284,0.686,27.44,0.489778819368447,0.239883291901949
15.284,0.712,28.48,0.552077439280758,0.304789498962799
15.302,0.712,28.48,0.552077439280758,0.304789498962799
15.32,0.712,28.48,0.552077439280758,0.304789498962799
15.32,0.699,27.96,0.519995996533516,0.270395836410885
15.338,0.66,26.4,0.434510224171572,0.18879913490963
15.356,0.699,27.96,0.519995996533516,0.270395836410885
15.356,0.66,26.4,0.434510224171572,0.18879913490963
15.375,0.595,23.8,0.322106879128344,0.103752841581801
15.393,0.686,27.44,0.489778819368447,0.239883291901949
15.393,0.621,24.84,0.363078054770102,0.131825673855641
15.41,0.479,19.16,0.188799134909629,0.0356451133426244
15.429,0.647,25.88,0.409260659730011,0.167494287602644
15.429,0.518,20.72,0.225943577022098,0.0510504999975407
15.446,0.181,7.24,0.0478630092322639,0.00229086765276777
15.464,0.544,21.76,0.254683025258504,0.064863443354824
15.464,0.22,8.8,0.057279603098583,0.00328095293113119
15.483,0.479,19.16,0.188799134909629,0.0356451133426244
15.501,0.311,12.44,0.0870963589956081,0.00758577575029184
15.501,0.414,16.56,0.139958732257262,0.0195884467350599
15.519,0.608,24.32,0.341979442513709,0.116949939101987
15.539,0.362,14.48,0.110153930954142,0.0121338885046498
15.539,0.595,23.8,0.322106879128344,0.103752841581801
15.557,0.285,11.4,0.0772680585095703,0.00597035286583838
15.557,0.582,23.28,0.303389118419427,0.0920449571753172
15.577,0.712,28.48,0.552077439280758,0.304789498962799
15.595,0.556,22.24,0.269153480392692,0.0724435960074991
15.595,0.66,26.4,0.434510224171572,0.18879913490963
15.614,0.699,27.96,0.519995996533516,0.270395836410885
15.633,0.595,23.8,0.322106879128344,0.103752841581801
15.633,0.634,25.36,0.385478357665772,0.148593564228701
15.651,0.647,25.88,0.409260659730011,0.167494287602644
15.669,0.595,23.8,0.322106879128344,0.103752841581801
15.669,0.634,25.36,0.385478357665772,0.148593564228701
15.687,0.608,24.32,0.341979442513709,0.116949939101987
15.705,0.595,23.8,0.322106879128344,0.103752841581801
15.705,0.608,24.32,0.341979442513709,0.116949939101987
15.723,0.569,22.76,0.285759054337495,0.0816582371358593
15.741,0.621,24.84,0.363078054770102,0.131825673855641
15.741,0.608,24.32,0.341979442513709,0.116949939101987
15.761,0.544,21.76,0.254683025258504,0.064863443354824
15.761,0.621,24.84,0.363078054770102,0.131825673855641
15.78,0.582,23.28,0.303389118419427,0.0920449571753172
15.798,0.453,18.12,0.167494287602644,0.0280543363795172
15.798,0.608,24.32,0.341979442513709,0.116949939101987
15.816,0.505,20.2,0.212813904598271,0.0452897579903621
15.835,0.194,7.76,0.0508159442560561,0.0025822601906346
15.835,0.544,21.76,0.254683025258504,0.064863443354824
15.854,0.285,11.4,0.0772680585095703,0.00597035286583838
15.873,0.595,23.8,0.322106879128344,0.103752841581801
15.873,0.401,16.04,0.131825673855641,0.0173780082874938
15.891,0.414,16.56,0.139958732257262,0.0195884467350599
15.891,0.621,24.84,0.363078054770102,0.131825673855641
15.909,0.336,13.44,0.0977237220955811,0.00954992586021437
15.927,0.621,24.84,0.363078054770102,0.131825673855641
15.927,0.233,9.32,0.0608135001278718,0.00369828179780267
15.945,0.621,24.84,0.363078054770102,0.131825673855641
15.965,0.712,28.48,0.552077439280758,0.304789498962799
15.965,0.582,23.28,0.303389118419427,0.0920449571753172
15.984,0.712,28.48,0.552077439280758,0.304789498962799
16.002,0.776,31.04,0.741310241300918,0.549540873857625
16.002,0.712,28.48,0.552077439280758,0.304789498962799
16.02,0.764,30.56,0.701455298419972,0.492039535681452
16.038,0.802,32.08,0.835603018231248,0.698232404077172
16.038,0.764,30.56,0.701455298419972,0.492039535681452
16.057,0.789,31.56,0.787045789695099,0.619441075076782
16.075,0.789,31.56,0.787045789695099,0.619441075076782
16.075,0.802,32.08,0.835603018231248,0.698232404077172
16.094,0.802,32.08,0.835603018231248,0.698232404077172
16.094,0.764,30.56,0.701455298419972,0.492039535681452
16.112,0.802,32.08,0.835603018231248,0.698232404077172
16.13,0.789,31.56,0.787045789695099,0.619441075076782
16.13,0.725,29,0.586138164514029,0.343557947899875
16.149,0.789,31.56,0.787045789695099,0.619441075076782
16.167,0.751,30.04,0.660693448007596,0.436515832240167
16.167,0.66,26.4,0.434510224171572,0.18879913490963
16.185,0.764,30.56,0.701455298419972,0.492039535681452
16.203,0.66,26.4,0.434510224171572,0.18879913490963
16.203,0.324,12.96,0.0924698173938223,0.00855066712884685
16.221,0.686,27.44,0.489778819368447,0.239883291901949
16.239,0.453,18.12,0.167494287602644,0.0280543363795172
16.239,0.518,20.72,0.225943577022098,0.0510504999975407
16.255,0.531,21.24,0.239883291901949,0.0575439937337158
16.274,0.44,17.6,0.157761126969935,0.0248885731828239
16.274,0.699,27.96,0.519995996533516,0.270395836410885
16.293,0.349,13.96,0.103752841581801,0.0107646521362984
16.312,0.673,26.92,0.46131757456038,0.212813904598272
16.312,0.207,8.28,0.0539510622515128,0.00291071711806661
16.328,0.634,25.36,0.385478357665772,0.148593564228701
16.348,0.751,30.04,0.660693448007596,0.436515832240167
16.348,0.595,23.8,0.322106879128344,0.103752841581801
16.365,0.738,29.52,0.62230028516916,0.387257644921618
16.383,0.802,32.08,0.835603018231248,0.698232404077172
16.383,0.725,29,0.586138164514029,0.343557947899875
16.402,0.789,31.56,0.787045789695099,0.619441075076782
16.42,0.828,33.12,0.941889596522842,0.887156012037962
16.42,0.776,31.04,0.741310241300918,0.549540873857625
16.439,0.815,32.6,0.887156012037961,0.787045789695099
16.439,0.828,33.12,0.941889596522842,0.887156012037962
16.458,0.815,32.6,0.887156012037961,0.787045789695099
16.478,0.828,33.12,0.941889596522842,0.887156012037962
16.478,0.802,32.08,0.835603018231248,0.698232404077172
16.498,0.828,33.12,0.941889596522842,0.887156012037962
16.517,0.802,32.08,0.835603018231248,0.698232404077172
16.517,0.751,30.04,0.660693448007596,0.436515832240167
16.536,0.815,32.6,0.887156012037961,0.787045789695099
16.536,0.764,30.56,0.701455298419972,0.492039535681452
16.555,0.647,25.88,0.409260659730011,0.167494287602644
16.574,0.764,30.56,0.701455298419972,0.492039535681452
16.574,0.673,26.92,0.46131757456038,0.212813904598272
16.592,0.375,15,0.116949939101987,0.0136772882559585
16.61,0.712,28.48,0.552077439280758,0.304789498962799
16.611,0.492,19.68,0.200447202736516,0.040179081084894
16.63,0.505,20.2,0.212813904598271,0.0452897579903621
16.65,0.556,22.24,0.269153480392692,0.0724435960074991
16.65,0.414,16.56,0.139958732257262,0.0195884467350599
16.67,0.673,26.92,0.46131757456038,0.212813904598272
16.67,0.233,9.32,0.0608135001278718,0.00369828179780267
16.688,0.66,26.4,0.434510224171572,0.18879913490963
16.706,0.764,30.56,0.701455298419972,0.492039535681452
16.707,0.621,24.84,0.363078054770102,0.131825673855641
16.726,0.751,30.04,0.660693448007596,0.436515832240167
16.726,0.582,23.28,0.303389118419427,0.0920449571753172
16.746,0.725,29,0.586138164514029,0.343557947899875
16.764,0.802,32.08,0.835603018231248,0.698232404077172
16.764,0.712,28.48,0.552077439280758,0.304789498962799
16.783,0.789,31.56,0.787045789695099,0.619441075076782
16.802,0.828,33.12,0.941889596522842,0.887156012037962
16.802,0.776,31.04,0.741310241300918,0.549540873857625
16.819,0.802,32.08,0.835603018231248,0.698232404077172
16.838,0.828,33.12,0.941889596522842,0.887156012037962
16.838,0.815,32.6,0.887156012037961,0.787045789695099
16.856,0.828,33.12,0.941889596522842,0.887156012037962
16.856,0.802,32.08,0.835603018231248,0.698232404077172
16.874,0.828,33.12,0.941889596522842,0.887156012037962
16.892,0.802,32.08,0.835603018231248,0.698232404077172
16.892,0.751,30.04,0.660693448007596,0.436515832240167
16.91,0.815,32.6,0.887156012037961,0.787045789695099
16.928,0.764,30.56,0.701455298419972,0.492039535681452
16.928,0.673,26.92,0.46131757456038,0.212813904598272
16.946,0.776,31.04,0.741310241300918,0.549540873857625
16.964,0.686,27.44,0.489778819368447,0.239883291901949
16.964,0.466,18.64,0.177827941003892,0.0316227766016838
16.981,0.725,29,0.586138164514029,0.343557947899875
17,0.544,21.76,0.254683025258504,0.064863443354824
17,0.44,17.6,0.157761126969935,0.0248885731828239
17.017,0.595,23.8,0.322106879128344,0.103752841581801
17.035,0.324,12.96,0.0924698173938223,0.00855066712884685
17.035,0.673,26.92,0.46131757456038,0.212813904598272
17.053,0.207,8.28,0.0539510622515128,0.00291071711806661
17.072,0.634,25.36,0.385478357665772,0.148593564228701
17.072,0.764,30.56,0.701455298419972,0.492039535681452
17.091,0.595,23.8,0.322106879128344,0.103752841581801
17.109,0.738,29.52,0.62230028516916,0.387257644921618
17.109,0.531,21.24,0.239883291901949,0.0575439937337158
17.127,0.725,29,0.586138164514029,0.343557947899875
17.145,0.802,32.08,0.835603018231248,0.698232404077172
17.145,0.699,27.96,0.519995996533516,0.270395836410885
17.163,0.789,31.56,0.787045789695099,0.619441075076782
17.181,0.815,32.6,0.887156012037961,0.787045789695099
17.181,0.776,31.04,0.741310241300918,0.549540873857625
17.199,0.815,32.6,0.887156012037961,0.787045789695099
17.217,0.815,32.6,0.887156012037961,0.787045789695099
17.217,0.802,32.08,0.835603018231248,0.698232404077172
17.236,0.815,32.6,0.887156012037961,0.787045789695099
17.254,0.802,32.08,0.835603018231248,0.698232404077172
17.254,0.828,33.12,0.941889596522842,0.887156012037962
17.272,0.802,32.08,0.835603018231248,0.698232404077172
17.29,0.751,30.04,0.660693448007596,0.436515832240167
17.29,0.802,32.08,0.835603018231248,0.698232404077172
17.308,0.751,30.04,0.660693448007596,0.436515832240167
17.325,0.647,25.88,0.409260659730011,0.167494287602644
17.325,0.764,30.56,0.701455298419972,0.492039535681452
17.344,0.686,27.44,0.489778819368447,0.239883291901949
17.344,0.466,18.64,0.177827941003892,0.0316227766016838
17.363,0.699,27.96,0.519995996533516,0.270395836410885
17.379,0.518,20.72,0.225943577022098,0.0510504999975407
17.379,0.336,13.44,0.0977237220955811,0.00954992586021437
17.398,0.569,22.76,0.285759054337495,0.0816582371358593
17.416,0.544,21.76,0.254683025258504,0.064863443354824
17.434,0.582,23.28,0.303389118419427,0.0920449571753172
17.434,0.207,8.28,0.0539510622515128,0.00291071711806661
17.452,0.531,21.24,0.239883291901949,0.0575439937337158
17.452,0.673,26.92,0.46131757456038,0.212813904598272
17.471,0.479,19.16,0.188799134909629,0.0356451133426244
17.49,0.647,25.88,0.409260659730011,0.167494287602644
17.49,0.388,15.52,0.124165230759241,0.0154170045294956
17.508,0.608,24.32,0.341979442513709,0.116949939101987
17.526,0.686,27.44,0.489778819368447,0.239883291901949
17.526,0.582,23.28,0.303389118419427,0.0920449571753172
17.544,0.673,26.92,0.46131757456038,0.212813904598272
17.563,0.699,27.96,0.519995996533516,0.270395836410885
17.563,0.647,25.88,0.409260659730011,0.167494287602644
17.58,0.673,26.92,0.46131757456038,0.212813904598272
17.599,0.686,27.44,0.489778819368447,0.239883291901949
17.599,0.66,26.4,0.434510224171572,0.18879913490963
17.618,0.673,26.92,0.46131757456038,0.212813904598272
17.635,0.647,25.88,0.409260659730011,0.167494287602644
17.635,0.647,25.88,0.409260659730011,0.167494287602644
17.653,0.634,25.36,0.385478357665772,0.148593564228701
17.671,0.582,23.28,0.303389118419427,0.0920449571753172
17.671,0.621,24.84,0.363078054770102,0.131825673855641
17.688,0.582,23.28,0.303389118419427,0.0920449571753172
17.707,0.479,19.16,0.188799134909629,0.0356451133426244
17.707,0.582,23.28,0.303389118419427,0.0920449571753172
17.726,0.466,18.64,0.177827941003892,0.0316227766016838
17.726,0.285,11.4,0.0772680585095703,0.00597035286583838
17.744,0.466,18.64,0.177827941003892,0.0316227766016838
17.762,0.311,12.44,0.0870963589956081,0.00758577575029184
17.762,0.181,7.24,0.0478630092322639,0.00229086765276777
17.781,0.324,12.96,0.0924698173938223,0.00855066712884685
17.799,0.168,6.72,0.0450816704541461,0.00203235701093622
17.799,0.298,11.92,0.0820351544329818,0.00672976656284318
17.817,0.168,6.72,0.0450816704541461,0.00203235701093622
17.835,0.259,10.36,0.0685488226452662,0.00469894108605216
17.835,0.388,15.52,0.124165230759241,0.0154170045294956
17.854,0.22,8.8,0.057279603098583,0.00328095293113119
17.872,0.349,13.96,0.103752841581801,0.0107646521362984
17.872,0.181,7.24,0.0478630092322639,0.00229086765276777
17.89,0.324,12.96,0.0924698173938223,0.00855066712884685
17.909,0.414,16.56,0.139958732257262,0.0195884467350599
17.909,0.298,11.92,0.0820351544329818,0.00672976656284318
17.927,0.388,15.52,0.124165230759241,0.0154170045294956
17.928,0.466,18.64,0.177827941003892,0.0316227766016838
17.946,0.388,15.52,0.124165230759241,0.0154170045294956
17.965,0.453,18.12,0.167494287602644,0.0280543363795172
17.965,0.466,18.64,0.177827941003892,0.0316227766016838
17.983,0.44,17.6,0.157761126969935,0.0248885731828239
18.003,0.479,19.16,0.188799134909629,0.0356451133426244
18.003,0.453,18.12,0.167494287602644,0.0280543363795172
18.021,0.725,29,0.586138164514029,0.343557947899875
18.039,0.479,19.16,0.188799134909629,0.0356451133426244
18.039,0.44,17.6,0.157761126969935,0.0248885731828239
18.058,0.492,19.68,0.200447202736516,0.040179081084894
18.076,0.453,18.12,0.167494287602644,0.0280543363795172
18.076,0.401,16.04,0.131825673855641,0.0173780082874938
18.095,0.492,19.68,0.200447202736516,0.040179081084894
18.095,0.44,17.6,0.157761126969935,0.0248885731828239
18.114,0.285,11.4,0.0772680585095703,0.00597035286583838
18.132,0.479,19.16,0.188799134909629,0.0356451133426244
18.132,0.324,12.96,0.0924698173938223,0.00855066712884685
18.15,0.155,6.2,0.0424619563946313,0.00180301774085957
18.168,0.388,15.52,0.124165230759241,0.0154170045294956
18.168,0.168,6.72,0.0450816704541461,0.00203235701093622
18.186,0.349,13.96,0.103752841581801,0.0107646521362984
18.205,0.207,8.28,0.0539510622515128,0.00291071711806661
18.205,0.311,12.44,0.0870963589956081,0.00758577575029184
18.223,0.479,19.16,0.188799134909629,0.0356451133426244
18.241,0.531,21.24,0.239883291901949,0.0575439937337158
18.241,0.466,18.64,0.177827941003892,0.0316227766016838
18.26,0.22,8.8,0.057279603098583,0.00328095293113119
18.278,0.453,18.12,0.167494287602644,0.0280543363795172
18.278,0.556,22.24,0.269153480392692,0.0724435960074991
18.297,0.44,17.6,0.157761126969935,0.0248885731828239
18.314,0.556,22.24,0.269153480392692,0.0724435960074991
18.314,0.608,24.32,0.341979442513709,0.116949939101987
18.332,0.544,21.76,0.254683025258504,0.064863443354824
18.332,0.608,24.32,0.341979442513709,0.116949939101987
18.35,0.621,24.84,0.363078054770102,0.131825673855641
18.369,0.621,24.84,0.363078054770102,0.131825673855641
18.369,0.634,25.36,0.385478357665772,0.148593564228701
18.386,0.621,24.84,0.363078054770102,0.131825673855641
18.405,0.634,25.36,0.385478357665772,0.148593564228701
18.405,0.634,25.36,0.385478357665772,0.148593564228701
18.424,0.621,24.84,0.363078054770102,0.131825673855641
18.442,0.647,25.88,0.409260659730011,0.167494287602644
18.442,0.634,25.36,0.385478357665772,0.148593564228701
18.461,0.544,21.76,0.254683025258504,0.064863443354824
18.478,0.634,25.36,0.385478357665772,0.148593564228701
18.478,0.582,23.28,0.303389118419427,0.0920449571753172
18.496,0.44,17.6,0.157761126969935,0.0248885731828239
18.516,0.608,24.32,0.341979442513709,0.116949939101987
18.516,0.479,19.16,0.188799134909629,0.0356451133426244
18.534,0.181,7.24,0.0478630092322639,0.00229086765276777
18.552,0.518,20.72,0.225943577022098,0.0510504999975407
18.552,0.233,9.32,0.0608135001278718,0.00369828179780267
18.569,0.44,17.6,0.157761126969935,0.0248885731828239
18.588,0.336,13.44,0.0977237220955811,0.00954992586021437
18.588,0.388,15.52,0.124165230759241,0.0154170045294956
18.607,0.569,22.76,0.285759054337495,0.0816582371358593
18.607,0.324,12.96,0.0924698173938223,0.00855066712884685
18.624,0.556,22.24,0.269153480392692,0.0724435960074991
18.643,0.22,8.8,0.057279603098583,0.00328095293113119
18.644,0.518,20.72,0.225943577022098,0.0510504999975407
18.662,0.634,25.36,0.385478357665772,0.148593564228701
18.681,0.492,19.68,0.200447202736516,0.040179081084894
18.681,0.608,24.32,0.341979442513709,0.116949939101987
18.699,0.66,26.4,0.434510224171572,0.18879913490963
18.717,0.595,23.8,0.322106879128344,0.103752841581801
18.718,0.673,26.92,0.46131757456038,0.212813904598272
18.736,0.673,26.92,0.46131757456038,0.212813904598272
18.755,0.673,26.92,0.46131757456038,0.212813904598272
18.755,0.686,27.44,0.489778819368447,0.239883291901949
18.772,0.673,26.92,0.46131757456038,0.212813904598272
18.79,0.699,27.96,0.519995996533516,0.270395836410885
18.79,0.686,27.44,0.489778819368447,0.239883291901949
18.81,0.66,26.4,0.434510224171572,0.18879913490963
18.81,0.699,27.96,0.519995996533516,0.270395836410885
18.828,0.686,27.44,0.489778819368447,0.239883291901949
18.846,0.608,24.32,0.341979442513709,0.116949939101987
18.847,0.673,26.92,0.46131757456038,0.212813904598272
18.864,0.634,25.36,0.385478357665772,0.148593564228701
18.883,0.492,19.68,0.200447202736516,0.040179081084894
18.883,0.647,25.88,0.409260659730011,0.167494287602644
18.901,0.531,21.24,0.239883291901949,0.0575439937337158
18.92,0.207,8.28,0.0539510622515128,0.00291071711806661
18.92,0.569,22.76,0.285759054337495,0.0816582371358593
18.938,0.699,27.96,0.519995996533516,0.270395836410885
18.956,0.427,17.08,0.148593564228701,0.022080047330189
18.956,0.388,15.52,0.124165230759241,0.0154170045294956
18.974,0.349,13.96,0.103752841581801,0.0107646521362984
18.993,0.582,23.28,0.303389118419427,0.0920449571753172
18.993,0.246,9.84,0.0645654229034656,0.00416869383470336
19.012,0.556,22.24,0.269153480392692,0.0724435960074991
19.031,0.181,7.24,0.0478630092322639,0.00229086765276777
19.031,0.518,20.72,0.225943577022098,0.0510504999975407
19.048,0.634,25.36,0.385478357665772,0.148593564228701
19.048,0.479,19.16,0.188799134909629,0.0356451133426244
19.067,0.621,24.84,0.363078054770102,0.131825673855641
19.085,0.686,27.44,0.489778819368447,0.239883291901949
19.085,0.608,24.32,0.341979442513709,0.116949939101987
19.103,0.686,27.44,0.489778819368447,0.239883291901949
19.121,0.712,28.48,0.552077439280758,0.304789498962799
19.121,0.673,26.92,0.46131757456038,0.212813904598272
19.139,0.712,28.48,0.552077439280758,0.304789498962799
19.157,0.712,28.48,0.552077439280758,0.304789498962799
19.157,0.699,27.96,0.519995996533516,0.270395836410885
19.175,0.712,28.48,0.552077439280758,0.304789498962799
19.192,0.686,27.44,0.489778819368447,0.239883291901949
19.192,0.712,28.48,0.552077439280758,0.304789498962799
19.211,0.699,27.96,0.519995996533516,0.270395836410885
19.229,0.634,25.36,0.385478357665772,0.148593564228701
19.229,0.699,27.96,0.519995996533516,0.270395836410885
19.247,0.647,25.88,0.409260659730011,0.167494287602644
19.265,0.518,20.72,0.225943577022098,0.0510504999975407
19.265,0.66,26.4,0.434510224171572,0.18879913490963
19.284,0.544,21.76,0.254683025258504,0.064863443354824
19.302,0.22,8.8,0.057279603098583,0.00328095293113119
19.302,0.569,22.76,0.285759054337495,0.0816582371358593
19.321,0.324,12.96,0.0924698173938223,0.00855066712884685
19.339,0.414,16.56,0.139958732257262,0.0195884467350599
19.339,0.414,16.56,0.139958732257262,0.0195884467350599
19.357,0.336,13.44,0.0977237220955811,0.00954992586021437
19.357,0.556,22.24,0.269153480392692,0.0724435960074991
19.375,0.531,21.24,0.239883291901949,0.0575439937337158
19.394,0.518,20.72,0.225943577022098,0.0510504999975407
19.394,0.621,24.84,0.363078054770102,0.131825673855641
19.411,0.479,19.16,0.188799134909629,0.0356451133426244
19.429,0.595,23.8,0.322106879128344,0.103752841581801
19.43,0.427,17.08,0.148593564228701,0.022080047330189
19.448,0.595,23.8,0.322106879128344,0.103752841581801
19.466,0.608,24.32,0.341979442513709,0.116949939101987
19.466,0.531,21.24,0.239883291901949,0.0575439937337158
19.484,0.608,24.32,0.341979442513709,0.116949939101987
19.504,0.608,24.32,0.341979442513709,0.116949939101987
19.504,0.556,22.24,0.269153480392692,0.0724435960074991
19.522,0.582,23.28,0.303389118419427,0.0920449571753172
19.54,0.569,22.76,0.285759054337495,0.0816582371358593
19.54,0.544,21.76,0.254683025258504,0.064863443354824
19.559,0.569,22.76,0.285759054337495,0.0816582371358593
19.576,0.518,20.72,0.225943577022098,0.0510504999975407
19.576,0.518,20.72,0.225943577022098,0.0510504999975407
19.595,0.492,19.68,0.200447202736516,0.040179081084894
19.612,0.414,16.56,0.139958732257262,0.0195884467350599
19.612,0.466,18.64,0.177827941003892,0.0316227766016838
19.63,0.414,16.56,0.139958732257262,0.0195884467350599
19.647,0.298,11.92,0.0820351544329818,0.00672976656284318
19.649,0.414,16.56,0.139958732257262,0.0195884467350599
19.666,0.324,12.96,0.0924698173938223,0.00855066712884685
19.685,0.22,8.8,0.057279603098583,0.00328095293113119
19.685,0.362,14.48,0.110153930954142,0.0121338885046498
19.702,0.233,9.32,0.0608135001278718,0.00369828179780267
19.702,0.349,13.96,0.103752841581801,0.0107646521362984
19.721,0.285,11.4,0.0772680585095703,0.00597035286583838
19.739,0.181,7.24,0.0478630092322639,0.00229086765276777
19.739,0.388,15.52,0.124165230759241,0.0154170045294956
19.759,0.168,6.72,0.0450816704541461,0.00203235701093622
19.776,0.375,15,0.116949939101987,0.0136772882559585
19.776,0.505,20.2,0.212813904598271,0.0452897579903621
19.795,0.362,14.48,0.110153930954142,0.0121338885046498
19.812,0.492,19.68,0.200447202736516,0.040179081084894
19.812,0.324,12.96,0.0924698173938223,0.00855066712884685
19.83,0.492,19.68,0.200447202736516,0.040179081084894
19.849,0.556,22.24,0.269153480392692,0.0724435960074991
19.849,0.466,18.64,0.177827941003892,0.0316227766016838
19.868,0.544,21.76,0.254683025258504,0.064863443354824
19.885,0.582,23.28,0.303389118419427,0.0920449571753172
19.885,0.544,21.76,0.254683025258504,0.064863443354824
19.904,0.582,23.28,0.303389118419427,0.0920449571753172
19.923,0.595,23.8,0.322106879128344,0.103752841581801
19.923,0.595,23.8,0.322106879128344,0.103752841581801
19.942,0.582,23.28,0.303389118419427,0.0920449571753172
19.942,0.582,23.28,0.303389118419427,0.0920449571753172
19.961,0.595,23.8,0.322106879128344,0.103752841581801
19.979,0.582,23.28,0.303389118419427,0.0920449571753172
19.979,0.518,20.72,0.225943577022098,0.0510504999975407
20,0.595,23.8,0.322106879128344,0.103752841581801
20.018,0.556,22.24,0.269153480392692,0.0724435960074991
20.018,0.453,18.12,0.167494287602644,0.0280543363795172
20.036,0.556,22.24,0.269153480392692,0.0724435960074991
20.036,0.466,18.64,0.177827941003892,0.0316227766016838
20.054,0.272,10.88,0.0727779804536825,0.00529663443891659
20.072,0.66,26.4,0.434510224171572,0.18879913490963
20.072,0.336,13.44,0.0977237220955811,0.00954992586021437
20.09,0.246,9.84,0.0645654229034656,0.00416869383470336
20.109,0.362,14.48,0.110153930954142,0.0121338885046498
20.109,0.272,10.88,0.0727779804536825,0.00529663443891659
20.127,0.414,16.56,0.139958732257262,0.0195884467350599
20.144,0.181,7.24,0.0478630092322639,0.00229086765276777
20.144,0.362,14.48,0.110153930954142,0.0121338885046498
20.163,0.466,18.64,0.177827941003892,0.0316227766016838
20.182,0.298,11.92,0.0820351544329818,0.00672976656284318
20.183,0.44,17.6,0.157761126969935,0.0248885731828239
20.201,0.233,9.32,0.0608135001278718,0.00369828179780267
20.219,0.414,16.56,0.139958732257262,0.0195884467350599
20.219,0.479,19.16,0.188799134909629,0.0356451133426244
20.238,0.362,14.48,0.110153930954142,0.0121338885046498
20.255,0.44,17.6,0.157761126969935,0.0248885731828239
20.255,0.479,19.16,0.188799134909629,0.0356451133426244
20.274,0.427,17.08,0.148593564228701,0.022080047330189
20.274,0.453,18.12,0.167494287602644,0.0280543363795172
20.293,0.466,18.64,0.177827941003892,0.0316227766016838
20.311,0.44,17.6,0.157761126969935,0.0248885731828239
20.311,0.453,18.12,0.167494287602644,0.0280543363795172
20.33,0.44,17.6,0.157761126969935,0.0248885731828239
20.348,0.479,19.16,0.188799134909629,0.0356451133426244
20.348,0.479,19.16,0.188799134909629,0.0356451133426244
20.366,0.44,17.6,0.157761126969935,0.0248885731828239
20.384,0.518,20.72,0.225943577022098,0.0510504999975407
20.384,0.492,19.68,0.200447202736516,0.040179081084894
20.403,0.427,17.08,0.148593564228701,0.022080047330189
20.421,0.544,21.76,0.254683025258504,0.064863443354824
20.421,0.466,18.64,0.177827941003892,0.0316227766016838
20.439,0.311,12.44,0.0870963589956081,0.00758577575029184
20.457,0.531,21.24,0.239883291901949,0.0575439937337158
20.457,0.375,15,0.116949939101987,0.0136772882559585
20.475,0.233,9.32,0.0608135001278718,0.00369828179780267
20.493,0.531,21.24,0.239883291901949,0.0575439937337158
20.493,0.168,6.72,0.0450816704541461,0.00203235701093622
20.51,0.466,18.64,0.177827941003892,0.0316227766016838
20.528,0.207,8.28,0.0539510622515128,0.00291071711806661
20.528,0.427,17.08,0.148593564228701,0.022080047330189
20.546,0.556,22.24,0.269153480392692,0.0724435960074991
20.565,0.388,15.52,0.124165230759241,0.0154170045294956
20.565,0.544,21.76,0.254683025258504,0.064863443354824
20.582,0.311,12.44,0.0870963589956081,0.00758577575029184
20.6,0.518,20.72,0.225943577022098,0.0510504999975407
20.6,0.595,23.8,0.322106879128344,0.103752841581801
20.619,0.492,19.68,0.200447202736516,0.040179081084894
20.637,0.569,22.76,0.285759054337495,0.0816582371358593
20.637,0.621,24.84,0.363078054770102,0.131825673855641
20.655,0.556,22.24,0.269153480392692,0.0724435960074991
20.674,0.608,24.32,0.341979442513709,0.116949939101987
20.674,0.634,25.36,0.385478357665772,0.148593564228701
20.691,0.595,23.8,0.322106879128344,0.103752841581801
20.691,0.621,24.84,0.363078054770102,0.131825673855641
20.709,0.608,24.32,0.341979442513709,0.116949939101987
20.727,0.621,24.84,0.363078054770102,0.131825673855641
20.727,0.621,24.84,0.363078054770102,0.131825673855641
20.745,0.569,22.76,0.285759054337495,0.0816582371358593
20.763,0.634,25.36,0.385478357665772,0.148593564228701
20.763,0.595,23.8,0.322106879128344,0.103752841581801
20.781,0.582,23.28,0.303389118419427,0.0920449571753172
20.799,0.608,24.32,0.341979442513709,0.116949939101987
20.8,0.531,21.24,0.239883291901949,0.0575439937337158
20.817,0.375,15,0.116949939101987,0.0136772882559585
20.836,0.544,21.76,0.254683025258504,0.064863443354824
20.836,0.414,16.56,0.139958732257262,0.0195884467350599
20.853,0.181,7.24,0.0478630092322639,0.00229086765276777
20.871,0.453,18.12,0.167494287602644,0.0280543363795172
20.871,0.194,7.76,0.0508159442560561,0.0025822601906346
20.89,0.414,16.56,0.139958732257262,0.0195884467350599
20.908,0.22,8.8,0.057279603098583,0.00328095293113119
20.908,0.349,13.96,0.103752841581801,0.0107646521362984
20.925,0.505,20.2,0.212813904598271,0.0452897579903621
20.942,0.285,11.4,0.0772680585095703,0.00597035286583838
20.942,0.453,18.12,0.167494287602644,0.0280543363795172
20.96,0.207,8.28,0.0539510622515128,0.00291071711806661
20.979,0.44,17.6,0.157761126969935,0.0248885731828239
20.979,0.66,26.4,0.434510224171572,0.18879913490963
20.997,0.388,15.52,0.124165230759241,0.0154170045294956
21.018,0.479,19.16,0.188799134909629,0.0356451133426244
21.018,0.518,20.72,0.225943577022098,0.0510504999975407
21.037,0.453,18.12,0.167494287602644,0.0280543363795172
21.037,0.518,20.72,0.225943577022098,0.0510504999975407
21.056,0.531,21.24,0.239883291901949,0.0575439937337158
21.073,0.505,20.2,0.212813904598271,0.0452897579903621
21.073,0.544,21.76,0.254683025258504,0.064863443354824
21.091,0.621,24.84,0.363078054770102,0.131825673855641
21.11,0.556,22.24,0.269153480392692,0.0724435960074991
21.11,0.556,22.24,0.269153480392692,0.0724435960074991
21.127,0.518,20.72,0.225943577022098,0.0510504999975407
21.145,0.569,22.76,0.285759054337495,0.0816582371358593
21.145,0.556,22.24,0.269153480392692,0.0724435960074991
21.162,0.479,19.16,0.188799134909629,0.0356451133426244
21.18,0.582,23.28,0.303389118419427,0.0920449571753172
21.181,0.505,20.2,0.212813904598271,0.0452897579903621
21.198,0.595,23.8,0.322106879128344,0.103752841581801
21.215,0.531,21.24,0.239883291901949,0.0575439937337158
21.215,0.414,16.56,0.139958732257262,0.0195884467350599
21.234,0.181,7.24,0.0478630092322639,0.00229086765276777
21.251,0.453,18.12,0.167494287602644,0.0280543363795172
21.251,0.595,23.8,0.322106879128344,0.103752841581801
21.268,0.388,15.52,0.124165230759241,0.0154170045294956
21.286,0.259,10.36,0.0685488226452662,0.00469894108605216
21.303,0.324,12.96,0.0924698173938223,0.00855066712884685
21.303,0.634,25.36,0.385478357665772,0.148593564228701
21.322,0.259,10.36,0.0685488226452662,0.00469894108605216
21.34,0.466,18.64,0.177827941003892,0.0316227766016838
21.34,0.194,7.76,0.0508159442560561,0.0025822601906346
21.358,0.401,16.04,0.131825673855641,0.0173780082874938
21.358,0.531,21.24,0.239883291901949,0.0575439937337158
21.376,0.375,15,0.116949939101987,0.0136772882559585
21.394,0.492,19.68,0.200447202736516,0.040179081084894
21.394,0.544,21.76,0.254683025258504,0.064863443354824
21.411,0.466,18.64,0.177827941003892,0.0316227766016838
21.431,0.531,21.24,0.239883291901949,0.0575439937337158
21.431,0.544,21.76,0.254683025258504,0.064863443354824
21.449,0.518,20.72,0.225943577022098,0.0510504999975407
21.466,0.544,21.76,0.254683025258504,0.064863443354824
21.466,0.531,21.24,0.239883291901949,0.0575439937337158
21.484,0.544,21.76,0.254683025258504,0.064863443354824
21.501,0.699,27.96,0.519995996533516,0.270395836410885
21.502,0.505,20.2,0.212813904598271,0.0452897579903621
21.52,0.556,22.24,0.269153480392692,0.0724435960074991
21.539,0.518,20.72,0.225943577022098,0.0510504999975407
21.539,0.466,18.64,0.177827941003892,0.0316227766016838
21.56,0.544,21.76,0.254683025258504,0.064863443354824
21.56,0.492,19.68,0.200447202736516,0.040179081084894
21.579,0.362,14.48,0.110153930954142,0.0121338885046498
21.597,0.505,20.2,0.212813904598271,0.0452897579903621
21.597,0.414,16.56,0.139958732257262,0.0195884467350599
21.616,0.168,6.72,0.0450816704541461,0.00203235701093622
21.636,0.44,17.6,0.157761126969935,0.0248885731828239
21.636,0.207,8.28,0.0539510622515128,0.00291071711806661
21.654,0.324,12.96,0.0924698173938223,0.00855066712884685
21.673,0.272,10.88,0.0727779804536825,0.00529663443891659
21.673,0.259,10.36,0.0685488226452662,0.00469894108605216
21.693,0.466,18.64,0.177827941003892,0.0316227766016838
21.693,0.233,9.32,0.0608135001278718,0.00369828179780267
21.713,0.44,17.6,0.157761126969935,0.0248885731828239
21.731,0.168,6.72,0.0450816704541461,0.00203235701093622
21.731,0.388,15.52,0.124165230759241,0.0154170045294956
21.748,0.505,20.2,0.212813904598271,0.0452897579903621
21.766,0.349,13.96,0.103752841581801,0.0107646521362984
21.766,0.466,18.64,0.177827941003892,0.0316227766016838
21.784,0.518,20.72,0.225943577022098,0.0510504999975407
21.802,0.44,17.6,0.157761126969935,0.0248885731828239
21.802,0.712,28.48,0.552077439280758,0.304789498962799
21.82,0.531,21.24,0.239883291901949,0.0575439937337158
21.84,0.505,20.2,0.212813904598271,0.0452897579903621
21.84,0.531,21.24,0.239883291901949,0.0575439937337158
21.858,0.531,21.24,0.239883291901949,0.0575439937337158
21.858,0.531,21.24,0.239883291901949,0.0575439937337158
21.877,0.531,21.24,0.239883291901949,0.0575439937337158
21.895,0.518,20.72,0.225943577022098,0.0510504999975407
21.895,0.544,21.76,0.254683025258504,0.064863443354824
21.913,0.531,21.24,0.239883291901949,0.0575439937337158
21.931,0.466,18.64,0.177827941003892,0.0316227766016838
21.931,0.518,20.72,0.225943577022098,0.0510504999975407
21.95,0.479,19.16,0.188799134909629,0.0356451133426244
21.969,0.362,14.48,0.110153930954142,0.0121338885046498
21.969,0.492,19.68,0.200447202736516,0.040179081084894
21.99,0.401,16.04,0.131825673855641,0.0173780082874938
21.99,0.181,7.24,0.0478630092322639,0.00229086765276777
22.01,0.427,17.08,0.148593564228701,0.022080047330189
22.032,0.531,21.24,0.239883291901949,0.0575439937337158
22.032,0.569,22.76,0.285759054337495,0.0816582371358593
22.054,0.259,10.36,0.0685488226452662,0.00469894108605216
22.054,0.207,8.28,0.0539510622515128,0.00291071711806661
22.073,0.414,16.56,0.139958732257262,0.0195884467350599
22.073,0.155,6.2,0.0424619563946313,0.00180301774085957
22.092,0.375,15,0.116949939101987,0.0136772882559585
22.112,0.401,16.04,0.131825673855641,0.0173780082874938
22.112,0.336,13.44,0.0977237220955811,0.00954992586021437
22.131,0.453,18.12,0.167494287602644,0.0280543363795172
22.15,0.285,11.4,0.0772680585095703,0.00597035286583838
22.15,0.427,17.08,0.148593564228701,0.022080047330189
22.17,0.492,19.68,0.200447202736516,0.040179081084894
22.17,0.414,16.56,0.139958732257262,0.0195884467350599
22.189,0.479,19.16,0.188799134909629,0.0356451133426244
22.208,0.505,20.2,0.212813904598271,0.0452897579903621
22.208,0.479,19.16,0.188799134909629,0.0356451133426244
22.227,0.505,20.2,0.212813904598271,0.0452897579903621
22.246,0.518,20.72,0.225943577022098,0.0510504999975407
22.246,0.505,20.2,0.212813904598271,0.0452897579903621
22.266,0.518,20.72,0.225943577022098,0.0510504999975407
22.266,0.505,20.2,0.212813904598271,0.0452897579903621
22.284,0.518,20.72,0.225943577022098,0.0510504999975407
22.304,0.518,20.72,0.225943577022098,0.0510504999975407
22.304,0.466,18.64,0.177827941003892,0.0316227766016838
22.322,0.518,20.72,0.225943577022098,0.0510504999975407
22.322,0.479,19.16,0.188799134909629,0.0356451133426244
22.34,0.362,14.48,0.110153930954142,0.0121338885046498
22.358,0.479,19.16,0.188799134909629,0.0356451133426244
22.358,0.505,20.2,0.212813904598271,0.0452897579903621
22.376,0.194,7.76,0.0508159442560561,0.0025822601906346
22.394,0.427,17.08,0.148593564228701,0.022080047330189
22.394,0.233,9.32,0.0608135001278718,0.00369828179780267
22.413,0.246,9.84,0.0645654229034656,0.00416869383470336
22.431,0.285,11.4,0.0772680585095703,0.00597035286583838
22.431,0.194,7.76,0.0508159442560561,0.0025822601906346
22.449,0.388,15.52,0.124165230759241,0.0154170045294956
22.466,0.168,6.72,0.0450816704541461,0.00203235701093622
22.466,0.349,13.96,0.103752841581801,0.0107646521362984
22.483,0.453,18.12,0.167494287602644,0.0280543363795172
22.503,0.311,12.44,0.0870963589956081,0.00758577575029184
22.503,0.44,17.6,0.157761126969935,0.0248885731828239
22.522,0.582,23.28,0.303389118419427,0.0920449571753172
22.54,0.44,17.6,0.157761126969935,0.0248885731828239
22.54,0.492,19.68,0.200447202736516,0.040179081084894
22.558,0.427,17.08,0.148593564228701,0.022080047330189
22.576,0.492,19.68,0.200447202736516,0.040179081084894
22.576,0.531,21.24,0.239883291901949,0.0575439937337158
22.594,0.479,19.16,0.188799134909629,0.0356451133426244
22.611,0.531,21.24,0.239883291901949,0.0575439937337158
22.612,0.531,21.24,0.239883291901949,0.0575439937337158
22.63,0.518,20.72,0.225943577022098,0.0510504999975407
22.649,0.531,21.24,0.239883291901949,0.0575439937337158
22.649,0.505,20.2,0.212813904598271,0.0452897579903621
22.667,0.518,20.72,0.225943577022098,0.0510504999975407
22.685,0.518,20.72,0.225943577022098,0.0510504999975407
22.685,0.466,18.64,0.177827941003892,0.0316227766016838
22.702,0.518,20.72,0.225943577022098,0.0510504999975407
22.72,0.479,19.16,0.188799134909629,0.0356451133426244
22.72,0.544,21.76,0.254683025258504,0.064863443354824
22.738,0.492,19.68,0.200447202736516,0.040179081084894
22.756,0.388,15.52,0.124165230759241,0.0154170045294956
22.756,0.22,8.8,0.057279603098583,0.00328095293113119
22.775,0.414,16.56,0.139958732257262,0.0195884467350599
22.775,0.246,9.84,0.0645654229034656,0.00416869383470336
22.793,0.181,7.24,0.0478630092322639,0.00229086765276777
22.81,0.298,11.92,0.0820351544329818,0.00672976656284318
22.811,0.168,6.72,0.0450816704541461,0.00203235701093622
22.828,0.621,24.84,0.363078054770102,0.131825673855641
22.847,0.168,6.72,0.0450816704541461,0.00203235701093622
22.847,0.336,13.44,0.0977237220955811,0.00954992586021437
22.865,0.44,17.6,0.157761126969935,0.0248885731828239
22.883,0.285,11.4,0.0772680585095703,0.00597035286583838
22.883,0.414,16.56,0.139958732257262,0.0195884467350599
22.901,0.233,9.32,0.0608135001278718,0.00369828179780267
22.918,0.401,16.04,0.131825673855641,0.0173780082874938
22.918,0.479,19.16,0.188799134909629,0.0356451133426244
22.937,0.595,23.8,0.322106879128344,0.103752841581801
22.955,0.466,18.64,0.177827941003892,0.0316227766016838
22.955,0.492,19.68,0.200447202736516,0.040179081084894
22.974,0.44,17.6,0.157761126969935,0.0248885731828239
22.993,0.492,19.68,0.200447202736516,0.040179081084894
22.993,0.505,20.2,0.212813904598271,0.0452897579903621
23.01,0.479,19.16,0.188799134909629,0.0356451133426244
23.027,0.505,20.2,0.212813904598271,0.0452897579903621
23.027,0.634,25.36,0.385478357665772,0.148593564228701
23.046,0.492,19.68,0.200447202736516,0.040179081084894
23.065,0.479,19.16,0.188799134909629,0.0356451133426244
23.065,0.427,17.08,0.148593564228701,0.022080047330189
23.082,0.492,19.68,0.200447202736516,0.040179081084894
23.1,0.44,17.6,0.157761126969935,0.0248885731828239
23.1,0.362,14.48,0.110153930954142,0.0121338885046498
23.117,0.453,18.12,0.167494287602644,0.0280543363795172
23.136,0.375,15,0.116949939101987,0.0136772882559585
23.136,0.22,8.8,0.057279603098583,0.00328095293113119
23.155,0.388,15.52,0.124165230759241,0.0154170045294956
23.173,0.259,10.36,0.0685488226452662,0.00469894108605216
23.173,0.168,6.72,0.0450816704541461,0.00203235701093622
23.191,0.298,11.92,0.0820351544329818,0.00672976656284318
23.209,0.168,6.72,0.0450816704541461,0.00203235701093622
23.209,0.324,12.96,0.0924698173938223,0.00855066712884685
23.227,0.155,6.2,0.0424619563946313,0.00180301774085957
23.245,0.492,19.68,0.200447202736516,0.040179081084894
23.245,0.414,16.56,0.139958732257262,0.0195884467350599
23.262,0.259,10.36,0.0685488226452662,0.00469894108605216
23.28,0.401,16.04,0.131825673855641,0.0173780082874938
23.28,0.22,8.8,0.057279603098583,0.00328095293113119
23.298,0.388,15.52,0.124165230759241,0.0154170045294956
23.316,0.479,19.16,0.188799134909629,0.0356451133426244
23.316,0.375,15,0.116949939101987,0.0136772882559585
23.334,0.453,18.12,0.167494287602644,0.0280543363795172
23.352,0.505,20.2,0.212813904598271,0.0452897579903621
23.352,0.453,18.12,0.167494287602644,0.0280543363795172
23.369,0.518,20.72,0.225943577022098,0.0510504999975407
23.387,0.531,21.24,0.239883291901949,0.0575439937337158
23.387,0.505,20.2,0.212813904598271,0.0452897579903621
23.405,0.531,21.24,0.239883291901949,0.0575439937337158
23.422,0.518,20.72,0.225943577022098,0.0510504999975407
23.422,0.531,21.24,0.239883291901949,0.0575439937337158
23.441,0.518,20.72,0.225943577022098,0.0510504999975407
23.458,0.479,19.16,0.188799134909629,0.0356451133426244
23.458,0.531,21.24,0.239883291901949,0.0575439937337158
23.476,0.479,19.16,0.188799134909629,0.0356451133426244
23.494,0.401,16.04,0.131825673855641,0.0173780082874938
23.494,0.505,20.2,0.212813904598271,0.0452897579903621
23.511,0.427,17.08,0.148593564228701,0.022080047330189
23.529,0.259,10.36,0.0685488226452662,0.00469894108605216
23.529,0.44,17.6,0.157761126969935,0.0248885731828239
23.546,0.285,11.4,0.0772680585095703,0.00597035286583838
23.566,0.725,29,0.586138164514029,0.343557947899875
23.566,0.324,12.96,0.0924698173938223,0.00855066712884685
23.583,0.168,6.72,0.0450816704541461,0.00203235701093622
23.599,0.311,12.44,0.0870963589956081,0.00758577575029184
23.601,0.181,7.24,0.0478630092322639,0.00229086765276777
23.618,0.272,10.88,0.0727779804536825,0.00529663443891659
23.636,0.401,16.04,0.131825673855641,0.0173780082874938
23.636,0.233,9.32,0.0608135001278718,0.00369828179780267
23.654,0.375,15,0.116949939101987,0.0136772882559585
23.672,0.207,8.28,0.0539510622515128,0.00291071711806661
23.673,0.362,14.48,0.110153930954142,0.0121338885046498
23.691,0.466,18.64,0.177827941003892,0.0316227766016838
23.71,0.349,13.96,0.103752841581801,0.0107646521362984
23.71,0.44,17.6,0.157761126969935,0.0248885731828239
23.728,0.505,20.2,0.212813904598271,0.0452897579903621
23.728,0.427,17.08,0.148593564228701,0.022080047330189
23.747,0.634,25.36,0.385478357665772,0.148593564228701
23.765,0.518,20.72,0.225943577022098,0.0510504999975407
23.765,0.492,19.68,0.200447202736516,0.040179081084894
23.783,0.518,20.72,0.225943577022098,0.0510504999975407
23.804,0.505,20.2,0.212813904598271,0.0452897579903621
23.804,0.531,21.24,0.239883291901949,0.0575439937337158
23.822,0.505,20.2,0.212813904598271,0.0452897579903621
23.839,0.479,19.16,0.188799134909629,0.0356451133426244
23.839,0.518,20.72,0.225943577022098,0.0510504999975407
23.857,0.608,24.32,0.341979442513709,0.116949939101987
23.875,0.414,16.56,0.139958732257262,0.0195884467350599
23.875,0.492,19.68,0.200447202736516,0.040179081084894
23.892,0.427,17.08,0.148593564228701,0.022080047330189
23.91,0.285,11.4,0.0772680585095703,0.00597035286583838
23.91,0.427,17.08,0.148593564228701,0.022080047330189
23.928,0.311,12.44,0.0870963589956081,0.00758577575029184
23.946,0.207,8.28,0.0539510622515128,0.00291071711806661
23.946,0.349,13.96,0.103752841581801,0.0107646521362984
23.964,0.181,7.24,0.0478630092322639,0.00229086765276777
23.981,0.298,11.92,0.0820351544329818,0.00672976656284318
23.981,0.207,8.28,0.0539510622515128,0.00291071711806661
23.999,0.246,9.84,0.0645654229034656,0.00416869383470336
24.017,0.414,16.56,0.139958732257262,0.0195884467350599
24.017,0.22,8.8,0.057279603098583,0.00328095293113119
24.035,0.388,15.52,0.124165230759241,0.0154170045294956
24.054,0.168,6.72,0.0450816704541461,0.00203235701093622
24.054,0.608,24.32,0.341979442513709,0.116949939101987
24.072,0.466,18.64,0.177827941003892,0.0316227766016838
24.091,0.324,12.96,0.0924698173938223,0.00855066712884685
24.091,0.44,17.6,0.157761126969935,0.0248885731828239
24.109,0.505,20.2,0.212813904598271,0.0452897579903621
24.127,0.427,17.08,0.148593564228701,0.022080047330189
24.127,0.492,19.68,0.200447202736516,0.040179081084894
24.145,0.492,19.68,0.200447202736516,0.040179081084894
24.145,0.479,19.16,0.188799134909629,0.0356451133426244
24.165,0.505,20.2,0.212813904598271,0.0452897579903621
24.181,0.492,19.68,0.200447202736516,0.040179081084894
24.181,0.505,20.2,0.212813904598271,0.0452897579903621
24.199,0.492,19.68,0.200447202736516,0.040179081084894
24.217,0.466,18.64,0.177827941003892,0.0316227766016838
24.217,0.492,19.68,0.200447202736516,0.040179081084894
24.234,0.466,18.64,0.177827941003892,0.0316227766016838
24.253,0.401,16.04,0.131825673855641,0.0173780082874938
24.253,0.544,21.76,0.254683025258504,0.064863443354824
24.27,0.414,16.56,0.139958732257262,0.0195884467350599
24.288,0.285,11.4,0.0772680585095703,0.00597035286583838
24.288,0.427,17.08,0.148593564228701,0.022080047330189
24.305,0.311,12.44,0.0870963589956081,0.00758577575029184
24.323,0.168,6.72,0.0450816704541461,0.00203235701093622
24.341,0.336,13.44,0.0977237220955811,0.00954992586021437
24.341,0.194,7.76,0.0508159442560561,0.0025822601906346
24.358,0.246,9.84,0.0645654229034656,0.00416869383470336
24.358,0.181,7.24,0.0478630092322639,0.00229086765276777
24.377,0.22,8.8,0.057279603098583,0.00328095293113119
24.395,0.349,13.96,0.103752841581801,0.0107646521362984
24.396,0.181,7.24,0.0478630092322639,0.00229086765276777
24.413,0.336,13.44,0.0977237220955811,0.00954992586021437
24.432,0.168,6.72,0.0450816704541461,0.00203235701093622
24.432,0.285,11.4,0.0772680585095703,0.00597035286583838
24.449,0.401,16.04,0.131825673855641,0.0173780082874938
24.467,0.259,10.36,0.0685488226452662,0.00469894108605216
24.467,0.634,25.36,0.385478357665772,0.148593564228701
24.485,0.453,18.12,0.167494287602644,0.0280543363795172
24.504,0.375,15,0.116949939101987,0.0136772882559585
24.504,0.44,17.6,0.157761126969935,0.0248885731828239
24.522,0.479,19.16,0.188799134909629,0.0356451133426244
24.538,0.453,18.12,0.167494287602644,0.0280543363795172
24.538,0.505,20.2,0.212813904598271,0.0452897579903621
24.556,0.505,20.2,0.212813904598271,0.0452897579903621
24.574,0.492,19.68,0.200447202736516,0.040179081084894
24.574,0.531,21.24,0.239883291901949,0.0575439937337158
24.591,0.505,20.2,0.212813904598271,0.0452897579903621
24.61,0.544,21.76,0.254683025258504,0.064863443354824
24.61,0.518,20.72,0.225943577022098,0.0510504999975407
24.628,0.466,18.64,0.177827941003892,0.0316227766016838
24.646,0.556,22.24,0.269153480392692,0.0724435960074991
24.646,0.505,20.2,0.212813904598271,0.0452897579903621
24.663,0.362,14.48,0.110153930954142,0.0121338885046498
24.683,0.531,21.24,0.239883291901949,0.0575439937337158
24.683,0.427,17.08,0.148593564228701,0.022080047330189
24.7,0.155,6.2,0.0424619563946313,0.00180301774085957
24.72,0.453,18.12,0.167494287602644,0.0280543363795172
24.72,0.233,9.32,0.0608135001278718,0.00369828179780267
24.739,0.349,13.96,0.103752841581801,0.0107646521362984
24.757,0.324,12.96,0.0924698173938223,0.00855066712884685
24.757,0.298,11.92,0.0820351544329818,0.00672976656284318
24.777,0.518,20.72,0.225943577022098,0.0510504999975407
24.777,0.427,17.08,0.148593564228701,0.022080047330189
24.796,0.479,19.16,0.188799134909629,0.0356451133426244
24.814,0.168,6.72,0.0450816704541461,0.00203235701093622
24.814,0.453,18.12,0.167494287602644,0.0280543363795172
24.832,0.569,22.76,0.285759054337495,0.0816582371358593
24.85,0.427,17.08,0.148593564228701,0.022080047330189
24.85,0.556,22.24,0.269153480392692,0.0724435960074991
24.868,0.621,24.84,0.363078054770102,0.131825673855641
24.886,0.595,23.8,0.322106879128344,0.103752841581801
24.886,0.608,24.32,0.341979442513709,0.116949939101987
24.904,0.647,25.88,0.409260659730011,0.167494287602644
24.922,0.595,23.8,0.322106879128344,0.103752841581801
24.922,0.634,25.36,0.385478357665772,0.148593564228701
24.939,0.634,25.36,0.385478357665772,0.148593564228701
24.957,0.634,25.36,0.385478357665772,0.148593564228701
24.957,0.647,25.88,0.409260659730011,0.167494287602644
24.975,0.621,24.84,0.363078054770102,0.131825673855641
24.994,0.647,25.88,0.409260659730011,0.167494287602644
24.994,0.621,24.84,0.363078054770102,0.131825673855641
25.012,0.569,22.76,0.285759054337495,0.0816582371358593
25.029,0.634,25.36,0.385478357665772,0.148593564228701
25.029,0.595,23.8,0.322106879128344,0.103752841581801
25.047,0.479,19.16,0.188799134909629,0.0356451133426244
25.065,0.608,24.32,0.341979442513709,0.116949939101987
25.065,0.505,20.2,0.212813904598271,0.0452897579903621
25.084,0.66,26.4,0.434510224171572,0.18879913490963
25.102,0.531,21.24,0.239883291901949,0.0575439937337158
25.102,0.336,13.44,0.0977237220955811,0.00954992586021437
25.12,0.336,13.44,0.0977237220955811,0.00954992586021437
25.139,0.388,15.52,0.124165230759241,0.0154170045294956
25.139,0.246,9.84,0.0645654229034656,0.00416869383470336
25.157,0.518,20.72,0.225943577022098,0.0510504999975407
25.157,0.168,6.72,0.0450816704541461,0.00203235701093622
25.175,0.479,19.16,0.188799134909629,0.0356451133426244
25.194,0.595,23.8,0.322106879128344,0.103752841581801
25.194,0.427,17.08,0.148593564228701,0.022080047330189
25.211,0.569,22.76,0.285759054337495,0.0816582371358593
25.229,0.375,15,0.116949939101987,0.0136772882559585
25.229,0.544,21.76,0.254683025258504,0.064863443354824
25.247,0.621,24.84,0.363078054770102,0.131825673855641
25.266,0.518,20.72,0.225943577022098,0.0510504999975407
25.266,0.608,24.32,0.341979442513709,0.116949939101987
25.284,0.634,25.36,0.385478357665772,0.148593564228701
25.302,0.582,23.28,0.303389118419427,0.0920449571753172
25.302,0.621,24.84,0.363078054770102,0.131825673855641
25.32,0.621,24.84,0.363078054770102,0.131825673855641
25.339,0.608,24.32,0.341979442513709,0.116949939101987
25.339,0.621,24.84,0.363078054770102,0.131825673855641
25.358,0.595,23.8,0.322106879128344,0.103752841581801
25.378,0.621,24.84,0.363078054770102,0.131825673855641
25.378,0.595,23.8,0.322106879128344,0.103752841581801
25.396,0.544,21.76,0.254683025258504,0.064863443354824
25.396,0.608,24.32,0.341979442513709,0.116949939101987
25.415,0.556,22.24,0.269153480392692,0.0724435960074991
25.433,0.44,17.6,0.157761126969935,0.0248885731828239
25.433,0.556,22.24,0.269153480392692,0.0724435960074991
25.452,0.479,19.16,0.188799134909629,0.0356451133426244
25.47,0.233,9.32,0.0608135001278718,0.00369828179780267
25.47,0.492,19.68,0.200447202736516,0.040179081084894
25.489,0.298,11.92,0.0820351544329818,0.00672976656284318
25.507,0.479,19.16,0.188799134909629,0.0356451133426244
25.508,0.362,14.48,0.110153930954142,0.0121338885046498
25.525,0.207,8.28,0.0539510622515128,0.00291071711806661
25.544,0.44,17.6,0.157761126969935,0.0248885731828239
25.544,0.155,6.2,0.0424619563946313,0.00180301774085957
25.562,0.414,16.56,0.139958732257262,0.0195884467350599
25.562,0.531,21.24,0.239883291901949,0.0575439937337158
25.58,0.388,15.52,0.124165230759241,0.0154170045294956
25.599,0.673,26.92,0.46131757456038,0.212813904598272
25.599,0.336,13.44,0.0977237220955811,0.00954992586021437
25.617,0.518,20.72,0.225943577022098,0.0510504999975407
25.635,0.569,22.76,0.285759054337495,0.0816582371358593
25.635,0.466,18.64,0.177827941003892,0.0316227766016838
25.653,0.569,22.76,0.285759054337495,0.0816582371358593
25.672,0.608,24.32,0.341979442513709,0.116949939101987
25.672,0.556,22.24,0.269153480392692,0.0724435960074991
25.69,0.608,24.32,0.341979442513709,0.116949939101987
25.71,0.608,24.32,0.341979442513709,0.116949939101987
25.71,0.595,23.8,0.322106879128344,0.103752841581801
25.728,0.621,24.84,0.363078054770102,0.131825673855641
25.747,0.595,23.8,0.322106879128344,0.103752841581801
25.747,0.608,24.32,0.341979442513709,0.116949939101987
25.766,0.595,23.8,0.322106879128344,0.103752841581801
25.766,0.569,22.76,0.285759054337495,0.0816582371358593
25.785,0.608,24.32,0.341979442513709,0.116949939101987
25.804,0.582,23.28,0.303389118419427,0.0920449571753172
25.804,0.492,19.68,0.200447202736516,0.040179081084894
25.822,0.582,23.28,0.303389118419427,0.0920449571753172
25.841,0.505,20.2,0.212813904598271,0.0452897579903621
25.841,0.298,11.92,0.0820351544329818,0.00672976656284318
25.859,0.531,21.24,0.239883291901949,0.0575439937337158
25.879,0.375,15,0.116949939101987,0.0136772882559585
25.879,0.246,9.84,0.0645654229034656,0.00416869383470336
25.897,0.44,17.6,0.157761126969935,0.0248885731828239
25.897,0.544,21.76,0.254683025258504,0.064863443354824
25.916,0.466,18.64,0.177827941003892,0.0316227766016838
25.935,0.207,8.28,0.0539510622515128,0.00291071711806661
25.935,0.427,17.08,0.148593564228701,0.022080047330189
25.954,0.569,22.76,0.285759054337495,0.0816582371358593
25.972,0.375,15,0.116949939101987,0.0136772882559585
25.972,0.544,21.76,0.254683025258504,0.064863443354824
25.99,0.324,12.96,0.0924698173938223,0.00855066712884685
25.99,0.544,21.76,0.254683025258504,0.064863443354824
26.01,0.621,24.84,0.363078054770102,0.131825673855641
26.029,0.518,20.72,0.225943577022098,0.0510504999975407
26.029,0.621,24.84,0.363078054770102,0.131825673855641
26.047,0.66,26.4,0.434510224171572,0.18879913490963
26.065,0.621,24.84,0.363078054770102,0.131825673855641
26.065,0.673,26.92,0.46131757456038,0.212813904598272
26.085,0.686,27.44,0.489778819368447,0.239883291901949
26.102,0.686,27.44,0.489778819368447,0.239883291901949
26.103,0.712,28.48,0.552077439280758,0.304789498962799
26.122,0.686,27.44,0.489778819368447,0.239883291901949
26.122,0.712,28.48,0.552077439280758,0.304789498962799
26.14,0.712,28.48,0.552077439280758,0.304789498962799
26.158,0.673,26.92,0.46131757456038,0.212813904598272
26.158,0.738,29.52,0.62230028516916,0.387257644921618
26.177,0.712,28.48,0.552077439280758,0.304789498962799
26.195,0.621,24.84,0.363078054770102,0.131825673855641
26.196,0.725,29,0.586138164514029,0.343557947899875
26.215,0.66,26.4,0.434510224171572,0.18879913490963
26.232,0.505,20.2,0.212813904598271,0.0452897579903621
26.232,0.686,27.44,0.489778819368447,0.239883291901949
26.25,0.544,21.76,0.254683025258504,0.064863443354824
26.269,0.233,9.32,0.0608135001278718,0.00369828179780267
26.269,0.595,23.8,0.322106879128344,0.103752841581801
26.288,0.181,7.24,0.0478630092322639,0.00229086765276777
26.288,0.595,23.8,0.322106879128344,0.103752841581801
26.307,0.466,18.64,0.177827941003892,0.0316227766016838
26.326,0.556,22.24,0.269153480392692,0.0724435960074991
26.326,0.699,27.96,0.519995996533516,0.270395836410885
26.344,0.505,20.2,0.212813904598271,0.0452897579903621
26.362,0.686,27.44,0.489778819368447,0.239883291901949
26.362,0.427,17.08,0.148593564228701,0.022080047330189
26.38,0.673,26.92,0.46131757456038,0.212813904598272
26.399,0.751,30.04,0.660693448007596,0.436515832240167
26.399,0.634,25.36,0.385478357665772,0.148593564228701
26.417,0.751,30.04,0.660693448007596,0.436515832240167
26.437,0.789,31.56,0.787045789695099,0.619441075076782
26.437,0.738,29.52,0.62230028516916,0.387257644921618
26.455,0.789,31.56,0.787045789695099,0.619441075076782
26.455,0.802,32.08,0.835603018231248,0.698232404077172
26.473,0.776,31.04,0.741310241300918,0.549540873857625
26.492,0.802,32.08,0.835603018231248,0.698232404077172
26.492,0.802,32.08,0.835603018231248,0.698232404077172
26.511,0.802,32.08,0.835603018231248,0.698232404077172
26.529,0.802,32.08,0.835603018231248,0.698232404077172
26.529,0.751,30.04,0.660693448007596,0.436515832240167
26.548,0.802,32.08,0.835603018231248,0.698232404077172
26.565,0.776,31.04,0.741310241300918,0.549540873857625
26.566,0.686,27.44,0.489778819368447,0.239883291901949
26.584,0.776,31.04,0.741310241300918,0.549540873857625
26.602,0.725,29,0.586138164514029,0.343557947899875
26.602,0.556,22.24,0.269153480392692,0.0724435960074991
26.621,0.738,29.52,0.62230028516916,0.387257644921618
26.639,0.595,23.8,0.322106879128344,0.103752841581801
26.639,0.194,7.76,0.0508159442560561,0.0025822601906346
26.657,0.634,25.36,0.385478357665772,0.148593564228701
26.675,0.207,8.28,0.0539510622515128,0.00291071711806661
26.675,0.595,23.8,0.322106879128344,0.103752841581801
26.694,0.388,15.52,0.124165230759241,0.0154170045294956
26.694,0.544,21.76,0.254683025258504,0.064863443354824
26.712,0.712,28.48,0.552077439280758,0.304789498962799
26.73,0.479,19.16,0.188799134909629,0.0356451133426244
26.73,0.686,27.44,0.489778819368447,0.239883291901949
26.749,0.349,13.96,0.103752841581801,0.0107646521362984
26.767,0.673,26.92,0.46131757456038,0.212813904598272
26.767,0.764,30.56,0.701455298419972,0.492039535681452
26.785,0.621,24.84,0.363078054770102,0.131825673855641
26.804,0.751,30.04,0.660693448007596,0.436515832240167
26.804,0.789,31.56,0.787045789695099,0.619441075076782
26.822,0.738,29.52,0.62230028516916,0.387257644921618
26.841,0.776,31.04,0.741310241300918,0.549540873857625
26.841,0.802,32.08,0.835603018231248,0.698232404077172
26.858,0.776,31.04,0.741310241300918,0.549540873857625
26.877,0.802,32.08,0.835603018231248,0.698232404077172
26.877,0.789,31.56,0.787045789695099,0.619441075076782
26.894,0.789,31.56,0.787045789695099,0.619441075076782
26.913,0.789,31.56,0.787045789695099,0.619441075076782
26.913,0.764,30.56,0.701455298419972,0.492039535681452
26.931,0.789,31.56,0.787045789695099,0.619441075076782
26.948,0.764,30.56,0.701455298419972,0.492039535681452
26.948,0.699,27.96,0.519995996533516,0.270395836410885
26.966,0.776,31.04,0.741310241300918,0.549540873857625
26.985,0.725,29,0.586138164514029,0.343557947899875
26.985,0.569,22.76,0.285759054337495,0.0816582371358593
27.003,0.725,29,0.586138164514029,0.343557947899875
27.003,0.608,24.32,0.341979442513709,0.116949939101987
27.021,0.181,7.24,0.0478630092322639,0.00229086765276777
27.039,0.647,25.88,0.409260659730011,0.167494287602644
27.039,0.336,13.44,0.0977237220955811,0.00954992586021437
27.058,0.544,21.76,0.254683025258504,0.064863443354824
27.075,0.427,17.08,0.148593564228701,0.022080047330189
27.075,0.492,19.68,0.200447202736516,0.040179081084894
27.093,0.686,27.44,0.489778819368447,0.239883291901949
27.112,0.401,16.04,0.131825673855641,0.0173780082874938
27.112,0.647,25.88,0.409260659730011,0.167494287602644
27.129,0.466,18.64,0.177827941003892,0.0316227766016838
27.147,0.621,24.84,0.363078054770102,0.131825673855641
27.147,0.712,28.48,0.552077439280758,0.304789498962799
27.166,0.582,23.28,0.303389118419427,0.0920449571753172
27.184,0.699,27.96,0.519995996533516,0.270395836410885
27.185,0.751,30.04,0.660693448007596,0.436515832240167
27.202,0.673,26.92,0.46131757456038,0.212813904598272
27.22,0.751,30.04,0.660693448007596,0.436515832240167
27.22,0.751,30.04,0.660693448007596,0.436515832240167
27.239,0.712,28.48,0.552077439280758,0.304789498962799
27.256,0.751,30.04,0.660693448007596,0.436515832240167
27.256,0.738,29.52,0.62230028516916,0.387257644921618
27.275,0.738,29.52,0.62230028516916,0.387257644921618
27.295,0.738,29.52,0.62230028516916,0.387257644921618
27.295,0.712,28.48,0.552077439280758,0.304789498962799
27.312,0.738,29.52,0.62230028516916,0.387257644921618
27.329,0.712,28.48,0.552077439280758,0.304789498962799
27.329,0.647,25.88,0.409260659730011,0.167494287602644
27.348,0.712,28.48,0.552077439280758,0.304789498962799
27.367,0.66,26.4,0.434510224171572,0.18879913490963
27.367,0.505,20.2,0.212813904598271,0.0452897579903621
27.385,0.673,26.92,0.46131757456038,0.212813904598272
27.385,0.569,22.76,0.285759054337495,0.0816582371358593
27.405,0.22,8.8,0.057279603098583,0.00328095293113119
27.425,0.608,24.32,0.341979442513709,0.116949939101987
27.425,0.298,11.92,0.0820351544329818,0.00672976656284318
27.448,0.466,18.64,0.177827941003892,0.0316227766016838
27.448,0.401,16.04,0.131825673855641,0.0173780082874938
27.468,0.414,16.56,0.139958732257262,0.0195884467350599
27.468,0.608,24.32,0.341979442513709,0.116949939101987
27.488,0.311,12.44,0.0870963589956081,0.00758577575029184
27.508,0.582,23.28,0.303389118419427,0.0920449571753172
27.508,0.181,7.24,0.0478630092322639,0.00229086765276777
27.527,0.544,21.76,0.254683025258504,0.064863443354824
27.527,0.66,26.4,0.434510224171572,0.18879913490963
27.546,0.505,20.2,0.212813904598271,0.0452897579903621
27.563,0.647,25.88,0.409260659730011,0.167494287602644
27.563,0.699,27.96,0.519995996533516,0.270395836410885
27.581,0.621,24.84,0.363078054770102,0.131825673855641
27.599,0.686,27.44,0.489778819368447,0.239883291901949
27.599,0.712,28.48,0.552077439280758,0.304789498962799
27.619,0.673,26.92,0.46131757456038,0.212813904598272
27.637,0.712,28.48,0.552077439280758,0.304789498962799
27.637,0.712,28.48,0.552077439280758,0.304789498962799
27.656,0.712,28.48,0.552077439280758,0.304789498962799
27.674,0.725,29,0.586138164514029,0.343557947899875
27.674,0.686,27.44,0.489778819368447,0.239883291901949
27.693,0.712,28.48,0.552077439280758,0.304789498962799
27.712,0.699,27.96,0.519995996533516,0.270395836410885
27.712,0.634,25.36,0.385478357665772,0.148593564228701
27.73,0.712,28.48,0.552077439280758,0.304789498962799
27.73,0.66,26.4,0.434510224171572,0.18879913490963
27.75,0.531,21.24,0.239883291901949,0.0575439937337158
27.767,0.673,26.92,0.46131757456038,0.212813904598272
27.767,0.569,22.76,0.285759054337495,0.0816582371358593
27.785,0.259,10.36,0.0685488226452662,0.00469894108605216
27.804,0.595,23.8,0.322106879128344,0.103752841581801
27.804,0.375,15,0.116949939101987,0.0136772882559585
27.822,0.453,18.12,0.167494287602644,0.0280543363795172
27.839,0.453,18.12,0.167494287602644,0.0280543363795172
27.839,0.569,22.76,0.285759054337495,0.0816582371358593
27.858,0.608,24.32,0.341979442513709,0.116949939101987
27.875,0.259,10.36,0.0685488226452662,0.00469894108605216
27.875,0.582,23.28,0.303389118419427,0.0920449571753172
27.894,0.686,27.44,0.489778819368447,0.239883291901949
27.912,0.556,22.24,0.269153480392692,0.0724435960074991
27.912,0.686,27.44,0.489778819368447,0.239883291901949
27.93,0.505,20.2,0.212813904598271,0.0452897579903621
27.948,0.66,26.4,0.434510224171572,0.18879913490963
27.948,0.738,29.52,0.62230028516916,0.387257644921618
27.966,0.647,25.88,0.409260659730011,0.167494287602644
27.984,0.738,29.52,0.62230028516916,0.387257644921618
27.984,0.764,30.56,0.701455298419972,0.492039535681452
28.003,0.725,29,0.586138164514029,0.343557947899875
28.003,0.764,30.56,0.701455298419972,0.492039535681452
28.021,0.764,30.56,0.701455298419972,0.492039535681452
28.039,0.764,30.56,0.701455298419972,0.492039535681452
28.039,0.776,31.04,0.741310241300918,0.549540873857625
28.057,0.751,30.04,0.660693448007596,0.436515832240167
28.076,0.789,31.56,0.787045789695099,0.619441075076782
28.076,0.764,30.56,0.701455298419972,0.492039535681452
28.093,0.712,28.48,0.552077439280758,0.304789498962799
28.114,0.776,31.04,0.741310241300918,0.549540873857625
28.114,0.725,29,0.586138164514029,0.343557947899875
28.133,0.608,24.32,0.341979442513709,0.116949939101987
28.151,0.738,29.52,0.62230028516916,0.387257644921618
28.151,0.66,26.4,0.434510224171572,0.18879913490963
28.169,0.569,22.76,0.285759054337495,0.0816582371358593
28.187,0.686,27.44,0.489778819368447,0.239883291901949
28.187,0.492,19.68,0.200447202736516,0.040179081084894
28.204,0.466,18.64,0.177827941003892,0.0316227766016838
28.221,0.544,21.76,0.254683025258504,0.064863443354824
28.222,0.349,13.96,0.103752841581801,0.0107646521362984
28.239,0.66,26.4,0.434510224171572,0.18879913490963
28.257,0.233,9.32,0.0608135001278718,0.00369828179780267
28.257,0.621,24.84,0.363078054770102,0.131825673855641
28.275,0.738,29.52,0.62230028516916,0.387257644921618
28.292,0.595,23.8,0.322106879128344,0.103752841581801
28.293,0.725,29,0.586138164514029,0.343557947899875
28.311,0.544,21.76,0.254683025258504,0.064863443354824
28.327,0.699,27.96,0.519995996533516,0.270395836410885
28.327,0.776,31.04,0.741310241300918,0.549540873857625
28.345,0.673,26.92,0.46131757456038,0.212813904598272
28.364,0.764,30.56,0.701455298419972,0.492039535681452
28.364,0.789,31.56,0.787045789695099,0.619441075076782
28.381,0.738,29.52,0.62230028516916,0.387257644921618
28.399,0.789,31.56,0.787045789695099,0.619441075076782
28.399,0.789,31.56,0.787045789695099,0.619441075076782
28.417,0.764,30.56,0.701455298419972,0.492039535681452
28.434,0.789,31.56,0.787045789695099,0.619441075076782
28.434,0.751,30.04,0.660693448007596,0.436515832240167
28.452,0.776,31.04,0.741310241300918,0.549540873857625
28.469,0.764,30.56,0.701455298419972,0.492039535681452
28.469,0.712,28.48,0.552077439280758,0.304789498962799
28.488,0.751,30.04,0.660693448007596,0.436515832240167
28.507,0.712,28.48,0.552077439280758,0.304789498962799
28.507,0.608,24.32,0.341979442513709,0.116949939101987
28.524,0.712,28.48,0.552077439280758,0.304789498962799
28.541,0.621,24.84,0.363078054770102,0.131825673855641
28.542,0.362,14.48,0.110153930954142,0.0121338885046498
28.559,0.634,25.36,0.385478357665772,0.148593564228701
28.577,0.44,17.6,0.157761126969935,0.0248885731828239
28.577,0.349,13.96,0.103752841581801,0.0107646521362984
28.595,0.479,19.16,0.188799134909629,0.0356451133426244
28.614,0.233,9.32,0.0608135001278718,0.00369828179780267
28.614,0.518,20.72,0.225943577022098,0.0510504999975407
28.631,0.155,6.2,0.0424619563946313,0.00180301774085957
28.649,0.466,18.64,0.177827941003892,0.0316227766016838
28.649,0.595,23.8,0.322106879128344,0.103752841581801
28.667,0.505,20.2,0.212813904598271,0.0452897579903621
28.685,0.544,21.76,0.254683025258504,0.064863443354824
28.685,0.311,12.44,0.0870963589956081,0.00758577575029184
28.704,0.505,20.2,0.212813904598271,0.0452897579903621
28.722,0.569,22.76,0.285759054337495,0.0816582371358593
28.722,0.453,18.12,0.167494287602644,0.0280543363795172
28.739,0.518,20.72,0.225943577022098,0.0510504999975407
28.757,0.531,21.24,0.239883291901949,0.0575439937337158
28.757,0.479,19.16,0.188799134909629,0.0356451133426244
28.774,0.505,20.2,0.212813904598271,0.0452897579903621
28.792,0.505,20.2,0.212813904598271,0.0452897579903621
28.792,0.479,19.16,0.188799134909629,0.0356451133426244
28.81,0.479,19.16,0.188799134909629,0.0356451133426244
28.828,0.44,17.6,0.157761126969935,0.0248885731828239
28.828,0.453,18.12,0.167494287602644,0.0280543363795172
28.846,0.44,17.6,0.157761126969935,0.0248885731828239
28.865,0.401,16.04,0.131825673855641,0.0173780082874938
28.865,0.518,20.72,0.225943577022098,0.0510504999975407
28.883,0.414,16.56,0.139958732257262,0.0195884467350599
28.901,0.336,13.44,0.0977237220955811,0.00954992586021437
28.901,0.453,18.12,0.167494287602644,0.0280543363795172
28.919,0.388,15.52,0.124165230759241,0.0154170045294956
28.936,0.22,8.8,0.057279603098583,0.00328095293113119
28.936,0.414,16.56,0.139958732257262,0.0195884467350599
28.954,0.298,11.92,0.0820351544329818,0.00672976656284318
28.972,0.194,7.76,0.0508159442560561,0.0025822601906346
28.972,0.362,14.48,0.110153930954142,0.0121338885046498
28.989,0.181,7.24,0.0478630092322639,0.00229086765276777
29.008,0.401,16.04,0.131825673855641,0.0173780082874938
29.008,0.181,7.24,0.0478630092322639,0.00229086765276777
29.025,0.401,16.04,0.131825673855641,0.0173780082874938
29.045,0.544,21.76,0.254683025258504,0.064863443354824
29.045,0.375,15,0.116949939101987,0.0136772882559585
29.062,0.556,22.24,0.269153480392692,0.0724435960074991
29.079,0.336,13.44,0.0977237220955811,0.00954992586021437
29.08,0.595,23.8,0.322106879128344,0.103752841581801
29.097,0.634,25.36,0.385478357665772,0.148593564228701
29.116,0.544,21.76,0.254683025258504,0.064863443354824
29.116,0.647,25.88,0.409260659730011,0.167494287602644
29.135,0.699,27.96,0.519995996533516,0.270395836410885
29.135,0.647,25.88,0.409260659730011,0.167494287602644
29.153,0.699,27.96,0.519995996533516,0.270395836410885
29.172,0.725,29,0.586138164514029,0.343557947899875
29.172,0.699,27.96,0.519995996533516,0.270395836410885
29.19,0.725,29,0.586138164514029,0.343557947899875
29.208,0.725,29,0.586138164514029,0.343557947899875
29.208,0.738,29.52,0.62230028516916,0.387257644921618
29.225,0.738,29.52,0.62230028516916,0.387257644921618
29.243,0.699,27.96,0.519995996533516,0.270395836410885
29.243,0.751,30.04,0.660693448007596,0.436515832240167
29.261,0.712,28.48,0.552077439280758,0.304789498962799
29.279,0.634,25.36,0.385478357665772,0.148593564228701
29.279,0.725,29,0.586138164514029,0.343557947899875
29.296,0.66,26.4,0.434510224171572,0.18879913490963
29.314,0.479,19.16,0.188799134909629,0.0356451133426244
29.314,0.686,27.44,0.489778819368447,0.239883291901949
29.331,0.531,21.24,0.239883291901949,0.0575439937337158
29.349,0.259,10.36,0.0685488226452662,0.00469894108605216
29.349,0.582,23.28,0.303389118419427,0.0920449571753172
29.367,0.155,6.2,0.0424619563946313,0.00180301774085957
29.386,0.582,23.28,0.303389118419427,0.0920449571753172
29.386,0.259,10.36,0.0685488226452662,0.00469894108605216
29.403,0.544,21.76,0.254683025258504,0.064863443354824
29.421,0.699,27.96,0.519995996533516,0.270395836410885
29.421,0.505,20.2,0.212813904598271,0.0452897579903621
29.439,0.686,27.44,0.489778819368447,0.239883291901949
29.456,0.427,17.08,0.148593564228701,0.022080047330189
29.456,0.66,26.4,0.434510224171572,0.18879913490963
29.474,0.751,30.04,0.660693448007596,0.436515832240167
29.492,0.634,25.36,0.385478357665772,0.148593564228701
29.492,0.738,29.52,0.62230028516916,0.387257644921618
29.511,0.776,31.04,0.741310241300918,0.549540873857625
29.528,0.725,29,0.586138164514029,0.343557947899875
29.528,0.776,31.04,0.741310241300918,0.549540873857625
29.547,0.802,32.08,0.835603018231248,0.698232404077172
29.564,0.764,30.56,0.701455298419972,0.492039535681452
29.564,0.802,32.08,0.835603018231248,0.698232404077172
29.581,0.789,31.56,0.787045789695099,0.619441075076782
29.6,0.789,31.56,0.787045789695099,0.619441075076782
29.6,0.789,31.56,0.787045789695099,0.619441075076782
29.618,0.738,29.52,0.62230028516916,0.387257644921618
29.636,0.789,31.56,0.787045789695099,0.619441075076782
29.636,0.764,30.56,0.701455298419972,0.492039535681452
29.654,0.686,27.44,0.489778819368447,0.239883291901949
29.672,0.776,31.04,0.741310241300918,0.549540873857625
29.672,0.712,28.48,0.552077439280758,0.304789498962799
29.69,0.556,22.24,0.269153480392692,0.0724435960074991
29.708,0.725,29,0.586138164514029,0.343557947899875
29.708,0.595,23.8,0.322106879128344,0.103752841581801
29.727,0.194,7.76,0.0508159442560561,0.0025822601906346
29.746,0.634,25.36,0.385478357665772,0.148593564228701
29.746,0.259,10.36,0.0685488226452662,0.00469894108605216
29.763,0.582,23.28,0.303389118419427,0.0920449571753172
29.781,0.388,15.52,0.124165230759241,0.0154170045294956
29.781,0.531,21.24,0.239883291901949,0.0575439937337158
29.799,0.712,28.48,0.552077439280758,0.304789498962799
29.817,0.479,19.16,0.188799134909629,0.0356451133426244
29.817,0.686,27.44,0.489778819368447,0.239883291901949
29.834,0.375,15,0.116949939101987,0.0136772882559585
29.853,0.673,26.92,0.46131757456038,0.212813904598272
29.853,0.764,30.56,0.701455298419972,0.492039535681452
29.871,0.634,25.36,0.385478357665772,0.148593564228701
29.89,0.751,30.04,0.660693448007596,0.436515832240167
29.89,0.802,32.08,0.835603018231248,0.698232404077172
29.908,0.751,30.04,0.660693448007596,0.436515832240167
29.927,0.802,32.08,0.835603018231248,0.698232404077172
29.927,0.815,32.6,0.887156012037961,0.787045789695099
29.944,0.802,32.08,0.835603018231248,0.698232404077172
29.944,0.828,33.12,0.941889596522842,0.887156012037962
29.962,0.802,32.08,0.835603018231248,0.698232404077172
29.981,0.815,32.6,0.887156012037961,0.787045789695099
29.981,0.815,32.6,0.887156012037961,0.787045789695099
29.999,0.776,31.04,0.741310241300918,0.549540873857625
30.017,0.815,32.6,0.887156012037961,0.787045789695099
30.017,0.789,31.56,0.787045789695099,0.619441075076782
30.035,0.712,28.48,0.552077439280758,0.304789498962799
30.053,0.802,32.08,0.835603018231248,0.698232404077172
30.053,0.738,29.52,0.62230028516916,0.387257644921618
30.071,0.582,23.28,0.303389118419427,0.0920449571753172
30.089,0.751,30.04,0.660693448007596,0.436515832240167
30.089,0.634,25.36,0.385478357665772,0.148593564228701
30.107,0.168,6.72,0.0450816704541461,0.00203235701093622
30.125,0.673,26.92,0.46131757456038,0.212813904598272
30.125,0.336,13.44,0.0977237220955811,0.00954992586021437
30.144,0.582,23.28,0.303389118419427,0.0920449571753172
30.162,0.44,17.6,0.157761126969935,0.0248885731828239
30.162,0.531,21.24,0.239883291901949,0.0575439937337158
30.18,0.712,28.48,0.552077439280758,0.304789498962799
30.199,0.453,18.12,0.167494287602644,0.0280543363795172
30.199,0.686,27.44,0.489778819368447,0.239883291901949
30.218,0.324,12.96,0.0924698173938223,0.00855066712884685
30.236,0.66,26.4,0.434510224171572,0.18879913490963
30.236,0.764,30.56,0.701455298419972,0.492039535681452
30.254,0.621,24.84,0.363078054770102,0.131825673855641
30.254,0.738,29.52,0.62230028516916,0.387257644921618
30.273,0.789,31.56,0.787045789695099,0.619441075076782
30.291,0.725,29,0.586138164514029,0.343557947899875
30.291,0.789,31.56,0.787045789695099,0.619441075076782
30.31,0.815,32.6,0.887156012037961,0.787045789695099
30.329,0.776,31.04,0.741310241300918,0.549540873857625
30.329,0.802,32.08,0.835603018231248,0.698232404077172
30.348,0.802,32.08,0.835603018231248,0.698232404077172
30.365,0.802,32.08,0.835603018231248,0.698232404077172
30.365,0.789,31.56,0.787045789695099,0.619441075076782
30.384,0.776,31.04,0.741310241300918,0.549540873857625
30.402,0.802,32.08,0.835603018231248,0.698232404077172
30.402,0.776,31.04,0.741310241300918,0.549540873857625
30.421,0.712,28.48,0.552077439280758,0.304789498962799
30.421,0.776,31.04,0.741310241300918,0.549540873857625
30.439,0.725,29,0.586138164514029,0.343557947899875
30.457,0.582,23.28,0.303389118419427,0.0920449571753172
30.457,0.738,29.52,0.62230028516916,0.387257644921618
30.476,0.621,24.84,0.363078054770102,0.131825673855641
30.494,0.207,8.28,0.0539510622515128,0.00291071711806661
30.494,0.647,25.88,0.409260659730011,0.167494287602644
30.512,0.362,14.48,0.110153930954142,0.0121338885046498
30.529,0.518,20.72,0.225943577022098,0.0510504999975407
30.529,0.453,18.12,0.167494287602644,0.0280543363795172
30.548,0.44,17.6,0.157761126969935,0.0248885731828239
30.566,0.647,25.88,0.409260659730011,0.167494287602644
30.566,0.324,12.96,0.0924698173938223,0.00855066712884685
30.585,0.608,24.32,0.341979442513709,0.116949939101987
30.602,0.207,8.28,0.0539510622515128,0.00291071711806661
30.603,0.569,22.76,0.285759054337495,0.0816582371358593
30.622,0.673,26.92,0.46131757456038,0.212813904598272
30.639,0.518,20.72,0.225943577022098,0.0510504999975407
30.639,0.647,25.88,0.409260659730011,0.167494287602644
30.658,0.699,27.96,0.519995996533516,0.270395836410885
30.675,0.634,25.36,0.385478357665772,0.148593564228701
30.675,0.686,27.44,0.489778819368447,0.239883291901949
30.693,0.712,28.48,0.552077439280758,0.304789498962799
30.712,0.673,26.92,0.46131757456038,0.212813904598272
30.712,0.686,27.44,0.489778819368447,0.239883291901949
30.73,0.686,27.44,0.489778819368447,0.239883291901949
30.731,0.673,26.92,0.46131757456038,0.212813904598272
30.749,0.673,26.92,0.46131757456038,0.212813904598272
30.767,0.647,25.88,0.409260659730011,0.167494287602644
30.767,0.673,26.92,0.46131757456038,0.212813904598272
30.784,0.647,25.88,0.409260659730011,0.167494287602644
30.804,0.569,22.76,0.285759054337495,0.0816582371358593
30.805,0.647,25.88,0.409260659730011,0.167494287602644
30.822,0.582,23.28,0.303389118419427,0.0920449571753172
30.84,0.453,18.12,0.167494287602644,0.0280543363795172
30.84,0.595,23.8,0.322106879128344,0.103752841581801
30.859,0.466,18.64,0.177827941003892,0.0316227766016838
30.876,0.207,8.28,0.0539510622515128,0.00291071711806661
30.876,0.492,19.68,0.200447202736516,0.040179081084894
30.895,0.272,10.88,0.0727779804536825,0.00529663443891659
30.913,0.311,12.44,0.0870963589956081,0.00758577575029184
30.913,0.414,16.56,0.139958732257262,0.0195884467350599
30.932,0.246,9.84,0.0645654229034656,0.00416869383470336
30.949,0.44,17.6,0.157761126969935,0.0248885731828239
30.949,0.181,7.24,0.0478630092322639,0.00229086765276777
30.967,0.414,16.56,0.139958732257262,0.0195884467350599
30.986,0.414,16.56,0.139958732257262,0.0195884467350599
30.986,0.362,14.48,0.110153930954142,0.0121338885046498
31.005,0.466,18.64,0.177827941003892,0.0316227766016838
31.005,0.311,12.44,0.0870963589956081,0.00758577575029184
31.025,0.427,17.08,0.148593564228701,0.022080047330189
31.045,0.479,19.16,0.188799134909629,0.0356451133426244
31.045,0.401,16.04,0.131825673855641,0.0173780082874938
31.063,0.453,18.12,0.167494287602644,0.0280543363795172
31.081,0.479,19.16,0.188799134909629,0.0356451133426244
31.081,0.427,17.08,0.148593564228701,0.022080047330189
31.1,0.466,18.64,0.177827941003892,0.0316227766016838
31.1,0.453,18.12,0.167494287602644,0.0280543363795172
31.119,0.466,18.64,0.177827941003892,0.0316227766016838
31.137,0.466,18.64,0.177827941003892,0.0316227766016838
31.137,0.453,18.12,0.167494287602644,0.0280543363795172
31.157,0.479,19.16,0.188799134909629,0.0356451133426244
31.176,0.466,18.64,0.177827941003892,0.0316227766016838
31.176,0.427,17.08,0.148593564228701,0.022080047330189
31.193,0.492,19.68,0.200447202736516,0.040179081084894
31.211,0.453,18.12,0.167494287602644,0.0280543363795172
31.211,0.362,14.48,0.110153930954142,0.0121338885046498
31.23,0.492,19.68,0.200447202736516,0.040179081084894
31.249,0.427,17.08,0.148593564228701,0.022080047330189
31.249,0.207,8.28,0.0539510622515128,0.00291071711806661
31.267,0.453,18.12,0.167494287602644,0.0280543363795172
31.267,0.298,11.92,0.0820351544329818,0.00672976656284318
31.285,0.285,11.4,0.0772680585095703,0.00597035286583838
31.306,0.362,14.48,0.110153930954142,0.0121338885046498
31.306,0.233,9.32,0.0608135001278718,0.00369828179780267
31.327,0.492,19.68,0.200447202736516,0.040179081084894
31.327,0.168,6.72,0.0450816704541461,0.00203235701093622
31.348,0.466,18.64,0.177827941003892,0.0316227766016838
31.368,0.582,23.28,0.303389118419427,0.0920449571753172
31.368,0.44,17.6,0.157761126969935,0.0248885731828239
31.388,0.595,23.8,0.322106879128344,0.103752841581801
31.388,0.427,17.08,0.148593564228701,0.022080047330189
31.407,0.595,23.8,0.322106879128344,0.103752841581801
31.428,0.647,25.88,0.409260659730011,0.167494287602644
31.428,0.582,23.28,0.303389118419427,0.0920449571753172
31.448,0.66,26.4,0.434510224171572,0.18879913490963
31.448,0.686,27.44,0.489778819368447,0.239883291901949
31.467,0.66,26.4,0.434510224171572,0.18879913490963
31.487,0.699,27.96,0.519995996533516,0.270395836410885
31.488,0.712,28.48,0.552077439280758,0.304789498962799
31.508,0.699,27.96,0.519995996533516,0.270395836410885
31.508,0.712,28.48,0.552077439280758,0.304789498962799
31.529,0.699,27.96,0.519995996533516,0.270395836410885
31.529,0.725,29,0.586138164514029,0.343557947899875
31.55,0.712,28.48,0.552077439280758,0.304789498962799
31.57,0.66,26.4,0.434510224171572,0.18879913490963
31.57,0.725,29,0.586138164514029,0.343557947899875
31.589,0.686,27.44,0.489778819368447,0.239883291901949
31.589,0.582,23.28,0.303389118419427,0.0920449571753172
31.609,0.699,27.96,0.519995996533516,0.270395836410885
31.63,0.621,24.84,0.363078054770102,0.131825673855641
31.63,0.401,16.04,0.131825673855641,0.0173780082874938
31.65,0.647,25.88,0.409260659730011,0.167494287602644
31.65,0.479,19.16,0.188799134909629,0.0356451133426244
31.673,0.362,14.48,0.110153930954142,0.0121338885046498
31.673,0.531,21.24,0.239883291901949,0.0575439937337158
31.693,0.233,9.32,0.0608135001278718,0.00369828179780267
31.714,0.608,24.32,0.341979442513709,0.116949939101987
31.714,0.181,7.24,0.0478630092322639,0.00229086765276777
31.735,0.569,22.76,0.285759054337495,0.0816582371358593
31.735,0.699,27.96,0.519995996533516,0.270395836410885
31.753,0.556,22.24,0.269153480392692,0.0724435960074991
31.772,0.699,27.96,0.519995996533516,0.270395836410885
31.772,0.466,18.64,0.177827941003892,0.0316227766016838
31.79,0.673,26.92,0.46131757456038,0.212813904598272
31.79,0.751,30.04,0.660693448007596,0.436515832240167
31.809,0.647,25.88,0.409260659730011,0.167494287602644
31.827,0.725,29,0.586138164514029,0.343557947899875
31.827,0.789,31.56,0.787045789695099,0.619441075076782
31.845,0.738,29.52,0.62230028516916,0.387257644921618
31.863,0.776,31.04,0.741310241300918,0.549540873857625
31.863,0.789,31.56,0.787045789695099,0.619441075076782
31.881,0.776,31.04,0.741310241300918,0.549540873857625
31.901,0.789,31.56,0.787045789695099,0.619441075076782
31.901,0.776,31.04,0.741310241300918,0.549540873857625
31.918,0.789,31.56,0.787045789695099,0.619441075076782
31.936,0.776,31.04,0.741310241300918,0.549540873857625
31.936,0.738,29.52,0.62230028516916,0.387257644921618
31.954,0.789,31.56,0.787045789695099,0.619441075076782
31.972,0.751,30.04,0.660693448007596,0.436515832240167
31.972,0.66,26.4,0.434510224171572,0.18879913490963
31.99,0.764,30.56,0.701455298419972,0.492039535681452
32.009,0.686,27.44,0.489778819368447,0.239883291901949
32.009,0.479,19.16,0.188799134909629,0.0356451133426244
32.027,0.712,28.48,0.552077439280758,0.304789498962799
32.045,0.544,21.76,0.254683025258504,0.064863443354824
32.045,0.375,15,0.116949939101987,0.0136772882559585
32.064,0.595,23.8,0.322106879128344,0.103752841581801
32.082,0.233,9.32,0.0608135001278718,0.00369828179780267
32.082,0.621,24.84,0.363078054770102,0.131825673855641
32.1,0.259,10.36,0.0685488226452662,0.00469894108605216
32.1,0.595,23.8,0.322106879128344,0.103752841581801
32.119,0.725,29,0.586138164514029,0.343557947899875
32.136,0.544,21.76,0.254683025258504,0.064863443354824
32.136,0.712,28.48,0.552077439280758,0.304789498962799
32.155,0.492,19.68,0.200447202736516,0.040179081084894
32.174,0.686,27.44,0.489778819368447,0.239883291901949
32.174,0.764,30.56,0.701455298419972,0.492039535681452
32.192,0.673,26.92,0.46131757456038,0.212813904598272
32.209,0.751,30.04,0.660693448007596,0.436515832240167
32.209,0.802,32.08,0.835603018231248,0.698232404077172
32.228,0.738,29.52,0.62230028516916,0.387257644921618
32.246,0.789,31.56,0.787045789695099,0.619441075076782
32.246,0.789,31.56,0.787045789695099,0.619441075076782
32.264,0.776,31.04,0.741310241300918,0.549540873857625
32.281,0.802,32.08,0.835603018231248,0.698232404077172
32.281,0.776,31.04,0.741310241300918,0.549540873857625
32.299,0.789,31.56,0.787045789695099,0.619441075076782
32.317,0.789,31.56,0.787045789695099,0.619441075076782
32.317,0.738,29.52,0.62230028516916,0.387257644921618
32.335,0.789,31.56,0.787045789695099,0.619441075076782
32.355,0.751,30.04,0.660693448007596,0.436515832240167
32.355,0.673,26.92,0.46131757456038,0.212813904598272
32.372,0.764,30.56,0.701455298419972,0.492039535681452
32.39,0.686,27.44,0.489778819368447,0.239883291901949
32.39,0.518,20.72,0.225943577022098,0.0510504999975407
32.407,0.699,27.96,0.519995996533516,0.270395836410885
32.426,0.556,22.24,0.269153480392692,0.0724435960074991
32.426,0.246,9.84,0.0645654229034656,0.00416869383470336
32.444,0.582,23.28,0.303389118419427,0.0920449571753172
32.462,0.233,9.32,0.0608135001278718,0.00369828179780267
32.462,0.582,23.28,0.303389118419427,0.0920449571753172
32.48,0.298,11.92,0.0820351544329818,0.00672976656284318
32.499,0.518,20.72,0.225943577022098,0.0510504999975407
32.499,0.686,27.44,0.489778819368447,0.239883291901949
32.516,0.453,18.12,0.167494287602644,0.0280543363795172
32.534,0.647,25.88,0.409260659730011,0.167494287602644
32.534,0.375,15,0.116949939101987,0.0136772882559585
32.552,0.621,24.84,0.363078054770102,0.131825673855641
32.57,0.712,28.48,0.552077439280758,0.304789498962799
32.57,0.595,23.8,0.322106879128344,0.103752841581801
32.589,0.699,27.96,0.519995996533516,0.270395836410885
32.589,0.738,29.52,0.62230028516916,0.387257644921618
32.607,0.673,26.92,0.46131757456038,0.212813904598272
32.624,0.725,29,0.586138164514029,0.343557947899875
32.625,0.738,29.52,0.62230028516916,0.387257644921618
32.643,0.725,29,0.586138164514029,0.343557947899875
32.66,0.738,29.52,0.62230028516916,0.387257644921618
32.66,0.725,29,0.586138164514029,0.343557947899875
32.678,0.738,29.52,0.62230028516916,0.387257644921618
32.696,0.738,29.52,0.62230028516916,0.387257644921618
32.696,0.686,27.44,0.489778819368447,0.239883291901949
32.714,0.712,28.48,0.552077439280758,0.304789498962799
32.732,0.686,27.44,0.489778819368447,0.239883291901949
32.732,0.608,24.32,0.341979442513709,0.116949939101987
32.75,0.699,27.96,0.519995996533516,0.270395836410885
32.768,0.621,24.84,0.363078054770102,0.131825673855641
32.768,0.453,18.12,0.167494287602644,0.0280543363795172
32.787,0.647,25.88,0.409260659730011,0.167494287602644
32.805,0.505,20.2,0.212813904598271,0.0452897579903621
32.805,0.181,7.24,0.0478630092322639,0.00229086765276777
32.824,0.531,21.24,0.239883291901949,0.0575439937337158
32.845,0.207,8.28,0.0539510622515128,0.00291071711806661
32.845,0.479,19.16,0.188799134909629,0.0356451133426244
32.866,0.285,11.4,0.0772680585095703,0.00597035286583838
32.866,0.44,17.6,0.157761126969935,0.0248885731828239
32.886,0.595,23.8,0.322106879128344,0.103752841581801
32.886,0.362,14.48,0.110153930954142,0.0121338885046498
32.906,0.582,23.28,0.303389118419427,0.0920449571753172
32.927,0.285,11.4,0.0772680585095703,0.00597035286583838
32.927,0.556,22.24,0.269153480392692,0.0724435960074991
32.947,0.634,25.36,0.385478357665772,0.148593564228701
32.947,0.518,20.72,0.225943577022098,0.0510504999975407
32.968,0.634,25.36,0.385478357665772,0.148593564228701
32.986,0.673,26.92,0.46131757456038,0.212813904598272
32.986,0.608,24.32,0.341979442513709,0.116949939101987
33.005,0.673,26.92,0.46131757456038,0.212813904598272
33.005,0.686,27.44,0.489778819368447,0.239883291901949
33.023,0.66,26.4,0.434510224171572,0.18879913490963
33.042,0.686,27.44,0.489778819368447,0.239883291901949
33.042,0.673,26.92,0.46131757456038,0.212813904598272
33.06,0.673,26.92,0.46131757456038,0.212813904598272
33.08,0.673,26.92,0.46131757456038,0.212813904598272
33.08,0.634,25.36,0.385478357665772,0.148593564228701
33.098,0.66,26.4,0.434510224171572,0.18879913490963
33.116,0.647,25.88,0.409260659730011,0.167494287602644
33.116,0.556,22.24,0.269153480392692,0.0724435960074991
33.136,0.647,25.88,0.409260659730011,0.167494287602644
33.154,0.582,23.28,0.303389118419427,0.0920449571753172
33.155,0.44,17.6,0.157761126969935,0.0248885731828239
33.175,0.595,23.8,0.322106879128344,0.103752841581801
33.175,0.466,18.64,0.177827941003892,0.0316227766016838
33.195,0.181,7.24,0.0478630092322639,0.00229086765276777
33.213,0.505,20.2,0.212813904598271,0.0452897579903621
33.213,0.246,9.84,0.0645654229034656,0.00416869383470336
33.23,0.414,16.56,0.139958732257262,0.0195884467350599
33.25,0.298,11.92,0.0820351544329818,0.00672976656284318
33.25,0.349,13.96,0.103752841581801,0.0107646521362984
33.267,0.531,21.24,0.239883291901949,0.0575439937337158
33.267,0.272,10.88,0.0727779804536825,0.00529663443891659
33.286,0.505,20.2,0.212813904598271,0.0452897579903621
33.303,0.194,7.76,0.0508159442560561,0.0025822601906346
33.304,0.466,18.64,0.177827941003892,0.0316227766016838
33.323,0.569,22.76,0.285759054337495,0.0816582371358593
33.341,0.44,17.6,0.157761126969935,0.0248885731828239
33.341,0.556,22.24,0.269153480392692,0.0724435960074991
33.359,0.608,24.32,0.341979442513709,0.116949939101987
33.377,0.544,21.76,0.254683025258504,0.064863443354824
33.377,0.595,23.8,0.322106879128344,0.103752841581801
33.395,0.621,24.84,0.363078054770102,0.131825673855641
33.412,0.595,23.8,0.322106879128344,0.103752841581801
33.412,0.608,24.32,0.341979442513709,0.116949939101987
33.43,0.608,24.32,0.341979442513709,0.116949939101987
33.449,0.608,24.32,0.341979442513709,0.116949939101987
33.449,0.608,24.32,0.341979442513709,0.116949939101987
33.466,0.569,22.76,0.285759054337495,0.0816582371358593
33.484,0.621,24.84,0.363078054770102,0.131825673855641
33.484,0.582,23.28,0.303389118419427,0.0920449571753172
33.502,0.505,20.2,0.212813904598271,0.0452897579903621
33.521,0.595,23.8,0.322106879128344,0.103752841581801
33.521,0.531,21.24,0.239883291901949,0.0575439937337158
33.54,0.466,18.64,0.177827941003892,0.0316227766016838
33.558,0.544,21.76,0.254683025258504,0.064863443354824
33.558,0.427,17.08,0.148593564228701,0.022080047330189
33.577,0.168,6.72,0.0450816704541461,0.00203235701093622
33.594,0.453,18.12,0.167494287602644,0.0280543363795172
33.594,0.336,13.44,0.0977237220955811,0.00954992586021437
33.612,0.311,12.44,0.0870963589956081,0.00758577575029184
33.613,0.259,10.36,0.0685488226452662,0.00469894108605216
33.631,0.259,10.36,0.0685488226452662,0.00469894108605216
33.65,0.44,17.6,0.157761126969935,0.0248885731828239
33.65,0.207,8.28,0.0539510622515128,0.00291071711806661
33.668,0.401,16.04,0.131825673855641,0.0173780082874938
33.685,0.168,6.72,0.0450816704541461,0.00203235701093622
33.686,0.349,13.96,0.103752841581801,0.0107646521362984
33.704,0.453,18.12,0.167494287602644,0.0280543363795172
33.721,0.336,13.44,0.0977237220955811,0.00954992586021437
33.721,0.427,17.08,0.148593564228701,0.022080047330189
33.74,0.505,20.2,0.212813904598271,0.0452897579903621
33.758,0.414,16.56,0.139958732257262,0.0195884467350599
33.758,0.479,19.16,0.188799134909629,0.0356451133426244
33.779,0.505,20.2,0.212813904598271,0.0452897579903621
33.779,0.479,19.16,0.188799134909629,0.0356451133426244
33.797,0.518,20.72,0.225943577022098,0.0510504999975407
33.814,0.505,20.2,0.212813904598271,0.0452897579903621
33.833,0.518,20.72,0.225943577022098,0.0510504999975407
33.833,0.518,20.72,0.225943577022098,0.0510504999975407
33.851,0.492,19.68,0.200447202736516,0.040179081084894
33.851,0.518,20.72,0.225943577022098,0.0510504999975407
33.869,0.492,19.68,0.200447202736516,0.040179081084894
33.888,0.453,18.12,0.167494287602644,0.0280543363795172
33.888,0.518,20.72,0.225943577022098,0.0510504999975407
33.905,0.453,18.12,0.167494287602644,0.0280543363795172
33.923,0.349,13.96,0.103752841581801,0.0107646521362984
33.924,0.466,18.64,0.177827941003892,0.0316227766016838
33.942,0.375,15,0.116949939101987,0.0136772882559585
33.96,0.207,8.28,0.0539510622515128,0.00291071711806661
33.96,0.388,15.52,0.124165230759241,0.0154170045294956
33.979,0.22,8.8,0.057279603098583,0.00328095293113119
33.996,0.518,20.72,0.225943577022098,0.0510504999975407
33.996,0.259,10.36,0.0685488226452662,0.00469894108605216
34.014,0.207,8.28,0.0539510622515128,0.00291071711806661
34.033,0.362,14.48,0.110153930954142,0.0121338885046498
34.033,0.181,7.24,0.0478630092322639,0.00229086765276777
34.052,0.324,12.96,0.0924698173938223,0.00855066712884685
34.069,0.44,17.6,0.157761126969935,0.0248885731828239
34.07,0.285,11.4,0.0772680585095703,0.00597035286583838
34.088,0.427,17.08,0.148593564228701,0.022080047330189
34.106,0.285,11.4,0.0772680585095703,0.00597035286583838
34.106,0.401,16.04,0.131825673855641,0.0173780082874938
34.124,0.479,19.16,0.188799134909629,0.0356451133426244
34.141,0.388,15.52,0.124165230759241,0.0154170045294956
34.141,0.466,18.64,0.177827941003892,0.0316227766016838
34.16,0.492,19.68,0.200447202736516,0.040179081084894
34.178,0.466,18.64,0.177827941003892,0.0316227766016838
34.178,0.518,20.72,0.225943577022098,0.0510504999975407
34.198,0.505,20.2,0.212813904598271,0.0452897579903621
34.198,0.518,20.72,0.225943577022098,0.0510504999975407
34.217,0.518,20.72,0.225943577022098,0.0510504999975407
34.235,0.505,20.2,0.212813904598271,0.0452897579903621
34.236,0.531,21.24,0.239883291901949,0.0575439937337158
34.253,0.505,20.2,0.212813904598271,0.0452897579903621
34.271,0.466,18.64,0.177827941003892,0.0316227766016838
34.271,0.505,20.2,0.212813904598271,0.0452897579903621
34.29,0.466,18.64,0.177827941003892,0.0316227766016838
34.307,0.349,13.96,0.103752841581801,0.0107646521362984
34.307,0.531,21.24,0.239883291901949,0.0575439937337158
34.325,0.388,15.52,0.124165230759241,0.0154170045294956
34.343,0.22,8.8,0.057279603098583,0.00328095293113119
34.343,0.401,16.04,0.131825673855641,0.0173780082874938
34.362,0.246,9.84,0.0645654229034656,0.00416869383470336
34.379,0.22,8.8,0.057279603098583,0.00328095293113119
34.379,0.285,11.4,0.0772680585095703,0.00597035286583838
34.397,0.207,8.28,0.0539510622515128,0.00291071711806661
34.416,0.518,20.72,0.225943577022098,0.0510504999975407
34.416,0.168,6.72,0.0450816704541461,0.00203235701093622
34.434,0.349,13.96,0.103752841581801,0.0107646521362984
34.451,0.466,18.64,0.177827941003892,0.0316227766016838
34.452,0.311,12.44,0.0870963589956081,0.00758577575029184
34.469,0.453,18.12,0.167494287602644,0.0280543363795172
34.487,0.285,11.4,0.0772680585095703,0.00597035286583838
34.487,0.44,17.6,0.157761126969935,0.0248885731828239
34.504,0.505,20.2,0.212813904598271,0.0452897579903621
34.523,0.414,16.56,0.139958732257262,0.0195884467350599
34.523,0.492,19.68,0.200447202736516,0.040179081084894
34.541,0.531,21.24,0.239883291901949,0.0575439937337158
34.541,0.492,19.68,0.200447202736516,0.040179081084894
34.561,0.531,21.24,0.239883291901949,0.0575439937337158
34.579,0.544,21.76,0.254683025258504,0.064863443354824
34.579,0.531,21.24,0.239883291901949,0.0575439937337158
34.598,0.544,21.76,0.254683025258504,0.064863443354824
34.617,0.531,21.24,0.239883291901949,0.0575439937337158
34.617,0.544,21.76,0.254683025258504,0.064863443354824
34.635,0.518,20.72,0.225943577022098,0.0510504999975407
34.655,0.479,19.16,0.188799134909629,0.0356451133426244
34.655,0.544,21.76,0.254683025258504,0.064863443354824
34.673,0.518,20.72,0.225943577022098,0.0510504999975407
34.673,0.414,16.56,0.139958732257262,0.0195884467350599
34.692,0.518,20.72,0.225943577022098,0.0510504999975407
34.711,0.44,17.6,0.157761126969935,0.0248885731828239
34.711,0.246,9.84,0.0645654229034656,0.00416869383470336
34.73,0.466,18.64,0.177827941003892,0.0316227766016838
34.749,0.298,11.92,0.0820351544329818,0.00672976656284318
34.749,0.233,9.32,0.0608135001278718,0.00369828179780267
34.768,0.349,13.96,0.103752841581801,0.0107646521362984
34.787,0.181,7.24,0.0478630092322639,0.00229086765276777
34.787,0.427,17.08,0.148593564228701,0.022080047330189
34.805,0.194,7.76,0.0508159442560561,0.0025822601906346
34.805,0.401,16.04,0.131825673855641,0.0173780082874938
34.824,0.505,20.2,0.212813904598271,0.0452897579903621
34.842,0.349,13.96,0.103752841581801,0.0107646521362984
34.842,0.492,19.68,0.200447202736516,0.040179081084894
34.861,0.298,11.92,0.0820351544329818,0.00672976656284318
34.879,0.479,19.16,0.188799134909629,0.0356451133426244
34.879,0.544,21.76,0.254683025258504,0.064863443354824
34.898,0.466,18.64,0.177827941003892,0.0316227766016838
34.916,0.531,21.24,0.239883291901949,0.0575439937337158
34.916,0.569,22.76,0.285759054337495,0.0816582371358593
34.933,0.518,20.72,0.225943577022098,0.0510504999975407
34.951,0.556,22.24,0.269153480392692,0.0724435960074991
34.951,0.569,22.76,0.285759054337495,0.0816582371358593
34.97,0.556,22.24,0.269153480392692,0.0724435960074991
34.987,0.569,22.76,0.285759054337495,0.0816582371358593
34.987,0.544,21.76,0.254683025258504,0.064863443354824
35.005,0.556,22.24,0.269153480392692,0.0724435960074991
35.024,0.544,21.76,0.254683025258504,0.064863443354824
35.024,0.518,20.72,0.225943577022098,0.0510504999975407
35.041,0.569,22.76,0.285759054337495,0.0816582371358593
35.059,0.531,21.24,0.239883291901949,0.0575439937337158
35.059,0.453,18.12,0.167494287602644,0.0280543363795172
35.077,0.531,21.24,0.239883291901949,0.0575439937337158
35.077,0.466,18.64,0.177827941003892,0.0316227766016838
35.096,0.285,11.4,0.0772680585095703,0.00597035286583838
35.113,0.479,19.16,0.188799134909629,0.0356451133426244
35.113,0.336,13.44,0.0977237220955811,0.00954992586021437
35.131,0.194,7.76,0.0508159442560561,0.0025822601906346
35.149,0.362,14.48,0.110153930954142,0.0121338885046498
35.149,0.168,6.72,0.0450816704541461,0.00203235701093622
35.167,0.388,15.52,0.124165230759241,0.0154170045294956
35.186,0.181,7.24,0.0478630092322639,0.00229086765276777
35.186,0.349,13.96,0.103752841581801,0.0107646521362984
35.205,0.505,20.2,0.212813904598271,0.0452897579903621
35.223,0.311,12.44,0.0870963589956081,0.00758577575029184
35.224,0.479,19.16,0.188799134909629,0.0356451133426244
35.242,0.259,10.36,0.0685488226452662,0.00469894108605216
35.259,0.479,19.16,0.188799134909629,0.0356451133426244
35.259,0.556,22.24,0.269153480392692,0.0724435960074991
35.279,0.453,18.12,0.167494287602644,0.0280543363795172
35.297,0.556,22.24,0.269153480392692,0.0724435960074991
35.297,0.608,24.32,0.341979442513709,0.116949939101987
35.314,0.544,21.76,0.254683025258504,0.064863443354824
35.332,0.608,24.32,0.341979442513709,0.116949939101987
35.332,0.634,25.36,0.385478357665772,0.148593564228701
35.35,0.608,24.32,0.341979442513709,0.116949939101987
35.368,0.647,25.88,0.409260659730011,0.167494287602644
35.368,0.634,25.36,0.385478357665772,0.148593564228701
35.386,0.647,25.88,0.409260659730011,0.167494287602644
35.405,0.647,25.88,0.409260659730011,0.167494287602644
35.405,0.608,24.32,0.341979442513709,0.116949939101987
35.422,0.673,26.92,0.46131757456038,0.212813904598272
35.439,0.634,25.36,0.385478357665772,0.148593564228701
35.439,0.569,22.76,0.285759054337495,0.0816582371358593
35.457,0.66,26.4,0.434510224171572,0.18879913490963
35.475,0.595,23.8,0.322106879128344,0.103752841581801
35.475,0.427,17.08,0.148593564228701,0.022080047330189
35.493,0.634,25.36,0.385478357665772,0.148593564228701
35.511,0.492,19.68,0.200447202736516,0.040179081084894
35.511,0.233,9.32,0.0608135001278718,0.00369828179780267
35.528,0.556,22.24,0.269153480392692,0.0724435960074991
35.545,0.181,7.24,0.0478630092322639,0.00229086765276777
35.545,0.544,21.76,0.254683025258504,0.064863443354824
35.563,0.298,11.92,0.0820351544329818,0.00672976656284318
35.581,0.505,20.2,0.212813904598271,0.0452897579903621
35.581,0.673,26.92,0.46131757456038,0.212813904598272
35.6,0.466,18.64,0.177827941003892,0.0316227766016838
35.618,0.66,26.4,0.434510224171572,0.18879913490963
35.618,0.388,15.52,0.124165230759241,0.0154170045294956
35.636,0.647,25.88,0.409260659730011,0.167494287602644
35.654,0.738,29.52,0.62230028516916,0.387257644921618
35.654,0.621,24.84,0.363078054770102,0.131825673855641
35.672,0.725,29,0.586138164514029,0.343557947899875
35.69,0.776,31.04,0.741310241300918,0.549540873857625
35.69,0.725,29,0.586138164514029,0.343557947899875
35.709,0.776,31.04,0.741310241300918,0.549540873857625
35.726,0.789,31.56,0.787045789695099,0.619441075076782
35.727,0.764,30.56,0.701455298419972,0.492039535681452
35.745,0.776,31.04,0.741310241300918,0.549540873857625
35.745,0.776,31.04,0.741310241300918,0.549540873857625
35.762,0.789,31.56,0.787045789695099,0.619441075076782
35.781,0.776,31.04,0.741310241300918,0.549540873857625
35.781,0.738,29.52,0.62230028516916,0.387257644921618
35.798,0.776,31.04,0.741310241300918,0.549540873857625
35.816,0.764,30.56,0.701455298419972,0.492039535681452
35.816,0.673,26.92,0.46131757456038,0.212813904598272
35.833,0.751,30.04,0.660693448007596,0.436515832240167
35.851,0.699,27.96,0.519995996533516,0.270395836410885
35.869,0.531,21.24,0.239883291901949,0.0575439937337158
35.869,0.712,28.48,0.552077439280758,0.304789498962799
35.888,0.582,23.28,0.303389118419427,0.0920449571753172
35.888,0.194,7.76,0.0508159442560561,0.0025822601906346
35.905,0.608,24.32,0.341979442513709,0.116949939101987
35.922,0.246,9.84,0.0645654229034656,0.00416869383470336
35.94,0.556,22.24,0.269153480392692,0.0724435960074991
35.94,0.401,16.04,0.131825673855641,0.0173780082874938
35.957,0.505,20.2,0.212813904598271,0.0452897579903621
35.976,0.686,27.44,0.489778819368447,0.239883291901949
35.976,0.427,17.08,0.148593564228701,0.022080047330189
35.994,0.66,26.4,0.434510224171572,0.18879913490963
36.012,0.298,11.92,0.0820351544329818,0.00672976656284318
36.012,0.621,24.84,0.363078054770102,0.131825673855641
36.03,0.725,29,0.586138164514029,0.343557947899875
36.047,0.582,23.28,0.303389118419427,0.0920449571753172
36.048,0.712,28.48,0.552077439280758,0.304789498962799
36.066,0.751,30.04,0.660693448007596,0.436515832240167
36.084,0.686,27.44,0.489778819368447,0.239883291901949
36.084,0.738,29.52,0.62230028516916,0.387257644921618
36.102,0.751,30.04,0.660693448007596,0.436515832240167
36.102,0.725,29,0.586138164514029,0.343557947899875
36.12,0.751,30.04,0.660693448007596,0.436515832240167
36.137,0.738,29.52,0.62230028516916,0.387257644921618
36.156,0.738,29.52,0.62230028516916,0.387257644921618
36.156,0.725,29,0.586138164514029,0.343557947899875
36.174,0.686,27.44,0.489778819368447,0.239883291901949
36.174,0.725,29,0.586138164514029,0.343557947899875
36.191,0.699,27.96,0.519995996533516,0.270395836410885
36.209,0.621,24.84,0.363078054770102,0.131825673855641
36.21,0.699,27.96,0.519995996533516,0.270395836410885
36.227,0.634,25.36,0.385478357665772,0.148593564228701
36.245,0.492,19.68,0.200447202736516,0.040179081084894
36.245,0.647,25.88,0.409260659730011,0.167494287602644
36.263,0.518,20.72,0.225943577022098,0.0510504999975407
36.28,0.22,8.8,0.057279603098583,0.00328095293113119
36.298,0.544,21.76,0.254683025258504,0.064863443354824
36.298,0.259,10.36,0.0685488226452662,0.00469894108605216
36.316,0.414,16.56,0.139958732257262,0.0195884467350599
36.316,0.336,13.44,0.0977237220955811,0.00954992586021437
36.335,0.349,13.96,0.103752841581801,0.0107646521362984
36.352,0.556,22.24,0.269153480392692,0.0724435960074991
36.353,0.272,10.88,0.0727779804536825,0.00529663443891659
36.369,0.531,21.24,0.239883291901949,0.0575439937337158
36.387,0.22,8.8,0.057279603098583,0.00328095293113119
36.388,0.492,19.68,0.200447202736516,0.040179081084894
36.405,0.582,23.28,0.303389118419427,0.0920449571753172
36.423,0.453,18.12,0.167494287602644,0.0280543363795172
36.423,0.569,22.76,0.285759054337495,0.0816582371358593
36.441,0.621,24.84,0.363078054770102,0.131825673855641
36.459,0.544,21.76,0.254683025258504,0.064863443354824
36.476,0.608,24.32,0.341979442513709,0.116949939101987
36.476,0.621,24.84,0.363078054770102,0.131825673855641
36.494,0.582,23.28,0.303389118419427,0.0920449571753172
36.512,0.608,24.32,0.341979442513709,0.116949939101987
36.512,0.595,23.8,0.322106879128344,0.103752841581801
36.529,0.595,23.8,0.322106879128344,0.103752841581801
36.546,0.582,23.28,0.303389118419427,0.0920449571753172
36.546,0.556,22.24,0.269153480392692,0.0724435960074991
36.564,0.569,22.76,0.285759054337495,0.0816582371358593
36.582,0.544,21.76,0.254683025258504,0.064863443354824
36.582,0.466,18.64,0.177827941003892,0.0316227766016838
36.6,0.518,20.72,0.225943577022098,0.0510504999975407
36.618,0.466,18.64,0.177827941003892,0.0316227766016838
36.618,0.336,13.44,0.0977237220955811,0.00954992586021437
36.636,0.466,18.64,0.177827941003892,0.0316227766016838
36.654,0.362,14.48,0.110153930954142,0.0121338885046498
36.654,0.181,7.24,0.0478630092322639,0.00229086765276777
36.673,0.388,15.52,0.124165230759241,0.0154170045294956
36.673,0.207,8.28,0.0539510622515128,0.00291071711806661
36.692,0.246,9.84,0.0645654229034656,0.00416869383470336
36.71,0.246,9.84,0.0645654229034656,0.00416869383470336
36.71,0.22,8.8,0.057279603098583,0.00328095293113119
36.728,0.388,15.52,0.124165230759241,0.0154170045294956
36.746,0.194,7.76,0.0508159442560561,0.0025822601906346
36.746,0.427,17.08,0.148593564228701,0.022080047330189
36.764,0.181,7.24,0.0478630092322639,0.00229086765276777
36.781,0.336,13.44,0.0977237220955811,0.00954992586021437
36.782,0.453,18.12,0.167494287602644,0.0280543363795172
36.8,0.311,12.44,0.0870963589956081,0.00758577575029184
36.818,0.44,17.6,0.157761126969935,0.0248885731828239
36.818,0.505,20.2,0.212813904598271,0.0452897579903621
36.836,0.427,17.08,0.148593564228701,0.022080047330189
36.854,0.505,20.2,0.212813904598271,0.0452897579903621
36.854,0.531,21.24,0.239883291901949,0.0575439937337158
36.872,0.492,19.68,0.200447202736516,0.040179081084894
36.891,0.544,21.76,0.254683025258504,0.064863443354824
36.891,0.544,21.76,0.254683025258504,0.064863443354824
36.908,0.544,21.76,0.254683025258504,0.064863443354824
36.926,0.544,21.76,0.254683025258504,0.064863443354824
36.926,0.531,21.24,0.239883291901949,0.0575439937337158
36.945,0.569,22.76,0.285759054337495,0.0816582371358593
36.963,0.556,22.24,0.269153480392692,0.0724435960074991
36.963,0.492,19.68,0.200447202736516,0.040179081084894
36.981,0.556,22.24,0.269153480392692,0.0724435960074991
36.998,0.505,20.2,0.212813904598271,0.0452897579903621
36.998,0.414,16.56,0.139958732257262,0.0195884467350599
37.017,0.531,21.24,0.239883291901949,0.0575439937337158
37.034,0.44,17.6,0.157761126969935,0.0248885731828239
37.034,0.233,9.32,0.0608135001278718,0.00369828179780267
37.052,0.453,18.12,0.167494287602644,0.0280543363795172
37.07,0.388,15.52,0.124165230759241,0.0154170045294956
37.07,0.259,10.36,0.0685488226452662,0.00469894108605216
37.089,0.298,11.92,0.0820351544329818,0.00672976656284318
37.107,0.22,8.8,0.057279603098583,0.00328095293113119
37.107,0.44,17.6,0.157761126969935,0.0248885731828239
37.125,0.181,7.24,0.0478630092322639,0.00229086765276777
37.143,0.401,16.04,0.131825673855641,0.0173780082874938
37.143,0.505,20.2,0.212813904598271,0.0452897579903621
37.16,0.362,14.48,0.110153930954142,0.0121338885046498
37.178,0.492,19.68,0.200447202736516,0.040179081084894
37.178,0.311,12.44,0.0870963589956081,0.00758577575029184
37.197,0.466,18.64,0.177827941003892,0.0316227766016838
37.214,0.544,21.76,0.254683025258504,0.064863443354824
37.214,0.453,18.12,0.167494287602644,0.0280543363795172
37.234,0.531,21.24,0.239883291901949,0.0575439937337158
37.234,0.556,22.24,0.269153480392692,0.0724435960074991
37.252,0.518,20.72,0.225943577022098,0.0510504999975407
37.269,0.569,22.76,0.285759054337495,0.0816582371358593
37.269,0.582,23.28,0.303389118419427,0.0920449571753172
37.287,0.582,23.28,0.303389118419427,0.0920449571753172
37.304,0.582,23.28,0.303389118419427,0.0920449571753172
37.322,0.582,23.28,0.303389118419427,0.0920449571753172
37.322,0.608,24.32,0.341979442513709,0.116949939101987
37.341,0.595,23.8,0.322106879128344,0.103752841581801
37.341,0.556,22.24,0.269153480392692,0.0724435960074991
37.359,0.621,24.84,0.363078054770102,0.131825673855641
37.376,0.595,23.8,0.322106879128344,0.103752841581801
37.376,0.492,19.68,0.200447202736516,0.040179081084894
37.394,0.621,24.84,0.363078054770102,0.131825673855641
37.413,0.544,21.76,0.254683025258504,0.064863443354824
37.413,0.298,11.92,0.0820351544329818,0.00672976656284318
37.43,0.582,23.28,0.303389118419427,0.0920449571753172
37.448,0.401,16.04,0.131825673855641,0.0173780082874938
37.448,0.349,13.96,0.103752841581801,0.0107646521362984
37.466,0.479,19.16,0.188799134909629,0.0356451133426244
37.484,0.259,10.36,0.0685488226452662,0.00469894108605216
37.484,0.569,22.76,0.285759054337495,0.0816582371358593
37.502,0.207,8.28,0.0539510622515128,0.00291071711806661
37.52,0.556,22.24,0.269153480392692,0.0724435960074991
37.52,0.686,27.44,0.489778819368447,0.239883291901949
37.538,0.531,21.24,0.239883291901949,0.0575439937337158
37.556,0.686,27.44,0.489778819368447,0.239883291901949
37.556,0.492,19.68,0.200447202736516,0.040179081084894
37.573,0.686,27.44,0.489778819368447,0.239883291901949
37.591,0.751,30.04,0.660693448007596,0.436515832240167
37.591,0.66,26.4,0.434510224171572,0.18879913490963
37.609,0.751,30.04,0.660693448007596,0.436515832240167
37.628,0.789,31.56,0.787045789695099,0.619441075076782
37.628,0.738,29.52,0.62230028516916,0.387257644921618
37.646,0.789,31.56,0.787045789695099,0.619441075076782
37.664,0.815,32.6,0.887156012037961,0.787045789695099
37.664,0.789,31.56,0.787045789695099,0.619441075076782
37.682,0.802,32.08,0.835603018231248,0.698232404077172
37.699,0.776,31.04,0.741310241300918,0.549540873857625
37.699,0.802,32.08,0.835603018231248,0.698232404077172
37.717,0.776,31.04,0.741310241300918,0.549540873857625
37.735,0.725,29,0.586138164514029,0.343557947899875
37.735,0.764,30.56,0.701455298419972,0.492039535681452
37.754,0.725,29,0.586138164514029,0.343557947899875
37.772,0.621,24.84,0.363078054770102,0.131825673855641
37.772,0.712,28.48,0.552077439280758,0.304789498962799
37.789,0.621,24.84,0.363078054770102,0.131825673855641
37.808,0.414,16.56,0.139958732257262,0.0195884467350599
37.808,0.595,23.8,0.322106879128344,0.103752841581801
37.826,0.414,16.56,0.139958732257262,0.0195884467350599
37.844,0.233,9.32,0.0608135001278718,0.00369828179780267
37.845,0.375,15,0.116949939101987,0.0136772882559585
37.862,0.22,8.8,0.057279603098583,0.00328095293113119
37.881,0.336,13.44,0.0977237220955811,0.00954992586021437
37.881,0.582,23.28,0.303389118419427,0.0920449571753172
37.901,0.259,10.36,0.0685488226452662,0.00469894108605216
37.901,0.414,16.56,0.139958732257262,0.0195884467350599
37.919,0.285,11.4,0.0772680585095703,0.00597035286583838
37.937,0.492,19.68,0.200447202736516,0.040179081084894
37.937,0.324,12.96,0.0924698173938223,0.00855066712884685
37.956,0.556,22.24,0.269153480392692,0.0724435960074991
37.973,0.66,26.4,0.434510224171572,0.18879913490963
37.973,0.582,23.28,0.303389118419427,0.0920449571753172
37.992,0.699,27.96,0.519995996533516,0.270395836410885
38.01,0.738,29.52,0.62230028516916,0.387257644921618
38.01,0.712,28.48,0.552077439280758,0.304789498962799
38.028,0.776,31.04,0.741310241300918,0.549540873857625
38.045,0.802,32.08,0.835603018231248,0.698232404077172
38.046,0.789,31.56,0.787045789695099,0.619441075076782
38.064,0.815,32.6,0.887156012037961,0.787045789695099
38.082,0.802,32.08,0.835603018231248,0.698232404077172
38.082,0.828,33.12,0.941889596522842,0.887156012037962
38.101,0.815,32.6,0.887156012037961,0.787045789695099
38.119,0.751,30.04,0.660693448007596,0.436515832240167
38.119,0.815,32.6,0.887156012037961,0.787045789695099
38.137,0.776,31.04,0.741310241300918,0.549540873857625
38.156,0.686,27.44,0.489778819368447,0.239883291901949
38.156,0.776,31.04,0.741310241300918,0.549540873857625
38.173,0.712,28.48,0.552077439280758,0.304789498962799
38.191,0.518,20.72,0.225943577022098,0.0510504999975407
38.192,0.712,28.48,0.552077439280758,0.304789498962799
38.211,0.556,22.24,0.269153480392692,0.0724435960074991
38.211,0.298,11.92,0.0820351544329818,0.00672976656284318
38.231,0.608,24.32,0.341979442513709,0.116949939101987
38.249,0.168,6.72,0.0450816704541461,0.00203235701093622
38.249,0.595,23.8,0.322106879128344,0.103752841581801
38.267,0.246,9.84,0.0645654229034656,0.00416869383470336
38.287,0.556,22.24,0.269153480392692,0.0724435960074991
38.287,0.699,27.96,0.519995996533516,0.270395836410885
38.306,0.505,20.2,0.212813904598271,0.0452897579903621
38.306,0.673,26.92,0.46131757456038,0.212813904598272
38.325,0.44,17.6,0.157761126969935,0.0248885731828239
38.346,0.647,25.88,0.409260659730011,0.167494287602644
38.346,0.738,29.52,0.62230028516916,0.387257644921618
38.366,0.621,24.84,0.363078054770102,0.131825673855641
38.366,0.725,29,0.586138164514029,0.343557947899875
38.386,0.764,30.56,0.701455298419972,0.492039535681452
38.406,0.699,27.96,0.519995996533516,0.270395836410885
38.406,0.751,30.04,0.660693448007596,0.436515832240167
38.425,0.764,30.56,0.701455298419972,0.492039535681452
38.425,0.751,30.04,0.660693448007596,0.436515832240167
38.444,0.764,30.56,0.701455298419972,0.492039535681452
38.462,0.751,30.04,0.660693448007596,0.436515832240167
38.462,0.751,30.04,0.660693448007596,0.436515832240167
38.481,0.751,30.04,0.660693448007596,0.436515832240167
38.498,0.699,27.96,0.519995996533516,0.270395836410885
38.498,0.738,29.52,0.62230028516916,0.387257644921618
38.517,0.712,28.48,0.552077439280758,0.304789498962799
38.534,0.634,25.36,0.385478357665772,0.148593564228701
38.534,0.725,29,0.586138164514029,0.343557947899875
38.553,0.66,26.4,0.434510224171572,0.18879913490963
38.573,0.492,19.68,0.200447202736516,0.040179081084894
38.573,0.66,26.4,0.434510224171572,0.18879913490963
38.592,0.531,21.24,0.239883291901949,0.0575439937337158
38.592,0.492,19.68,0.200447202736516,0.040179081084894
38.61,0.569,22.76,0.285759054337495,0.0816582371358593
38.629,0.22,8.8,0.057279603098583,0.00328095293113119
38.629,0.531,21.24,0.239883291901949,0.0575439937337158
38.649,0.336,13.44,0.0977237220955811,0.00954992586021437
38.667,0.479,19.16,0.188799134909629,0.0356451133426244
38.667,0.647,25.88,0.409260659730011,0.167494287602644
38.686,0.414,16.56,0.139958732257262,0.0195884467350599
38.686,0.621,24.84,0.363078054770102,0.131825673855641
38.705,0.298,11.92,0.0820351544329818,0.00672976656284318
38.723,0.595,23.8,0.322106879128344,0.103752841581801
38.723,0.699,27.96,0.519995996533516,0.270395836410885
38.741,0.556,22.24,0.269153480392692,0.0724435960074991
38.759,0.673,26.92,0.46131757456038,0.212813904598272
38.759,0.725,29,0.586138164514029,0.343557947899875
38.778,0.673,26.92,0.46131757456038,0.212813904598272
38.795,0.725,29,0.586138164514029,0.343557947899875
38.795,0.725,29,0.586138164514029,0.343557947899875
38.813,0.712,28.48,0.552077439280758,0.304789498962799
38.831,0.725,29,0.586138164514029,0.343557947899875
38.831,0.725,29,0.586138164514029,0.343557947899875
38.849,0.738,29.52,0.62230028516916,0.387257644921618
38.866,0.725,29,0.586138164514029,0.343557947899875
38.866,0.699,27.96,0.519995996533516,0.270395836410885
38.884,0.738,29.52,0.62230028516916,0.387257644921618
38.903,0.712,28.48,0.552077439280758,0.304789498962799
38.903,0.634,25.36,0.385478357665772,0.148593564228701
38.921,0.712,28.48,0.552077439280758,0.304789498962799
38.938,0.647,25.88,0.409260659730011,0.167494287602644
38.938,0.492,19.68,0.200447202736516,0.040179081084894
38.956,0.673,26.92,0.46131757456038,0.212813904598272
38.975,0.544,21.76,0.254683025258504,0.064863443354824
38.975,0.181,7.24,0.0478630092322639,0.00229086765276777
38.993,0.582,23.28,0.303389118419427,0.0920449571753172
39.011,0.259,10.36,0.0685488226452662,0.00469894108605216
39.011,0.505,20.2,0.212813904598271,0.0452897579903621
39.028,0.375,15,0.116949939101987,0.0136772882559585
39.047,0.466,18.64,0.177827941003892,0.0316227766016838
39.047,0.647,25.88,0.409260659730011,0.167494287602644
39.065,0.388,15.52,0.124165230759241,0.0154170045294956
39.084,0.621,24.84,0.363078054770102,0.131825673855641
39.084,0.272,10.88,0.0727779804536825,0.00529663443891659
39.104,0.595,23.8,0.322106879128344,0.103752841581801
39.104,0.712,28.48,0.552077439280758,0.304789498962799
39.122,0.569,22.76,0.285759054337495,0.0816582371358593
39.141,0.699,27.96,0.519995996533516,0.270395836410885
39.141,0.751,30.04,0.660693448007596,0.436515832240167
39.158,0.686,27.44,0.489778819368447,0.239883291901949
39.176,0.751,30.04,0.660693448007596,0.436515832240167
39.176,0.776,31.04,0.741310241300918,0.549540873857625
39.194,0.738,29.52,0.62230028516916,0.387257644921618
39.213,0.776,31.04,0.741310241300918,0.549540873857625
39.213,0.764,30.56,0.701455298419972,0.492039535681452
39.231,0.776,31.04,0.741310241300918,0.549540873857625
39.249,0.776,31.04,0.741310241300918,0.549540873857625
39.249,0.751,30.04,0.660693448007596,0.436515832240167
39.267,0.789,31.56,0.787045789695099,0.619441075076782
39.285,0.764,30.56,0.701455298419972,0.492039535681452
39.285,0.699,27.96,0.519995996533516,0.270395836410885
39.303,0.764,30.56,0.701455298419972,0.492039535681452
39.321,0.712,28.48,0.552077439280758,0.304789498962799
39.321,0.569,22.76,0.285759054337495,0.0816582371358593
39.339,0.725,29,0.586138164514029,0.343557947899875
39.356,0.608,24.32,0.341979442513709,0.116949939101987
39.356,0.194,7.76,0.0508159442560561,0.0025822601906346
39.375,0.647,25.88,0.409260659730011,0.167494287602644
39.392,0.362,14.48,0.110153930954142,0.0121338885046498
39.392,0.544,21.76,0.254683025258504,0.064863443354824
39.411,0.466,18.64,0.177827941003892,0.0316227766016838
39.428,0.479,19.16,0.188799134909629,0.0356451133426244
39.428,0.673,26.92,0.46131757456038,0.212813904598272
39.447,0.388,15.52,0.124165230759241,0.0154170045294956
39.465,0.66,26.4,0.434510224171572,0.18879913490963
39.465,0.233,9.32,0.0608135001278718,0.00369828179780267
39.484,0.634,25.36,0.385478357665772,0.148593564228701
39.502,0.738,29.52,0.62230028516916,0.387257644921618
39.502,0.595,23.8,0.322106879128344,0.103752841581801
39.52,0.725,29,0.586138164514029,0.343557947899875
39.521,0.789,31.56,0.787045789695099,0.619441075076782
39.538,0.712,28.48,0.552077439280758,0.304789498962799
39.556,0.789,31.56,0.787045789695099,0.619441075076782
39.556,0.802,32.08,0.835603018231248,0.698232404077172
39.574,0.776,31.04,0.741310241300918,0.549540873857625
39.592,0.802,32.08,0.835603018231248,0.698232404077172
39.592,0.802,32.08,0.835603018231248,0.698232404077172
39.61,0.789,31.56,0.787045789695099,0.619441075076782
39.628,0.815,32.6,0.887156012037961,0.787045789695099
39.628,0.776,31.04,0.741310241300918,0.549540873857625
39.646,0.802,32.08,0.835603018231248,0.698232404077172
39.664,0.789,31.56,0.787045789695099,0.619441075076782
39.664,0.738,29.52,0.62230028516916,0.387257644921618
39.682,0.789,31.56,0.787045789695099,0.619441075076782
39.701,0.751,30.04,0.660693448007596,0.436515832240167
39.701,0.634,25.36,0.385478357665772,0.148593564228701
39.719,0.764,30.56,0.701455298419972,0.492039535681452
39.736,0.66,26.4,0.434510224171572,0.18879913490963
39.736,0.349,13.96,0.103752841581801,0.0107646521362984
39.755,0.686,27.44,0.489778819368447,0.239883291901949
39.772,0.466,18.64,0.177827941003892,0.0316227766016838
39.772,0.505,20.2,0.212813904598271,0.0452897579903621
39.791,0.544,21.76,0.254683025258504,0.064863443354824
39.811,0.414,16.56,0.139958732257262,0.0195884467350599
39.811,0.686,27.44,0.489778819368447,0.239883291901949
39.828,0.505,20.2,0.212813904598271,0.0452897579903621
39.846,0.66,26.4,0.434510224171572,0.18879913490963
39.846,0.233,9.32,0.0608135001278718,0.00369828179780267
39.864,0.621,24.84,0.363078054770102,0.131825673855641
39.881,0.751,30.04,0.660693448007596,0.436515832240167
39.881,0.582,23.28,0.303389118419427,0.0920449571753172
39.901,0.738,29.52,0.62230028516916,0.387257644921618
39.901,0.789,31.56,0.787045789695099,0.619441075076782
39.92,0.712,28.48,0.552077439280758,0.304789498962799
39.937,0.789,31.56,0.787045789695099,0.619441075076782
39.937,0.815,32.6,0.887156012037961,0.787045789695099
39.955,0.776,31.04,0.741310241300918,0.549540873857625
39.973,0.815,32.6,0.887156012037961,0.787045789695099
39.973,0.815,32.6,0.887156012037961,0.787045789695099
39.992,0.815,32.6,0.887156012037961,0.787045789695099
40.01,0.841,33.64,1,1
40.01,0.789,31.56,0.787045789695099,0.619441075076782
40.028,0.828,33.12,0.941889596522842,0.887156012037962
40.046,0.802,32.08,0.835603018231248,0.698232404077172
40.046,0.751,30.04,0.660693448007596,0.436515832240167
40.065,0.802,32.08,0.835603018231248,0.698232404077172
40.082,0.764,30.56,0.701455298419972,0.492039535681452
40.082,0.647,25.88,0.409260659730011,0.167494287602644
40.1,0.776,31.04,0.741310241300918,0.549540873857625
40.118,0.686,27.44,0.489778819368447,0.239883291901949
40.118,0.375,15,0.116949939101987,0.0136772882559585
40.136,0.712,28.48,0.552077439280758,0.304789498962799
40.154,0.492,19.68,0.200447202736516,0.040179081084894
40.154,0.479,19.16,0.188799134909629,0.0356451133426244
40.173,0.556,22.24,0.269153480392692,0.0724435960074991
40.19,0.375,15,0.116949939101987,0.0136772882559585
40.19,0.673,26.92,0.46131757456038,0.212813904598272
40.209,0.22,8.8,0.057279603098583,0.00328095293113119
40.226,0.634,25.36,0.385478357665772,0.148593564228701
40.227,0.751,30.04,0.660693448007596,0.436515832240167
40.245,0.608,24.32,0.341979442513709,0.116949939101987
40.264,0.738,29.52,0.62230028516916,0.387257644921618
40.264,0.556,22.24,0.269153480392692,0.0724435960074991
40.283,0.712,28.48,0.552077439280758,0.304789498962799
40.283,0.776,31.04,0.741310241300918,0.549540873857625
40.301,0.699,27.96,0.519995996533516,0.270395836410885
40.32,0.764,30.56,0.701455298419972,0.492039535681452
40.32,0.802,32.08,0.835603018231248,0.698232404077172
40.337,0.764,30.56,0.701455298419972,0.492039535681452
40.354,0.789,31.56,0.787045789695099,0.619441075076782
40.354,0.802,32.08,0.835603018231248,0.698232404077172
40.372,0.789,31.56,0.787045789695099,0.619441075076782
40.39,0.802,32.08,0.835603018231248,0.698232404077172
40.39,0.776,31.04,0.741310241300918,0.549540873857625
40.409,0.789,31.56,0.787045789695099,0.619441075076782
40.427,0.789,31.56,0.787045789695099,0.619441075076782
40.427,0.738,29.52,0.62230028516916,0.387257644921618
40.445,0.789,31.56,0.787045789695099,0.619441075076782
40.463,0.738,29.52,0.62230028516916,0.387257644921618
40.463,0.647,25.88,0.409260659730011,0.167494287602644
40.48,0.751,30.04,0.660693448007596,0.436515832240167
40.498,0.647,25.88,0.409260659730011,0.167494287602644
40.499,0.427,17.08,0.148593564228701,0.022080047330189
40.516,0.686,27.44,0.489778819368447,0.239883291901949
40.534,0.505,20.2,0.212813904598271,0.0452897579903621
40.534,0.401,16.04,0.131825673855641,0.0173780082874938
40.552,0.556,22.24,0.269153480392692,0.0724435960074991
40.57,0.259,10.36,0.0685488226452662,0.00469894108605216
40.57,0.621,24.84,0.363078054770102,0.131825673855641
40.588,0.181,7.24,0.0478630092322639,0.00229086765276777
40.606,0.569,22.76,0.285759054337495,0.0816582371358593
40.606,0.699,27.96,0.519995996533516,0.270395836410885
40.625,0.531,21.24,0.239883291901949,0.0575439937337158
40.643,0.686,27.44,0.489778819368447,0.239883291901949
40.643,0.466,18.64,0.177827941003892,0.0316227766016838
40.66,0.66,26.4,0.434510224171572,0.18879913490963
40.677,0.738,29.52,0.62230028516916,0.387257644921618
40.678,0.621,24.84,0.363078054770102,0.131825673855641
40.696,0.712,28.48,0.552077439280758,0.304789498962799
40.714,0.751,30.04,0.660693448007596,0.436515832240167
40.714,0.699,27.96,0.519995996533516,0.270395836410885
40.733,0.738,29.52,0.62230028516916,0.387257644921618
40.751,0.738,29.52,0.62230028516916,0.387257644921618
40.751,0.725,29,0.586138164514029,0.343557947899875
40.768,0.738,29.52,0.62230028516916,0.387257644921618
40.785,0.725,29,0.586138164514029,0.343557947899875
40.786,0.738,29.52,0.62230028516916,0.387257644921618
40.803,0.725,29,0.586138164514029,0.343557947899875
40.822,0.673,26.92,0.46131757456038,0.212813904598272
40.822,0.725,29,0.586138164514029,0.343557947899875
40.84,0.686,27.44,0.489778819368447,0.239883291901949
40.858,0.595,23.8,0.322106879128344,0.103752841581801
40.858,0.686,27.44,0.489778819368447,0.239883291901949
40.875,0.595,23.8,0.322106879128344,0.103752841581801
40.892,0.401,16.04,0.131825673855641,0.0173780082874938
40.893,0.621,24.84,0.363078054770102,0.131825673855641
40.912,0.453,18.12,0.167494287602644,0.0280543363795172
40.93,0.285,11.4,0.0772680585095703,0.00597035286583838
40.93,0.505,20.2,0.212813904598271,0.0452897579903621
40.949,0.181,7.24,0.0478630092322639,0.00229086765276777
40.949,0.531,21.24,0.239883291901949,0.0575439937337158
40.967,0.194,7.76,0.0508159442560561,0.0025822601906346
40.985,0.479,19.16,0.188799134909629,0.0356451133426244
40.985,0.608,24.32,0.341979442513709,0.116949939101987
41.003,0.414,16.56,0.139958732257262,0.0195884467350599
41.021,0.582,23.28,0.303389118419427,0.0920449571753172
41.021,0.336,13.44,0.0977237220955811,0.00954992586021437
41.039,0.544,21.76,0.254683025258504,0.064863443354824
41.058,0.621,24.84,0.363078054770102,0.131825673855641
41.058,0.518,20.72,0.225943577022098,0.0510504999975407
41.076,0.608,24.32,0.341979442513709,0.116949939101987
41.093,0.647,25.88,0.409260659730011,0.167494287602644
41.093,0.582,23.28,0.303389118419427,0.0920449571753172
41.111,0.634,25.36,0.385478357665772,0.148593564228701
41.129,0.634,25.36,0.385478357665772,0.148593564228701
41.13,0.608,24.32,0.341979442513709,0.116949939101987
41.148,0.621,24.84,0.363078054770102,0.131825673855641
41.166,0.608,24.32,0.341979442513709,0.116949939101987
41.166,0.621,24.84,0.363078054770102,0.131825673855641
41.183,0.608,24.32,0.341979442513709,0.116949939101987
41.201,0.556,22.24,0.269153480392692,0.0724435960074991
41.201,0.595,23.8,0.322106879128344,0.103752841581801
41.219,0.556,22.24,0.269153480392692,0.0724435960074991
41.238,0.453,18.12,0.167494287602644,0.0280543363795172
41.238,0.556,22.24,0.269153480392692,0.0724435960074991
41.255,0.466,18.64,0.177827941003892,0.0316227766016838
41.276,0.298,11.92,0.0820351544329818,0.00672976656284318
41.276,0.479,19.16,0.188799134909629,0.0356451133426244
41.294,0.324,12.96,0.0924698173938223,0.00855066712884685
41.311,0.168,6.72,0.0450816704541461,0.00203235701093622
41.311,0.349,13.96,0.103752841581801,0.0107646521362984
41.329,0.168,6.72,0.0450816704541461,0.00203235701093622
41.347,0.324,12.96,0.0924698173938223,0.00855066712884685
41.347,0.207,8.28,0.0539510622515128,0.00291071711806661
41.365,0.505,20.2,0.212813904598271,0.0452897579903621
41.382,0.414,16.56,0.139958732257262,0.0195884467350599
41.382,0.233,9.32,0.0608135001278718,0.00369828179780267
41.4,0.375,15,0.116949939101987,0.0136772882559585
41.418,0.181,7.24,0.0478630092322639,0.00229086765276777
41.418,0.336,13.44,0.0977237220955811,0.00954992586021437
41.436,0.427,17.08,0.148593564228701,0.022080047330189
41.454,0.324,12.96,0.0924698173938223,0.00855066712884685
41.454,0.401,16.04,0.131825673855641,0.0173780082874938
41.472,0.466,18.64,0.177827941003892,0.0316227766016838
41.489,0.44,17.6,0.157761126969935,0.0248885731828239
41.489,0.44,17.6,0.157761126969935,0.0248885731828239
41.507,0.453,18.12,0.167494287602644,0.0280543363795172
41.526,0.427,17.08,0.148593564228701,0.022080047330189
41.527,0.453,18.12,0.167494287602644,0.0280543363795172
41.543,0.427,17.08,0.148593564228701,0.022080047330189
41.562,0.453,18.12,0.167494287602644,0.0280543363795172
41.562,0.427,17.08,0.148593564228701,0.022080047330189
41.578,0.401,16.04,0.131825673855641,0.0173780082874938
41.597,0.427,17.08,0.148593564228701,0.022080047330189
41.597,0.401,16.04,0.131825673855641,0.0173780082874938
41.614,0.336,13.44,0.0977237220955811,0.00954992586021437
41.632,0.414,16.56,0.139958732257262,0.0195884467350599
41.632,0.362,14.48,0.110153930954142,0.0121338885046498
41.65,0.22,8.8,0.057279603098583,0.00328095293113119
41.669,0.388,15.52,0.124165230759241,0.0154170045294956
41.669,0.272,10.88,0.0727779804536825,0.00529663443891659
41.687,0.181,7.24,0.0478630092322639,0.00229086765276777
41.705,0.311,12.44,0.0870963589956081,0.00758577575029184
41.705,0.168,6.72,0.0450816704541461,0.00203235701093622
41.723,0.259,10.36,0.0685488226452662,0.00469894108605216
41.74,0.181,7.24,0.0478630092322639,0.00229086765276777
41.74,0.246,9.84,0.0645654229034656,0.00416869383470336
41.76,0.401,16.04,0.131825673855641,0.0173780082874938
41.76,0.207,8.28,0.0539510622515128,0.00291071711806661
41.777,0.388,15.52,0.124165230759241,0.0154170045294956
41.795,0.194,7.76,0.0508159442560561,0.0025822601906346
41.795,0.349,13.96,0.103752841581801,0.0107646521362984
41.812,0.466,18.64,0.177827941003892,0.0316227766016838
41.83,0.349,13.96,0.103752841581801,0.0107646521362984
41.83,0.466,18.64,0.177827941003892,0.0316227766016838
41.848,0.518,20.72,0.225943577022098,0.0510504999975407
41.866,0.466,18.64,0.177827941003892,0.0316227766016838
41.866,0.569,22.76,0.285759054337495,0.0816582371358593
41.884,0.556,22.24,0.269153480392692,0.0724435960074991
41.902,0.531,21.24,0.239883291901949,0.0575439937337158
41.902,0.569,22.76,0.285759054337495,0.0816582371358593
41.919,0.582,23.28,0.303389118419427,0.0920449571753172
41.937,0.569,22.76,0.285759054337495,0.0816582371358593
41.937,0.582,23.28,0.303389118419427,0.0920449571753172
41.954,0.556,22.24,0.269153480392692,0.0724435960074991
41.972,0.595,23.8,0.322106879128344,0.103752841581801
41.99,0.582,23.28,0.303389118419427,0.0920449571753172
41.99,0.505,20.2,0.212813904598271,0.0452897579903621
42.007,0.582,23.28,0.303389118419427,0.0920449571753172
42.025,0.531,21.24,0.239883291901949,0.0575439937337158
42.025,0.388,15.52,0.124165230759241,0.0154170045294956
42.043,0.556,22.24,0.269153480392692,0.0724435960074991
42.061,0.427,17.08,0.148593564228701,0.022080047330189
42.061,0.181,7.24,0.0478630092322639,0.00229086765276777
42.078,0.492,19.68,0.200447202736516,0.040179081084894
42.096,0.272,10.88,0.0727779804536825,0.00529663443891659
42.096,0.453,18.12,0.167494287602644,0.0280543363795172
42.114,0.324,12.96,0.0924698173938223,0.00855066712884685
42.133,0.349,13.96,0.103752841581801,0.0107646521362984
42.133,0.531,21.24,0.239883291901949,0.0575439937337158
42.151,0.285,11.4,0.0772680585095703,0.00597035286583838
42.168,0.531,21.24,0.239883291901949,0.0575439937337158
42.168,0.194,7.76,0.0508159442560561,0.0025822601906346
42.186,0.582,23.28,0.303389118419427,0.0920449571753172
42.203,0.621,24.84,0.363078054770102,0.131825673855641
42.203,0.479,19.16,0.188799134909629,0.0356451133426244
42.221,0.595,23.8,0.322106879128344,0.103752841581801
42.241,0.66,26.4,0.434510224171572,0.18879913490963
42.241,0.582,23.28,0.303389118419427,0.0920449571753172
42.258,0.673,26.92,0.46131757456038,0.212813904598272
42.276,0.686,27.44,0.489778819368447,0.239883291901949
42.276,0.66,26.4,0.434510224171572,0.18879913490963
42.295,0.686,27.44,0.489778819368447,0.239883291901949
42.295,0.686,27.44,0.489778819368447,0.239883291901949
42.313,0.686,27.44,0.489778819368447,0.239883291901949
42.331,0.699,27.96,0.519995996533516,0.270395836410885
42.331,0.673,26.92,0.46131757456038,0.212813904598272
42.348,0.712,28.48,0.552077439280758,0.304789498962799
42.366,0.673,26.92,0.46131757456038,0.212813904598272
42.384,0.621,24.84,0.363078054770102,0.131825673855641
42.384,0.686,27.44,0.489778819368447,0.239883291901949
42.401,0.647,25.88,0.409260659730011,0.167494287602644
42.418,0.531,21.24,0.239883291901949,0.0575439937337158
42.419,0.673,26.92,0.46131757456038,0.212813904598272
42.438,0.556,22.24,0.269153480392692,0.0724435960074991
42.438,0.246,9.84,0.0645654229034656,0.00416869383470336
42.455,0.595,23.8,0.322106879128344,0.103752841581801
42.472,0.362,14.48,0.110153930954142,0.0121338885046498
42.49,0.44,17.6,0.157761126969935,0.0248885731828239
42.49,0.582,23.28,0.303389118419427,0.0920449571753172
42.509,0.362,14.48,0.110153930954142,0.0121338885046498
42.525,0.608,24.32,0.341979442513709,0.116949939101987
42.525,0.246,9.84,0.0645654229034656,0.00416869383470336
42.544,0.582,23.28,0.303389118419427,0.0920449571753172
42.562,0.168,6.72,0.0450816704541461,0.00203235701093622
42.562,0.569,22.76,0.285759054337495,0.0816582371358593
42.58,0.686,27.44,0.489778819368447,0.239883291901949
42.597,0.518,20.72,0.225943577022098,0.0510504999975407
42.597,0.66,26.4,0.434510224171572,0.18879913490963
42.614,0.738,29.52,0.62230028516916,0.387257644921618
42.632,0.647,25.88,0.409260659730011,0.167494287602644
42.632,0.738,29.52,0.62230028516916,0.387257644921618
42.65,0.751,30.04,0.660693448007596,0.436515832240167
42.668,0.725,29,0.586138164514029,0.343557947899875
42.668,0.764,30.56,0.701455298419972,0.492039535681452
42.686,0.764,30.56,0.701455298419972,0.492039535681452
42.703,0.764,30.56,0.701455298419972,0.492039535681452
42.703,0.764,30.56,0.701455298419972,0.492039535681452
42.72,0.738,29.52,0.62230028516916,0.387257644921618
42.739,0.764,30.56,0.701455298419972,0.492039535681452
42.739,0.751,30.04,0.660693448007596,0.436515832240167
42.756,0.699,27.96,0.519995996533516,0.270395836410885
42.774,0.764,30.56,0.701455298419972,0.492039535681452
42.774,0.712,28.48,0.552077439280758,0.304789498962799
42.792,0.595,23.8,0.322106879128344,0.103752841581801
42.811,0.725,29,0.586138164514029,0.343557947899875
42.811,0.634,25.36,0.385478357665772,0.148593564228701
42.829,0.349,13.96,0.103752841581801,0.0107646521362984
42.847,0.673,26.92,0.46131757456038,0.212813904598272
42.848,0.44,17.6,0.157761126969935,0.0248885731828239
42.865,0.466,18.64,0.177827941003892,0.0316227766016838
42.883,0.518,20.72,0.225943577022098,0.0510504999975407
42.883,0.401,16.04,0.131825673855641,0.0173780082874938
42.902,0.647,25.88,0.409260659730011,0.167494287602644
42.919,0.259,10.36,0.0685488226452662,0.00469894108605216
42.919,0.608,24.32,0.341979442513709,0.116949939101987
42.938,0.725,29,0.586138164514029,0.343557947899875
42.938,0.595,23.8,0.322106879128344,0.103752841581801
42.956,0.725,29,0.586138164514029,0.343557947899875
42.972,0.556,22.24,0.269153480392692,0.0724435960074991
42.991,0.699,27.96,0.519995996533516,0.270395836410885
42.991,0.764,30.56,0.701455298419972,0.492039535681452
43.01,0.673,26.92,0.46131757456038,0.212813904598272
43.01,0.764,30.56,0.701455298419972,0.492039535681452
43.028,0.802,32.08,0.835603018231248,0.698232404077172
43.046,0.751,30.04,0.660693448007596,0.436515832240167
43.046,0.789,31.56,0.787045789695099,0.619441075076782
43.064,0.789,31.56,0.787045789695099,0.619441075076782
43.082,0.789,31.56,0.787045789695099,0.619441075076782
43.082,0.802,32.08,0.835603018231248,0.698232404077172
43.101,0.789,31.56,0.787045789695099,0.619441075076782
43.118,0.802,32.08,0.835603018231248,0.698232404077172
43.118,0.789,31.56,0.787045789695099,0.619441075076782
43.137,0.738,29.52,0.62230028516916,0.387257644921618
43.156,0.789,31.56,0.787045789695099,0.619441075076782
43.156,0.751,30.04,0.660693448007596,0.436515832240167
43.174,0.673,26.92,0.46131757456038,0.212813904598272
43.191,0.764,30.56,0.701455298419972,0.492039535681452
43.191,0.673,26.92,0.46131757456038,0.212813904598272
43.209,0.427,17.08,0.148593564228701,0.022080047330189
43.226,0.699,27.96,0.519995996533516,0.270395836410885
43.226,0.518,20.72,0.225943577022098,0.0510504999975407
43.245,0.453,18.12,0.167494287602644,0.0280543363795172
43.262,0.569,22.76,0.285759054337495,0.0816582371358593
43.263,0.311,12.44,0.0870963589956081,0.00758577575029184
43.281,0.66,26.4,0.434510224171572,0.18879913490963
43.301,0.194,7.76,0.0508159442560561,0.0025822601906346
43.301,0.621,24.84,0.363078054770102,0.131825673855641
43.32,0.738,29.52,0.62230028516916,0.387257644921618
43.32,0.569,22.76,0.285759054337495,0.0816582371358593
43.339,0.725,29,0.586138164514029,0.343557947899875
43.359,0.505,20.2,0.212813904598271,0.0452897579903621
43.359,0.699,27.96,0.519995996533516,0.270395836410885
43.379,0.776,31.04,0.741310241300918,0.549540873857625
43.379,0.673,26.92,0.46131757456038,0.212813904598272
43.397,0.764,30.56,0.701455298419972,0.492039535681452
43.418,0.789,31.56,0.787045789695099,0.619441075076782
43.418,0.764,30.56,0.701455298419972,0.492039535681452
43.438,0.802,32.08,0.835603018231248,0.698232404077172
43.438,0.802,32.08,0.835603018231248,0.698232404077172
43.457,0.789,31.56,0.787045789695099,0.619441075076782
43.476,0.802,32.08,0.835603018231248,0.698232404077172
43.476,0.789,31.56,0.787045789695099,0.619441075076782
43.493,0.815,32.6,0.887156012037961,0.787045789695099
43.511,0.802,32.08,0.835603018231248,0.698232404077172
43.512,0.738,29.52,0.62230028516916,0.387257644921618
43.529,0.802,32.08,0.835603018231248,0.698232404077172
43.548,0.751,30.04,0.660693448007596,0.436515832240167
43.548,0.66,26.4,0.434510224171572,0.18879913490963
43.566,0.764,30.56,0.701455298419972,0.492039535681452
43.584,0.686,27.44,0.489778819368447,0.239883291901949
43.584,0.479,19.16,0.188799134909629,0.0356451133426244
43.602,0.712,28.48,0.552077439280758,0.304789498962799
43.619,0.544,21.76,0.254683025258504,0.064863443354824
43.619,0.388,15.52,0.124165230759241,0.0154170045294956
43.637,0.595,23.8,0.322106879128344,0.103752841581801
43.655,0.233,9.32,0.0608135001278718,0.00369828179780267
43.655,0.634,25.36,0.385478357665772,0.148593564228701
43.674,0.22,8.8,0.057279603098583,0.00328095293113119
43.691,0.582,23.28,0.303389118419427,0.0920449571753172
43.691,0.738,29.52,0.62230028516916,0.387257644921618
43.71,0.531,21.24,0.239883291901949,0.0575439937337158
43.727,0.712,28.48,0.552077439280758,0.304789498962799
43.727,0.479,19.16,0.188799134909629,0.0356451133426244
43.745,0.699,27.96,0.519995996533516,0.270395836410885
43.763,0.764,30.56,0.701455298419972,0.492039535681452
43.763,0.66,26.4,0.434510224171572,0.18879913490963
43.781,0.751,30.04,0.660693448007596,0.436515832240167
43.8,0.789,31.56,0.787045789695099,0.619441075076782
43.8,0.738,29.52,0.62230028516916,0.387257644921618
43.82,0.789,31.56,0.787045789695099,0.619441075076782
43.82,0.802,32.08,0.835603018231248,0.698232404077172
43.839,0.789,31.56,0.787045789695099,0.619441075076782
43.859,0.815,32.6,0.887156012037961,0.787045789695099
43.859,0.789,31.56,0.787045789695099,0.619441075076782
43.878,0.789,31.56,0.787045789695099,0.619441075076782
43.878,0.789,31.56,0.787045789695099,0.619441075076782
43.898,0.751,30.04,0.660693448007596,0.436515832240167
43.917,0.789,31.56,0.787045789695099,0.619441075076782
43.917,0.764,30.56,0.701455298419972,0.492039535681452
43.936,0.673,26.92,0.46131757456038,0.212813904598272
43.955,0.776,31.04,0.741310241300918,0.549540873857625
43.955,0.699,27.96,0.519995996533516,0.270395836410885
43.973,0.518,20.72,0.225943577022098,0.0510504999975407
43.992,0.712,28.48,0.552077439280758,0.304789498962799
43.992,0.569,22.76,0.285759054337495,0.0816582371358593
44.011,0.298,11.92,0.0820351544329818,0.00672976656284318
44.011,0.608,24.32,0.341979442513709,0.116949939101987
44.03,0.194,7.76,0.0508159442560561,0.0025822601906346
44.05,0.608,24.32,0.341979442513709,0.116949939101987
44.05,0.311,12.44,0.0870963589956081,0.00758577575029184
44.07,0.569,22.76,0.285759054337495,0.0816582371358593
44.07,0.712,28.48,0.552077439280758,0.304789498962799
44.09,0.518,20.72,0.225943577022098,0.0510504999975407
44.108,0.686,27.44,0.489778819368447,0.239883291901949
44.108,0.427,17.08,0.148593564228701,0.022080047330189
44.128,0.673,26.92,0.46131757456038,0.212813904598272
44.148,0.751,30.04,0.660693448007596,0.436515832240167
44.148,0.647,25.88,0.409260659730011,0.167494287602644
44.168,0.738,29.52,0.62230028516916,0.387257644921618
44.168,0.789,31.56,0.787045789695099,0.619441075076782
44.186,0.725,29,0.586138164514029,0.343557947899875
44.205,0.776,31.04,0.741310241300918,0.549540873857625
44.205,0.789,31.56,0.787045789695099,0.619441075076782
44.224,0.764,30.56,0.701455298419972,0.492039535681452
44.224,0.789,31.56,0.787045789695099,0.619441075076782
44.244,0.764,30.56,0.701455298419972,0.492039535681452
44.265,0.789,31.56,0.787045789695099,0.619441075076782
44.265,0.776,31.04,0.741310241300918,0.549540873857625
44.282,0.738,29.52,0.62230028516916,0.387257644921618
44.301,0.789,31.56,0.787045789695099,0.619441075076782
44.301,0.738,29.52,0.62230028516916,0.387257644921618
44.32,0.673,26.92,0.46131757456038,0.212813904598272
44.32,0.764,30.56,0.701455298419972,0.492039535681452
44.339,0.699,27.96,0.519995996533516,0.270395836410885
44.357,0.531,21.24,0.239883291901949,0.0575439937337158
44.357,0.712,28.48,0.552077439280758,0.304789498962799
44.375,0.582,23.28,0.303389118419427,0.0920449571753172
44.393,0.207,8.28,0.0539510622515128,0.00291071711806661
44.393,0.621,24.84,0.363078054770102,0.131825673855641
44.411,0.246,9.84,0.0645654229034656,0.00416869383470336
44.43,0.556,22.24,0.269153480392692,0.0724435960074991
44.43,0.453,18.12,0.167494287602644,0.0280543363795172
44.447,0.518,20.72,0.225943577022098,0.0510504999975407
44.464,0.686,27.44,0.489778819368447,0.239883291901949
44.464,0.453,18.12,0.167494287602644,0.0280543363795172
44.482,0.673,26.92,0.46131757456038,0.212813904598272
44.5,0.362,14.48,0.110153930954142,0.0121338885046498
44.5,0.634,25.36,0.385478357665772,0.148593564228701
44.519,0.738,29.52,0.62230028516916,0.387257644921618
44.538,0.621,24.84,0.363078054770102,0.131825673855641
44.538,0.725,29,0.586138164514029,0.343557947899875
44.556,0.776,31.04,0.741310241300918,0.549540873857625
44.574,0.699,27.96,0.519995996533516,0.270395836410885
44.574,0.751,30.04,0.660693448007596,0.436515832240167
44.591,0.776,31.04,0.741310241300918,0.549540873857625
44.61,0.751,30.04,0.660693448007596,0.436515832240167
44.61,0.776,31.04,0.741310241300918,0.549540873857625
44.627,0.764,30.56,0.701455298419972,0.492039535681452
44.645,0.776,31.04,0.741310241300918,0.549540873857625
44.645,0.764,30.56,0.701455298419972,0.492039535681452
44.664,0.738,29.52,0.62230028516916,0.387257644921618
44.682,0.776,31.04,0.741310241300918,0.549540873857625
44.682,0.738,29.52,0.62230028516916,0.387257644921618
44.701,0.673,26.92,0.46131757456038,0.212813904598272
44.701,0.751,30.04,0.660693448007596,0.436515832240167
44.719,0.699,27.96,0.519995996533516,0.270395836410885
44.74,0.544,21.76,0.254683025258504,0.064863443354824
44.74,0.712,28.48,0.552077439280758,0.304789498962799
44.759,0.595,23.8,0.322106879128344,0.103752841581801
44.779,0.194,7.76,0.0508159442560561,0.0025822601906346
44.779,0.621,24.84,0.363078054770102,0.131825673855641
44.797,0.285,11.4,0.0772680585095703,0.00597035286583838
44.797,0.531,21.24,0.239883291901949,0.0575439937337158
44.815,0.414,16.56,0.139958732257262,0.0195884467350599
44.832,0.479,19.16,0.188799134909629,0.0356451133426244
44.832,0.66,26.4,0.434510224171572,0.18879913490963
44.851,0.44,17.6,0.157761126969935,0.0248885731828239
44.869,0.634,25.36,0.385478357665772,0.148593564228701
44.869,0.285,11.4,0.0772680585095703,0.00597035286583838
44.887,0.608,24.32,0.341979442513709,0.116949939101987
44.904,0.712,28.48,0.552077439280758,0.304789498962799
44.904,0.569,22.76,0.285759054337495,0.0816582371358593
44.923,0.699,27.96,0.519995996533516,0.270395836410885
44.94,0.751,30.04,0.660693448007596,0.436515832240167
44.941,0.673,26.92,0.46131757456038,0.212813904598272
44.96,0.738,29.52,0.62230028516916,0.387257644921618
44.979,0.764,30.56,0.701455298419972,0.492039535681452
44.979,0.738,29.52,0.62230028516916,0.387257644921618
44.997,0.764,30.56,0.701455298419972,0.492039535681452
45.015,0.751,30.04,0.660693448007596,0.436515832240167
45.015,0.764,30.56,0.701455298419972,0.492039535681452
45.032,0.751,30.04,0.660693448007596,0.436515832240167
45.051,0.725,29,0.586138164514029,0.343557947899875
45.052,0.764,30.56,0.701455298419972,0.492039535681452
45.071,0.725,29,0.586138164514029,0.343557947899875
45.071,0.673,26.92,0.46131757456038,0.212813904598272
45.088,0.738,29.52,0.62230028516916,0.387257644921618
45.106,0.699,27.96,0.519995996533516,0.270395836410885
45.106,0.556,22.24,0.269153480392692,0.0724435960074991
45.123,0.699,27.96,0.519995996533516,0.270395836410885
45.141,0.595,23.8,0.322106879128344,0.103752841581801
45.141,0.233,9.32,0.0608135001278718,0.00369828179780267
45.16,0.634,25.36,0.385478357665772,0.148593564228701
45.178,0.362,14.48,0.110153930954142,0.0121338885046498
45.178,0.492,19.68,0.200447202736516,0.040179081084894
45.197,0.453,18.12,0.167494287602644,0.0280543363795172
45.215,0.414,16.56,0.139958732257262,0.0195884467350599
45.215,0.647,25.88,0.409260659730011,0.167494287602644
45.233,0.311,12.44,0.0870963589956081,0.00758577575029184
45.251,0.608,24.32,0.341979442513709,0.116949939101987
45.251,0.207,8.28,0.0539510622515128,0.00291071711806661
45.269,0.582,23.28,0.303389118419427,0.0920449571753172
45.287,0.699,27.96,0.519995996533516,0.270395836410885
45.287,0.544,21.76,0.254683025258504,0.064863443354824
45.306,0.686,27.44,0.489778819368447,0.239883291901949
45.324,0.751,30.04,0.660693448007596,0.436515832240167
45.324,0.66,26.4,0.434510224171572,0.18879913490963
45.344,0.738,29.52,0.62230028516916,0.387257644921618
45.344,0.751,30.04,0.660693448007596,0.436515832240167
45.364,0.725,29,0.586138164514029,0.343557947899875
45.381,0.764,30.56,0.701455298419972,0.492039535681452
45.381,0.751,30.04,0.660693448007596,0.436515832240167
45.4,0.751,30.04,0.660693448007596,0.436515832240167
45.418,0.764,30.56,0.701455298419972,0.492039535681452
45.418,0.738,29.52,0.62230028516916,0.387257644921618
45.436,0.764,30.56,0.701455298419972,0.492039535681452
45.453,0.738,29.52,0.62230028516916,0.387257644921618
45.453,0.673,26.92,0.46131757456038,0.212813904598272
45.472,0.738,29.52,0.62230028516916,0.387257644921618
45.489,0.699,27.96,0.519995996533516,0.270395836410885
45.489,0.569,22.76,0.285759054337495,0.0816582371358593
45.508,0.712,28.48,0.552077439280758,0.304789498962799
45.526,0.608,24.32,0.341979442513709,0.116949939101987
45.526,0.298,11.92,0.0820351544329818,0.00672976656284318
45.543,0.621,24.84,0.363078054770102,0.131825673855641
45.562,0.401,16.04,0.131825673855641,0.0173780082874938
45.562,0.453,18.12,0.167494287602644,0.0280543363795172
45.58,0.479,19.16,0.188799134909629,0.0356451133426244
45.598,0.362,14.48,0.110153930954142,0.0121338885046498
45.598,0.608,24.32,0.341979442513709,0.116949939101987
45.617,0.259,10.36,0.0685488226452662,0.00469894108605216
45.635,0.582,23.28,0.303389118419427,0.0920449571753172
45.635,0.699,27.96,0.519995996533516,0.270395836410885
45.653,0.556,22.24,0.269153480392692,0.0724435960074991
45.653,0.686,27.44,0.489778819368447,0.239883291901949
45.672,0.518,20.72,0.225943577022098,0.0510504999975407
45.69,0.66,26.4,0.434510224171572,0.18879913490963
45.69,0.725,29,0.586138164514029,0.343557947899875
45.708,0.647,25.88,0.409260659730011,0.167494287602644
45.726,0.725,29,0.586138164514029,0.343557947899875
45.726,0.751,30.04,0.660693448007596,0.436515832240167
45.745,0.712,28.48,0.552077439280758,0.304789498962799
45.764,0.751,30.04,0.660693448007596,0.436515832240167
45.764,0.751,30.04,0.660693448007596,0.436515832240167
45.783,0.751,30.04,0.660693448007596,0.436515832240167
45.801,0.751,30.04,0.660693448007596,0.436515832240167
45.801,0.738,29.52,0.62230028516916,0.387257644921618
45.819,0.751,30.04,0.660693448007596,0.436515832240167
45.838,0.725,29,0.586138164514029,0.343557947899875
45.838,0.686,27.44,0.489778819368447,0.239883291901949
45.856,0.751,30.04,0.660693448007596,0.436515832240167
45.856,0.699,27.96,0.519995996533516,0.270395836410885
45.874,0.595,23.8,0.322106879128344,0.103752841581801
45.892,0.725,29,0.586138164514029,0.343557947899875
45.892,0.621,24.84,0.363078054770102,0.131825673855641
45.909,0.375,15,0.116949939101987,0.0136772882559585
45.928,0.66,26.4,0.434510224171572,0.18879913490963
45.928,0.453,18.12,0.167494287602644,0.0280543363795172
45.946,0.414,16.56,0.139958732257262,0.0195884467350599
45.964,0.518,20.72,0.225943577022098,0.0510504999975407
45.964,0.285,11.4,0.0772680585095703,0.00597035286583838
45.982,0.608,24.32,0.341979442513709,0.116949939101987
46.001,0.22,8.8,0.057279603098583,0.00328095293113119
46.001,0.569,22.76,0.285759054337495,0.0816582371358593
46.018,0.686,27.44,0.489778819368447,0.239883291901949
46.036,0.544,21.76,0.254683025258504,0.064863443354824
46.036,0.673,26.92,0.46131757456038,0.212813904598272
46.055,0.466,18.64,0.177827941003892,0.0316227766016838
46.074,0.647,25.88,0.409260659730011,0.167494287602644
46.074,0.725,29,0.586138164514029,0.343557947899875
46.091,0.634,25.36,0.385478357665772,0.148593564228701
46.111,0.712,28.48,0.552077439280758,0.304789498962799
46.111,0.751,30.04,0.660693448007596,0.436515832240167
46.128,0.712,28.48,0.552077439280758,0.304789498962799
46.146,0.738,29.52,0.62230028516916,0.387257644921618
46.146,0.764,30.56,0.701455298419972,0.492039535681452
46.164,0.725,29,0.586138164514029,0.343557947899875
46.181,0.751,30.04,0.660693448007596,0.436515832240167
46.181,0.738,29.52,0.62230028516916,0.387257644921618
46.2,0.751,30.04,0.660693448007596,0.436515832240167
46.217,0.738,29.52,0.62230028516916,0.387257644921618
46.217,0.686,27.44,0.489778819368447,0.239883291901949
46.237,0.751,30.04,0.660693448007596,0.436515832240167
46.237,0.699,27.96,0.519995996533516,0.270395836410885
46.254,0.608,24.32,0.341979442513709,0.116949939101987
46.275,0.712,28.48,0.552077439280758,0.304789498962799
46.275,0.634,25.36,0.385478357665772,0.148593564228701
46.293,0.414,16.56,0.139958732257262,0.0195884467350599
46.311,0.647,25.88,0.409260659730011,0.167494287602644
46.311,0.479,19.16,0.188799134909629,0.0356451133426244
46.329,0.336,13.44,0.0977237220955811,0.00954992586021437
46.349,0.531,21.24,0.239883291901949,0.0575439937337158
46.349,0.22,8.8,0.057279603098583,0.00328095293113119
46.369,0.582,23.28,0.303389118419427,0.0920449571753172
46.369,0.207,8.28,0.0539510622515128,0.00291071711806661
46.387,0.531,21.24,0.239883291901949,0.0575439937337158
46.404,0.673,26.92,0.46131757456038,0.212813904598272
46.404,0.492,19.68,0.200447202736516,0.040179081084894
46.423,0.647,25.88,0.409260659730011,0.167494287602644
46.441,0.427,17.08,0.148593564228701,0.022080047330189
46.441,0.634,25.36,0.385478357665772,0.148593564228701
46.459,0.712,28.48,0.552077439280758,0.304789498962799
46.477,0.608,24.32,0.341979442513709,0.116949939101987
46.477,0.712,28.48,0.552077439280758,0.304789498962799
46.496,0.751,30.04,0.660693448007596,0.436515832240167
46.513,0.686,27.44,0.489778819368447,0.239883291901949
46.513,0.738,29.52,0.62230028516916,0.387257644921618
46.531,0.751,30.04,0.660693448007596,0.436515832240167
46.551,0.725,29,0.586138164514029,0.343557947899875
46.551,0.751,30.04,0.660693448007596,0.436515832240167
46.569,0.725,29,0.586138164514029,0.343557947899875
46.588,0.738,29.52,0.62230028516916,0.387257644921618
46.588,0.725,29,0.586138164514029,0.343557947899875
46.607,0.686,27.44,0.489778819368447,0.239883291901949
46.607,0.738,29.52,0.62230028516916,0.387257644921618
46.624,0.699,27.96,0.519995996533516,0.270395836410885
46.643,0.608,24.32,0.341979442513709,0.116949939101987
46.643,0.712,28.48,0.552077439280758,0.304789498962799
46.66,0.634,25.36,0.385478357665772,0.148593564228701
46.678,0.453,18.12,0.167494287602644,0.0280543363795172
46.678,0.647,25.88,0.409260659730011,0.167494287602644
46.697,0.505,20.2,0.212813904598271,0.0452897579903621
46.714,0.285,11.4,0.0772680585095703,0.00597035286583838
46.715,0.544,21.76,0.254683025258504,0.064863443354824
46.733,0.194,7.76,0.0508159442560561,0.0025822601906346
46.75,0.544,21.76,0.254683025258504,0.064863443354824
46.75,0.233,9.32,0.0608135001278718,0.00369828179780267
46.768,0.505,20.2,0.212813904598271,0.0452897579903621
46.786,0.647,25.88,0.409260659730011,0.167494287602644
46.786,0.453,18.12,0.167494287602644,0.0280543363795172
46.804,0.621,24.84,0.363078054770102,0.131825673855641
46.824,0.375,15,0.116949939101987,0.0136772882559585
46.824,0.621,24.84,0.363078054770102,0.131825673855641
46.841,0.699,27.96,0.519995996533516,0.270395836410885
46.861,0.582,23.28,0.303389118419427,0.0920449571753172
46.861,0.673,26.92,0.46131757456038,0.212813904598272
46.88,0.725,29,0.586138164514029,0.343557947899875
46.88,0.66,26.4,0.434510224171572,0.18879913490963
46.9,0.712,28.48,0.552077439280758,0.304789498962799
46.92,0.725,29,0.586138164514029,0.343557947899875
46.92,0.712,28.48,0.552077439280758,0.304789498962799
46.94,0.725,29,0.586138164514029,0.343557947899875
46.94,0.712,28.48,0.552077439280758,0.304789498962799
46.96,0.725,29,0.586138164514029,0.343557947899875
46.983,0.712,28.48,0.552077439280758,0.304789498962799
46.983,0.686,27.44,0.489778819368447,0.239883291901949
47.004,0.725,29,0.586138164514029,0.343557947899875
47.004,0.686,27.44,0.489778819368447,0.239883291901949
47.024,0.608,24.32,0.341979442513709,0.116949939101987
47.024,0.699,27.96,0.519995996533516,0.270395836410885
47.052,0.647,25.88,0.409260659730011,0.167494287602644
47.052,0.453,18.12,0.167494287602644,0.0280543363795172
47.074,0.647,25.88,0.409260659730011,0.167494287602644
47.074,0.505,20.2,0.212813904598271,0.0452897579903621
47.094,0.194,7.76,0.0508159442560561,0.0025822601906346
47.112,0.544,21.76,0.254683025258504,0.064863443354824
47.112,0.207,8.28,0.0539510622515128,0.00291071711806661
47.133,0.505,20.2,0.212813904598271,0.0452897579903621
47.133,0.311,12.44,0.0870963589956081,0.00758577575029184
47.153,0.44,17.6,0.157761126969935,0.0248885731828239
47.173,0.608,24.32,0.341979442513709,0.116949939101987
47.173,0.401,16.04,0.131825673855641,0.0173780082874938
47.193,0.582,23.28,0.303389118419427,0.0920449571753172
47.193,0.311,12.44,0.0870963589956081,0.00758577575029184
47.211,0.569,22.76,0.285759054337495,0.0816582371358593
47.23,0.66,26.4,0.434510224171572,0.18879913490963
47.23,0.544,21.76,0.254683025258504,0.064863443354824
47.25,0.647,25.88,0.409260659730011,0.167494287602644
47.25,0.699,27.96,0.519995996533516,0.270395836410885
47.268,0.634,25.36,0.385478357665772,0.148593564228701
47.289,0.699,27.96,0.519995996533516,0.270395836410885
47.289,0.712,28.48,0.552077439280758,0.304789498962799
47.309,0.686,27.44,0.489778819368447,0.239883291901949
47.309,0.712,28.48,0.552077439280758,0.304789498962799
47.328,0.712,28.48,0.552077439280758,0.304789498962799
47.348,0.725,29,0.586138164514029,0.343557947899875
47.348,0.712,28.48,0.552077439280758,0.304789498962799
47.371,0.686,27.44,0.489778819368447,0.239883291901949
47.371,0.725,29,0.586138164514029,0.343557947899875
47.392,0.686,27.44,0.489778819368447,0.239883291901949
47.392,0.621,24.84,0.363078054770102,0.131825673855641
47.415,0.699,27.96,0.519995996533516,0.270395836410885
47.438,0.647,25.88,0.409260659730011,0.167494287602644
47.438,0.492,19.68,0.200447202736516,0.040179081084894
47.463,0.66,26.4,0.434510224171572,0.18879913490963
47.464,0.531,21.24,0.239883291901949,0.0575439937337158
47.464,0.518,20.72,0.225943577022098,0.0510504999975407
47.486,0.556,22.24,0.269153480392692,0.0724435960074991
47.507,0.246,9.84,0.0645654229034656,0.00416869383470336
47.507,0.492,19.68,0.200447202736516,0.040179081084894
47.528,0.375,15,0.116949939101987,0.0136772882559585
47.528,0.453,18.12,0.167494287602644,0.0280543363795172
47.547,0.634,25.36,0.385478357665772,0.148593564228701
47.547,0.375,15,0.116949939101987,0.0136772882559585
47.568,0.595,23.8,0.322106879128344,0.103752841581801
47.59,0.259,10.36,0.0685488226452662,0.00469894108605216
47.59,0.569,22.76,0.285759054337495,0.0816582371358593
47.609,0.673,26.92,0.46131757456038,0.212813904598272
47.609,0.544,21.76,0.254683025258504,0.064863443354824
47.628,0.66,26.4,0.434510224171572,0.18879913490963
47.646,0.712,28.48,0.552077439280758,0.304789498962799
47.646,0.634,25.36,0.385478357665772,0.148593564228701
47.665,0.686,27.44,0.489778819368447,0.239883291901949
47.683,0.725,29,0.586138164514029,0.343557947899875
47.683,0.686,27.44,0.489778819368447,0.239883291901949
47.702,0.712,28.48,0.552077439280758,0.304789498962799
47.702,0.699,27.96,0.519995996533516,0.270395836410885
47.721,0.699,27.96,0.519995996533516,0.270395836410885
47.74,0.699,27.96,0.519995996533516,0.270395836410885
47.74,0.673,26.92,0.46131757456038,0.212813904598272
47.758,0.699,27.96,0.519995996533516,0.270395836410885
47.777,0.673,26.92,0.46131757456038,0.212813904598272
47.778,0.595,23.8,0.322106879128344,0.103752841581801
47.795,0.673,26.92,0.46131757456038,0.212813904598272
47.814,0.608,24.32,0.341979442513709,0.116949939101987
47.814,0.466,18.64,0.177827941003892,0.0316227766016838
47.833,0.608,24.32,0.341979442513709,0.116949939101987
47.833,0.492,19.68,0.200447202736516,0.040179081084894
47.852,0.207,8.28,0.0539510622515128,0.00291071711806661
47.873,0.505,20.2,0.212813904598271,0.0452897579903621
47.873,0.259,10.36,0.0685488226452662,0.00469894108605216
47.891,0.362,14.48,0.110153930954142,0.0121338885046498
47.91,0.324,12.96,0.0924698173938223,0.00855066712884685
47.91,0.311,12.44,0.0870963589956081,0.00758577575029184
47.929,0.531,21.24,0.239883291901949,0.0575439937337158
47.929,0.233,9.32,0.0608135001278718,0.00369828179780267
47.947,0.518,20.72,0.225943577022098,0.0510504999975407
47.966,0.181,7.24,0.0478630092322639,0.00229086765276777
47.966,0.505,20.2,0.212813904598271,0.0452897579903621
47.984,0.621,24.84,0.363078054770102,0.131825673855641
48.004,0.479,19.16,0.188799134909629,0.0356451133426244
48.004,0.621,24.84,0.363078054770102,0.131825673855641
48.021,0.686,27.44,0.489778819368447,0.239883291901949
48.04,0.621,24.84,0.363078054770102,0.131825673855641
48.04,0.699,27.96,0.519995996533516,0.270395836410885
48.059,0.725,29,0.586138164514029,0.343557947899875
48.059,0.686,27.44,0.489778819368447,0.239883291901949
48.077,0.725,29,0.586138164514029,0.343557947899875
48.096,0.712,28.48,0.552077439280758,0.304789498962799
48.096,0.712,28.48,0.552077439280758,0.304789498962799
48.114,0.725,29,0.586138164514029,0.343557947899875
48.132,0.673,26.92,0.46131757456038,0.212813904598272
48.133,0.699,27.96,0.519995996533516,0.270395836410885
48.151,0.673,26.92,0.46131757456038,0.212813904598272
48.169,0.608,24.32,0.341979442513709,0.116949939101987
48.169,0.686,27.44,0.489778819368447,0.239883291901949
48.188,0.621,24.84,0.363078054770102,0.131825673855641
48.207,0.505,20.2,0.212813904598271,0.0452897579903621
48.207,0.66,26.4,0.434510224171572,0.18879913490963
48.227,0.544,21.76,0.254683025258504,0.064863443354824
48.227,0.259,10.36,0.0685488226452662,0.00469894108605216
48.244,0.595,23.8,0.322106879128344,0.103752841581801
48.263,0.362,14.48,0.110153930954142,0.0121338885046498
48.263,0.427,17.08,0.148593564228701,0.022080047330189
48.28,0.414,16.56,0.139958732257262,0.0195884467350599
48.298,0.349,13.96,0.103752841581801,0.0107646521362984
48.298,0.569,22.76,0.285759054337495,0.0816582371358593
48.316,0.246,9.84,0.0645654229034656,0.00416869383470336
48.335,0.544,21.76,0.254683025258504,0.064863443354824
48.335,0.647,25.88,0.409260659730011,0.167494287602644
48.354,0.505,20.2,0.212813904598271,0.0452897579903621
48.373,0.621,24.84,0.363078054770102,0.131825673855641
48.373,0.466,18.64,0.177827941003892,0.0316227766016838
48.393,0.608,24.32,0.341979442513709,0.116949939101987
48.393,0.673,26.92,0.46131757456038,0.212813904598272
48.412,0.595,23.8,0.322106879128344,0.103752841581801
48.43,0.673,26.92,0.46131757456038,0.212813904598272
48.43,0.699,27.96,0.519995996533516,0.270395836410885
48.448,0.673,26.92,0.46131757456038,0.212813904598272
48.466,0.699,27.96,0.519995996533516,0.270395836410885
48.466,0.712,28.48,0.552077439280758,0.304789498962799
48.485,0.712,28.48,0.552077439280758,0.304789498962799
48.504,0.712,28.48,0.552077439280758,0.304789498962799
48.504,0.686,27.44,0.489778819368447,0.239883291901949
48.522,0.712,28.48,0.552077439280758,0.304789498962799
48.539,0.699,27.96,0.519995996533516,0.270395836410885
48.54,0.621,24.84,0.363078054770102,0.131825673855641
48.557,0.699,27.96,0.519995996533516,0.270395836410885
48.575,0.647,25.88,0.409260659730011,0.167494287602644
48.576,0.544,21.76,0.254683025258504,0.064863443354824
48.595,0.66,26.4,0.434510224171572,0.18879913490963
48.595,0.569,22.76,0.285759054337495,0.0816582371358593
48.613,0.298,11.92,0.0820351544329818,0.00672976656284318
48.63,0.582,23.28,0.303389118419427,0.0920449571753172
48.63,0.388,15.52,0.124165230759241,0.0154170045294956
48.649,0.375,15,0.116949939101987,0.0136772882559585
48.666,0.453,18.12,0.167494287602644,0.0280543363795172
48.666,0.272,10.88,0.0727779804536825,0.00529663443891659
48.685,0.544,21.76,0.254683025258504,0.064863443354824
48.702,0.155,6.2,0.0424619563946313,0.00180301774085957
48.702,0.531,21.24,0.239883291901949,0.0575439937337158
48.721,0.634,25.36,0.385478357665772,0.148593564228701
48.738,0.492,19.68,0.200447202736516,0.040179081084894
48.738,0.621,24.84,0.363078054770102,0.131825673855641
48.757,0.44,17.6,0.157761126969935,0.0248885731828239
48.776,0.608,24.32,0.341979442513709,0.116949939101987
48.776,0.673,26.92,0.46131757456038,0.212813904598272
48.794,0.582,23.28,0.303389118419427,0.0920449571753172
48.812,0.673,26.92,0.46131757456038,0.212813904598272
48.812,0.699,27.96,0.519995996533516,0.270395836410885
48.829,0.647,25.88,0.409260659730011,0.167494287602644
48.848,0.686,27.44,0.489778819368447,0.239883291901949
48.848,0.699,27.96,0.519995996533516,0.270395836410885
48.866,0.699,27.96,0.519995996533516,0.270395836410885
48.884,0.712,28.48,0.552077439280758,0.304789498962799
48.884,0.686,27.44,0.489778819368447,0.239883291901949
48.902,0.699,27.96,0.519995996533516,0.270395836410885
48.921,0.686,27.44,0.489778819368447,0.239883291901949
48.921,0.634,25.36,0.385478357665772,0.148593564228701
48.938,0.699,27.96,0.519995996533516,0.270395836410885
48.956,0.66,26.4,0.434510224171572,0.18879913490963
48.956,0.544,21.76,0.254683025258504,0.064863443354824
48.975,0.66,26.4,0.434510224171572,0.18879913490963
48.992,0.582,23.28,0.303389118419427,0.0920449571753172
48.992,0.427,17.08,0.148593564228701,0.022080047330189
49.011,0.608,24.32,0.341979442513709,0.116949939101987
49.011,0.414,16.56,0.139958732257262,0.0195884467350599
49.031,0.324,12.96,0.0924698173938223,0.00855066712884685
49.048,0.505,20.2,0.212813904598271,0.0452897579903621
49.048,0.246,9.84,0.0645654229034656,0.00416869383470336
49.067,0.544,21.76,0.254683025258504,0.064863443354824
49.084,0.194,7.76,0.0508159442560561,0.0025822601906346
49.084,0.505,20.2,0.212813904598271,0.0452897579903621
49.102,0.647,25.88,0.409260659730011,0.167494287602644
49.121,0.466,18.64,0.177827941003892,0.0316227766016838
49.121,0.621,24.84,0.363078054770102,0.131825673855641
49.139,0.427,17.08,0.148593564228701,0.022080047330189
49.156,0.608,24.32,0.341979442513709,0.116949939101987
49.157,0.673,26.92,0.46131757456038,0.212813904598272
49.175,0.582,23.28,0.303389118419427,0.0920449571753172
49.192,0.66,26.4,0.434510224171572,0.18879913490963
49.192,0.699,27.96,0.519995996533516,0.270395836410885
49.21,0.647,25.88,0.409260659730011,0.167494287602644
49.229,0.699,27.96,0.519995996533516,0.270395836410885
49.229,0.699,27.96,0.519995996533516,0.270395836410885
49.248,0.686,27.44,0.489778819368447,0.239883291901949
49.266,0.712,28.48,0.552077439280758,0.304789498962799
49.266,0.686,27.44,0.489778819368447,0.239883291901949
49.286,0.686,27.44,0.489778819368447,0.239883291901949
49.286,0.699,27.96,0.519995996533516,0.270395836410885
49.305,0.647,25.88,0.409260659730011,0.167494287602644
49.326,0.699,27.96,0.519995996533516,0.270395836410885
49.326,0.66,26.4,0.434510224171572,0.18879913490963
49.345,0.569,22.76,0.285759054337495,0.0816582371358593
49.345,0.673,26.92,0.46131757456038,0.212813904598272
49.365,0.595,23.8,0.322106879128344,0.103752841581801
49.384,0.388,15.52,0.124165230759241,0.0154170045294956
49.384,0.621,24.84,0.363078054770102,0.131825673855641
49.404,0.453,18.12,0.167494287602644,0.0280543363795172
49.422,0.298,11.92,0.0820351544329818,0.00672976656284318
49.422,0.492,19.68,0.200447202736516,0.040179081084894
49.441,0.207,8.28,0.0539510622515128,0.00291071711806661
49.441,0.531,21.24,0.239883291901949,0.0575439937337158
49.46,0.531,21.24,0.239883291901949,0.0575439937337158
49.477,0.492,19.68,0.200447202736516,0.040179081084894
49.477,0.634,25.36,0.385478357665772,0.148593564228701
49.497,0.453,18.12,0.167494287602644,0.0280543363795172
49.516,0.608,24.32,0.341979442513709,0.116949939101987
49.516,0.375,15,0.116949939101987,0.0136772882559585
49.535,0.595,23.8,0.322106879128344,0.103752841581801
49.554,0.673,26.92,0.46131757456038,0.212813904598272
49.554,0.556,22.24,0.269153480392692,0.0724435960074991
49.573,0.66,26.4,0.434510224171572,0.18879913490963
49.574,0.699,27.96,0.519995996533516,0.270395836410885
49.593,0.647,25.88,0.409260659730011,0.167494287602644
49.612,0.699,27.96,0.519995996533516,0.270395836410885
49.612,0.712,28.48,0.552077439280758,0.304789498962799
49.63,0.686,27.44,0.489778819368447,0.239883291901949
49.649,0.699,27.96,0.519995996533516,0.270395836410885
49.649,0.673,26.92,0.46131757456038,0.212813904598272
49.667,0.699,27.96,0.519995996533516,0.270395836410885
49.667,0.686,27.44,0.489778819368447,0.239883291901949
49.685,0.647,25.88,0.409260659730011,0.167494287602644
49.703,0.699,27.96,0.519995996533516,0.270395836410885
49.703,0.673,26.92,0.46131757456038,0.212813904598272
49.722,0.582,23.28,0.303389118419427,0.0920449571753172
49.738,0.673,26.92,0.46131757456038,0.212813904598272
49.738,0.595,23.8,0.322106879128344,0.103752841581801
49.756,0.427,17.08,0.148593564228701,0.022080047330189
49.775,0.621,24.84,0.363078054770102,0.131825673855641
49.775,0.466,18.64,0.177827941003892,0.0316227766016838
49.792,0.22,8.8,0.057279603098583,0.00328095293113119
49.811,0.518,20.72,0.225943577022098,0.0510504999975407
49.811,0.155,6.2,0.0424619563946313,0.00180301774085957
49.828,0.505,20.2,0.212813904598271,0.0452897579903621
49.846,0.259,10.36,0.0685488226452662,0.00469894108605216
49.846,0.466,18.64,0.177827941003892,0.0316227766016838
49.865,0.621,24.84,0.363078054770102,0.131825673855641
49.883,0.414,16.56,0.139958732257262,0.0195884467350599
49.883,0.595,23.8,0.322106879128344,0.103752841581801
49.901,0.336,13.44,0.0977237220955811,0.00954992586021437
49.92,0.582,23.28,0.303389118419427,0.0920449571753172
49.92,0.66,26.4,0.434510224171572,0.18879913490963
49.937,0.544,21.76,0.254683025258504,0.064863443354824
49.955,0.647,25.88,0.409260659730011,0.167494287602644
49.955,0.699,27.96,0.519995996533516,0.270395836410885
49.973,0.634,25.36,0.385478357665772,0.148593564228701
49.992,0.686,27.44,0.489778819368447,0.239883291901949
49.992,0.699,27.96,0.519995996533516,0.270395836410885
50.011,0.686,27.44,0.489778819368447,0.239883291901949
50.03,0.699,27.96,0.519995996533516,0.270395836410885
50.03,0.699,27.96,0.519995996533516,0.270395836410885
50.048,0.699,27.96,0.519995996533516,0.270395836410885
50.048,0.712,28.48,0.552077439280758,0.304789498962799
50.067,0.66,26.4,0.434510224171572,0.18879913490963
50.087,0.699,27.96,0.519995996533516,0.270395836410885
50.087,0.673,26.92,0.46131757456038,0.212813904598272
50.104,0.582,23.28,0.303389118419427,0.0920449571753172
50.123,0.673,26.92,0.46131757456038,0.212813904598272
50.123,0.608,24.32,0.341979442513709,0.116949939101987
50.141,0.44,17.6,0.157761126969935,0.0248885731828239
50.159,0.634,25.36,0.385478357665772,0.148593564228701
50.159,0.479,19.16,0.188799134909629,0.0356451133426244
50.176,0.194,7.76,0.0508159442560561,0.0025822601906346
50.195,0.531,21.24,0.239883291901949,0.0575439937337158
50.195,0.194,7.76,0.0508159442560561,0.0025822601906346
50.213,0.492,19.68,0.200447202736516,0.040179081084894
50.231,0.285,11.4,0.0772680585095703,0.00597035286583838
50.231,0.44,17.6,0.157761126969935,0.0248885731828239
50.249,0.595,23.8,0.322106879128344,0.103752841581801
50.266,0.375,15,0.116949939101987,0.0136772882559585
50.266,0.582,23.28,0.303389118419427,0.0920449571753172
50.283,0.298,11.92,0.0820351544329818,0.00672976656284318
50.302,0.569,22.76,0.285759054337495,0.0816582371358593
50.302,0.66,26.4,0.434510224171572,0.18879913490963
50.32,0.531,21.24,0.239883291901949,0.0575439937337158
50.337,0.634,25.36,0.385478357665772,0.148593564228701
50.337,0.686,27.44,0.489778819368447,0.239883291901949
50.355,0.621,24.84,0.363078054770102,0.131825673855641
50.374,0.686,27.44,0.489778819368447,0.239883291901949
50.374,0.712,28.48,0.552077439280758,0.304789498962799
50.391,0.673,26.92,0.46131757456038,0.212813904598272
50.413,0.699,27.96,0.519995996533516,0.270395836410885
50.413,0.699,27.96,0.519995996533516,0.270395836410885
50.431,0.699,27.96,0.519995996533516,0.270395836410885
50.431,0.699,27.96,0.519995996533516,0.270395836410885
50.448,0.66,26.4,0.434510224171572,0.18879913490963
50.465,0.699,27.96,0.519995996533516,0.270395836410885
50.465,0.673,26.92,0.46131757456038,0.212813904598272
50.482,0.595,23.8,0.322106879128344,0.103752841581801
50.5,0.686,27.44,0.489778819368447,0.239883291901949
50.518,0.621,24.84,0.363078054770102,0.131825673855641
50.518,0.479,19.16,0.188799134909629,0.0356451133426244
50.536,0.634,25.36,0.385478357665772,0.148593564228701
50.536,0.518,20.72,0.225943577022098,0.0510504999975407
50.555,0.168,6.72,0.0450816704541461,0.00203235701093622
50.572,0.544,21.76,0.254683025258504,0.064863443354824
50.572,0.388,15.52,0.124165230759241,0.0154170045294956
50.589,0.466,18.64,0.177827941003892,0.0316227766016838
50.608,0.336,13.44,0.0977237220955811,0.00954992586021437
50.608,0.401,16.04,0.131825673855641,0.0173780082874938
50.626,0.595,23.8,0.322106879128344,0.103752841581801
50.644,0.324,12.96,0.0924698173938223,0.00855066712884685
50.644,0.569,22.76,0.285759054337495,0.0816582371358593
50.662,0.246,9.84,0.0645654229034656,0.00416869383470336
50.68,0.544,21.76,0.254683025258504,0.064863443354824
50.68,0.647,25.88,0.409260659730011,0.167494287602644
50.697,0.505,20.2,0.212813904598271,0.0452897579903621
50.716,0.634,25.36,0.385478357665772,0.148593564228701
50.716,0.686,27.44,0.489778819368447,0.239883291901949
50.734,0.621,24.84,0.363078054770102,0.131825673855641
50.751,0.686,27.44,0.489778819368447,0.239883291901949
50.751,0.699,27.96,0.519995996533516,0.270395836410885
50.769,0.673,26.92,0.46131757456038,0.212813904598272
50.788,0.699,27.96,0.519995996533516,0.270395836410885
50.788,0.699,27.96,0.519995996533516,0.270395836410885
50.806,0.699,27.96,0.519995996533516,0.270395836410885
50.823,0.699,27.96,0.519995996533516,0.270395836410885
50.823,0.673,26.92,0.46131757456038,0.212813904598272
50.841,0.712,28.48,0.552077439280758,0.304789498962799
50.858,0.686,27.44,0.489778819368447,0.239883291901949
50.858,0.608,24.32,0.341979442513709,0.116949939101987
50.875,0.686,27.44,0.489778819368447,0.239883291901949
50.893,0.621,24.84,0.363078054770102,0.131825673855641
50.91,0.492,19.68,0.200447202736516,0.040179081084894
50.91,0.647,25.88,0.409260659730011,0.167494287602644
50.928,0.531,21.24,0.239883291901949,0.0575439937337158
50.946,0.168,6.72,0.0450816704541461,0.00203235701093622
50.947,0.556,22.24,0.269153480392692,0.0724435960074991
50.965,0.298,11.92,0.0820351544329818,0.00672976656284318
50.965,0.44,17.6,0.157761126969935,0.0248885731828239
50.983,0.388,15.52,0.124165230759241,0.0154170045294956
51,0.388,15.52,0.124165230759241,0.0154170045294956
51.001,0.595,23.8,0.322106879128344,0.103752841581801
51.017,0.298,11.92,0.0820351544329818,0.00672976656284318
51.036,0.556,22.24,0.269153480392692,0.0724435960074991
51.053,0.194,7.76,0.0508159442560561,0.0025822601906346
51.053,0.531,21.24,0.239883291901949,0.0575439937337158
51.071,0.634,25.36,0.385478357665772,0.148593564228701
51.089,0.492,19.68,0.200447202736516,0.040179081084894
51.089,0.634,25.36,0.385478357665772,0.148593564228701
51.106,0.686,27.44,0.489778819368447,0.239883291901949
51.123,0.608,24.32,0.341979442513709,0.116949939101987
51.123,0.673,26.92,0.46131757456038,0.212813904598272
51.141,0.699,27.96,0.519995996533516,0.270395836410885
51.159,0.66,26.4,0.434510224171572,0.18879913490963
51.159,0.699,27.96,0.519995996533516,0.270395836410885
51.176,0.712,28.48,0.552077439280758,0.304789498962799
51.194,0.699,27.96,0.519995996533516,0.270395836410885
51.194,0.699,27.96,0.519995996533516,0.270395836410885
51.211,0.66,26.4,0.434510224171572,0.18879913490963
51.23,0.699,27.96,0.519995996533516,0.270395836410885
51.23,0.686,27.44,0.489778819368447,0.239883291901949
51.247,0.608,24.32,0.341979442513709,0.116949939101987
51.264,0.699,27.96,0.519995996533516,0.270395836410885
51.264,0.634,25.36,0.385478357665772,0.148593564228701
51.282,0.518,20.72,0.225943577022098,0.0510504999975407
51.3,0.647,25.88,0.409260659730011,0.167494287602644
51.3,0.544,21.76,0.254683025258504,0.064863443354824
51.318,0.233,9.32,0.0608135001278718,0.00369828179780267
51.336,0.569,22.76,0.285759054337495,0.0816582371358593
51.336,0.349,13.96,0.103752841581801,0.0107646521362984
51.354,0.414,16.56,0.139958732257262,0.0195884467350599
51.372,0.427,17.08,0.148593564228701,0.022080047330189
51.372,0.324,12.96,0.0924698173938223,0.00855066712884685
51.391,0.569,22.76,0.285759054337495,0.0816582371358593
51.409,0.22,8.8,0.057279603098583,0.00328095293113119
51.409,0.544,21.76,0.254683025258504,0.064863443354824
51.428,0.647,25.88,0.409260659730011,0.167494287602644
51.446,0.505,20.2,0.212813904598271,0.0452897579903621
51.446,0.634,25.36,0.385478357665772,0.148593564228701
51.466,0.466,18.64,0.177827941003892,0.0316227766016838
51.466,0.608,24.32,0.341979442513709,0.116949939101987
51.485,0.686,27.44,0.489778819368447,0.239883291901949
51.505,0.595,23.8,0.322106879128344,0.103752841581801
51.505,0.673,26.92,0.46131757456038,0.212813904598272
51.524,0.712,28.48,0.552077439280758,0.304789498962799
51.524,0.673,26.92,0.46131757456038,0.212813904598272
51.544,0.699,27.96,0.519995996533516,0.270395836410885
51.563,0.699,27.96,0.519995996533516,0.270395836410885
51.563,0.699,27.96,0.519995996533516,0.270395836410885
51.583,0.686,27.44,0.489778819368447,0.239883291901949
51.605,0.686,27.44,0.489778819368447,0.239883291901949
51.605,0.699,27.96,0.519995996533516,0.270395836410885
51.627,0.686,27.44,0.489778819368447,0.239883291901949
51.627,0.621,24.84,0.363078054770102,0.131825673855641
51.647,0.699,27.96,0.519995996533516,0.270395836410885
51.647,0.634,25.36,0.385478357665772,0.148593564228701
51.668,0.531,21.24,0.239883291901949,0.0575439937337158
51.668,0.66,26.4,0.434510224171572,0.18879913490963
51.687,0.556,22.24,0.269153480392692,0.0724435960074991
51.706,0.311,12.44,0.0870963589956081,0.00758577575029184
51.706,0.595,23.8,0.322106879128344,0.103752841581801
51.73,0.388,15.52,0.124165230759241,0.0154170045294956
51.73,0.375,15,0.116949939101987,0.0136772882559585
51.751,0.44,17.6,0.157761126969935,0.0248885731828239
51.751,0.285,11.4,0.0772680585095703,0.00597035286583838
51.771,0.556,22.24,0.269153480392692,0.0724435960074991
51.793,0.194,7.76,0.0508159442560561,0.0025822601906346
51.793,0.518,20.72,0.225943577022098,0.0510504999975407
51.812,0.634,25.36,0.385478357665772,0.148593564228701
51.812,0.492,19.68,0.200447202736516,0.040179081084894
51.833,0.608,24.32,0.341979442513709,0.116949939101987
51.853,0.44,17.6,0.157761126969935,0.0248885731828239
51.854,0.595,23.8,0.322106879128344,0.103752841581801
51.874,0.673,26.92,0.46131757456038,0.212813904598272
51.874,0.582,23.28,0.303389118419427,0.0920449571753172
51.894,0.66,26.4,0.434510224171572,0.18879913490963
51.894,0.712,28.48,0.552077439280758,0.304789498962799
51.914,0.66,26.4,0.434510224171572,0.18879913490963
51.934,0.699,27.96,0.519995996533516,0.270395836410885
51.934,0.699,27.96,0.519995996533516,0.270395836410885
51.952,0.686,27.44,0.489778819368447,0.239883291901949
51.97,0.699,27.96,0.519995996533516,0.270395836410885
51.97,0.673,26.92,0.46131757456038,0.212813904598272
51.987,0.712,28.48,0.552077439280758,0.304789498962799
52.005,0.686,27.44,0.489778819368447,0.239883291901949
52.005,0.634,25.36,0.385478357665772,0.148593564228701
52.022,0.699,27.96,0.519995996533516,0.270395836410885
52.042,0.647,25.88,0.409260659730011,0.167494287602644
52.042,0.556,22.24,0.269153480392692,0.0724435960074991
52.06,0.66,26.4,0.434510224171572,0.18879913490963
52.06,0.582,23.28,0.303389118419427,0.0920449571753172
52.078,0.336,13.44,0.0977237220955811,0.00954992586021437
52.095,0.608,24.32,0.341979442513709,0.116949939101987
52.112,0.427,17.08,0.148593564228701,0.022080047330189
52.112,0.336,13.44,0.0977237220955811,0.00954992586021437
52.13,0.479,19.16,0.188799134909629,0.0356451133426244
52.148,0.207,8.28,0.0539510622515128,0.00291071711806661
52.148,0.531,21.24,0.239883291901949,0.0575439937337158
52.166,0.168,6.72,0.0450816704541461,0.00203235701093622
52.183,0.505,20.2,0.212813904598271,0.0452897579903621
52.183,0.634,25.36,0.385478357665772,0.148593564228701
52.202,0.466,18.64,0.177827941003892,0.0316227766016838
52.219,0.608,24.32,0.341979442513709,0.116949939101987
52.219,0.401,16.04,0.131825673855641,0.0173780082874938
52.237,0.595,23.8,0.322106879128344,0.103752841581801
52.255,0.673,26.92,0.46131757456038,0.212813904598272
52.255,0.569,22.76,0.285759054337495,0.0816582371358593
52.273,0.66,26.4,0.434510224171572,0.18879913490963
52.29,0.699,27.96,0.519995996533516,0.270395836410885
52.291,0.647,25.88,0.409260659730011,0.167494287602644
52.308,0.686,27.44,0.489778819368447,0.239883291901949
52.325,0.712,28.48,0.552077439280758,0.304789498962799
52.326,0.699,27.96,0.519995996533516,0.270395836410885
52.343,0.699,27.96,0.519995996533516,0.270395836410885
52.361,0.673,26.92,0.46131757456038,0.212813904598272
52.361,0.699,27.96,0.519995996533516,0.270395836410885
52.378,0.686,27.44,0.489778819368447,0.239883291901949
52.395,0.647,25.88,0.409260659730011,0.167494287602644
52.395,0.699,27.96,0.519995996533516,0.270395836410885
52.414,0.647,25.88,0.409260659730011,0.167494287602644
52.434,0.582,23.28,0.303389118419427,0.0920449571753172
52.434,0.66,26.4,0.434510224171572,0.18879913490963
52.451,0.582,23.28,0.303389118419427,0.0920449571753172
52.468,0.401,16.04,0.131825673855641,0.0173780082874938
52.468,0.608,24.32,0.341979442513709,0.116949939101987
52.487,0.453,18.12,0.167494287602644,0.0280543363795172
52.505,0.414,16.56,0.139958732257262,0.0195884467350599
52.505,0.505,20.2,0.212813904598271,0.0452897579903621
52.523,0.168,6.72,0.0450816704541461,0.00203235701093622
52.541,0.518,20.72,0.225943577022098,0.0510504999975407
52.541,0.194,7.76,0.0508159442560561,0.0025822601906346
52.558,0.479,19.16,0.188799134909629,0.0356451133426244
52.576,0.621,24.84,0.363078054770102,0.131825673855641
52.576,0.44,17.6,0.157761126969935,0.0248885731828239
52.595,0.608,24.32,0.341979442513709,0.116949939101987
52.613,0.479,19.16,0.188799134909629,0.0356451133426244
52.613,0.582,23.28,0.303389118419427,0.0920449571753172
52.632,0.66,26.4,0.434510224171572,0.18879913490963
52.632,0.569,22.76,0.285759054337495,0.0816582371358593
52.651,0.66,26.4,0.434510224171572,0.18879913490963
52.669,0.699,27.96,0.519995996533516,0.270395836410885
52.669,0.634,25.36,0.385478357665772,0.148593564228701
52.687,0.686,27.44,0.489778819368447,0.239883291901949
52.705,0.699,27.96,0.519995996533516,0.270395836410885
52.705,0.686,27.44,0.489778819368447,0.239883291901949
52.725,0.699,27.96,0.519995996533516,0.270395836410885
52.744,0.686,27.44,0.489778819368447,0.239883291901949
52.744,0.699,27.96,0.519995996533516,0.270395836410885
52.761,0.699,27.96,0.519995996533516,0.270395836410885
52.779,0.647,25.88,0.409260659730011,0.167494287602644
52.779,0.699,27.96,0.519995996533516,0.270395836410885
52.798,0.673,26.92,0.46131757456038,0.212813904598272
52.814,0.569,22.76,0.285759054337495,0.0816582371358593
52.814,0.673,26.92,0.46131757456038,0.212813904598272
52.834,0.608,24.32,0.341979442513709,0.116949939101987
52.852,0.414,16.56,0.139958732257262,0.0195884467350599
52.852,0.621,24.84,0.363078054770102,0.131825673855641
52.87,0.466,18.64,0.177827941003892,0.0316227766016838
52.887,0.233,9.32,0.0608135001278718,0.00369828179780267
52.887,0.518,20.72,0.225943577022098,0.0510504999975407
52.905,0.272,10.88,0.0727779804536825,0.00529663443891659
52.924,0.505,20.2,0.212813904598271,0.0452897579903621
52.924,0.233,9.32,0.0608135001278718,0.00369828179780267
52.942,0.453,18.12,0.167494287602644,0.0280543363795172
52.942,0.608,24.32,0.341979442513709,0.116949939101987
52.96,0.414,16.56,0.139958732257262,0.0195884467350599
52.978,0.595,23.8,0.322106879128344,0.103752841581801
52.978,0.349,13.96,0.103752841581801,0.0107646521362984
52.999,0.569,22.76,0.285759054337495,0.0816582371358593
53.018,0.66,26.4,0.434510224171572,0.18879913490963
53.018,0.544,21.76,0.254683025258504,0.064863443354824
53.036,0.647,25.88,0.409260659730011,0.167494287602644
53.054,0.699,27.96,0.519995996533516,0.270395836410885
53.054,0.634,25.36,0.385478357665772,0.148593564228701
53.073,0.686,27.44,0.489778819368447,0.239883291901949
53.073,0.699,27.96,0.519995996533516,0.270395836410885
53.091,0.686,27.44,0.489778819368447,0.239883291901949
53.11,0.699,27.96,0.519995996533516,0.270395836410885
53.11,0.699,27.96,0.519995996533516,0.270395836410885
53.128,0.699,27.96,0.519995996533516,0.270395836410885
53.146,0.699,27.96,0.519995996533516,0.270395836410885
53.146,0.66,26.4,0.434510224171572,0.18879913490963
53.164,0.699,27.96,0.519995996533516,0.270395836410885
53.181,0.66,26.4,0.434510224171572,0.18879913490963
53.181,0.582,23.28,0.303389118419427,0.0920449571753172
53.198,0.686,27.44,0.489778819368447,0.239883291901949
53.218,0.595,23.8,0.322106879128344,0.103752841581801
53.218,0.466,18.64,0.177827941003892,0.0316227766016838
53.235,0.621,24.84,0.363078054770102,0.131825673855641
53.255,0.505,20.2,0.212813904598271,0.0452897579903621
53.255,0.155,6.2,0.0424619563946313,0.00180301774085957
53.272,0.569,22.76,0.285759054337495,0.0816582371358593
53.29,0.207,8.28,0.0539510622515128,0.00291071711806661
53.29,0.492,19.68,0.200447202736516,0.040179081084894
53.307,0.298,11.92,0.0820351544329818,0.00672976656284318
53.325,0.44,17.6,0.157761126969935,0.0248885731828239
53.325,0.608,24.32,0.341979442513709,0.116949939101987
53.344,0.492,19.68,0.200447202736516,0.040179081084894
53.362,0.582,23.28,0.303389118419427,0.0920449571753172
53.362,0.285,11.4,0.0772680585095703,0.00597035286583838
53.379,0.556,22.24,0.269153480392692,0.0724435960074991
53.398,0.66,26.4,0.434510224171572,0.18879913490963
53.398,0.518,20.72,0.225943577022098,0.0510504999975407
53.417,0.647,25.88,0.409260659730011,0.167494287602644
53.435,0.686,27.44,0.489778819368447,0.239883291901949
53.435,0.621,24.84,0.363078054770102,0.131825673855641
53.454,0.686,27.44,0.489778819368447,0.239883291901949
53.454,0.712,28.48,0.552077439280758,0.304789498962799
53.472,0.673,26.92,0.46131757456038,0.212813904598272
53.491,0.699,27.96,0.519995996533516,0.270395836410885
53.491,0.699,27.96,0.519995996533516,0.270395836410885
53.508,0.699,27.96,0.519995996533516,0.270395836410885
53.527,0.699,27.96,0.519995996533516,0.270395836410885
53.527,0.66,26.4,0.434510224171572,0.18879913490963
53.546,0.712,28.48,0.552077439280758,0.304789498962799
53.564,0.673,26.92,0.46131757456038,0.212813904598272
53.564,0.595,23.8,0.322106879128344,0.103752841581801
53.584,0.686,27.44,0.489778819368447,0.239883291901949
53.602,0.608,24.32,0.341979442513709,0.116949939101987
53.602,0.466,18.64,0.177827941003892,0.0316227766016838
53.62,0.634,25.36,0.385478357665772,0.148593564228701
53.637,0.505,20.2,0.212813904598271,0.0452897579903621
53.638,0.155,6.2,0.0424619563946313,0.00180301774085957
53.655,0.569,22.76,0.285759054337495,0.0816582371358593
53.674,0.246,9.84,0.0645654229034656,0.00416869383470336
53.674,0.453,18.12,0.167494287602644,0.0280543363795172
53.692,0.349,13.96,0.103752841581801,0.0107646521362984
53.71,0.401,16.04,0.131825673855641,0.0173780082874938
53.71,0.582,23.28,0.303389118419427,0.0920449571753172
53.727,0.336,13.44,0.0977237220955811,0.00954992586021437
53.745,0.569,22.76,0.285759054337495,0.0816582371358593
53.745,0.324,12.96,0.0924698173938223,0.00855066712884685
53.763,0.544,21.76,0.254683025258504,0.064863443354824
53.78,0.647,25.88,0.409260659730011,0.167494287602644
53.78,0.505,20.2,0.212813904598271,0.0452897579903621
53.798,0.634,25.36,0.385478357665772,0.148593564228701
53.816,0.686,27.44,0.489778819368447,0.239883291901949
53.816,0.621,24.84,0.363078054770102,0.131825673855641
53.833,0.673,26.92,0.46131757456038,0.212813904598272
53.852,0.699,27.96,0.519995996533516,0.270395836410885
53.852,0.673,26.92,0.46131757456038,0.212813904598272
53.868,0.686,27.44,0.489778819368447,0.239883291901949
53.886,0.699,27.96,0.519995996533516,0.270395836410885
53.886,0.699,27.96,0.519995996533516,0.270395836410885
53.904,0.699,27.96,0.519995996533516,0.270395836410885
53.922,0.686,27.44,0.489778819368447,0.239883291901949
53.922,0.699,27.96,0.519995996533516,0.270395836410885
53.94,0.686,27.44,0.489778819368447,0.239883291901949
53.957,0.621,24.84,0.363078054770102,0.131825673855641
53.957,0.686,27.44,0.489778819368447,0.239883291901949
53.975,0.634,25.36,0.385478357665772,0.148593564228701
53.993,0.492,19.68,0.200447202736516,0.040179081084894
53.993,0.647,25.88,0.409260659730011,0.167494287602644
54.011,0.531,21.24,0.239883291901949,0.0575439937337158
54.029,0.181,7.24,0.0478630092322639,0.00229086765276777
54.029,0.569,22.76,0.285759054337495,0.0816582371358593
54.049,0.311,12.44,0.0870963589956081,0.00758577575029184
54.067,0.44,17.6,0.157761126969935,0.0248885731828239
54.067,0.388,15.52,0.124165230759241,0.0154170045294956
54.085,0.362,14.48,0.110153930954142,0.0121338885046498
54.085,0.582,23.28,0.303389118419427,0.0920449571753172
54.104,0.259,10.36,0.0685488226452662,0.00469894108605216
54.121,0.544,21.76,0.254683025258504,0.064863443354824
54.122,0.155,6.2,0.0424619563946313,0.00180301774085957
54.14,0.531,21.24,0.239883291901949,0.0575439937337158
54.158,0.634,25.36,0.385478357665772,0.148593564228701
54.159,0.479,19.16,0.188799134909629,0.0356451133426244
54.177,0.621,24.84,0.363078054770102,0.131825673855641
54.194,0.673,26.92,0.46131757456038,0.212813904598272
54.194,0.608,24.32,0.341979442513709,0.116949939101987
54.211,0.673,26.92,0.46131757456038,0.212813904598272
54.23,0.712,28.48,0.552077439280758,0.304789498962799
54.23,0.673,26.92,0.46131757456038,0.212813904598272
54.248,0.699,27.96,0.519995996533516,0.270395836410885
54.266,0.699,27.96,0.519995996533516,0.270395836410885
54.266,0.686,27.44,0.489778819368447,0.239883291901949
54.284,0.699,27.96,0.519995996533516,0.270395836410885
54.301,0.673,26.92,0.46131757456038,0.212813904598272
54.301,0.699,27.96,0.519995996533516,0.270395836410885
54.319,0.673,26.92,0.46131757456038,0.212813904598272
54.336,0.621,24.84,0.363078054770102,0.131825673855641
54.336,0.699,27.96,0.519995996533516,0.270395836410885
54.354,0.634,25.36,0.385478357665772,0.148593564228701
54.371,0.582,23.28,0.303389118419427,0.0920449571753172
54.371,0.647,25.88,0.409260659730011,0.167494287602644
54.389,0.531,21.24,0.239883291901949,0.0575439937337158
54.408,0.272,10.88,0.0727779804536825,0.00529663443891659
54.408,0.569,22.76,0.285759054337495,0.0816582371358593
54.426,0.336,13.44,0.0977237220955811,0.00954992586021437
54.443,0.401,16.04,0.131825673855641,0.0173780082874938
54.443,0.414,16.56,0.139958732257262,0.0195884467350599
54.462,0.311,12.44,0.0870963589956081,0.00758577575029184
54.479,0.582,23.28,0.303389118419427,0.0920449571753172
54.479,0.207,8.28,0.0539510622515128,0.00291071711806661
54.497,0.531,21.24,0.239883291901949,0.0575439937337158
54.515,0.647,25.88,0.409260659730011,0.167494287602644
54.515,0.505,20.2,0.212813904598271,0.0452897579903621
54.532,0.634,25.36,0.385478357665772,0.148593564228701
54.549,0.453,18.12,0.167494287602644,0.0280543363795172
54.55,0.621,24.84,0.363078054770102,0.131825673855641
54.567,0.673,26.92,0.46131757456038,0.212813904598272
54.585,0.595,23.8,0.322106879128344,0.103752841581801
54.602,0.673,26.92,0.46131757456038,0.212813904598272
54.602,0.699,27.96,0.519995996533516,0.270395836410885
54.62,0.66,26.4,0.434510224171572,0.18879913490963
54.638,0.699,27.96,0.519995996533516,0.270395836410885
54.639,0.699,27.96,0.519995996533516,0.270395836410885
54.657,0.699,27.96,0.519995996533516,0.270395836410885
54.657,0.699,27.96,0.519995996533516,0.270395836410885
54.675,0.686,27.44,0.489778819368447,0.239883291901949
54.695,0.699,27.96,0.519995996533516,0.270395836410885
54.695,0.673,26.92,0.46131757456038,0.212813904598272
54.715,0.634,25.36,0.385478357665772,0.148593564228701
54.735,0.699,27.96,0.519995996533516,0.270395836410885
54.735,0.66,26.4,0.434510224171572,0.18879913490963
54.756,0.531,21.24,0.239883291901949,0.0575439937337158
54.756,0.66,26.4,0.434510224171572,0.18879913490963
54.778,0.569,22.76,0.285759054337495,0.0816582371358593
54.778,0.298,11.92,0.0820351544329818,0.00672976656284318
54.799,0.595,23.8,0.322106879128344,0.103752841581801
54.817,0.401,16.04,0.131825673855641,0.0173780082874938
54.817,0.362,14.48,0.110153930954142,0.0121338885046498
54.835,0.466,18.64,0.177827941003892,0.0316227766016838
54.853,0.272,10.88,0.0727779804536825,0.00529663443891659
54.853,0.556,22.24,0.269153480392692,0.0724435960074991
54.871,0.155,6.2,0.0424619563946313,0.00180301774085957
54.871,0.544,21.76,0.254683025258504,0.064863443354824
54.889,0.634,25.36,0.385478357665772,0.148593564228701
54.907,0.492,19.68,0.200447202736516,0.040179081084894
54.907,0.634,25.36,0.385478357665772,0.148593564228701
54.926,0.44,17.6,0.157761126969935,0.0248885731828239
54.947,0.608,24.32,0.341979442513709,0.116949939101987
54.947,0.673,26.92,0.46131757456038,0.212813904598272
54.967,0.582,23.28,0.303389118419427,0.0920449571753172
54.967,0.673,26.92,0.46131757456038,0.212813904598272
54.988,0.699,27.96,0.519995996533516,0.270395836410885
55.007,0.647,25.88,0.409260659730011,0.167494287602644
55.007,0.699,27.96,0.519995996533516,0.270395836410885
55.026,0.699,27.96,0.519995996533516,0.270395836410885
55.026,0.686,27.44,0.489778819368447,0.239883291901949
55.046,0.699,27.96,0.519995996533516,0.270395836410885
55.065,0.673,26.92,0.46131757456038,0.212813904598272
55.065,0.699,27.96,0.519995996533516,0.270395836410885
55.085,0.686,27.44,0.489778819368447,0.239883291901949
55.104,0.647,25.88,0.409260659730011,0.167494287602644
55.104,0.699,27.96,0.519995996533516,0.270395836410885
55.122,0.647,25.88,0.409260659730011,0.167494287602644
55.122,0.544,21.76,0.254683025258504,0.064863443354824
55.14,0.66,26.4,0.434510224171572,0.18879913490963
55.158,0.569,22.76,0.285759054337495,0.0816582371358593
55.158,0.349,13.96,0.103752841581801,0.0107646521362984
55.175,0.595,23.8,0.322106879128344,0.103752841581801
55.193,0.505,20.2,0.212813904598271,0.0452897579903621
55.193,0.311,12.44,0.0870963589956081,0.00758577575029184
55.212,0.466,18.64,0.177827941003892,0.0316227766016838
55.229,0.194,7.76,0.0508159442560561,0.0025822601906346
55.229,0.531,21.24,0.239883291901949,0.0575439937337158
55.246,0.168,6.72,0.0450816704541461,0.00203235701093622
55.265,0.492,19.68,0.200447202736516,0.040179081084894
55.265,0.634,25.36,0.385478357665772,0.148593564228701
55.283,0.44,17.6,0.157761126969935,0.0248885731828239
55.3,0.608,24.32,0.341979442513709,0.116949939101987
55.3,0.388,15.52,0.124165230759241,0.0154170045294956
55.319,0.595,23.8,0.322106879128344,0.103752841581801
55.338,0.673,26.92,0.46131757456038,0.212813904598272
55.338,0.556,22.24,0.269153480392692,0.0724435960074991
55.356,0.66,26.4,0.434510224171572,0.18879913490963
55.376,0.699,27.96,0.519995996533516,0.270395836410885
55.376,0.647,25.88,0.409260659730011,0.167494287602644
55.396,0.699,27.96,0.519995996533516,0.270395836410885
55.396,0.699,27.96,0.519995996533516,0.270395836410885
55.414,0.686,27.44,0.489778819368447,0.239883291901949
55.433,0.712,28.48,0.552077439280758,0.304789498962799
55.433,0.686,27.44,0.489778819368447,0.239883291901949
55.451,0.699,27.96,0.519995996533516,0.270395836410885
55.473,0.699,27.96,0.519995996533516,0.270395836410885
55.473,0.634,25.36,0.385478357665772,0.148593564228701
55.493,0.699,27.96,0.519995996533516,0.270395836410885
55.493,0.66,26.4,0.434510224171572,0.18879913490963
55.51,0.569,22.76,0.285759054337495,0.0816582371358593
55.528,0.673,26.92,0.46131757456038,0.212813904598272
55.528,0.595,23.8,0.322106879128344,0.103752841581801
55.546,0.414,16.56,0.139958732257262,0.0195884467350599
55.564,0.608,24.32,0.341979442513709,0.116949939101987
55.564,0.453,18.12,0.167494287602644,0.0280543363795172
55.581,0.259,10.36,0.0685488226452662,0.00469894108605216
55.599,0.505,20.2,0.212813904598271,0.0452897579903621
55.6,0.285,11.4,0.0772680585095703,0.00597035286583838
55.617,0.518,20.72,0.225943577022098,0.0510504999975407
55.635,0.194,7.76,0.0508159442560561,0.0025822601906346
55.635,0.492,19.68,0.200447202736516,0.040179081084894
55.653,0.621,24.84,0.363078054770102,0.131825673855641
55.671,0.453,18.12,0.167494287602644,0.0280543363795172
55.672,0.595,23.8,0.322106879128344,0.103752841581801
55.689,0.362,14.48,0.110153930954142,0.0121338885046498
55.707,0.582,23.28,0.303389118419427,0.0920449571753172
55.707,0.673,26.92,0.46131757456038,0.212813904598272
55.726,0.544,21.76,0.254683025258504,0.064863443354824
55.743,0.66,26.4,0.434510224171572,0.18879913490963
55.743,0.686,27.44,0.489778819368447,0.239883291901949
55.762,0.634,25.36,0.385478357665772,0.148593564228701
55.781,0.686,27.44,0.489778819368447,0.239883291901949
55.781,0.712,28.48,0.552077439280758,0.304789498962799
55.799,0.673,26.92,0.46131757456038,0.212813904598272
55.818,0.699,27.96,0.519995996533516,0.270395836410885
55.818,0.699,27.96,0.519995996533516,0.270395836410885
55.835,0.686,27.44,0.489778819368447,0.239883291901949
55.854,0.699,27.96,0.519995996533516,0.270395836410885
55.854,0.66,26.4,0.434510224171572,0.18879913490963
55.873,0.699,27.96,0.519995996533516,0.270395836410885
55.873,0.66,26.4,0.434510224171572,0.18879913490963
55.89,0.582,23.28,0.303389118419427,0.0920449571753172
55.907,0.673,26.92,0.46131757456038,0.212813904598272
55.907,0.608,24.32,0.341979442513709,0.116949939101987
55.926,0.44,17.6,0.157761126969935,0.0248885731828239
55.944,0.621,24.84,0.363078054770102,0.131825673855641
55.944,0.479,19.16,0.188799134909629,0.0356451133426244
55.962,0.207,8.28,0.0539510622515128,0.00291071711806661
55.981,0.518,20.72,0.225943577022098,0.0510504999975407
55.981,0.194,7.76,0.0508159442560561,0.0025822601906346
55.999,0.492,19.68,0.200447202736516,0.040179081084894
56.017,0.479,19.16,0.188799134909629,0.0356451133426244
56.017,0.453,18.12,0.167494287602644,0.0280543363795172
56.035,0.621,24.84,0.363078054770102,0.131825673855641
56.054,0.388,15.52,0.124165230759241,0.0154170045294956
56.054,0.595,23.8,0.322106879128344,0.103752841581801
56.073,0.298,11.92,0.0820351544329818,0.00672976656284318
56.091,0.569,22.76,0.285759054337495,0.0816582371358593
56.092,0.66,26.4,0.434510224171572,0.18879913490963
56.11,0.544,21.76,0.254683025258504,0.064863443354824
56.127,0.647,25.88,0.409260659730011,0.167494287602644
56.127,0.699,27.96,0.519995996533516,0.270395836410885
56.145,0.634,25.36,0.385478357665772,0.148593564228701
56.163,0.686,27.44,0.489778819368447,0.239883291901949
56.163,0.699,27.96,0.519995996533516,0.270395836410885
56.182,0.686,27.44,0.489778819368447,0.239883291901949
56.182,0.699,27.96,0.519995996533516,0.270395836410885
56.2,0.699,27.96,0.519995996533516,0.270395836410885
56.217,0.712,28.48,0.552077439280758,0.304789498962799
56.217,0.712,28.48,0.552077439280758,0.304789498962799
56.235,0.66,26.4,0.434510224171572,0.18879913490963
56.253,0.699,27.96,0.519995996533516,0.270395836410885
56.253,0.673,26.92,0.46131757456038,0.212813904598272
56.271,0.582,23.28,0.303389118419427,0.0920449571753172
56.29,0.673,26.92,0.46131757456038,0.212813904598272
56.29,0.621,24.84,0.363078054770102,0.131825673855641
56.307,0.453,18.12,0.167494287602644,0.0280543363795172
56.326,0.621,24.84,0.363078054770102,0.131825673855641
56.326,0.505,20.2,0.212813904598271,0.0452897579903621
56.344,0.168,6.72,0.0450816704541461,0.00203235701093622
56.362,0.531,21.24,0.239883291901949,0.0575439937337158
56.362,0.194,7.76,0.0508159442560561,0.0025822601906346
56.38,0.479,19.16,0.188799134909629,0.0356451133426244
56.399,0.311,12.44,0.0870963589956081,0.00758577575029184
56.399,0.427,17.08,0.148593564228701,0.022080047330189
56.418,0.595,23.8,0.322106879128344,0.103752841581801
56.435,0.362,14.48,0.110153930954142,0.0121338885046498
56.435,0.569,22.76,0.285759054337495,0.0816582371358593
56.452,0.259,10.36,0.0685488226452662,0.00469894108605216
56.472,0.544,21.76,0.254683025258504,0.064863443354824
56.472,0.647,25.88,0.409260659730011,0.167494287602644
56.49,0.518,20.72,0.225943577022098,0.0510504999975407
56.49,0.634,25.36,0.385478357665772,0.148593564228701
56.509,0.686,27.44,0.489778819368447,0.239883291901949
56.527,0.621,24.84,0.363078054770102,0.131825673855641
56.527,0.712,28.48,0.552077439280758,0.304789498962799
56.546,0.712,28.48,0.552077439280758,0.304789498962799
56.564,0.686,27.44,0.489778819368447,0.239883291901949
56.564,0.699,27.96,0.519995996533516,0.270395836410885
56.581,0.686,27.44,0.489778819368447,0.239883291901949
56.599,0.699,27.96,0.519995996533516,0.270395836410885
56.599,0.699,27.96,0.519995996533516,0.270395836410885
56.617,0.673,26.92,0.46131757456038,0.212813904598272
56.635,0.699,27.96,0.519995996533516,0.270395836410885
56.635,0.673,26.92,0.46131757456038,0.212813904598272
56.652,0.608,24.32,0.341979442513709,0.116949939101987
56.67,0.686,27.44,0.489778819368447,0.239883291901949
56.67,0.621,24.84,0.363078054770102,0.131825673855641
56.688,0.492,19.68,0.200447202736516,0.040179081084894
56.705,0.634,25.36,0.385478357665772,0.148593564228701
56.705,0.531,21.24,0.239883291901949,0.0575439937337158
56.723,0.362,14.48,0.110153930954142,0.0121338885046498
56.741,0.544,21.76,0.254683025258504,0.064863443354824
56.742,0.272,10.88,0.0727779804536825,0.00529663443891659
56.76,0.453,18.12,0.167494287602644,0.0280543363795172
56.777,0.375,15,0.116949939101987,0.0136772882559585
56.777,0.401,16.04,0.131825673855641,0.0173780082874938
56.797,0.595,23.8,0.322106879128344,0.103752841581801
56.814,0.311,12.44,0.0870963589956081,0.00758577575029184
56.814,0.569,22.76,0.285759054337495,0.0816582371358593
56.832,0.194,7.76,0.0508159442560561,0.0025822601906346
56.851,0.544,21.76,0.254683025258504,0.064863443354824
56.851,0.647,25.88,0.409260659730011,0.167494287602644
56.868,0.505,20.2,0.212813904598271,0.0452897579903621
56.886,0.634,25.36,0.385478357665772,0.148593564228701
56.886,0.673,26.92,0.46131757456038,0.212813904598272
56.905,0.621,24.84,0.363078054770102,0.131825673855641
56.923,0.673,26.92,0.46131757456038,0.212813904598272
56.923,0.712,28.48,0.552077439280758,0.304789498962799
56.942,0.673,26.92,0.46131757456038,0.212813904598272
56.959,0.699,27.96,0.519995996533516,0.270395836410885
56.959,0.699,27.96,0.519995996533516,0.270395836410885
56.977,0.699,27.96,0.519995996533516,0.270395836410885
56.995,0.699,27.96,0.519995996533516,0.270395836410885
56.995,0.673,26.92,0.46131757456038,0.212813904598272
57.013,0.699,27.96,0.519995996533516,0.270395836410885
57.031,0.673,26.92,0.46131757456038,0.212813904598272
57.031,0.608,24.32,0.341979442513709,0.116949939101987
57.049,0.686,27.44,0.489778819368447,0.239883291901949
57.067,0.634,25.36,0.385478357665772,0.148593564228701
57.067,0.492,19.68,0.200447202736516,0.040179081084894
57.087,0.647,25.88,0.409260659730011,0.167494287602644
57.087,0.544,21.76,0.254683025258504,0.064863443354824
57.105,0.207,8.28,0.0539510622515128,0.00291071711806661
57.122,0.556,22.24,0.269153480392692,0.0724435960074991
57.139,0.324,12.96,0.0924698173938223,0.00855066712884685
57.139,0.427,17.08,0.148593564228701,0.022080047330189
57.157,0.401,16.04,0.131825673855641,0.0173780082874938
57.176,0.336,13.44,0.0977237220955811,0.00954992586021437
57.176,0.582,23.28,0.303389118419427,0.0920449571753172
57.194,0.233,9.32,0.0608135001278718,0.00369828179780267
57.194,0.556,22.24,0.269153480392692,0.0724435960074991
57.213,0.168,6.72,0.0450816704541461,0.00203235701093622
57.231,0.518,20.72,0.225943577022098,0.0510504999975407
57.231,0.634,25.36,0.385478357665772,0.148593564228701
57.248,0.479,19.16,0.188799134909629,0.0356451133426244
57.267,0.621,24.84,0.363078054770102,0.131825673855641
57.267,0.686,27.44,0.489778819368447,0.239883291901949
57.285,0.595,23.8,0.322106879128344,0.103752841581801
57.303,0.673,26.92,0.46131757456038,0.212813904598272
57.303,0.699,27.96,0.519995996533516,0.270395836410885
57.321,0.66,26.4,0.434510224171572,0.18879913490963
57.339,0.712,28.48,0.552077439280758,0.304789498962799
57.339,0.699,27.96,0.519995996533516,0.270395836410885
57.358,0.686,27.44,0.489778819368447,0.239883291901949
57.375,0.699,27.96,0.519995996533516,0.270395836410885
57.375,0.673,26.92,0.46131757456038,0.212813904598272
57.393,0.699,27.96,0.519995996533516,0.270395836410885
57.411,0.686,27.44,0.489778819368447,0.239883291901949
57.411,0.621,24.84,0.363078054770102,0.131825673855641
57.428,0.699,27.96,0.519995996533516,0.270395836410885
57.447,0.647,25.88,0.409260659730011,0.167494287602644
57.447,0.531,21.24,0.239883291901949,0.0575439937337158
57.464,0.66,26.4,0.434510224171572,0.18879913490963
57.482,0.556,22.24,0.269153480392692,0.0724435960074991
57.482,0.272,10.88,0.0727779804536825,0.00529663443891659
57.502,0.582,23.28,0.303389118419427,0.0920449571753172
57.52,0.375,15,0.116949939101987,0.0136772882559585
57.52,0.401,16.04,0.131825673855641,0.0173780082874938
57.539,0.427,17.08,0.148593564228701,0.022080047330189
57.539,0.324,12.96,0.0924698173938223,0.00855066712884685
57.558,0.556,22.24,0.269153480392692,0.0724435960074991
57.575,0.207,8.28,0.0539510622515128,0.00291071711806661
57.575,0.544,21.76,0.254683025258504,0.064863443354824
57.593,0.647,25.88,0.409260659730011,0.167494287602644
57.612,0.505,20.2,0.212813904598271,0.0452897579903621
57.612,0.634,25.36,0.385478357665772,0.148593564228701
57.63,0.466,18.64,0.177827941003892,0.0316227766016838
57.65,0.608,24.32,0.341979442513709,0.116949939101987
57.65,0.66,26.4,0.434510224171572,0.18879913490963
57.667,0.582,23.28,0.303389118419427,0.0920449571753172
57.685,0.66,26.4,0.434510224171572,0.18879913490963
57.685,0.712,28.48,0.552077439280758,0.304789498962799
57.704,0.66,26.4,0.434510224171572,0.18879913490963
57.721,0.712,28.48,0.552077439280758,0.304789498962799
57.721,0.699,27.96,0.519995996533516,0.270395836410885
57.739,0.699,27.96,0.519995996533516,0.270395836410885
57.758,0.699,27.96,0.519995996533516,0.270395836410885
57.758,0.673,26.92,0.46131757456038,0.212813904598272
57.776,0.699,27.96,0.519995996533516,0.270395836410885
57.794,0.686,27.44,0.489778819368447,0.239883291901949
57.794,0.634,25.36,0.385478357665772,0.148593564228701
57.811,0.699,27.96,0.519995996533516,0.270395836410885
57.829,0.647,25.88,0.409260659730011,0.167494287602644
57.829,0.544,21.76,0.254683025258504,0.064863443354824
57.846,0.66,26.4,0.434510224171572,0.18879913490963
57.864,0.569,22.76,0.285759054337495,0.0816582371358593
57.865,0.324,12.96,0.0924698173938223,0.00855066712884685
57.882,0.595,23.8,0.322106879128344,0.103752841581801
57.901,0.401,16.04,0.131825673855641,0.0173780082874938
57.901,0.336,13.44,0.0977237220955811,0.00954992586021437
57.918,0.466,18.64,0.177827941003892,0.0316227766016838
57.936,0.233,9.32,0.0608135001278718,0.00369828179780267
57.936,0.556,22.24,0.269153480392692,0.0724435960074991
57.954,0.168,6.72,0.0450816704541461,0.00203235701093622
57.972,0.505,20.2,0.212813904598271,0.0452897579903621
57.972,0.634,25.36,0.385478357665772,0.148593564228701
57.991,0.479,19.16,0.188799134909629,0.0356451133426244
58.009,0.621,24.84,0.363078054770102,0.131825673855641
58.009,0.427,17.08,0.148593564228701,0.022080047330189
58.027,0.595,23.8,0.322106879128344,0.103752841581801
58.027,0.673,26.92,0.46131757456038,0.212813904598272
58.046,0.582,23.28,0.303389118419427,0.0920449571753172
58.065,0.66,26.4,0.434510224171572,0.18879913490963
58.065,0.712,28.48,0.552077439280758,0.304789498962799
58.082,0.647,25.88,0.409260659730011,0.167494287602644
58.1,0.699,27.96,0.519995996533516,0.270395836410885
58.1,0.699,27.96,0.519995996533516,0.270395836410885
58.119,0.699,27.96,0.519995996533516,0.270395836410885
58.138,0.699,27.96,0.519995996533516,0.270395836410885
58.138,0.673,26.92,0.46131757456038,0.212813904598272
58.156,0.699,27.96,0.519995996533516,0.270395836410885
58.174,0.686,27.44,0.489778819368447,0.239883291901949
58.174,0.647,25.88,0.409260659730011,0.167494287602644
58.191,0.699,27.96,0.519995996533516,0.270395836410885
58.21,0.66,26.4,0.434510224171572,0.18879913490963
58.21,0.556,22.24,0.269153480392692,0.0724435960074991
58.227,0.66,26.4,0.434510224171572,0.18879913490963
58.245,0.582,23.28,0.303389118419427,0.0920449571753172
58.245,0.375,15,0.116949939101987,0.0136772882559585
58.262,0.595,23.8,0.322106879128344,0.103752841581801
58.279,0.427,17.08,0.148593564228701,0.022080047330189
58.279,0.298,11.92,0.0820351544329818,0.00672976656284318
58.298,0.492,19.68,0.200447202736516,0.040179081084894
58.316,0.22,8.8,0.057279603098583,0.00328095293113119
58.316,0.518,20.72,0.225943577022098,0.0510504999975407
58.334,0.246,9.84,0.0645654229034656,0.00416869383470336
58.353,0.492,19.68,0.200447202736516,0.040179081084894
58.353,0.634,25.36,0.385478357665772,0.148593564228701
58.37,0.453,18.12,0.167494287602644,0.0280543363795172
58.388,0.621,24.84,0.363078054770102,0.131825673855641
58.388,0.401,16.04,0.131825673855641,0.0173780082874938
58.406,0.582,23.28,0.303389118419427,0.0920449571753172
58.425,0.66,26.4,0.434510224171572,0.18879913490963
58.425,0.569,22.76,0.285759054337495,0.0816582371358593
58.443,0.66,26.4,0.434510224171572,0.18879913490963
58.461,0.699,27.96,0.519995996533516,0.270395836410885
58.461,0.647,25.88,0.409260659730011,0.167494287602644
58.479,0.686,27.44,0.489778819368447,0.239883291901949
58.497,0.699,27.96,0.519995996533516,0.270395836410885
58.497,0.673,26.92,0.46131757456038,0.212813904598272
58.516,0.699,27.96,0.519995996533516,0.270395836410885
58.516,0.686,27.44,0.489778819368447,0.239883291901949
58.533,0.699,27.96,0.519995996533516,0.270395836410885
58.552,0.686,27.44,0.489778819368447,0.239883291901949
58.552,0.647,25.88,0.409260659730011,0.167494287602644
58.571,0.712,28.48,0.552077439280758,0.304789498962799
58.589,0.673,26.92,0.46131757456038,0.212813904598272
58.589,0.569,22.76,0.285759054337495,0.0816582371358593
58.608,0.673,26.92,0.46131757456038,0.212813904598272
58.626,0.595,23.8,0.322106879128344,0.103752841581801
58.626,0.401,16.04,0.131825673855641,0.0173780082874938
58.643,0.608,24.32,0.341979442513709,0.116949939101987
58.661,0.466,18.64,0.177827941003892,0.0316227766016838
58.661,0.246,9.84,0.0645654229034656,0.00416869383470336
58.679,0.505,20.2,0.212813904598271,0.0452897579903621
58.697,0.168,6.72,0.0450816704541461,0.00203235701093622
58.697,0.505,20.2,0.212813904598271,0.0452897579903621
58.716,0.246,9.84,0.0645654229034656,0.00416869383470336
58.734,0.466,18.64,0.177827941003892,0.0316227766016838
58.734,0.621,24.84,0.363078054770102,0.131825673855641
58.753,0.427,17.08,0.148593564228701,0.022080047330189
58.77,0.608,24.32,0.341979442513709,0.116949939101987
58.77,0.388,15.52,0.124165230759241,0.0154170045294956
58.788,0.582,23.28,0.303389118419427,0.0920449571753172
58.807,0.673,26.92,0.46131757456038,0.212813904598272
58.807,0.544,21.76,0.254683025258504,0.064863443354824
58.824,0.66,26.4,0.434510224171572,0.18879913490963
58.843,0.699,27.96,0.519995996533516,0.270395836410885
58.843,0.634,25.36,0.385478357665772,0.148593564228701
58.861,0.686,27.44,0.489778819368447,0.239883291901949
58.861,0.699,27.96,0.519995996533516,0.270395836410885
58.879,0.686,27.44,0.489778819368447,0.239883291901949
58.898,0.699,27.96,0.519995996533516,0.270395836410885
58.898,0.699,27.96,0.519995996533516,0.270395836410885
58.915,0.712,28.48,0.552077439280758,0.304789498962799
58.933,0.699,27.96,0.519995996533516,0.270395836410885
58.933,0.647,25.88,0.409260659730011,0.167494287602644
58.95,0.699,27.96,0.519995996533516,0.270395836410885
58.969,0.673,26.92,0.46131757456038,0.212813904598272
58.969,0.582,23.28,0.303389118419427,0.0920449571753172
58.986,0.673,26.92,0.46131757456038,0.212813904598272
59.005,0.608,24.32,0.341979442513709,0.116949939101987
59.005,0.453,18.12,0.167494287602644,0.0280543363795172
59.023,0.621,24.84,0.363078054770102,0.131825673855641
59.04,0.492,19.68,0.200447202736516,0.040179081084894
59.04,0.168,6.72,0.0450816704541461,0.00203235701093622
59.058,0.518,20.72,0.225943577022098,0.0510504999975407
59.076,0.181,7.24,0.0478630092322639,0.00229086765276777
59.076,0.479,19.16,0.188799134909629,0.0356451133426244
59.094,0.453,18.12,0.167494287602644,0.0280543363795172
59.112,0.44,17.6,0.157761126969935,0.0248885731828239
59.112,0.608,24.32,0.341979442513709,0.116949939101987
59.131,0.388,15.52,0.124165230759241,0.0154170045294956
59.149,0.582,23.28,0.303389118419427,0.0920449571753172
59.149,0.298,11.92,0.0820351544329818,0.00672976656284318
59.166,0.556,22.24,0.269153480392692,0.0724435960074991
59.184,0.647,25.88,0.409260659730011,0.167494287602644
59.184,0.544,21.76,0.254683025258504,0.064863443354824
59.203,0.634,25.36,0.385478357665772,0.148593564228701
59.221,0.686,27.44,0.489778819368447,0.239883291901949
59.221,0.621,24.84,0.363078054770102,0.131825673855641
59.239,0.686,27.44,0.489778819368447,0.239883291901949
59.256,0.699,27.96,0.519995996533516,0.270395836410885
59.256,0.673,26.92,0.46131757456038,0.212813904598272
59.274,0.699,27.96,0.519995996533516,0.270395836410885
59.292,0.699,27.96,0.519995996533516,0.270395836410885
59.292,0.699,27.96,0.519995996533516,0.270395836410885
59.31,0.699,27.96,0.519995996533516,0.270395836410885
59.328,0.66,26.4,0.434510224171572,0.18879913490963
59.328,0.699,27.96,0.519995996533516,0.270395836410885
59.346,0.673,26.92,0.46131757456038,0.212813904598272
59.363,0.608,24.32,0.341979442513709,0.116949939101987
59.363,0.686,27.44,0.489778819368447,0.239883291901949
59.382,0.621,24.84,0.363078054770102,0.131825673855641
59.4,0.479,19.16,0.188799134909629,0.0356451133426244
59.4,0.634,25.36,0.385478357665772,0.148593564228701
59.417,0.505,20.2,0.212813904598271,0.0452897579903621
59.435,0.168,6.72,0.0450816704541461,0.00203235701093622
59.435,0.531,21.24,0.239883291901949,0.0575439937337158
59.453,0.246,9.84,0.0645654229034656,0.00416869383470336
59.472,0.466,18.64,0.177827941003892,0.0316227766016838
59.472,0.349,13.96,0.103752841581801,0.0107646521362984
59.489,0.427,17.08,0.148593564228701,0.022080047330189
59.509,0.595,23.8,0.322106879128344,0.103752841581801
59.51,0.349,13.96,0.103752841581801,0.0107646521362984
59.527,0.582,23.28,0.303389118419427,0.0920449571753172
59.545,0.233,9.32,0.0608135001278718,0.00369828179780267
59.545,0.544,21.76,0.254683025258504,0.064863443354824
59.563,0.647,25.88,0.409260659730011,0.167494287602644
59.581,0.505,20.2,0.212813904598271,0.0452897579903621
59.581,0.621,24.84,0.363078054770102,0.131825673855641
59.599,0.686,27.44,0.489778819368447,0.239883291901949
59.617,0.621,24.84,0.363078054770102,0.131825673855641
59.617,0.686,27.44,0.489778819368447,0.239883291901949
59.635,0.699,27.96,0.519995996533516,0.270395836410885
59.653,0.673,26.92,0.46131757456038,0.212813904598272
59.653,0.699,27.96,0.519995996533516,0.270395836410885
59.671,0.699,27.96,0.519995996533516,0.270395836410885
59.671,0.699,27.96,0.519995996533516,0.270395836410885
59.688,0.699,27.96,0.519995996533516,0.270395836410885
59.707,0.647,25.88,0.409260659730011,0.167494287602644
59.707,0.699,27.96,0.519995996533516,0.270395836410885
59.725,0.673,26.92,0.46131757456038,0.212813904598272
59.742,0.608,24.32,0.341979442513709,0.116949939101987
59.743,0.686,27.44,0.489778819368447,0.239883291901949
59.76,0.621,24.84,0.363078054770102,0.131825673855641
59.78,0.492,19.68,0.200447202736516,0.040179081084894
59.78,0.647,25.88,0.409260659730011,0.167494287602644
59.797,0.531,21.24,0.239883291901949,0.0575439937337158
59.815,0.194,7.76,0.0508159442560561,0.0025822601906346
59.815,0.556,22.24,0.269153480392692,0.0724435960074991
59.832,0.298,11.92,0.0820351544329818,0.00672976656284318
59.85,0.427,17.08,0.148593564228701,0.022080047330189
59.85,0.388,15.52,0.124165230759241,0.0154170045294956
59.869,0.362,14.48,0.110153930954142,0.0121338885046498
59.887,0.582,23.28,0.303389118419427,0.0920449571753172
59.887,0.272,10.88,0.0727779804536825,0.00529663443891659
59.905,0.556,22.24,0.269153480392692,0.0724435960074991
59.922,0.22,8.8,0.057279603098583,0.00328095293113119
59.922,0.531,21.24,0.239883291901949,0.0575439937337158
59.941,0.647,25.88,0.409260659730011,0.167494287602644
59.958,0.492,19.68,0.200447202736516,0.040179081084894
59.958,0.621,24.84,0.363078054770102,0.131825673855641
59.976,0.686,27.44,0.489778819368447,0.239883291901949
59.994,0.608,24.32,0.341979442513709,0.116949939101987
59.994,0.673,26.92,0.46131757456038,0.212813904598272
60.013,0.699,27.96,0.519995996533516,0.270395836410885
60.032,0.66,26.4,0.434510224171572,0.18879913490963
60.032,0.699,27.96,0.519995996533516,0.270395836410885
60.051,0.699,27.96,0.519995996533516,0.270395836410885
60.069,0.699,27.96,0.519995996533516,0.270395836410885
60.069,0.673,26.92,0.46131757456038,0.212813904598272
60.087,0.673,26.92,0.46131757456038,0.212813904598272
60.105,0.699,27.96,0.519995996533516,0.270395836410885
60.105,0.686,27.44,0.489778819368447,0.239883291901949
60.125,0.621,24.84,0.363078054770102,0.131825673855641
60.125,0.673,26.92,0.46131757456038,0.212813904598272
60.143,0.634,25.36,0.385478357665772,0.148593564228701
60.163,0.518,20.72,0.225943577022098,0.0510504999975407
60.164,0.647,25.88,0.409260659730011,0.167494287602644
60.183,0.556,22.24,0.269153480392692,0.0724435960074991
60.183,0.233,9.32,0.0608135001278718,0.00369828179780267
60.202,0.595,23.8,0.322106879128344,0.103752841581801
60.222,0.324,12.96,0.0924698173938223,0.00855066712884685
60.222,0.414,16.56,0.139958732257262,0.0195884467350599
60.241,0.414,16.56,0.139958732257262,0.0195884467350599
60.261,0.324,12.96,0.0924698173938223,0.00855066712884685
60.261,0.569,22.76,0.285759054337495,0.0816582371358593
60.279,0.233,9.32,0.0608135001278718,0.00369828179780267
60.279,0.544,21.76,0.254683025258504,0.064863443354824
60.298,0.647,25.88,0.409260659730011,0.167494287602644
60.315,0.518,20.72,0.225943577022098,0.0510504999975407
60.315,0.634,25.36,0.385478357665772,0.148593564228701
60.334,0.466,18.64,0.177827941003892,0.0316227766016838
60.351,0.608,24.32,0.341979442513709,0.116949939101987
60.351,0.673,26.92,0.46131757456038,0.212813904598272
60.372,0.608,24.32,0.341979442513709,0.116949939101987
60.391,0.673,26.92,0.46131757456038,0.212813904598272
60.391,0.699,27.96,0.519995996533516,0.270395836410885
60.41,0.66,26.4,0.434510224171572,0.18879913490963
60.41,0.699,27.96,0.519995996533516,0.270395836410885
60.43,0.699,27.96,0.519995996533516,0.270395836410885
60.449,0.686,27.44,0.489778819368447,0.239883291901949
60.449,0.699,27.96,0.519995996533516,0.270395836410885
60.468,0.686,27.44,0.489778819368447,0.239883291901949
60.487,0.699,27.96,0.519995996533516,0.270395836410885
60.487,0.686,27.44,0.489778819368447,0.239883291901949
60.505,0.634,25.36,0.385478357665772,0.148593564228701
60.505,0.686,27.44,0.489778819368447,0.239883291901949
60.527,0.647,25.88,0.409260659730011,0.167494287602644
60.544,0.531,21.24,0.239883291901949,0.0575439937337158
60.544,0.647,25.88,0.409260659730011,0.167494287602644
60.562,0.556,22.24,0.269153480392692,0.0724435960074991
60.58,0.324,12.96,0.0924698173938223,0.00855066712884685
60.581,0.582,23.28,0.303389118419427,0.0920449571753172
60.598,0.414,16.56,0.139958732257262,0.0195884467350599
60.616,0.349,13.96,0.103752841581801,0.0107646521362984
60.616,0.453,18.12,0.167494287602644,0.0280543363795172
60.634,0.259,10.36,0.0685488226452662,0.00469894108605216
60.652,0.556,22.24,0.269153480392692,0.0724435960074991
60.653,0.181,7.24,0.0478630092322639,0.00229086765276777
60.67,0.531,21.24,0.239883291901949,0.0575439937337158
60.688,0.647,25.88,0.409260659730011,0.167494287602644
60.688,0.492,19.68,0.200447202736516,0.040179081084894
60.706,0.621,24.84,0.363078054770102,0.131825673855641
60.725,0.44,17.6,0.157761126969935,0.0248885731828239
60.725,0.608,24.32,0.341979442513709,0.116949939101987
60.742,0.686,27.44,0.489778819368447,0.239883291901949
60.761,0.582,23.28,0.303389118419427,0.0920449571753172
60.761,0.673,26.92,0.46131757456038,0.212813904598272
60.779,0.699,27.96,0.519995996533516,0.270395836410885
60.779,0.66,26.4,0.434510224171572,0.18879913490963
60.798,0.699,27.96,0.519995996533516,0.270395836410885
60.816,0.699,27.96,0.519995996533516,0.270395836410885
60.816,0.699,27.96,0.519995996533516,0.270395836410885
60.833,0.699,27.96,0.519995996533516,0.270395836410885
60.851,0.686,27.44,0.489778819368447,0.239883291901949
60.851,0.712,28.48,0.552077439280758,0.304789498962799
60.869,0.686,27.44,0.489778819368447,0.239883291901949
60.887,0.634,25.36,0.385478357665772,0.148593564228701
60.887,0.686,27.44,0.489778819368447,0.239883291901949
60.905,0.647,25.88,0.409260659730011,0.167494287602644
60.923,0.556,22.24,0.269153480392692,0.0724435960074991
60.923,0.673,26.92,0.46131757456038,0.212813904598272
60.942,0.569,22.76,0.285759054337495,0.0816582371358593
60.959,0.336,13.44,0.0977237220955811,0.00954992586021437
60.96,0.595,23.8,0.322106879128344,0.103752841581801
60.977,0.414,16.56,0.139958732257262,0.0195884467350599
60.995,0.324,12.96,0.0924698173938223,0.00855066712884685
60.995,0.479,19.16,0.188799134909629,0.0356451133426244
61.012,0.22,8.8,0.057279603098583,0.00328095293113119
61.03,0.544,21.76,0.254683025258504,0.064863443354824
61.03,0.181,7.24,0.0478630092322639,0.00229086765276777
61.048,0.505,20.2,0.212813904598271,0.0452897579903621
61.067,0.621,24.84,0.363078054770102,0.131825673855641
61.067,0.453,18.12,0.167494287602644,0.0280543363795172
61.085,0.621,24.84,0.363078054770102,0.131825673855641
61.103,0.401,16.04,0.131825673855641,0.0173780082874938
61.103,0.595,23.8,0.322106879128344,0.103752841581801
61.121,0.673,26.92,0.46131757456038,0.212813904598272
61.141,0.569,22.76,0.285759054337495,0.0816582371358593
61.141,0.66,26.4,0.434510224171572,0.18879913490963
61.158,0.686,27.44,0.489778819368447,0.239883291901949
61.175,0.647,25.88,0.409260659730011,0.167494287602644
61.175,0.686,27.44,0.489778819368447,0.239883291901949
61.193,0.699,27.96,0.519995996533516,0.270395836410885
61.212,0.686,27.44,0.489778819368447,0.239883291901949
61.212,0.699,27.96,0.519995996533516,0.270395836410885
61.229,0.686,27.44,0.489778819368447,0.239883291901949
61.247,0.712,28.48,0.552077439280758,0.304789498962799
61.247,0.686,27.44,0.489778819368447,0.239883291901949
61.266,0.647,25.88,0.409260659730011,0.167494287602644
61.283,0.699,27.96,0.519995996533516,0.270395836410885
61.283,0.66,26.4,0.434510224171572,0.18879913490963
61.301,0.569,22.76,0.285759054337495,0.0816582371358593
61.321,0.673,26.92,0.46131757456038,0.212813904598272
61.321,0.582,23.28,0.303389118419427,0.0920449571753172
61.34,0.401,16.04,0.131825673855641,0.0173780082874938
61.34,0.621,24.84,0.363078054770102,0.131825673855641
61.357,0.453,18.12,0.167494287602644,0.0280543363795172
61.375,0.246,9.84,0.0645654229034656,0.00416869383470336
61.375,0.505,20.2,0.212813904598271,0.0452897579903621
61.393,0.181,7.24,0.0478630092322639,0.00229086765276777
61.41,0.518,20.72,0.225943577022098,0.0510504999975407
61.41,0.194,7.76,0.0508159442560561,0.0025822601906346
61.429,0.479,19.16,0.188799134909629,0.0356451133426244
61.447,0.621,24.84,0.363078054770102,0.131825673855641
61.447,0.44,17.6,0.157761126969935,0.0248885731828239
61.465,0.608,24.32,0.341979442513709,0.116949939101987
61.482,0.362,14.48,0.110153930954142,0.0121338885046498
61.482,0.582,23.28,0.303389118419427,0.0920449571753172
61.499,0.66,26.4,0.434510224171572,0.18879913490963
61.518,0.556,22.24,0.269153480392692,0.0724435960074991
61.518,0.66,26.4,0.434510224171572,0.18879913490963
61.536,0.699,27.96,0.519995996533516,0.270395836410885
61.555,0.647,25.88,0.409260659730011,0.167494287602644
61.556,0.686,27.44,0.489778819368447,0.239883291901949
61.573,0.712,28.48,0.552077439280758,0.304789498962799
61.591,0.686,27.44,0.489778819368447,0.239883291901949
61.591,0.712,28.48,0.552077439280758,0.304789498962799
61.609,0.699,27.96,0.519995996533516,0.270395836410885
61.628,0.712,28.48,0.552077439280758,0.304789498962799
61.628,0.712,28.48,0.552077439280758,0.304789498962799
61.645,0.66,26.4,0.434510224171572,0.18879913490963
61.663,0.699,27.96,0.519995996533516,0.270395836410885
61.663,0.66,26.4,0.434510224171572,0.18879913490963
61.682,0.569,22.76,0.285759054337495,0.0816582371358593
61.7,0.673,26.92,0.46131757456038,0.212813904598272
61.7,0.595,23.8,0.322106879128344,0.103752841581801
61.717,0.427,17.08,0.148593564228701,0.022080047330189
61.735,0.621,24.84,0.363078054770102,0.131825673855641
61.735,0.479,19.16,0.188799134909629,0.0356451133426244
61.753,0.207,8.28,0.0539510622515128,0.00291071711806661
61.771,0.518,20.72,0.225943577022098,0.0510504999975407
61.771,0.168,6.72,0.0450816704541461,0.00203235701093622
61.788,0.505,20.2,0.212813904598271,0.0452897579903621
61.807,0.259,10.36,0.0685488226452662,0.00469894108605216
61.807,0.453,18.12,0.167494287602644,0.0280543363795172
61.824,0.608,24.32,0.341979442513709,0.116949939101987
61.843,0.388,15.52,0.124165230759241,0.0154170045294956
61.844,0.582,23.28,0.303389118419427,0.0920449571753172
61.862,0.324,12.96,0.0924698173938223,0.00855066712884685
61.88,0.569,22.76,0.285759054337495,0.0816582371358593
61.88,0.66,26.4,0.434510224171572,0.18879913490963
61.898,0.531,21.24,0.239883291901949,0.0575439937337158
61.916,0.647,25.88,0.409260659730011,0.167494287602644
61.917,0.699,27.96,0.519995996533516,0.270395836410885
61.935,0.634,25.36,0.385478357665772,0.148593564228701
61.935,0.699,27.96,0.519995996533516,0.270395836410885
61.953,0.712,28.48,0.552077439280758,0.304789498962799
61.97,0.686,27.44,0.489778819368447,0.239883291901949
61.97,0.712,28.48,0.552077439280758,0.304789498962799
61.987,0.699,27.96,0.519995996533516,0.270395836410885
62.005,0.712,28.48,0.552077439280758,0.304789498962799
62.005,0.686,27.44,0.489778819368447,0.239883291901949
62.024,0.647,25.88,0.409260659730011,0.167494287602644
62.042,0.686,27.44,0.489778819368447,0.239883291901949
62.042,0.66,26.4,0.434510224171572,0.18879913490963
62.06,0.595,23.8,0.322106879128344,0.103752841581801
62.079,0.686,27.44,0.489778819368447,0.239883291901949
62.079,0.621,24.84,0.363078054770102,0.131825673855641
62.096,0.453,18.12,0.167494287602644,0.0280543363795172
62.114,0.647,25.88,0.409260659730011,0.167494287602644
62.114,0.518,20.72,0.225943577022098,0.0510504999975407
62.133,0.168,6.72,0.0450816704541461,0.00203235701093622
62.151,0.544,21.76,0.254683025258504,0.064863443354824
62.151,0.207,8.28,0.0539510622515128,0.00291071711806661
62.17,0.492,19.68,0.200447202736516,0.040179081084894
62.187,0.311,12.44,0.0870963589956081,0.00758577575029184
62.187,0.414,16.56,0.139958732257262,0.0195884467350599
62.205,0.595,23.8,0.322106879128344,0.103752841581801
62.222,0.336,13.44,0.0977237220955811,0.00954992586021437
62.222,0.556,22.24,0.269153480392692,0.0724435960074991
62.24,0.233,9.32,0.0608135001278718,0.00369828179780267
62.257,0.518,20.72,0.225943577022098,0.0510504999975407
62.258,0.621,24.84,0.363078054770102,0.131825673855641
62.276,0.492,19.68,0.200447202736516,0.040179081084894
62.294,0.621,24.84,0.363078054770102,0.131825673855641
62.294,0.686,27.44,0.489778819368447,0.239883291901949
62.313,0.621,24.84,0.363078054770102,0.131825673855641
62.33,0.686,27.44,0.489778819368447,0.239883291901949
62.33,0.712,28.48,0.552077439280758,0.304789498962799
62.348,0.686,27.44,0.489778819368447,0.239883291901949
62.366,0.725,29,0.586138164514029,0.343557947899875
62.366,0.712,28.48,0.552077439280758,0.304789498962799
62.385,0.725,29,0.586138164514029,0.343557947899875
62.403,0.725,29,0.586138164514029,0.343557947899875
62.403,0.686,27.44,0.489778819368447,0.239883291901949
62.421,0.725,29,0.586138164514029,0.343557947899875
62.44,0.699,27.96,0.519995996533516,0.270395836410885
62.44,0.634,25.36,0.385478357665772,0.148593564228701
62.457,0.712,28.48,0.552077439280758,0.304789498962799
62.457,0.647,25.88,0.409260659730011,0.167494287602644
62.474,0.505,20.2,0.212813904598271,0.0452897579903621
62.493,0.66,26.4,0.434510224171572,0.18879913490963
62.51,0.544,21.76,0.254683025258504,0.064863443354824
62.51,0.181,7.24,0.0478630092322639,0.00229086765276777
62.529,0.569,22.76,0.285759054337495,0.0816582371358593
62.529,0.285,11.4,0.0772680585095703,0.00597035286583838
62.547,0.453,18.12,0.167494287602644,0.0280543363795172
62.566,0.362,14.48,0.110153930954142,0.0121338885046498
62.566,0.388,15.52,0.124165230759241,0.0154170045294956
62.584,0.595,23.8,0.322106879128344,0.103752841581801
62.603,0.311,12.44,0.0870963589956081,0.00758577575029184
62.603,0.569,22.76,0.285759054337495,0.0816582371358593
62.62,0.22,8.8,0.057279603098583,0.00328095293113119
62.64,0.531,21.24,0.239883291901949,0.0575439937337158
62.64,0.634,25.36,0.385478357665772,0.148593564228701
62.659,0.492,19.68,0.200447202736516,0.040179081084894
62.677,0.621,24.84,0.363078054770102,0.131825673855641
62.677,0.673,26.92,0.46131757456038,0.212813904598272
62.695,0.569,22.76,0.285759054337495,0.0816582371358593
62.713,0.66,26.4,0.434510224171572,0.18879913490963
62.713,0.673,26.92,0.46131757456038,0.212813904598272
62.732,0.647,25.88,0.409260659730011,0.167494287602644
62.732,0.66,26.4,0.434510224171572,0.18879913490963
62.75,0.66,26.4,0.434510224171572,0.18879913490963
62.768,0.66,26.4,0.434510224171572,0.18879913490963
62.768,0.647,25.88,0.409260659730011,0.167494287602644
62.786,0.621,24.84,0.363078054770102,0.131825673855641
62.804,0.647,25.88,0.409260659730011,0.167494287602644
62.804,0.608,24.32,0.341979442513709,0.116949939101987
62.821,0.531,21.24,0.239883291901949,0.0575439937337158
62.84,0.608,24.32,0.341979442513709,0.116949939101987
62.84,0.556,22.24,0.269153480392692,0.0724435960074991
62.858,0.427,17.08,0.148593564228701,0.022080047330189
62.876,0.569,22.76,0.285759054337495,0.0816582371358593
62.876,0.505,20.2,0.212813904598271,0.0452897579903621
62.894,0.181,7.24,0.0478630092322639,0.00229086765276777
62.913,0.492,19.68,0.200447202736516,0.040179081084894
62.913,0.246,9.84,0.0645654229034656,0.00416869383470336
62.932,0.362,14.48,0.110153930954142,0.0121338885046498
62.952,0.324,12.96,0.0924698173938223,0.00855066712884685
62.952,0.285,11.4,0.0772680585095703,0.00597035286583838
62.97,0.505,20.2,0.212813904598271,0.0452897579903621
62.97,0.207,8.28,0.0539510622515128,0.00291071711806661
62.989,0.479,19.16,0.188799134909629,0.0356451133426244
63.008,0.22,8.8,0.057279603098583,0.00328095293113119
63.008,0.44,17.6,0.157761126969935,0.0248885731828239
63.026,0.556,22.24,0.269153480392692,0.0724435960074991
63.045,0.388,15.52,0.124165230759241,0.0154170045294956
63.045,0.531,21.24,0.239883291901949,0.0575439937337158
63.064,0.582,23.28,0.303389118419427,0.0920449571753172
63.083,0.505,20.2,0.212813904598271,0.0452897579903621
63.083,0.569,22.76,0.285759054337495,0.0816582371358593
63.101,0.595,23.8,0.322106879128344,0.103752841581801
63.102,0.556,22.24,0.269153480392692,0.0724435960074991
63.121,0.582,23.28,0.303389118419427,0.0920449571753172
63.139,0.582,23.28,0.303389118419427,0.0920449571753172
63.139,0.582,23.28,0.303389118419427,0.0920449571753172
63.158,0.582,23.28,0.303389118419427,0.0920449571753172
63.176,0.556,22.24,0.269153480392692,0.0724435960074991
63.176,0.595,23.8,0.322106879128344,0.103752841581801
63.193,0.569,22.76,0.285759054337495,0.0816582371358593
63.211,0.505,20.2,0.212813904598271,0.0452897579903621
63.211,0.569,22.76,0.285759054337495,0.0816582371358593
63.229,0.531,21.24,0.239883291901949,0.0575439937337158
63.246,0.401,16.04,0.131825673855641,0.0173780082874938
63.246,0.531,21.24,0.239883291901949,0.0575439937337158
63.265,0.44,17.6,0.157761126969935,0.0248885731828239
63.282,0.233,9.32,0.0608135001278718,0.00369828179780267
63.282,0.466,18.64,0.177827941003892,0.0316227766016838
63.3,0.272,10.88,0.0727779804536825,0.00529663443891659
63.318,0.272,10.88,0.0727779804536825,0.00529663443891659
63.318,0.336,13.44,0.0977237220955811,0.00954992586021437
63.336,0.22,8.8,0.057279603098583,0.00328095293113119
63.355,0.44,17.6,0.157761126969935,0.0248885731828239
63.355,0.181,7.24,0.0478630092322639,0.00229086765276777
63.373,0.414,16.56,0.139958732257262,0.0195884467350599
63.39,0.556,22.24,0.269153480392692,0.0724435960074991
63.39,0.401,16.04,0.131825673855641,0.0173780082874938
63.409,0.531,21.24,0.239883291901949,0.0575439937337158
63.426,0.362,14.48,0.110153930954142,0.0121338885046498
63.426,0.505,20.2,0.212813904598271,0.0452897579903621
63.445,0.582,23.28,0.303389118419427,0.0920449571753172
63.464,0.492,19.68,0.200447202736516,0.040179081084894
63.464,0.582,23.28,0.303389118419427,0.0920449571753172
63.481,0.621,24.84,0.363078054770102,0.131825673855641
63.481,0.569,22.76,0.285759054337495,0.0816582371358593
63.5,0.608,24.32,0.341979442513709,0.116949939101987
63.518,0.621,24.84,0.363078054770102,0.131825673855641
63.518,0.608,24.32,0.341979442513709,0.116949939101987
63.538,0.621,24.84,0.363078054770102,0.131825673855641
63.556,0.608,24.32,0.341979442513709,0.116949939101987
63.556,0.621,24.84,0.363078054770102,0.131825673855641
63.576,0.608,24.32,0.341979442513709,0.116949939101987
63.593,0.556,22.24,0.269153480392692,0.0724435960074991
63.593,0.621,24.84,0.363078054770102,0.131825673855641
63.612,0.569,22.76,0.285759054337495,0.0816582371358593
63.629,0.466,18.64,0.177827941003892,0.0316227766016838
63.63,0.595,23.8,0.322106879128344,0.103752841581801
63.648,0.492,19.68,0.200447202736516,0.040179081084894
63.665,0.272,10.88,0.0727779804536825,0.00529663443891659
63.665,0.518,20.72,0.225943577022098,0.0510504999975407
63.683,0.336,13.44,0.0977237220955811,0.00954992586021437
63.702,0.44,17.6,0.157761126969935,0.0248885731828239
63.702,0.401,16.04,0.131825673855641,0.0173780082874938
63.721,0.233,9.32,0.0608135001278718,0.00369828179780267
63.721,0.466,18.64,0.177827941003892,0.0316227766016838
63.739,0.168,6.72,0.0450816704541461,0.00203235701093622
63.758,0.453,18.12,0.167494287602644,0.0280543363795172
63.758,0.556,22.24,0.269153480392692,0.0724435960074991
63.776,0.414,16.56,0.139958732257262,0.0195884467350599
63.794,0.531,21.24,0.239883291901949,0.0575439937337158
63.794,0.349,13.96,0.103752841581801,0.0107646521362984
63.811,0.518,20.72,0.225943577022098,0.0510504999975407
63.829,0.582,23.28,0.303389118419427,0.0920449571753172
63.829,0.492,19.68,0.200447202736516,0.040179081084894
63.847,0.569,22.76,0.285759054337495,0.0816582371358593
63.864,0.595,23.8,0.322106879128344,0.103752841581801
63.864,0.556,22.24,0.269153480392692,0.0724435960074991
63.882,0.595,23.8,0.322106879128344,0.103752841581801
63.901,0.608,24.32,0.341979442513709,0.116949939101987
63.901,0.582,23.28,0.303389118419427,0.0920449571753172
63.918,0.608,24.32,0.341979442513709,0.116949939101987
63.937,0.582,23.28,0.303389118419427,0.0920449571753172
63.937,0.608,24.32,0.341979442513709,0.116949939101987
63.954,0.582,23.28,0.303389118419427,0.0920449571753172
63.972,0.556,22.24,0.269153480392692,0.0724435960074991
63.972,0.582,23.28,0.303389118419427,0.0920449571753172
63.99,0.556,22.24,0.269153480392692,0.0724435960074991
64.008,0.479,19.16,0.188799134909629,0.0356451133426244
64.008,0.569,22.76,0.285759054337495,0.0816582371358593
64.027,0.492,19.68,0.200447202736516,0.040179081084894
64.046,0.311,12.44,0.0870963589956081,0.00758577575029184
64.046,0.518,20.72,0.225943577022098,0.0510504999975407
64.063,0.375,15,0.116949939101987,0.0136772882559585
64.081,0.22,8.8,0.057279603098583,0.00328095293113119
64.082,0.414,16.56,0.139958732257262,0.0195884467350599
64.099,0.556,22.24,0.269153480392692,0.0724435960074991
64.117,0.453,18.12,0.167494287602644,0.0280543363795172
64.117,0.181,7.24,0.0478630092322639,0.00229086765276777
64.135,0.427,17.08,0.148593564228701,0.022080047330189
64.153,0.569,22.76,0.285759054337495,0.0816582371358593
64.153,0.401,16.04,0.131825673855641,0.0173780082874938
64.172,0.556,22.24,0.269153480392692,0.0724435960074991
64.189,0.336,13.44,0.0977237220955811,0.00954992586021437
64.189,0.544,21.76,0.254683025258504,0.064863443354824
64.208,0.621,24.84,0.363078054770102,0.131825673855641
64.225,0.518,20.72,0.225943577022098,0.0510504999975407
64.225,0.608,24.32,0.341979442513709,0.116949939101987
64.245,0.647,25.88,0.409260659730011,0.167494287602644
64.245,0.595,23.8,0.322106879128344,0.103752841581801
64.265,0.634,25.36,0.385478357665772,0.148593564228701
64.282,0.634,25.36,0.385478357665772,0.148593564228701
64.282,0.621,24.84,0.363078054770102,0.131825673855641
64.3,0.634,25.36,0.385478357665772,0.148593564228701
64.318,0.621,24.84,0.363078054770102,0.131825673855641
64.318,0.634,25.36,0.385478357665772,0.148593564228701
64.335,0.621,24.84,0.363078054770102,0.131825673855641
64.354,0.569,22.76,0.285759054337495,0.0816582371358593
64.354,0.621,24.84,0.363078054770102,0.131825673855641
64.373,0.582,23.28,0.303389118419427,0.0920449571753172
64.389,0.492,19.68,0.200447202736516,0.040179081084894
64.389,0.595,23.8,0.322106879128344,0.103752841581801
64.407,0.518,20.72,0.225943577022098,0.0510504999975407
64.424,0.518,20.72,0.225943577022098,0.0510504999975407
64.424,0.544,21.76,0.254683025258504,0.064863443354824
64.442,0.401,16.04,0.131825673855641,0.0173780082874938
64.461,0.194,7.76,0.0508159442560561,0.0025822601906346
64.461,0.44,17.6,0.157761126969935,0.0248885731828239
64.48,0.168,6.72,0.0450816704541461,0.00203235701093622
64.498,0.453,18.12,0.167494287602644,0.0280543363795172
64.498,0.207,8.28,0.0539510622515128,0.00291071711806661
64.516,0.479,19.16,0.188799134909629,0.0356451133426244
64.533,0.556,22.24,0.269153480392692,0.0724435960074991
64.533,0.349,13.96,0.103752841581801,0.0107646521362984
64.552,0.531,21.24,0.239883291901949,0.0575439937337158
64.57,0.285,11.4,0.0772680585095703,0.00597035286583838
64.57,0.505,20.2,0.212813904598271,0.0452897579903621
64.59,0.569,22.76,0.285759054337495,0.0816582371358593
64.59,0.453,18.12,0.167494287602644,0.0280543363795172
64.609,0.556,22.24,0.269153480392692,0.0724435960074991
64.626,0.621,24.84,0.363078054770102,0.131825673855641
64.626,0.544,21.76,0.254683025258504,0.064863443354824
64.645,0.582,23.28,0.303389118419427,0.0920449571753172
64.662,0.595,23.8,0.322106879128344,0.103752841581801
64.662,0.569,22.76,0.285759054337495,0.0816582371358593
64.681,0.582,23.28,0.303389118419427,0.0920449571753172
64.7,0.582,23.28,0.303389118419427,0.0920449571753172
64.7,0.582,23.28,0.303389118419427,0.0920449571753172
64.719,0.569,22.76,0.285759054337495,0.0816582371358593
64.738,0.544,21.76,0.254683025258504,0.064863443354824
64.738,0.582,23.28,0.303389118419427,0.0920449571753172
64.758,0.544,21.76,0.254683025258504,0.064863443354824
64.759,0.479,19.16,0.188799134909629,0.0356451133426244
64.777,0.556,22.24,0.269153480392692,0.0724435960074991
64.796,0.492,19.68,0.200447202736516,0.040179081084894
64.796,0.336,13.44,0.0977237220955811,0.00954992586021437
64.815,0.518,20.72,0.225943577022098,0.0510504999975407
64.833,0.388,15.52,0.124165230759241,0.0154170045294956
64.834,0.194,7.76,0.0508159442560561,0.0025822601906346
64.851,0.427,17.08,0.148593564228701,0.022080047330189
64.851,0.207,8.28,0.0539510622515128,0.00291071711806661
64.87,0.388,15.52,0.124165230759241,0.0154170045294956
64.887,0.233,9.32,0.0608135001278718,0.00369828179780267
64.887,0.336,13.44,0.0977237220955811,0.00954992586021437
64.906,0.492,19.68,0.200447202736516,0.040179081084894
64.924,0.544,21.76,0.254683025258504,0.064863443354824
64.924,0.466,18.64,0.177827941003892,0.0316227766016838
64.941,0.22,8.8,0.057279603098583,0.00328095293113119
64.959,0.44,17.6,0.157761126969935,0.0248885731828239
64.96,0.544,21.76,0.254683025258504,0.064863443354824
64.979,0.414,16.56,0.139958732257262,0.0195884467350599
64.997,0.531,21.24,0.239883291901949,0.0575439937337158
64.997,0.582,23.28,0.303389118419427,0.0920449571753172
65.014,0.518,20.72,0.225943577022098,0.0510504999975407
65.033,0.595,23.8,0.322106879128344,0.103752841581801
65.033,0.595,23.8,0.322106879128344,0.103752841581801
65.052,0.582,23.28,0.303389118419427,0.0920449571753172
65.069,0.608,24.32,0.341979442513709,0.116949939101987
65.069,0.608,24.32,0.341979442513709,0.116949939101987
65.088,0.608,24.32,0.341979442513709,0.116949939101987
65.107,0.608,24.32,0.341979442513709,0.116949939101987
65.107,0.569,22.76,0.285759054337495,0.0816582371358593
65.126,0.621,24.84,0.363078054770102,0.131825673855641
65.126,0.595,23.8,0.322106879128344,0.103752841581801
65.144,0.518,20.72,0.225943577022098,0.0510504999975407
65.164,0.608,24.32,0.341979442513709,0.116949939101987
65.164,0.544,21.76,0.254683025258504,0.064863443354824
65.183,0.401,16.04,0.131825673855641,0.0173780082874938
65.202,0.556,22.24,0.269153480392692,0.0724435960074991
65.202,0.427,17.08,0.148593564228701,0.022080047330189
65.221,0.155,6.2,0.0424619563946313,0.00180301774085957
65.221,0.466,18.64,0.177827941003892,0.0316227766016838
65.24,0.22,8.8,0.057279603098583,0.00328095293113119
65.258,0.362,14.48,0.110153930954142,0.0121338885046498
65.258,0.272,10.88,0.0727779804536825,0.00529663443891659
65.277,0.311,12.44,0.0870963589956081,0.00758577575029184
65.296,0.505,20.2,0.212813904598271,0.0452897579903621
65.297,0.259,10.36,0.0685488226452662,0.00469894108605216
65.314,0.479,19.16,0.188799134909629,0.0356451133426244
65.332,0.181,7.24,0.0478630092322639,0.00229086765276777
65.333,0.44,17.6,0.157761126969935,0.0248885731828239
65.351,0.544,21.76,0.254683025258504,0.064863443354824
65.369,0.401,16.04,0.131825673855641,0.0173780082874938
65.369,0.531,21.24,0.239883291901949,0.0575439937337158
65.388,0.582,23.28,0.303389118419427,0.0920449571753172
65.388,0.505,20.2,0.212813904598271,0.0452897579903621
65.406,0.569,22.76,0.285759054337495,0.0816582371358593
65.423,0.595,23.8,0.322106879128344,0.103752841581801
65.423,0.608,24.32,0.341979442513709,0.116949939101987
65.441,0.595,23.8,0.322106879128344,0.103752841581801
65.458,0.595,23.8,0.322106879128344,0.103752841581801
65.475,0.608,24.32,0.341979442513709,0.116949939101987
65.475,0.608,24.32,0.341979442513709,0.116949939101987
65.494,0.569,22.76,0.285759054337495,0.0816582371358593
65.511,0.595,23.8,0.322106879128344,0.103752841581801
65.511,0.595,23.8,0.322106879128344,0.103752841581801
65.53,0.518,20.72,0.225943577022098,0.0510504999975407
65.53,0.595,23.8,0.322106879128344,0.103752841581801
65.549,0.531,21.24,0.239883291901949,0.0575439937337158
65.567,0.388,15.52,0.124165230759241,0.0154170045294956
65.567,0.544,21.76,0.254683025258504,0.064863443354824
65.586,0.44,17.6,0.157761126969935,0.0248885731828239
65.609,0.181,7.24,0.0478630092322639,0.00229086765276777
65.609,0.466,18.64,0.177827941003892,0.0316227766016838
65.628,0.207,8.28,0.0539510622515128,0.00291071711806661
65.628,0.336,13.44,0.0977237220955811,0.00954992586021437
65.646,0.298,11.92,0.0820351544329818,0.00672976656284318
65.666,0.285,11.4,0.0772680585095703,0.00597035286583838
65.666,0.479,19.16,0.188799134909629,0.0356451133426244
65.688,0.207,8.28,0.0539510622515128,0.00291071711806661
65.688,0.44,17.6,0.157761126969935,0.0248885731828239
65.707,0.168,6.72,0.0450816704541461,0.00203235701093622
65.724,0.427,17.08,0.148593564228701,0.022080047330189
65.725,0.544,21.76,0.254683025258504,0.064863443354824
65.743,0.375,15,0.116949939101987,0.0136772882559585
65.761,0.531,21.24,0.239883291901949,0.0575439937337158
65.761,0.582,23.28,0.303389118419427,0.0920449571753172
65.781,0.505,20.2,0.212813904598271,0.0452897579903621
65.781,0.569,22.76,0.285759054337495,0.0816582371358593
65.802,0.608,24.32,0.341979442513709,0.116949939101987
65.82,0.569,22.76,0.285759054337495,0.0816582371358593
65.821,0.595,23.8,0.322106879128344,0.103752841581801
65.84,0.608,24.32,0.341979442513709,0.116949939101987
65.859,0.595,23.8,0.322106879128344,0.103752841581801
65.859,0.595,23.8,0.322106879128344,0.103752841581801
65.88,0.569,22.76,0.285759054337495,0.0816582371358593
65.88,0.608,24.32,0.341979442513709,0.116949939101987
65.899,0.595,23.8,0.322106879128344,0.103752841581801
65.918,0.518,20.72,0.225943577022098,0.0510504999975407
65.918,0.595,23.8,0.322106879128344,0.103752841581801
65.938,0.531,21.24,0.239883291901949,0.0575439937337158
65.938,0.414,16.56,0.139958732257262,0.0195884467350599
65.956,0.544,21.76,0.254683025258504,0.064863443354824
65.975,0.453,18.12,0.167494287602644,0.0280543363795172
65.975,0.194,7.76,0.0508159442560561,0.0025822601906346
65.993,0.479,19.16,0.188799134909629,0.0356451133426244
66.013,0.259,10.36,0.0685488226452662,0.00469894108605216
66.013,0.298,11.92,0.0820351544329818,0.00672976656284318
66.031,0.324,12.96,0.0924698173938223,0.00855066712884685
66.031,0.246,9.84,0.0645654229034656,0.00416869383470336
66.051,0.453,18.12,0.167494287602644,0.0280543363795172
66.07,0.181,7.24,0.0478630092322639,0.00229086765276777
66.07,0.427,17.08,0.148593564228701,0.022080047330189
66.089,0.544,21.76,0.254683025258504,0.064863443354824
66.107,0.414,16.56,0.139958732257262,0.0195884467350599
66.107,0.531,21.24,0.239883291901949,0.0575439937337158
66.125,0.349,13.96,0.103752841581801,0.0107646521362984
66.142,0.505,20.2,0.212813904598271,0.0452897579903621
66.142,0.569,22.76,0.285759054337495,0.0816582371358593
66.162,0.492,19.68,0.200447202736516,0.040179081084894
66.162,0.569,22.76,0.285759054337495,0.0816582371358593
66.18,0.608,24.32,0.341979442513709,0.116949939101987
66.199,0.556,22.24,0.269153480392692,0.0724435960074991
66.199,0.595,23.8,0.322106879128344,0.103752841581801
66.217,0.595,23.8,0.322106879128344,0.103752841581801
66.235,0.582,23.28,0.303389118419427,0.0920449571753172
66.235,0.608,24.32,0.341979442513709,0.116949939101987
66.253,0.582,23.28,0.303389118419427,0.0920449571753172
66.271,0.608,24.32,0.341979442513709,0.116949939101987
66.271,0.582,23.28,0.303389118419427,0.0920449571753172
66.289,0.531,21.24,0.239883291901949,0.0575439937337158
66.308,0.595,23.8,0.322106879128344,0.103752841581801
66.308,0.544,21.76,0.254683025258504,0.064863443354824
66.326,0.44,17.6,0.157761126969935,0.0248885731828239
66.344,0.569,22.76,0.285759054337495,0.0816582371358593
66.344,0.544,21.76,0.254683025258504,0.064863443354824
66.362,0.246,9.84,0.0645654229034656,0.00416869383470336
66.381,0.505,20.2,0.212813904598271,0.0452897579903621
66.381,0.311,12.44,0.0870963589956081,0.00758577575029184
66.398,0.298,11.92,0.0820351544329818,0.00672976656284318
66.417,0.375,15,0.116949939101987,0.0136772882559585
66.417,0.207,8.28,0.0539510622515128,0.00291071711806661
66.435,0.479,19.16,0.188799134909629,0.0356451133426244
66.452,0.168,6.72,0.0450816704541461,0.00203235701093622
66.452,0.466,18.64,0.177827941003892,0.0316227766016838
66.471,0.582,23.28,0.303389118419427,0.0920449571753172
66.471,0.427,17.08,0.148593564228701,0.022080047330189
66.489,0.556,22.24,0.269153480392692,0.0724435960074991
66.507,0.401,16.04,0.131825673855641,0.0173780082874938
66.507,0.544,21.76,0.254683025258504,0.064863443354824
66.525,0.608,24.32,0.341979442513709,0.116949939101987
66.542,0.518,20.72,0.225943577022098,0.0510504999975407
66.543,0.595,23.8,0.322106879128344,0.103752841581801
66.561,0.634,25.36,0.385478357665772,0.148593564228701
66.58,0.582,23.28,0.303389118419427,0.0920449571753172
66.58,0.621,24.84,0.363078054770102,0.131825673855641
66.599,0.634,25.36,0.385478357665772,0.148593564228701
66.619,0.621,24.84,0.363078054770102,0.131825673855641
66.619,0.634,25.36,0.385478357665772,0.148593564228701
66.638,0.608,24.32,0.341979442513709,0.116949939101987
66.638,0.634,25.36,0.385478357665772,0.148593564228701
66.658,0.634,25.36,0.385478357665772,0.148593564228701
66.675,0.582,23.28,0.303389118419427,0.0920449571753172
66.675,0.647,25.88,0.409260659730011,0.167494287602644
66.693,0.595,23.8,0.322106879128344,0.103752841581801
66.713,0.505,20.2,0.212813904598271,0.0452897579903621
66.713,0.608,24.32,0.341979442513709,0.116949939101987
66.733,0.531,21.24,0.239883291901949,0.0575439937337158
66.733,0.311,12.44,0.0870963589956081,0.00758577575029184
66.751,0.544,21.76,0.254683025258504,0.064863443354824
66.77,0.388,15.52,0.124165230759241,0.0154170045294956
66.77,0.285,11.4,0.0772680585095703,0.00597035286583838
66.79,0.44,17.6,0.157761126969935,0.0248885731828239
66.807,0.168,6.72,0.0450816704541461,0.00203235701093622
66.807,0.479,19.16,0.188799134909629,0.0356451133426244
66.825,0.168,6.72,0.0450816704541461,0.00203235701093622
66.844,0.44,17.6,0.157761126969935,0.0248885731828239
66.844,0.582,23.28,0.303389118419427,0.0920449571753172
66.863,0.479,19.16,0.188799134909629,0.0356451133426244
66.882,0.556,22.24,0.269153480392692,0.0724435960074991
66.882,0.336,13.44,0.0977237220955811,0.00954992586021437
66.901,0.544,21.76,0.254683025258504,0.064863443354824
66.901,0.621,24.84,0.363078054770102,0.131825673855641
66.919,0.531,21.24,0.239883291901949,0.0575439937337158
66.937,0.608,24.32,0.341979442513709,0.116949939101987
66.937,0.66,26.4,0.434510224171572,0.18879913490963
66.962,0.608,24.32,0.341979442513709,0.116949939101987
66.962,0.66,26.4,0.434510224171572,0.18879913490963
66.984,0.673,26.92,0.46131757456038,0.212813904598272
66.984,0.66,26.4,0.434510224171572,0.18879913490963
67.003,0.673,26.92,0.46131757456038,0.212813904598272
67.023,0.673,26.92,0.46131757456038,0.212813904598272
67.023,0.686,27.44,0.489778819368447,0.239883291901949
67.041,0.686,27.44,0.489778819368447,0.239883291901949
67.06,0.634,25.36,0.385478357665772,0.148593564228701
67.06,0.686,27.44,0.489778819368447,0.239883291901949
67.08,0.66,26.4,0.434510224171572,0.18879913490963
67.08,0.569,22.76,0.285759054337495,0.0816582371358593
67.098,0.673,26.92,0.46131757456038,0.212813904598272
67.116,0.608,24.32,0.341979442513709,0.116949939101987
67.116,0.427,17.08,0.148593564228701,0.022080047330189
67.136,0.621,24.84,0.363078054770102,0.131825673855641
67.154,0.479,19.16,0.188799134909629,0.0356451133426244
67.154,0.233,9.32,0.0608135001278718,0.00369828179780267
67.173,0.531,21.24,0.239883291901949,0.0575439937337158
67.192,0.168,6.72,0.0450816704541461,0.00203235701093622
67.192,0.544,21.76,0.254683025258504,0.064863443354824
67.21,0.207,8.28,0.0539510622515128,0.00291071711806661
67.21,0.492,19.68,0.200447202736516,0.040179081084894
67.229,0.621,24.84,0.363078054770102,0.131825673855641
67.248,0.44,17.6,0.157761126969935,0.0248885731828239
67.248,0.608,24.32,0.341979442513709,0.116949939101987
67.266,0.44,17.6,0.157761126969935,0.0248885731828239
67.285,0.595,23.8,0.322106879128344,0.103752841581801
67.285,0.673,26.92,0.46131757456038,0.212813904598272
67.304,0.569,22.76,0.285759054337495,0.0816582371358593
67.323,0.66,26.4,0.434510224171572,0.18879913490963
67.323,0.712,28.48,0.552077439280758,0.304789498962799
67.342,0.647,25.88,0.409260659730011,0.167494287602644
67.342,0.699,27.96,0.519995996533516,0.270395836410885
67.36,0.725,29,0.586138164514029,0.343557947899875
67.379,0.686,27.44,0.489778819368447,0.239883291901949
67.379,0.712,28.48,0.552077439280758,0.304789498962799
67.399,0.712,28.48,0.552077439280758,0.304789498962799
67.417,0.725,29,0.586138164514029,0.343557947899875
67.417,0.712,28.48,0.552077439280758,0.304789498962799
67.435,0.673,26.92,0.46131757456038,0.212813904598272
67.453,0.712,28.48,0.552077439280758,0.304789498962799
67.453,0.686,27.44,0.489778819368447,0.239883291901949
67.472,0.595,23.8,0.322106879128344,0.103752841581801
67.472,0.699,27.96,0.519995996533516,0.270395836410885
67.49,0.621,24.84,0.363078054770102,0.131825673855641
67.509,0.466,18.64,0.177827941003892,0.0316227766016838
67.509,0.634,25.36,0.385478357665772,0.148593564228701
67.527,0.505,20.2,0.212813904598271,0.0452897579903621
67.547,0.181,7.24,0.0478630092322639,0.00229086765276777
67.547,0.556,22.24,0.269153480392692,0.0724435960074991
67.565,0.168,6.72,0.0450816704541461,0.00203235701093622
67.584,0.518,20.72,0.225943577022098,0.0510504999975407
67.584,0.298,11.92,0.0820351544329818,0.00672976656284318
67.603,0.479,19.16,0.188799134909629,0.0356451133426244
67.603,0.634,25.36,0.385478357665772,0.148593564228701
67.622,0.414,16.56,0.139958732257262,0.0195884467350599
67.639,0.621,24.84,0.363078054770102,0.131825673855641
67.64,0.324,12.96,0.0924698173938223,0.00855066712884685
67.658,0.608,24.32,0.341979442513709,0.116949939101987
67.676,0.699,27.96,0.519995996533516,0.270395836410885
67.676,0.621,24.84,0.363078054770102,0.131825673855641
67.694,0.699,27.96,0.519995996533516,0.270395836410885
67.712,0.751,30.04,0.660693448007596,0.436515832240167
67.712,0.686,27.44,0.489778819368447,0.239883291901949
67.73,0.751,30.04,0.660693448007596,0.436515832240167
67.748,0.764,30.56,0.701455298419972,0.492039535681452
67.748,0.764,30.56,0.701455298419972,0.492039535681452
67.765,0.776,31.04,0.741310241300918,0.549540873857625
67.784,0.776,31.04,0.741310241300918,0.549540873857625
67.784,0.789,31.56,0.787045789695099,0.619441075076782
67.802,0.776,31.04,0.741310241300918,0.549540873857625
67.821,0.751,30.04,0.660693448007596,0.436515832240167
67.821,0.789,31.56,0.787045789695099,0.619441075076782
67.838,0.764,30.56,0.701455298419972,0.492039535681452
67.857,0.673,26.92,0.46131757456038,0.212813904598272
67.857,0.751,30.04,0.660693448007596,0.436515832240167
67.874,0.686,27.44,0.489778819368447,0.239883291901949
67.893,0.569,22.76,0.285759054337495,0.0816582371358593
67.893,0.66,26.4,0.434510224171572,0.18879913490963
67.911,0.531,21.24,0.239883291901949,0.0575439937337158
67.929,0.155,6.2,0.0424619563946313,0.00180301774085957
67.929,0.531,21.24,0.239883291901949,0.0575439937337158
67.947,0.233,9.32,0.0608135001278718,0.00369828179780267
67.947,0.414,16.56,0.139958732257262,0.0195884467350599
67.965,0.298,11.92,0.0820351544329818,0.00672976656284318
67.985,0.324,12.96,0.0924698173938223,0.00855066712884685
67.985,0.479,19.16,0.188799134909629,0.0356451133426244
68.002,0.233,9.32,0.0608135001278718,0.00369828179780267
68.02,0.414,16.56,0.139958732257262,0.0195884467350599
68.02,0.181,7.24,0.0478630092322639,0.00229086765276777
68.038,0.336,13.44,0.0977237220955811,0.00954992586021437
68.057,0.401,16.04,0.131825673855641,0.0173780082874938
68.057,0.259,10.36,0.0685488226452662,0.00469894108605216
68.075,0.375,15,0.116949939101987,0.0136772882559585
68.093,0.44,17.6,0.157761126969935,0.0248885731828239
68.093,0.621,24.84,0.363078054770102,0.131825673855641
68.111,0.518,20.72,0.225943577022098,0.0510504999975407
68.128,0.569,22.76,0.285759054337495,0.0816582371358593
68.128,0.595,23.8,0.322106879128344,0.103752841581801
68.147,0.66,26.4,0.434510224171572,0.18879913490963
68.164,0.673,26.92,0.46131757456038,0.212813904598272
68.164,0.699,27.96,0.519995996533516,0.270395836410885
68.183,0.712,28.48,0.552077439280758,0.304789498962799
68.2,0.712,28.48,0.552077439280758,0.304789498962799
68.2,0.764,30.56,0.701455298419972,0.492039535681452
68.219,0.738,29.52,0.62230028516916,0.387257644921618
68.237,0.686,27.44,0.489778819368447,0.239883291901949
68.237,0.776,31.04,0.741310241300918,0.549540873857625
68.254,0.725,29,0.586138164514029,0.343557947899875
68.273,0.595,23.8,0.322106879128344,0.103752841581801
68.273,0.751,30.04,0.660693448007596,0.436515832240167
68.291,0.647,25.88,0.409260659730011,0.167494287602644
68.309,0.233,9.32,0.0608135001278718,0.00369828179780267
68.309,0.673,26.92,0.46131757456038,0.212813904598272
68.327,0.401,16.04,0.131825673855641,0.0173780082874938
68.345,0.556,22.24,0.269153480392692,0.0724435960074991
68.345,0.505,20.2,0.212813904598271,0.0452897579903621
68.363,0.505,20.2,0.212813904598271,0.0452897579903621
68.383,0.712,28.48,0.552077439280758,0.304789498962799
68.383,0.401,16.04,0.131825673855641,0.0173780082874938
68.401,0.673,26.92,0.46131757456038,0.212813904598272
68.401,0.246,9.84,0.0645654229034656,0.00416869383470336
68.418,0.647,25.88,0.409260659730011,0.167494287602644
68.436,0.751,30.04,0.660693448007596,0.436515832240167
68.436,0.595,23.8,0.322106879128344,0.103752841581801
68.455,0.738,29.52,0.62230028516916,0.387257644921618
68.473,0.789,31.56,0.787045789695099,0.619441075076782
68.473,0.712,28.48,0.552077439280758,0.304789498962799
68.491,0.776,31.04,0.741310241300918,0.549540873857625
68.511,0.776,31.04,0.741310241300918,0.549540873857625
68.511,0.764,30.56,0.701455298419972,0.492039535681452
68.528,0.789,31.56,0.787045789695099,0.619441075076782
68.546,0.789,31.56,0.787045789695099,0.619441075076782
68.546,0.789,31.56,0.787045789695099,0.619441075076782
68.564,0.789,31.56,0.787045789695099,0.619441075076782
68.582,0.764,30.56,0.701455298419972,0.492039535681452
68.582,0.789,31.56,0.787045789695099,0.619441075076782
68.601,0.764,30.56,0.701455298419972,0.492039535681452
68.619,0.712,28.48,0.552077439280758,0.304789498962799
68.619,0.764,30.56,0.701455298419972,0.492039535681452
68.637,0.699,27.96,0.519995996533516,0.270395836410885
68.655,0.595,23.8,0.322106879128344,0.103752841581801
68.655,0.712,28.48,0.552077439280758,0.304789498962799
68.672,0.608,24.32,0.341979442513709,0.116949939101987
68.69,0.272,10.88,0.0727779804536825,0.00529663443891659
68.69,0.621,24.84,0.363078054770102,0.131825673855641
68.708,0.453,18.12,0.167494287602644,0.0280543363795172
68.726,0.44,17.6,0.157761126969935,0.0248885731828239
68.726,0.44,17.6,0.157761126969935,0.0248885731828239
68.744,0.336,13.44,0.0977237220955811,0.00954992586021437
68.762,0.569,22.76,0.285759054337495,0.0816582371358593
68.762,0.22,8.8,0.057279603098583,0.00328095293113119
68.779,0.531,21.24,0.239883291901949,0.0575439937337158
68.797,0.324,12.96,0.0924698173938223,0.00855066712884685
68.797,0.492,19.68,0.200447202736516,0.040179081084894
68.815,0.621,24.84,0.363078054770102,0.131825673855641
68.832,0.44,17.6,0.157761126969935,0.0248885731828239
68.832,0.595,23.8,0.322106879128344,0.103752841581801
68.85,0.673,26.92,0.46131757456038,0.212813904598272
68.869,0.582,23.28,0.303389118419427,0.0920449571753172
68.869,0.66,26.4,0.434510224171572,0.18879913490963
68.886,0.686,27.44,0.489778819368447,0.239883291901949
68.904,0.647,25.88,0.409260659730011,0.167494287602644
68.904,0.699,27.96,0.519995996533516,0.270395836410885
68.923,0.686,27.44,0.489778819368447,0.239883291901949
68.94,0.686,27.44,0.489778819368447,0.239883291901949
68.94,0.699,27.96,0.519995996533516,0.270395836410885
68.958,0.66,26.4,0.434510224171572,0.18879913490963
68.976,0.699,27.96,0.519995996533516,0.270395836410885
68.976,0.673,26.92,0.46131757456038,0.212813904598272
68.994,0.608,24.32,0.341979442513709,0.116949939101987
69.013,0.686,27.44,0.489778819368447,0.239883291901949
69.013,0.621,24.84,0.363078054770102,0.131825673855641
69.031,0.531,21.24,0.239883291901949,0.0575439937337158
69.049,0.647,25.88,0.409260659730011,0.167494287602644
69.049,0.556,22.24,0.269153480392692,0.0724435960074991
69.068,0.285,11.4,0.0772680585095703,0.00597035286583838
69.068,0.582,23.28,0.303389118419427,0.0920449571753172
69.086,0.375,15,0.116949939101987,0.0136772882559585
69.104,0.375,15,0.116949939101987,0.0136772882559585
69.104,0.44,17.6,0.157761126969935,0.0248885731828239
69.123,0.44,17.6,0.157761126969935,0.0248885731828239
69.142,0.569,22.76,0.285759054337495,0.0816582371358593
69.142,0.181,7.24,0.0478630092322639,0.00229086765276777
69.16,0.531,21.24,0.239883291901949,0.0575439937337158
69.178,0.66,26.4,0.434510224171572,0.18879913490963
69.178,0.518,20.72,0.225943577022098,0.0510504999975407
69.197,0.647,25.88,0.409260659730011,0.167494287602644
69.215,0.479,19.16,0.188799134909629,0.0356451133426244
69.215,0.634,25.36,0.385478357665772,0.148593564228701
69.233,0.699,27.96,0.519995996533516,0.270395836410885
69.25,0.621,24.84,0.363078054770102,0.131825673855641
69.25,0.686,27.44,0.489778819368447,0.239883291901949
69.268,0.725,29,0.586138164514029,0.343557947899875
69.286,0.686,27.44,0.489778819368447,0.239883291901949
69.286,0.725,29,0.586138164514029,0.343557947899875
69.305,0.725,29,0.586138164514029,0.343557947899875
69.322,0.725,29,0.586138164514029,0.343557947899875
69.322,0.738,29.52,0.62230028516916,0.387257644921618
69.34,0.712,28.48,0.552077439280758,0.304789498962799
69.357,0.738,29.52,0.62230028516916,0.387257644921618
69.357,0.738,29.52,0.62230028516916,0.387257644921618
69.375,0.673,26.92,0.46131757456038,0.212813904598272
69.395,0.738,29.52,0.62230028516916,0.387257644921618
69.395,0.699,27.96,0.519995996533516,0.270395836410885
69.414,0.608,24.32,0.341979442513709,0.116949939101987
69.414,0.725,29,0.586138164514029,0.343557947899875
69.432,0.647,25.88,0.409260659730011,0.167494287602644
69.45,0.401,16.04,0.131825673855641,0.0173780082874938
69.45,0.66,26.4,0.434510224171572,0.18879913490963
69.468,0.492,19.68,0.200447202736516,0.040179081084894
69.487,0.388,15.52,0.124165230759241,0.0154170045294956
69.487,0.544,21.76,0.254683025258504,0.064863443354824
69.505,0.272,10.88,0.0727779804536825,0.00529663443891659
69.522,0.621,24.84,0.363078054770102,0.131825673855641
69.522,0.155,6.2,0.0424619563946313,0.00180301774085957
69.54,0.595,23.8,0.322106879128344,0.103752841581801
69.559,0.699,27.96,0.519995996533516,0.270395836410885
69.559,0.544,21.76,0.254683025258504,0.064863443354824
69.577,0.699,27.96,0.519995996533516,0.270395836410885
69.597,0.479,19.16,0.188799134909629,0.0356451133426244
69.597,0.673,26.92,0.46131757456038,0.212813904598272
69.615,0.751,30.04,0.660693448007596,0.436515832240167
69.615,0.66,26.4,0.434510224171572,0.18879913490963
69.636,0.738,29.52,0.62230028516916,0.387257644921618
69.656,0.789,31.56,0.787045789695099,0.619441075076782
69.656,0.738,29.52,0.62230028516916,0.387257644921618
69.674,0.776,31.04,0.741310241300918,0.549540873857625
69.692,0.789,31.56,0.787045789695099,0.619441075076782
69.692,0.776,31.04,0.741310241300918,0.549540873857625
69.711,0.789,31.56,0.787045789695099,0.619441075076782
69.711,0.776,31.04,0.741310241300918,0.549540873857625
69.729,0.802,32.08,0.835603018231248,0.698232404077172
69.748,0.789,31.56,0.787045789695099,0.619441075076782
69.748,0.725,29,0.586138164514029,0.343557947899875
69.766,0.789,31.56,0.787045789695099,0.619441075076782
69.783,0.751,30.04,0.660693448007596,0.436515832240167
69.784,0.66,26.4,0.434510224171572,0.18879913490963
69.802,0.738,29.52,0.62230028516916,0.387257644921618
69.82,0.686,27.44,0.489778819368447,0.239883291901949
69.82,0.492,19.68,0.200447202736516,0.040179081084894
69.838,0.712,28.48,0.552077439280758,0.304789498962799
69.857,0.544,21.76,0.254683025258504,0.064863443354824
69.857,0.349,13.96,0.103752841581801,0.0107646521362984
69.876,0.582,23.28,0.303389118419427,0.0920449571753172
69.894,0.207,8.28,0.0539510622515128,0.00291071711806661
69.894,0.621,24.84,0.363078054770102,0.131825673855641
69.912,0.233,9.32,0.0608135001278718,0.00369828179780267
69.932,0.608,24.32,0.341979442513709,0.116949939101987
69.932,0.725,29,0.586138164514029,0.343557947899875
69.949,0.544,21.76,0.254683025258504,0.064863443354824
69.949,0.699,27.96,0.519995996533516,0.270395836410885
69.968,0.492,19.68,0.200447202736516,0.040179081084894
69.986,0.699,27.96,0.519995996533516,0.270395836410885
69.986,0.764,30.56,0.701455298419972,0.492039535681452
70.005,0.66,26.4,0.434510224171572,0.18879913490963
70.025,0.764,30.56,0.701455298419972,0.492039535681452
70.025,0.802,32.08,0.835603018231248,0.698232404077172
70.043,0.738,29.52,0.62230028516916,0.387257644921618
70.062,0.802,32.08,0.835603018231248,0.698232404077172
70.062,0.802,32.08,0.835603018231248,0.698232404077172
70.081,0.789,31.56,0.787045789695099,0.619441075076782
70.081,0.815,32.6,0.887156012037961,0.787045789695099
70.101,0.802,32.08,0.835603018231248,0.698232404077172
70.121,0.815,32.6,0.887156012037961,0.787045789695099
70.121,0.802,32.08,0.835603018231248,0.698232404077172
70.14,0.764,30.56,0.701455298419972,0.492039535681452
70.14,0.815,32.6,0.887156012037961,0.787045789695099
70.16,0.776,31.04,0.741310241300918,0.549540873857625
70.179,0.686,27.44,0.489778819368447,0.239883291901949
70.179,0.789,31.56,0.787045789695099,0.619441075076782
70.198,0.699,27.96,0.519995996533516,0.270395836410885
70.198,0.518,20.72,0.225943577022098,0.0510504999975407
70.219,0.725,29,0.586138164514029,0.343557947899875
70.239,0.582,23.28,0.303389118419427,0.0920449571753172
70.239,0.518,20.72,0.225943577022098,0.0510504999975407
70.259,0.621,24.84,0.363078054770102,0.131825673855641
70.259,0.194,7.76,0.0508159442560561,0.0025822601906346
70.278,0.634,25.36,0.385478357665772,0.148593564228701
70.297,0.298,11.92,0.0820351544329818,0.00672976656284318
70.297,0.582,23.28,0.303389118419427,0.0920449571753172
70.318,0.725,29,0.586138164514029,0.343557947899875
70.318,0.531,21.24,0.239883291901949,0.0575439937337158
70.338,0.712,28.48,0.552077439280758,0.304789498962799
70.358,0.44,17.6,0.157761126969935,0.0248885731828239
70.358,0.686,27.44,0.489778819368447,0.239883291901949
70.377,0.776,31.04,0.741310241300918,0.549540873857625
70.377,0.673,26.92,0.46131757456038,0.212813904598272
70.396,0.764,30.56,0.701455298419972,0.492039535681452
70.415,0.802,32.08,0.835603018231248,0.698232404077172
70.415,0.738,29.52,0.62230028516916,0.387257644921618
70.434,0.802,32.08,0.835603018231248,0.698232404077172
70.454,0.815,32.6,0.887156012037961,0.787045789695099
70.454,0.802,32.08,0.835603018231248,0.698232404077172
70.474,0.815,32.6,0.887156012037961,0.787045789695099
70.475,0.802,32.08,0.835603018231248,0.698232404077172
70.495,0.815,32.6,0.887156012037961,0.787045789695099
70.514,0.802,32.08,0.835603018231248,0.698232404077172
70.514,0.764,30.56,0.701455298419972,0.492039535681452
70.533,0.815,32.6,0.887156012037961,0.787045789695099
70.533,0.776,31.04,0.741310241300918,0.549540873857625
70.552,0.712,28.48,0.552077439280758,0.304789498962799
70.573,0.789,31.56,0.787045789695099,0.619441075076782
70.573,0.725,29,0.586138164514029,0.343557947899875
70.592,0.556,22.24,0.269153480392692,0.0724435960074991
70.592,0.738,29.52,0.62230028516916,0.387257644921618
70.611,0.621,24.84,0.363078054770102,0.131825673855641
70.63,0.207,8.28,0.0539510622515128,0.00291071711806661
70.63,0.634,25.36,0.385478357665772,0.148593564228701
70.65,0.233,9.32,0.0608135001278718,0.00369828179780267
70.67,0.595,23.8,0.322106879128344,0.103752841581801
70.67,0.401,16.04,0.131825673855641,0.0173780082874938
70.689,0.531,21.24,0.239883291901949,0.0575439937337158
70.689,0.712,28.48,0.552077439280758,0.304789498962799
70.708,0.466,18.64,0.177827941003892,0.0316227766016838
70.729,0.686,27.44,0.489778819368447,0.239883291901949
70.729,0.349,13.96,0.103752841581801,0.0107646521362984
70.748,0.66,26.4,0.434510224171572,0.18879913490963
70.748,0.764,30.56,0.701455298419972,0.492039535681452
70.767,0.621,24.84,0.363078054770102,0.131825673855641
70.786,0.738,29.52,0.62230028516916,0.387257644921618
70.786,0.802,32.08,0.835603018231248,0.698232404077172
70.806,0.738,29.52,0.62230028516916,0.387257644921618
70.824,0.789,31.56,0.787045789695099,0.619441075076782
70.824,0.802,32.08,0.835603018231248,0.698232404077172
70.843,0.776,31.04,0.741310241300918,0.549540873857625
70.843,0.802,32.08,0.835603018231248,0.698232404077172
70.862,0.776,31.04,0.741310241300918,0.549540873857625
70.88,0.802,32.08,0.835603018231248,0.698232404077172
70.88,0.789,31.56,0.787045789695099,0.619441075076782
70.899,0.751,30.04,0.660693448007596,0.436515832240167
70.918,0.789,31.56,0.787045789695099,0.619441075076782
70.918,0.764,30.56,0.701455298419972,0.492039535681452
70.938,0.686,27.44,0.489778819368447,0.239883291901949
70.939,0.776,31.04,0.741310241300918,0.549540873857625
70.958,0.699,27.96,0.519995996533516,0.270395836410885
70.978,0.556,22.24,0.269153480392692,0.0724435960074991
70.978,0.725,29,0.586138164514029,0.343557947899875
70.999,0.595,23.8,0.322106879128344,0.103752841581801
70.999,0.181,7.24,0.0478630092322639,0.00229086765276777
71.019,0.634,25.36,0.385478357665772,0.148593564228701
71.04,0.285,11.4,0.0772680585095703,0.00597035286583838
71.04,0.544,21.76,0.254683025258504,0.064863443354824
71.063,0.401,16.04,0.131825673855641,0.0173780082874938
71.063,0.492,19.68,0.200447202736516,0.040179081084894
71.085,0.673,26.92,0.46131757456038,0.212813904598272
71.085,0.401,16.04,0.131825673855641,0.0173780082874938
71.108,0.647,25.88,0.409260659730011,0.167494287602644
71.108,0.285,11.4,0.0772680585095703,0.00597035286583838
71.127,0.608,24.32,0.341979442513709,0.116949939101987
71.127,0.712,28.48,0.552077439280758,0.304789498962799
71.147,0.582,23.28,0.303389118419427,0.0920449571753172
71.166,0.712,28.48,0.552077439280758,0.304789498962799
71.166,0.738,29.52,0.62230028516916,0.387257644921618
71.186,0.686,27.44,0.489778819368447,0.239883291901949
71.206,0.738,29.52,0.62230028516916,0.387257644921618
71.206,0.764,30.56,0.701455298419972,0.492039535681452
71.227,0.725,29,0.586138164514029,0.343557947899875
71.227,0.751,30.04,0.660693448007596,0.436515832240167
71.247,0.751,30.04,0.660693448007596,0.436515832240167
71.247,0.751,30.04,0.660693448007596,0.436515832240167
71.268,0.751,30.04,0.660693448007596,0.436515832240167
71.288,0.712,28.48,0.552077439280758,0.304789498962799
71.288,0.738,29.52,0.62230028516916,0.387257644921618
71.309,0.725,29,0.586138164514029,0.343557947899875
71.309,0.66,26.4,0.434510224171572,0.18879913490963
71.331,0.725,29,0.586138164514029,0.343557947899875
71.331,0.673,26.92,0.46131757456038,0.212813904598272
71.351,0.531,21.24,0.239883291901949,0.0575439937337158
71.371,0.686,27.44,0.489778819368447,0.239883291901949
71.371,0.569,22.76,0.285759054337495,0.0816582371358593
71.39,0.246,9.84,0.0645654229034656,0.00416869383470336
71.39,0.582,23.28,0.303389118419427,0.0920449571753172
71.41,0.311,12.44,0.0870963589956081,0.00758577575029184
71.429,0.479,19.16,0.188799134909629,0.0356451133426244
71.429,0.414,16.56,0.139958732257262,0.0195884467350599
71.448,0.401,16.04,0.131825673855641,0.0173780082874938
71.468,0.608,24.32,0.341979442513709,0.116949939101987
71.468,0.531,21.24,0.239883291901949,0.0575439937337158
71.487,0.582,23.28,0.303389118419427,0.0920449571753172
71.487,0.22,8.8,0.057279603098583,0.00328095293113119
71.506,0.544,21.76,0.254683025258504,0.064863443354824
71.525,0.647,25.88,0.409260659730011,0.167494287602644
71.525,0.492,19.68,0.200447202736516,0.040179081084894
71.546,0.634,25.36,0.385478357665772,0.148593564228701
71.546,0.686,27.44,0.489778819368447,0.239883291901949
71.566,0.595,23.8,0.322106879128344,0.103752841581801
71.585,0.673,26.92,0.46131757456038,0.212813904598272
71.585,0.686,27.44,0.489778819368447,0.239883291901949
71.605,0.66,26.4,0.434510224171572,0.18879913490963
71.605,0.686,27.44,0.489778819368447,0.239883291901949
71.624,0.673,26.92,0.46131757456038,0.212813904598272
71.645,0.673,26.92,0.46131757456038,0.212813904598272
71.645,0.673,26.92,0.46131757456038,0.212813904598272
71.664,0.647,25.88,0.409260659730011,0.167494287602644
71.664,0.673,26.92,0.46131757456038,0.212813904598272
71.685,0.647,25.88,0.409260659730011,0.167494287602644
71.704,0.582,23.28,0.303389118419427,0.0920449571753172
71.704,0.647,25.88,0.409260659730011,0.167494287602644
71.724,0.595,23.8,0.322106879128344,0.103752841581801
71.724,0.466,18.64,0.177827941003892,0.0316227766016838
71.744,0.595,23.8,0.322106879128344,0.103752841581801
71.764,0.492,19.68,0.200447202736516,0.040179081084894
71.764,0.22,8.8,0.057279603098583,0.00328095293113119
71.783,0.518,20.72,0.225943577022098,0.0510504999975407
71.784,0.634,25.36,0.385478357665772,0.148593564228701
71.805,0.362,14.48,0.110153930954142,0.0121338885046498
71.824,0.362,14.48,0.110153930954142,0.0121338885046498
71.824,0.285,11.4,0.0772680585095703,0.00597035286583838
71.845,0.492,19.68,0.200447202736516,0.040179081084894
71.845,0.194,7.76,0.0508159442560561,0.0025822601906346
71.864,0.453,18.12,0.167494287602644,0.0280543363795172
71.883,0.544,21.76,0.254683025258504,0.064863443354824
71.884,0.414,16.56,0.139958732257262,0.0195884467350599
71.904,0.518,20.72,0.225943577022098,0.0510504999975407
71.904,0.349,13.96,0.103752841581801,0.0107646521362984
71.924,0.492,19.68,0.200447202736516,0.040179081084894
71.944,0.556,22.24,0.269153480392692,0.0724435960074991
71.945,0.466,18.64,0.177827941003892,0.0316227766016838
71.964,0.531,21.24,0.239883291901949,0.0575439937337158
71.964,0.556,22.24,0.269153480392692,0.0724435960074991
71.983,0.518,20.72,0.225943577022098,0.0510504999975407
72.001,0.544,21.76,0.254683025258504,0.064863443354824
72.001,0.544,21.76,0.254683025258504,0.064863443354824
72.02,0.531,21.24,0.239883291901949,0.0575439937337158
72.039,0.544,21.76,0.254683025258504,0.064863443354824
72.039,0.505,20.2,0.212813904598271,0.0452897579903621
72.059,0.531,21.24,0.239883291901949,0.0575439937337158
72.059,0.505,20.2,0.212813904598271,0.0452897579903621
72.078,0.44,17.6,0.157761126969935,0.0248885731828239
72.096,0.505,20.2,0.212813904598271,0.0452897579903621
72.096,0.44,17.6,0.157761126969935,0.0248885731828239
72.116,0.336,13.44,0.0977237220955811,0.00954992586021437
72.134,0.44,17.6,0.157761126969935,0.0248885731828239
72.134,0.44,17.6,0.157761126969935,0.0248885731828239
72.154,0.181,7.24,0.0478630092322639,0.00229086765276777
72.154,0.349,13.96,0.103752841581801,0.0107646521362984
72.172,0.246,9.84,0.0645654229034656,0.00416869383470336
72.192,0.207,8.28,0.0539510622515128,0.00291071711806661
72.193,0.272,10.88,0.0727779804536825,0.00529663443891659
72.211,0.168,6.72,0.0450816704541461,0.00203235701093622
72.211,0.336,13.44,0.0977237220955811,0.00954992586021437
72.23,0.168,6.72,0.0450816704541461,0.00203235701093622
72.25,0.298,11.92,0.0820351544329818,0.00672976656284318
72.25,0.427,17.08,0.148593564228701,0.022080047330189
72.267,0.272,10.88,0.0727779804536825,0.00529663443891659
72.287,0.414,16.56,0.139958732257262,0.0195884467350599
72.287,0.427,17.08,0.148593564228701,0.022080047330189
72.307,0.401,16.04,0.131825673855641,0.0173780082874938
72.307,0.492,19.68,0.200447202736516,0.040179081084894
72.326,0.375,15,0.116949939101987,0.0136772882559585
72.345,0.479,19.16,0.188799134909629,0.0356451133426244
72.345,0.505,20.2,0.212813904598271,0.0452897579903621
72.364,0.466,18.64,0.177827941003892,0.0316227766016838
72.383,0.505,20.2,0.212813904598271,0.0452897579903621
72.383,0.505,20.2,0.212813904598271,0.0452897579903621
72.401,0.518,20.72,0.225943577022098,0.0510504999975407
72.42,0.531,21.24,0.239883291901949,0.0575439937337158
72.42,0.505,20.2,0.212813904598271,0.0452897579903621
72.44,0.556,22.24,0.269153480392692,0.0724435960074991
72.44,0.531,21.24,0.239883291901949,0.0575439937337158
72.459,0.479,19.16,0.188799134909629,0.0356451133426244
72.478,0.544,21.76,0.254683025258504,0.064863443354824
72.478,0.518,20.72,0.225943577022098,0.0510504999975407
72.496,0.401,16.04,0.131825673855641,0.0173780082874938
72.516,0.531,21.24,0.239883291901949,0.0575439937337158
72.516,0.453,18.12,0.167494287602644,0.0280543363795172
72.536,0.246,9.84,0.0645654229034656,0.00416869383470336
72.536,0.479,19.16,0.188799134909629,0.0356451133426244
72.556,0.311,12.44,0.0870963589956081,0.00758577575029184
72.575,0.233,9.32,0.0608135001278718,0.00369828179780267
72.575,0.349,13.96,0.103752841581801,0.0107646521362984
72.596,0.181,7.24,0.0478630092322639,0.00229086765276777
72.596,0.569,22.76,0.285759054337495,0.0816582371358593
72.615,0.155,6.2,0.0424619563946313,0.00180301774085957
72.635,0.414,16.56,0.139958732257262,0.0195884467350599
72.635,0.544,21.76,0.254683025258504,0.064863443354824
72.655,0.362,14.48,0.110153930954142,0.0121338885046498
72.655,0.518,20.72,0.225943577022098,0.0510504999975407
72.673,0.324,12.96,0.0924698173938223,0.00855066712884685
72.693,0.505,20.2,0.212813904598271,0.0452897579903621
72.693,0.595,23.8,0.322106879128344,0.103752841581801
72.713,0.492,19.68,0.200447202736516,0.040179081084894
72.713,0.582,23.28,0.303389118419427,0.0920449571753172
72.732,0.634,25.36,0.385478357665772,0.148593564228701
72.752,0.582,23.28,0.303389118419427,0.0920449571753172
72.752,0.634,25.36,0.385478357665772,0.148593564228701
72.771,0.647,25.88,0.409260659730011,0.167494287602644
72.771,0.634,25.36,0.385478357665772,0.148593564228701
72.789,0.634,25.36,0.385478357665772,0.148593564228701
72.809,0.647,25.88,0.409260659730011,0.167494287602644
72.809,0.66,26.4,0.434510224171572,0.18879913490963
72.827,0.647,25.88,0.409260659730011,0.167494287602644
72.847,0.582,23.28,0.303389118419427,0.0920449571753172
72.847,0.647,25.88,0.409260659730011,0.167494287602644
72.865,0.608,24.32,0.341979442513709,0.116949939101987
72.884,0.518,20.72,0.225943577022098,0.0510504999975407
72.884,0.621,24.84,0.363078054770102,0.131825673855641
72.902,0.556,22.24,0.269153480392692,0.0724435960074991
72.902,0.349,13.96,0.103752841581801,0.0107646521362984
72.921,0.582,23.28,0.303389118419427,0.0920449571753172
72.94,0.427,17.08,0.148593564228701,0.022080047330189
72.94,0.259,10.36,0.0685488226452662,0.00469894108605216
72.958,0.466,18.64,0.177827941003892,0.0316227766016838
72.977,0.479,19.16,0.188799134909629,0.0356451133426244
72.977,0.505,20.2,0.212813904598271,0.0452897579903621
72.997,0.194,7.76,0.0508159442560561,0.0025822601906346
73.015,0.518,20.72,0.225943577022098,0.0510504999975407
73.016,0.595,23.8,0.322106879128344,0.103752841581801
73.035,0.427,17.08,0.148593564228701,0.022080047330189
73.035,0.595,23.8,0.322106879128344,0.103752841581801
73.054,0.362,14.48,0.110153930954142,0.0121338885046498
73.073,0.582,23.28,0.303389118419427,0.0920449571753172
73.073,0.647,25.88,0.409260659730011,0.167494287602644
73.091,0.556,22.24,0.269153480392692,0.0724435960074991
73.11,0.647,25.88,0.409260659730011,0.167494287602644
73.11,0.686,27.44,0.489778819368447,0.239883291901949
73.132,0.647,25.88,0.409260659730011,0.167494287602644
73.132,0.686,27.44,0.489778819368447,0.239883291901949
73.153,0.699,27.96,0.519995996533516,0.270395836410885
73.153,0.686,27.44,0.489778819368447,0.239883291901949
73.174,0.712,28.48,0.552077439280758,0.304789498962799
73.193,0.686,27.44,0.489778819368447,0.239883291901949
73.193,0.712,28.48,0.552077439280758,0.304789498962799
73.212,0.699,27.96,0.519995996533516,0.270395836410885
73.212,0.66,26.4,0.434510224171572,0.18879913490963
73.23,0.712,28.48,0.552077439280758,0.304789498962799
73.248,0.673,26.92,0.46131757456038,0.212813904598272
73.249,0.595,23.8,0.322106879128344,0.103752841581801
73.268,0.686,27.44,0.489778819368447,0.239883291901949
73.287,0.608,24.32,0.341979442513709,0.116949939101987
73.287,0.44,17.6,0.157761126969935,0.0248885731828239
73.305,0.634,25.36,0.385478357665772,0.148593564228701
73.324,0.518,20.72,0.225943577022098,0.0510504999975407
73.324,0.207,8.28,0.0539510622515128,0.00291071711806661
73.343,0.531,21.24,0.239883291901949,0.0575439937337158
73.343,0.155,6.2,0.0424619563946313,0.00180301774085957
73.361,0.518,20.72,0.225943577022098,0.0510504999975407
73.38,0.285,11.4,0.0772680585095703,0.00597035286583838
73.38,0.479,19.16,0.188799134909629,0.0356451133426244
73.4,0.634,25.36,0.385478357665772,0.148593564228701
73.419,0.427,17.08,0.148593564228701,0.022080047330189
73.419,0.621,24.84,0.363078054770102,0.131825673855641
73.437,0.349,13.96,0.103752841581801,0.0107646521362984
73.456,0.595,23.8,0.322106879128344,0.103752841581801
73.457,0.686,27.44,0.489778819368447,0.239883291901949
73.476,0.569,22.76,0.285759054337495,0.0816582371358593
73.476,0.673,26.92,0.46131757456038,0.212813904598272
73.495,0.725,29,0.586138164514029,0.343557947899875
73.513,0.66,26.4,0.434510224171572,0.18879913490963
73.513,0.725,29,0.586138164514029,0.343557947899875
73.532,0.738,29.52,0.62230028516916,0.387257644921618
73.551,0.712,28.48,0.552077439280758,0.304789498962799
73.552,0.738,29.52,0.62230028516916,0.387257644921618
73.57,0.725,29,0.586138164514029,0.343557947899875
73.57,0.751,30.04,0.660693448007596,0.436515832240167
73.588,0.738,29.52,0.62230028516916,0.387257644921618
73.608,0.699,27.96,0.519995996533516,0.270395836410885
73.608,0.738,29.52,0.62230028516916,0.387257644921618
73.626,0.712,28.48,0.552077439280758,0.304789498962799
73.644,0.634,25.36,0.385478357665772,0.148593564228701
73.644,0.725,29,0.586138164514029,0.343557947899875
73.665,0.647,25.88,0.409260659730011,0.167494287602644
73.665,0.492,19.68,0.200447202736516,0.040179081084894
73.683,0.673,26.92,0.46131757456038,0.212813904598272
73.702,0.544,21.76,0.254683025258504,0.064863443354824
73.702,0.181,7.24,0.0478630092322639,0.00229086765276777
73.722,0.582,23.28,0.303389118419427,0.0920449571753172
73.739,0.22,8.8,0.057279603098583,0.00328095293113119
73.739,0.531,21.24,0.239883291901949,0.0575439937337158
73.758,0.349,13.96,0.103752841581801,0.0107646521362984
73.777,0.505,20.2,0.212813904598271,0.0452897579903621
73.777,0.647,25.88,0.409260659730011,0.167494287602644
73.795,0.44,17.6,0.157761126969935,0.0248885731828239
73.813,0.647,25.88,0.409260659730011,0.167494287602644
73.813,0.349,13.96,0.103752841581801,0.0107646521362984
73.831,0.621,24.84,0.363078054770102,0.131825673855641
73.831,0.725,29,0.586138164514029,0.343557947899875
73.849,0.608,24.32,0.341979442513709,0.116949939101987
73.867,0.699,27.96,0.519995996533516,0.270395836410885
73.867,0.751,30.04,0.660693448007596,0.436515832240167
73.884,0.686,27.44,0.489778819368447,0.239883291901949
73.903,0.751,30.04,0.660693448007596,0.436515832240167
73.903,0.764,30.56,0.701455298419972,0.492039535681452
73.92,0.738,29.52,0.62230028516916,0.387257644921618
73.938,0.776,31.04,0.741310241300918,0.549540873857625
73.938,0.764,30.56,0.701455298419972,0.492039535681452
73.956,0.764,30.56,0.701455298419972,0.492039535681452
73.975,0.764,30.56,0.701455298419972,0.492039535681452
73.975,0.738,29.52,0.62230028516916,0.387257644921618
73.993,0.764,30.56,0.701455298419972,0.492039535681452
74.015,0.738,29.52,0.62230028516916,0.387257644921618
74.015,0.673,26.92,0.46131757456038,0.212813904598272
74.035,0.751,30.04,0.660693448007596,0.436515832240167
74.036,0.699,27.96,0.519995996533516,0.270395836410885
74.056,0.556,22.24,0.269153480392692,0.0724435960074991
74.075,0.712,28.48,0.552077439280758,0.304789498962799
74.075,0.608,24.32,0.341979442513709,0.116949939101987
74.094,0.181,7.24,0.0478630092322639,0.00229086765276777
74.094,0.621,24.84,0.363078054770102,0.131825673855641
74.114,0.311,12.44,0.0870963589956081,0.00758577575029184
74.133,0.544,21.76,0.254683025258504,0.064863443354824
74.133,0.44,17.6,0.157761126969935,0.0248885731828239
74.157,0.479,19.16,0.188799134909629,0.0356451133426244
74.157,0.673,26.92,0.46131757456038,0.212813904598272
74.182,0.401,16.04,0.131825673855641,0.0173780082874938
74.182,0.647,25.88,0.409260659730011,0.167494287602644
74.209,0.246,9.84,0.0645654229034656,0.00416869383470336
74.209,0.621,24.84,0.363078054770102,0.131825673855641
74.231,0.738,29.52,0.62230028516916,0.387257644921618
74.231,0.582,23.28,0.303389118419427,0.0920449571753172
74.252,0.725,29,0.586138164514029,0.343557947899875
74.252,0.776,31.04,0.741310241300918,0.549540873857625
74.274,0.699,27.96,0.519995996533516,0.270395836410885
74.274,0.764,30.56,0.701455298419972,0.492039535681452
74.296,0.789,31.56,0.787045789695099,0.619441075076782
74.296,0.764,30.56,0.701455298419972,0.492039535681452
74.316,0.776,31.04,0.741310241300918,0.549540873857625
74.335,0.789,31.56,0.787045789695099,0.619441075076782
74.335,0.789,31.56,0.787045789695099,0.619441075076782
74.359,0.776,31.04,0.741310241300918,0.549540873857625
74.359,0.764,30.56,0.701455298419972,0.492039535681452
74.384,0.789,31.56,0.787045789695099,0.619441075076782
74.384,0.776,31.04,0.741310241300918,0.549540873857625
74.405,0.712,28.48,0.552077439280758,0.304789498962799
74.405,0.776,31.04,0.741310241300918,0.549540873857625
74.426,0.725,29,0.586138164514029,0.343557947899875
74.447,0.595,23.8,0.322106879128344,0.103752841581801
74.447,0.738,29.52,0.62230028516916,0.387257644921618
74.469,0.621,24.84,0.363078054770102,0.131825673855641
74.469,0.246,9.84,0.0645654229034656,0.00416869383470336
74.495,0.66,26.4,0.434510224171572,0.18879913490963
74.495,0.388,15.52,0.124165230759241,0.0154170045294956
74.517,0.518,20.72,0.225943577022098,0.0510504999975407
74.517,0.492,19.68,0.200447202736516,0.040179081084894
74.535,0.453,18.12,0.167494287602644,0.0280543363795172
74.535,0.686,27.44,0.489778819368447,0.239883291901949
74.554,0.336,13.44,0.0977237220955811,0.00954992586021437
74.572,0.647,25.88,0.409260659730011,0.167494287602644
74.572,0.22,8.8,0.057279603098583,0.00328095293113119
74.59,0.621,24.84,0.363078054770102,0.131825673855641
74.608,0.738,29.52,0.62230028516916,0.387257644921618
74.608,0.582,23.28,0.303389118419427,0.0920449571753172
74.625,0.725,29,0.586138164514029,0.343557947899875
74.643,0.776,31.04,0.741310241300918,0.549540873857625
74.643,0.712,28.48,0.552077439280758,0.304789498962799
74.661,0.776,31.04,0.741310241300918,0.549540873857625
74.68,0.802,32.08,0.835603018231248,0.698232404077172
74.68,0.764,30.56,0.701455298419972,0.492039535681452
74.701,0.802,32.08,0.835603018231248,0.698232404077172
74.701,0.802,32.08,0.835603018231248,0.698232404077172
74.725,0.802,32.08,0.835603018231248,0.698232404077172
74.725,0.802,32.08,0.835603018231248,0.698232404077172
74.744,0.776,31.04,0.741310241300918,0.549540873857625
74.763,0.802,32.08,0.835603018231248,0.698232404077172
74.763,0.789,31.56,0.787045789695099,0.619441075076782
74.782,0.738,29.52,0.62230028516916,0.387257644921618
74.801,0.789,31.56,0.787045789695099,0.619441075076782
74.801,0.738,29.52,0.62230028516916,0.387257644921618
74.821,0.634,25.36,0.385478357665772,0.148593564228701
74.821,0.751,30.04,0.660693448007596,0.436515832240167
74.839,0.66,26.4,0.434510224171572,0.18879913490963
74.858,0.531,21.24,0.239883291901949,0.0575439937337158
74.858,0.686,27.44,0.489778819368447,0.239883291901949
74.876,0.453,18.12,0.167494287602644,0.0280543363795172
74.894,0.518,20.72,0.225943577022098,0.0510504999975407
74.894,0.518,20.72,0.225943577022098,0.0510504999975407
74.912,0.427,17.08,0.148593564228701,0.022080047330189
74.929,0.673,26.92,0.46131757456038,0.212813904598272
74.929,0.285,11.4,0.0772680585095703,0.00597035286583838
74.947,0.647,25.88,0.409260659730011,0.167494287602644
74.965,0.751,30.04,0.660693448007596,0.436515832240167
74.965,0.608,24.32,0.341979442513709,0.116949939101987
74.984,0.738,29.52,0.62230028516916,0.387257644921618
75.003,0.569,22.76,0.285759054337495,0.0816582371358593
75.003,0.725,29,0.586138164514029,0.343557947899875
75.021,0.789,31.56,0.787045789695099,0.619441075076782
75.022,0.712,28.48,0.552077439280758,0.304789498962799
75.04,0.776,31.04,0.741310241300918,0.549540873857625
75.058,0.802,32.08,0.835603018231248,0.698232404077172
75.058,0.764,30.56,0.701455298419972,0.492039535681452
75.077,0.802,32.08,0.835603018231248,0.698232404077172
75.094,0.802,32.08,0.835603018231248,0.698232404077172
75.094,0.789,31.56,0.787045789695099,0.619441075076782
75.112,0.802,32.08,0.835603018231248,0.698232404077172
75.13,0.776,31.04,0.741310241300918,0.549540873857625
75.13,0.802,32.08,0.835603018231248,0.698232404077172
75.148,0.789,31.56,0.787045789695099,0.619441075076782
75.166,0.738,29.52,0.62230028516916,0.387257644921618
75.166,0.802,32.08,0.835603018231248,0.698232404077172
75.183,0.751,30.04,0.660693448007596,0.436515832240167
75.202,0.647,25.88,0.409260659730011,0.167494287602644
75.202,0.751,30.04,0.660693448007596,0.436515832240167
75.219,0.673,26.92,0.46131757456038,0.212813904598272
75.236,0.414,16.56,0.139958732257262,0.0195884467350599
75.236,0.686,27.44,0.489778819368447,0.239883291901949
75.255,0.505,20.2,0.212813904598271,0.0452897579903621
75.273,0.44,17.6,0.157761126969935,0.0248885731828239
75.273,0.556,22.24,0.269153480392692,0.0724435960074991
75.291,0.349,13.96,0.103752841581801,0.0107646521362984
75.309,0.66,26.4,0.434510224171572,0.18879913490963
75.309,0.194,7.76,0.0508159442560561,0.0025822601906346
75.326,0.621,24.84,0.363078054770102,0.131825673855641
75.344,0.738,29.52,0.62230028516916,0.387257644921618
75.344,0.569,22.76,0.285759054337495,0.0816582371358593
75.362,0.712,28.48,0.552077439280758,0.304789498962799
75.38,0.531,21.24,0.239883291901949,0.0575439937337158
75.38,0.699,27.96,0.519995996533516,0.270395836410885
75.398,0.776,31.04,0.741310241300918,0.549540873857625
75.417,0.686,27.44,0.489778819368447,0.239883291901949
75.417,0.751,30.04,0.660693448007596,0.436515832240167
75.434,0.802,32.08,0.835603018231248,0.698232404077172
75.453,0.751,30.04,0.660693448007596,0.436515832240167
75.453,0.776,31.04,0.741310241300918,0.549540873857625
75.47,0.789,31.56,0.787045789695099,0.619441075076782
75.489,0.776,31.04,0.741310241300918,0.549540873857625
75.489,0.802,32.08,0.835603018231248,0.698232404077172
75.505,0.789,31.56,0.787045789695099,0.619441075076782
75.524,0.802,32.08,0.835603018231248,0.698232404077172
75.524,0.789,31.56,0.787045789695099,0.619441075076782
75.542,0.738,29.52,0.62230028516916,0.387257644921618
75.56,0.776,31.04,0.741310241300918,0.549540873857625
75.56,0.751,30.04,0.660693448007596,0.436515832240167
75.578,0.66,26.4,0.434510224171572,0.18879913490963
75.595,0.764,30.56,0.701455298419972,0.492039535681452
75.595,0.673,26.92,0.46131757456038,0.212813904598272
75.613,0.44,17.6,0.157761126969935,0.0248885731828239
75.63,0.699,27.96,0.519995996533516,0.270395836410885
75.63,0.518,20.72,0.225943577022098,0.0510504999975407
75.648,0.401,16.04,0.131825673855641,0.0173780082874938
75.666,0.582,23.28,0.303389118419427,0.0920449571753172
75.666,0.272,10.88,0.0727779804536825,0.00529663443891659
75.684,0.634,25.36,0.385478357665772,0.148593564228701
75.701,0.181,7.24,0.0478630092322639,0.00229086765276777
75.701,0.595,23.8,0.322106879128344,0.103752841581801
75.72,0.712,28.48,0.552077439280758,0.304789498962799
75.738,0.569,22.76,0.285759054337495,0.0816582371358593
75.738,0.699,27.96,0.519995996533516,0.270395836410885
75.755,0.492,19.68,0.200447202736516,0.040179081084894
75.774,0.686,27.44,0.489778819368447,0.239883291901949
75.774,0.751,30.04,0.660693448007596,0.436515832240167
75.793,0.647,25.88,0.409260659730011,0.167494287602644
75.81,0.751,30.04,0.660693448007596,0.436515832240167
75.811,0.776,31.04,0.741310241300918,0.549540873857625
75.829,0.751,30.04,0.660693448007596,0.436515832240167
75.847,0.776,31.04,0.741310241300918,0.549540873857625
75.847,0.789,31.56,0.787045789695099,0.619441075076782
75.865,0.776,31.04,0.741310241300918,0.549540873857625
75.882,0.789,31.56,0.787045789695099,0.619441075076782
75.883,0.764,30.56,0.701455298419972,0.492039535681452
75.901,0.789,31.56,0.787045789695099,0.619441075076782
75.92,0.764,30.56,0.701455298419972,0.492039535681452
75.921,0.725,29,0.586138164514029,0.343557947899875
75.938,0.776,31.04,0.741310241300918,0.549540873857625
75.955,0.738,29.52,0.62230028516916,0.387257644921618
75.955,0.66,26.4,0.434510224171572,0.18879913490963
75.974,0.738,29.52,0.62230028516916,0.387257644921618
75.992,0.686,27.44,0.489778819368447,0.239883291901949
75.992,0.479,19.16,0.188799134909629,0.0356451133426244
76.01,0.699,27.96,0.519995996533516,0.270395836410885
76.01,0.544,21.76,0.254683025258504,0.064863443354824
76.028,0.311,12.44,0.0870963589956081,0.00758577575029184
76.046,0.595,23.8,0.322106879128344,0.103752841581801
76.046,0.194,7.76,0.0508159442560561,0.0025822601906346
76.065,0.595,23.8,0.322106879128344,0.103752841581801
76.083,0.298,11.92,0.0820351544329818,0.00672976656284318
76.083,0.556,22.24,0.269153480392692,0.0724435960074991
76.101,0.686,27.44,0.489778819368447,0.239883291901949
76.12,0.505,20.2,0.212813904598271,0.0452897579903621
76.12,0.686,27.44,0.489778819368447,0.239883291901949
76.137,0.44,17.6,0.157761126969935,0.0248885731828239
76.155,0.66,26.4,0.434510224171572,0.18879913490963
76.155,0.738,29.52,0.62230028516916,0.387257644921618
76.174,0.621,24.84,0.363078054770102,0.131825673855641
76.192,0.725,29,0.586138164514029,0.343557947899875
76.192,0.764,30.56,0.701455298419972,0.492039535681452
76.21,0.712,28.48,0.552077439280758,0.304789498962799
76.229,0.764,30.56,0.701455298419972,0.492039535681452
76.229,0.764,30.56,0.701455298419972,0.492039535681452
76.248,0.751,30.04,0.660693448007596,0.436515832240167
76.267,0.776,31.04,0.741310241300918,0.549540873857625
76.267,0.764,30.56,0.701455298419972,0.492039535681452
76.287,0.776,31.04,0.741310241300918,0.549540873857625
76.287,0.764,30.56,0.701455298419972,0.492039535681452
76.305,0.712,28.48,0.552077439280758,0.304789498962799
76.329,0.764,30.56,0.701455298419972,0.492039535681452
76.329,0.725,29,0.586138164514029,0.343557947899875
76.351,0.647,25.88,0.409260659730011,0.167494287602644
76.351,0.738,29.52,0.62230028516916,0.387257644921618
76.371,0.673,26.92,0.46131757456038,0.212813904598272
76.371,0.492,19.68,0.200447202736516,0.040179081084894
76.396,0.686,27.44,0.489778819368447,0.239883291901949
76.396,0.556,22.24,0.269153480392692,0.0724435960074991
76.422,0.22,8.8,0.057279603098583,0.00328095293113119
76.422,0.582,23.28,0.303389118419427,0.0920449571753172
76.446,0.155,6.2,0.0424619563946313,0.00180301774085957
76.446,0.569,22.76,0.285759054337495,0.0816582371358593
76.47,0.311,12.44,0.0870963589956081,0.00758577575029184
76.47,0.518,20.72,0.225943577022098,0.0510504999975407
76.495,0.673,26.92,0.46131757456038,0.212813904598272
76.495,0.453,18.12,0.167494287602644,0.0280543363795172
76.519,0.66,26.4,0.434510224171572,0.18879913490963
76.519,0.375,15,0.116949939101987,0.0136772882559585
76.543,0.621,24.84,0.363078054770102,0.131825673855641
76.543,0.712,28.48,0.552077439280758,0.304789498962799
76.562,0.608,24.32,0.341979442513709,0.116949939101987
76.562,0.712,28.48,0.552077439280758,0.304789498962799
76.583,0.751,30.04,0.660693448007596,0.436515832240167
76.583,0.699,27.96,0.519995996533516,0.270395836410885
76.605,0.738,29.52,0.62230028516916,0.387257644921618
76.623,0.751,30.04,0.660693448007596,0.436515832240167
76.624,0.738,29.52,0.62230028516916,0.387257644921618
76.644,0.764,30.56,0.701455298419972,0.492039535681452
76.644,0.764,30.56,0.701455298419972,0.492039535681452
76.664,0.764,30.56,0.701455298419972,0.492039535681452
76.683,0.751,30.04,0.660693448007596,0.436515832240167
76.683,0.725,29,0.586138164514029,0.343557947899875
76.704,0.751,30.04,0.660693448007596,0.436515832240167
76.704,0.738,29.52,0.62230028516916,0.387257644921618
76.728,0.66,26.4,0.434510224171572,0.18879913490963
76.728,0.751,30.04,0.660693448007596,0.436515832240167
76.751,0.673,26.92,0.46131757456038,0.212813904598272
76.751,0.518,20.72,0.225943577022098,0.0510504999975407
76.778,0.699,27.96,0.519995996533516,0.270395836410885
76.778,0.569,22.76,0.285759054337495,0.0816582371358593
76.802,0.207,8.28,0.0539510622515128,0.00291071711806661
76.802,0.608,24.32,0.341979442513709,0.116949939101987
76.832,0.246,9.84,0.0645654229034656,0.00416869383470336
76.832,0.544,21.76,0.254683025258504,0.064863443354824
76.853,0.375,15,0.116949939101987,0.0136772882559585
76.853,0.479,19.16,0.188799134909629,0.0356451133426244
76.873,0.66,26.4,0.434510224171572,0.18879913490963
76.873,0.401,16.04,0.131825673855641,0.0173780082874938
76.893,0.634,25.36,0.385478357665772,0.148593564228701
76.893,0.466,18.64,0.177827941003892,0.0316227766016838
76.914,0.621,24.84,0.363078054770102,0.131825673855641
76.935,0.725,29,0.586138164514029,0.343557947899875
76.935,0.582,23.28,0.303389118419427,0.0920449571753172
76.955,0.686,27.44,0.489778819368447,0.239883291901949
76.955,0.751,30.04,0.660693448007596,0.436515832240167
76.976,0.686,27.44,0.489778819368447,0.239883291901949
76.976,0.738,29.52,0.62230028516916,0.387257644921618
76.995,0.776,31.04,0.741310241300918,0.549540873857625
77.013,0.738,29.52,0.62230028516916,0.387257644921618
77.013,0.764,30.56,0.701455298419972,0.492039535681452
77.032,0.751,30.04,0.660693448007596,0.436515832240167
77.05,0.764,30.56,0.701455298419972,0.492039535681452
77.05,0.764,30.56,0.701455298419972,0.492039535681452
77.07,0.725,29,0.586138164514029,0.343557947899875
77.09,0.764,30.56,0.701455298419972,0.492039535681452
77.09,0.738,29.52,0.62230028516916,0.387257644921618
77.108,0.66,26.4,0.434510224171572,0.18879913490963
77.108,0.738,29.52,0.62230028516916,0.387257644921618
77.127,0.686,27.44,0.489778819368447,0.239883291901949
77.145,0.544,21.76,0.254683025258504,0.064863443354824
77.145,0.699,27.96,0.519995996533516,0.270395836410885
77.164,0.582,23.28,0.303389118419427,0.0920449571753172
77.182,0.207,8.28,0.0539510622515128,0.00291071711806661
77.182,0.608,24.32,0.341979442513709,0.116949939101987
77.2,0.324,12.96,0.0924698173938223,0.00855066712884685
77.219,0.544,21.76,0.254683025258504,0.064863443354824
77.219,0.427,17.08,0.148593564228701,0.022080047330189
77.238,0.427,17.08,0.148593564228701,0.022080047330189
77.238,0.634,25.36,0.385478357665772,0.148593564228701
77.256,0.349,13.96,0.103752841581801,0.0107646521362984
77.275,0.621,24.84,0.363078054770102,0.131825673855641
77.275,0.233,9.32,0.0608135001278718,0.00369828179780267
77.294,0.582,23.28,0.303389118419427,0.0920449571753172
77.313,0.699,27.96,0.519995996533516,0.270395836410885
77.313,0.556,22.24,0.269153480392692,0.0724435960074991
77.331,0.686,27.44,0.489778819368447,0.239883291901949
77.349,0.738,29.52,0.62230028516916,0.387257644921618
77.349,0.66,26.4,0.434510224171572,0.18879913490963
77.368,0.725,29,0.586138164514029,0.343557947899875
77.368,0.764,30.56,0.701455298419972,0.492039535681452
77.388,0.725,29,0.586138164514029,0.343557947899875
77.406,0.751,30.04,0.660693448007596,0.436515832240167
77.406,0.751,30.04,0.660693448007596,0.436515832240167
77.424,0.751,30.04,0.660693448007596,0.436515832240167
77.443,0.751,30.04,0.660693448007596,0.436515832240167
77.443,0.725,29,0.586138164514029,0.343557947899875
77.461,0.751,30.04,0.660693448007596,0.436515832240167
77.479,0.738,29.52,0.62230028516916,0.387257644921618
77.479,0.673,26.92,0.46131757456038,0.212813904598272
77.498,0.751,30.04,0.660693448007596,0.436515832240167
77.516,0.686,27.44,0.489778819368447,0.239883291901949
77.516,0.569,22.76,0.285759054337495,0.0816582371358593
77.535,0.699,27.96,0.519995996533516,0.270395836410885
77.553,0.595,23.8,0.322106879128344,0.103752841581801
77.553,0.246,9.84,0.0645654229034656,0.00416869383470336
77.572,0.621,24.84,0.363078054770102,0.131825673855641
77.572,0.375,15,0.116949939101987,0.0136772882559585
77.59,0.479,19.16,0.188799134909629,0.0356451133426244
77.608,0.453,18.12,0.167494287602644,0.0280543363795172
77.608,0.479,19.16,0.188799134909629,0.0356451133426244
77.628,0.621,24.84,0.363078054770102,0.131825673855641
77.645,0.298,11.92,0.0820351544329818,0.00672976656284318
77.645,0.595,23.8,0.322106879128344,0.103752841581801
77.664,0.181,7.24,0.0478630092322639,0.00229086765276777
77.682,0.556,22.24,0.269153480392692,0.0724435960074991
77.682,0.686,27.44,0.489778819368447,0.239883291901949
77.701,0.518,20.72,0.225943577022098,0.0510504999975407
77.701,0.647,25.88,0.409260659730011,0.167494287602644
77.721,0.725,29,0.586138164514029,0.343557947899875
77.739,0.647,25.88,0.409260659730011,0.167494287602644
77.739,0.712,28.48,0.552077439280758,0.304789498962799
77.757,0.738,29.52,0.62230028516916,0.387257644921618
77.775,0.699,27.96,0.519995996533516,0.270395836410885
77.775,0.738,29.52,0.62230028516916,0.387257644921618
77.794,0.725,29,0.586138164514029,0.343557947899875
77.812,0.725,29,0.586138164514029,0.343557947899875
77.812,0.725,29,0.586138164514029,0.343557947899875
77.83,0.699,27.96,0.519995996533516,0.270395836410885
77.848,0.738,29.52,0.62230028516916,0.387257644921618
77.848,0.712,28.48,0.552077439280758,0.304789498962799
77.868,0.647,25.88,0.409260659730011,0.167494287602644
77.887,0.725,29,0.586138164514029,0.343557947899875
77.887,0.66,26.4,0.434510224171572,0.18879913490963
77.905,0.556,22.24,0.269153480392692,0.0724435960074991
77.906,0.673,26.92,0.46131757456038,0.212813904598272
77.925,0.569,22.76,0.285759054337495,0.0816582371358593
77.943,0.298,11.92,0.0820351544329818,0.00672976656284318
77.943,0.595,23.8,0.322106879128344,0.103752841581801
77.963,0.375,15,0.116949939101987,0.0136772882559585
77.982,0.388,15.52,0.124165230759241,0.0154170045294956
77.982,0.44,17.6,0.157761126969935,0.0248885731828239
78.001,0.285,11.4,0.0772680585095703,0.00597035286583838
78.001,0.544,21.76,0.254683025258504,0.064863443354824
78.019,0.168,6.72,0.0450816704541461,0.00203235701093622
78.041,0.479,19.16,0.188799134909629,0.0356451133426244
78.041,0.608,24.32,0.341979442513709,0.116949939101987
78.06,0.453,18.12,0.167494287602644,0.0280543363795172
78.06,0.582,23.28,0.303389118419427,0.0920449571753172
78.079,0.414,16.56,0.139958732257262,0.0195884467350599
78.097,0.569,22.76,0.285759054337495,0.0816582371358593
78.097,0.647,25.88,0.409260659730011,0.167494287602644
78.115,0.556,22.24,0.269153480392692,0.0724435960074991
78.133,0.66,26.4,0.434510224171572,0.18879913490963
78.133,0.699,27.96,0.519995996533516,0.270395836410885
78.151,0.66,26.4,0.434510224171572,0.18879913490963
78.17,0.712,28.48,0.552077439280758,0.304789498962799
78.17,0.712,28.48,0.552077439280758,0.304789498962799
78.188,0.712,28.48,0.552077439280758,0.304789498962799
78.206,0.725,29,0.586138164514029,0.343557947899875
78.206,0.699,27.96,0.519995996533516,0.270395836410885
78.223,0.712,28.48,0.552077439280758,0.304789498962799
78.242,0.699,27.96,0.519995996533516,0.270395836410885
78.242,0.634,25.36,0.385478357665772,0.148593564228701
78.258,0.699,27.96,0.519995996533516,0.270395836410885
78.276,0.647,25.88,0.409260659730011,0.167494287602644
78.276,0.544,21.76,0.254683025258504,0.064863443354824
78.296,0.66,26.4,0.434510224171572,0.18879913490963
78.314,0.569,22.76,0.285759054337495,0.0816582371358593
78.314,0.324,12.96,0.0924698173938223,0.00855066712884685
78.331,0.595,23.8,0.322106879128344,0.103752841581801
78.349,0.401,16.04,0.131825673855641,0.0173780082874938
78.349,0.336,13.44,0.0977237220955811,0.00954992586021437
78.367,0.466,18.64,0.177827941003892,0.0316227766016838
78.385,0.259,10.36,0.0685488226452662,0.00469894108605216
78.385,0.556,22.24,0.269153480392692,0.0724435960074991
78.403,0.168,6.72,0.0450816704541461,0.00203235701093622
78.421,0.531,21.24,0.239883291901949,0.0575439937337158
78.421,0.647,25.88,0.409260659730011,0.167494287602644
78.439,0.518,20.72,0.225943577022098,0.0510504999975407
78.456,0.634,25.36,0.385478357665772,0.148593564228701
78.457,0.427,17.08,0.148593564228701,0.022080047330189
78.474,0.608,24.32,0.341979442513709,0.116949939101987
78.492,0.673,26.92,0.46131757456038,0.212813904598272
78.492,0.582,23.28,0.303389118419427,0.0920449571753172
78.51,0.673,26.92,0.46131757456038,0.212813904598272
78.528,0.699,27.96,0.519995996533516,0.270395836410885
78.528,0.647,25.88,0.409260659730011,0.167494287602644
78.546,0.686,27.44,0.489778819368447,0.239883291901949
78.564,0.699,27.96,0.519995996533516,0.270395836410885
78.564,0.686,27.44,0.489778819368447,0.239883291901949
78.582,0.699,27.96,0.519995996533516,0.270395836410885
78.599,0.686,27.44,0.489778819368447,0.239883291901949
78.599,0.699,27.96,0.519995996533516,0.270395836410885
78.618,0.699,27.96,0.519995996533516,0.270395836410885
78.636,0.647,25.88,0.409260659730011,0.167494287602644
78.636,0.712,28.48,0.552077439280758,0.304789498962799
78.654,0.66,26.4,0.434510224171572,0.18879913490963
78.671,0.582,23.28,0.303389118419427,0.0920449571753172
78.671,0.673,26.92,0.46131757456038,0.212813904598272
78.689,0.608,24.32,0.341979442513709,0.116949939101987
78.71,0.388,15.52,0.124165230759241,0.0154170045294956
78.71,0.608,24.32,0.341979442513709,0.116949939101987
78.728,0.453,18.12,0.167494287602644,0.0280543363795172
78.729,0.298,11.92,0.0820351544329818,0.00672976656284318
78.746,0.492,19.68,0.200447202736516,0.040179081084894
78.766,0.207,8.28,0.0539510622515128,0.00291071711806661
78.766,0.531,21.24,0.239883291901949,0.0575439937337158
78.783,0.194,7.76,0.0508159442560561,0.0025822601906346
78.8,0.492,19.68,0.200447202736516,0.040179081084894
78.8,0.621,24.84,0.363078054770102,0.131825673855641
78.819,0.44,17.6,0.157761126969935,0.0248885731828239
78.837,0.608,24.32,0.341979442513709,0.116949939101987
78.837,0.375,15,0.116949939101987,0.0136772882559585
78.854,0.582,23.28,0.303389118419427,0.0920449571753172
78.873,0.673,26.92,0.46131757456038,0.212813904598272
78.873,0.556,22.24,0.269153480392692,0.0724435960074991
78.89,0.66,26.4,0.434510224171572,0.18879913490963
78.908,0.699,27.96,0.519995996533516,0.270395836410885
78.908,0.647,25.88,0.409260659730011,0.167494287602644
78.926,0.699,27.96,0.519995996533516,0.270395836410885
78.945,0.712,28.48,0.552077439280758,0.304789498962799
78.945,0.686,27.44,0.489778819368447,0.239883291901949
78.963,0.699,27.96,0.519995996533516,0.270395836410885
78.98,0.699,27.96,0.519995996533516,0.270395836410885
78.98,0.712,28.48,0.552077439280758,0.304789498962799
78.997,0.699,27.96,0.519995996533516,0.270395836410885
79.016,0.647,25.88,0.409260659730011,0.167494287602644
79.016,0.699,27.96,0.519995996533516,0.270395836410885
79.033,0.66,26.4,0.434510224171572,0.18879913490963
79.051,0.582,23.28,0.303389118419427,0.0920449571753172
79.051,0.686,27.44,0.489778819368447,0.239883291901949
79.068,0.595,23.8,0.322106879128344,0.103752841581801
79.086,0.414,16.56,0.139958732257262,0.0195884467350599
79.086,0.621,24.84,0.363078054770102,0.131825673855641
79.105,0.466,18.64,0.177827941003892,0.0316227766016838
79.123,0.233,9.32,0.0608135001278718,0.00369828179780267
79.123,0.518,20.72,0.225943577022098,0.0510504999975407
79.14,0.168,6.72,0.0450816704541461,0.00203235701093622
79.157,0.505,20.2,0.212813904598271,0.0452897579903621
79.158,0.233,9.32,0.0608135001278718,0.00369828179780267
79.175,0.466,18.64,0.177827941003892,0.0316227766016838
79.193,0.608,24.32,0.341979442513709,0.116949939101987
79.194,0.427,17.08,0.148593564228701,0.022080047330189
79.212,0.595,23.8,0.322106879128344,0.103752841581801
79.23,0.349,13.96,0.103752841581801,0.0107646521362984
79.23,0.569,22.76,0.285759054337495,0.0816582371358593
79.247,0.66,26.4,0.434510224171572,0.18879913490963
79.265,0.556,22.24,0.269153480392692,0.0724435960074991
79.265,0.647,25.88,0.409260659730011,0.167494287602644
79.284,0.686,27.44,0.489778819368447,0.239883291901949
79.301,0.647,25.88,0.409260659730011,0.167494287602644
79.301,0.686,27.44,0.489778819368447,0.239883291901949
79.32,0.699,27.96,0.519995996533516,0.270395836410885
79.337,0.673,26.92,0.46131757456038,0.212813904598272
79.338,0.699,27.96,0.519995996533516,0.270395836410885
79.355,0.699,27.96,0.519995996533516,0.270395836410885
79.373,0.699,27.96,0.519995996533516,0.270395836410885
79.373,0.686,27.44,0.489778819368447,0.239883291901949
79.391,0.66,26.4,0.434510224171572,0.18879913490963
79.41,0.699,27.96,0.519995996533516,0.270395836410885
79.41,0.673,26.92,0.46131757456038,0.212813904598272
79.427,0.595,23.8,0.322106879128344,0.103752841581801
79.445,0.673,26.92,0.46131757456038,0.212813904598272
79.445,0.608,24.32,0.341979442513709,0.116949939101987
79.462,0.44,17.6,0.157761126969935,0.0248885731828239
79.48,0.634,25.36,0.385478357665772,0.148593564228701
79.481,0.505,20.2,0.212813904598271,0.0452897579903621
79.498,0.207,8.28,0.0539510622515128,0.00291071711806661
79.517,0.531,21.24,0.239883291901949,0.0575439937337158
79.517,0.194,7.76,0.0508159442560561,0.0025822601906346
79.534,0.505,20.2,0.212813904598271,0.0452897579903621
79.552,0.311,12.44,0.0870963589956081,0.00758577575029184
79.552,0.44,17.6,0.157761126969935,0.0248885731828239
79.57,0.608,24.32,0.341979442513709,0.116949939101987
79.588,0.375,15,0.116949939101987,0.0136772882559585
79.588,0.595,23.8,0.322106879128344,0.103752841581801
79.607,0.272,10.88,0.0727779804536825,0.00529663443891659
79.625,0.569,22.76,0.285759054337495,0.0816582371358593
79.625,0.66,26.4,0.434510224171572,0.18879913490963
79.644,0.531,21.24,0.239883291901949,0.0575439937337158
79.644,0.647,25.88,0.409260659730011,0.167494287602644
79.662,0.686,27.44,0.489778819368447,0.239883291901949
79.68,0.634,25.36,0.385478357665772,0.148593564228701
79.68,0.686,27.44,0.489778819368447,0.239883291901949
79.697,0.712,28.48,0.552077439280758,0.304789498962799
79.716,0.686,27.44,0.489778819368447,0.239883291901949
79.716,0.712,28.48,0.552077439280758,0.304789498962799
79.733,0.699,27.96,0.519995996533516,0.270395836410885
79.751,0.699,27.96,0.519995996533516,0.270395836410885
79.751,0.699,27.96,0.519995996533516,0.270395836410885
79.771,0.66,26.4,0.434510224171572,0.18879913490963
79.788,0.712,28.48,0.552077439280758,0.304789498962799
79.788,0.686,27.44,0.489778819368447,0.239883291901949
79.805,0.608,24.32,0.341979442513709,0.116949939101987
79.824,0.686,27.44,0.489778819368447,0.239883291901949
79.824,0.634,25.36,0.385478357665772,0.148593564228701
79.841,0.479,19.16,0.188799134909629,0.0356451133426244
79.859,0.634,25.36,0.385478357665772,0.148593564228701
79.859,0.544,21.76,0.254683025258504,0.064863443354824
79.876,0.466,18.64,0.177827941003892,0.0316227766016838
79.895,0.544,21.76,0.254683025258504,0.064863443354824
79.895,0.246,9.84,0.0645654229034656,0.00416869383470336
79.913,0.466,18.64,0.177827941003892,0.0316227766016838
79.933,0.336,13.44,0.0977237220955811,0.00954992586021437
79.934,0.401,16.04,0.131825673855641,0.0173780082874938
79.951,0.595,23.8,0.322106879128344,0.103752841581801
79.969,0.349,13.96,0.103752841581801,0.0107646521362984
79.969,0.569,22.76,0.285759054337495,0.0816582371358593
79.987,0.246,9.84,0.0645654229034656,0.00416869383470336
80.004,0.544,21.76,0.254683025258504,0.064863443354824
80.004,0.647,25.88,0.409260659730011,0.167494287602644
80.022,0.505,20.2,0.212813904598271,0.0452897579903621
80.04,0.634,25.36,0.385478357665772,0.148593564228701
80.04,0.686,27.44,0.489778819368447,0.239883291901949
80.058,0.621,24.84,0.363078054770102,0.131825673855641
80.076,0.686,27.44,0.489778819368447,0.239883291901949
80.076,0.699,27.96,0.519995996533516,0.270395836410885
80.093,0.673,26.92,0.46131757456038,0.212813904598272
80.11,0.712,28.48,0.552077439280758,0.304789498962799
80.11,0.699,27.96,0.519995996533516,0.270395836410885
80.128,0.699,27.96,0.519995996533516,0.270395836410885
80.146,0.699,27.96,0.519995996533516,0.270395836410885
80.146,0.673,26.92,0.46131757456038,0.212813904598272
80.164,0.699,27.96,0.519995996533516,0.270395836410885
80.182,0.686,27.44,0.489778819368447,0.239883291901949
80.182,0.608,24.32,0.341979442513709,0.116949939101987
80.2,0.686,27.44,0.489778819368447,0.239883291901949
80.217,0.634,25.36,0.385478357665772,0.148593564228701
80.217,0.492,19.68,0.200447202736516,0.040179081084894
80.236,0.66,26.4,0.434510224171572,0.18879913490963
80.253,0.531,21.24,0.239883291901949,0.0575439937337158
80.253,0.181,7.24,0.0478630092322639,0.00229086765276777
80.27,0.556,22.24,0.269153480392692,0.0724435960074991
80.288,0.388,15.52,0.124165230759241,0.0154170045294956
80.288,0.453,18.12,0.167494287602644,0.0280543363795172
80.307,0.388,15.52,0.124165230759241,0.0154170045294956
80.325,0.375,15,0.116949939101987,0.0136772882559585
80.325,0.582,23.28,0.303389118419427,0.0920449571753172
80.343,0.272,10.88,0.0727779804536825,0.00529663443891659
80.361,0.556,22.24,0.269153480392692,0.0724435960074991
80.361,0.168,6.72,0.0450816704541461,0.00203235701093622
80.379,0.569,22.76,0.285759054337495,0.0816582371358593
80.396,0.634,25.36,0.385478357665772,0.148593564228701
80.396,0.492,19.68,0.200447202736516,0.040179081084894
80.414,0.621,24.84,0.363078054770102,0.131825673855641
80.432,0.686,27.44,0.489778819368447,0.239883291901949
80.432,0.595,23.8,0.322106879128344,0.103752841581801
80.45,0.673,26.92,0.46131757456038,0.212813904598272
80.47,0.686,27.44,0.489778819368447,0.239883291901949
80.47,0.673,26.92,0.46131757456038,0.212813904598272
80.487,0.699,27.96,0.519995996533516,0.270395836410885
80.504,0.699,27.96,0.519995996533516,0.270395836410885
80.504,0.686,27.44,0.489778819368447,0.239883291901949
80.522,0.699,27.96,0.519995996533516,0.270395836410885
80.541,0.673,26.92,0.46131757456038,0.212813904598272
80.541,0.712,28.48,0.552077439280758,0.304789498962799
80.558,0.686,27.44,0.489778819368447,0.239883291901949
80.576,0.621,24.84,0.363078054770102,0.131825673855641
80.576,0.686,27.44,0.489778819368447,0.239883291901949
80.593,0.634,25.36,0.385478357665772,0.148593564228701
80.612,0.518,20.72,0.225943577022098,0.0510504999975407
80.612,0.647,25.88,0.409260659730011,0.167494287602644
80.631,0.556,22.24,0.269153480392692,0.0724435960074991
80.649,0.259,10.36,0.0685488226452662,0.00469894108605216
80.65,0.582,23.28,0.303389118419427,0.0920449571753172
80.667,0.569,22.76,0.285759054337495,0.0816582371358593
80.668,0.401,16.04,0.131825673855641,0.0173780082874938
80.685,0.427,17.08,0.148593564228701,0.022080047330189
80.703,0.311,12.44,0.0870963589956081,0.00758577575029184
80.703,0.569,22.76,0.285759054337495,0.0816582371358593
80.72,0.233,9.32,0.0608135001278718,0.00369828179780267
80.738,0.544,21.76,0.254683025258504,0.064863443354824
80.738,0.621,24.84,0.363078054770102,0.131825673855641
80.757,0.518,20.72,0.225943577022098,0.0510504999975407
80.774,0.634,25.36,0.385478357665772,0.148593564228701
80.774,0.466,18.64,0.177827941003892,0.0316227766016838
80.793,0.621,24.84,0.363078054770102,0.131825673855641
80.811,0.686,27.44,0.489778819368447,0.239883291901949
80.811,0.595,23.8,0.322106879128344,0.103752841581801
80.829,0.673,26.92,0.46131757456038,0.212813904598272
80.846,0.699,27.96,0.519995996533516,0.270395836410885
80.846,0.66,26.4,0.434510224171572,0.18879913490963
80.864,0.699,27.96,0.519995996533516,0.270395836410885
80.883,0.712,28.48,0.552077439280758,0.304789498962799
80.883,0.699,27.96,0.519995996533516,0.270395836410885
80.901,0.699,27.96,0.519995996533516,0.270395836410885
80.919,0.686,27.44,0.489778819368447,0.239883291901949
80.919,0.699,27.96,0.519995996533516,0.270395836410885
80.936,0.686,27.44,0.489778819368447,0.239883291901949
80.954,0.634,25.36,0.385478357665772,0.148593564228701
80.954,0.686,27.44,0.489778819368447,0.239883291901949
80.971,0.647,25.88,0.409260659730011,0.167494287602644
80.988,0.531,21.24,0.239883291901949,0.0575439937337158
80.988,0.66,26.4,0.434510224171572,0.18879913490963
81.006,0.569,22.76,0.285759054337495,0.0816582371358593
81.025,0.311,12.44,0.0870963589956081,0.00758577575029184
81.025,0.595,23.8,0.322106879128344,0.103752841581801
81.042,0.388,15.52,0.124165230759241,0.0154170045294956
81.059,0.388,15.52,0.124165230759241,0.0154170045294956
81.077,0.453,18.12,0.167494287602644,0.0280543363795172
81.077,0.285,11.4,0.0772680585095703,0.00597035286583838
81.095,0.556,22.24,0.269153480392692,0.0724435960074991
81.112,0.181,7.24,0.0478630092322639,0.00229086765276777
81.112,0.531,21.24,0.239883291901949,0.0575439937337158
81.13,0.634,25.36,0.385478357665772,0.148593564228701
81.147,0.479,19.16,0.188799134909629,0.0356451133426244
81.148,0.634,25.36,0.385478357665772,0.148593564228701
81.165,0.44,17.6,0.157761126969935,0.0248885731828239
81.183,0.608,24.32,0.341979442513709,0.116949939101987
81.183,0.673,26.92,0.46131757456038,0.212813904598272
81.2,0.582,23.28,0.303389118419427,0.0920449571753172
81.22,0.673,26.92,0.46131757456038,0.212813904598272
81.22,0.699,27.96,0.519995996533516,0.270395836410885
81.239,0.66,26.4,0.434510224171572,0.18879913490963
81.239,0.686,27.44,0.489778819368447,0.239883291901949
81.256,0.686,27.44,0.489778819368447,0.239883291901949
81.273,0.686,27.44,0.489778819368447,0.239883291901949
81.291,0.699,27.96,0.519995996533516,0.270395836410885
81.291,0.686,27.44,0.489778819368447,0.239883291901949
81.309,0.699,27.96,0.519995996533516,0.270395836410885
81.329,0.686,27.44,0.489778819368447,0.239883291901949
81.329,0.647,25.88,0.409260659730011,0.167494287602644
81.348,0.699,27.96,0.519995996533516,0.270395836410885
81.348,0.66,26.4,0.434510224171572,0.18879913490963
81.368,0.556,22.24,0.269153480392692,0.0724435960074991
81.386,0.673,26.92,0.46131757456038,0.212813904598272
81.386,0.582,23.28,0.303389118419427,0.0920449571753172
81.405,0.479,19.16,0.188799134909629,0.0356451133426244
81.424,0.595,23.8,0.322106879128344,0.103752841581801
81.424,0.427,17.08,0.148593564228701,0.022080047330189
81.443,0.324,12.96,0.0924698173938223,0.00855066712884685
81.443,0.479,19.16,0.188799134909629,0.0356451133426244
81.463,0.207,8.28,0.0539510622515128,0.00291071711806661
81.481,0.531,21.24,0.239883291901949,0.0575439937337158
81.481,0.181,7.24,0.0478630092322639,0.00229086765276777
81.499,0.505,20.2,0.212813904598271,0.0452897579903621
81.516,0.634,25.36,0.385478357665772,0.148593564228701
81.516,0.453,18.12,0.167494287602644,0.0280543363795172
81.535,0.608,24.32,0.341979442513709,0.116949939101987
81.553,0.388,15.52,0.124165230759241,0.0154170045294956
81.553,0.595,23.8,0.322106879128344,0.103752841581801
81.57,0.673,26.92,0.46131757456038,0.212813904598272
81.589,0.556,22.24,0.269153480392692,0.0724435960074991
81.589,0.66,26.4,0.434510224171572,0.18879913490963
81.607,0.699,27.96,0.519995996533516,0.270395836410885
81.624,0.647,25.88,0.409260659730011,0.167494287602644
81.624,0.686,27.44,0.489778819368447,0.239883291901949
81.642,0.699,27.96,0.519995996533516,0.270395836410885
81.66,0.699,27.96,0.519995996533516,0.270395836410885
81.66,0.712,28.48,0.552077439280758,0.304789498962799
81.678,0.699,27.96,0.519995996533516,0.270395836410885
81.695,0.712,28.48,0.552077439280758,0.304789498962799
81.695,0.699,27.96,0.519995996533516,0.270395836410885
81.713,0.647,25.88,0.409260659730011,0.167494287602644
81.73,0.699,27.96,0.519995996533516,0.270395836410885
81.731,0.66,26.4,0.434510224171572,0.18879913490963
81.748,0.569,22.76,0.285759054337495,0.0816582371358593
81.767,0.673,26.92,0.46131757456038,0.212813904598272
81.767,0.582,23.28,0.303389118419427,0.0920449571753172
81.787,0.401,16.04,0.131825673855641,0.0173780082874938
81.806,0.621,24.84,0.363078054770102,0.131825673855641
81.806,0.453,18.12,0.167494287602644,0.0280543363795172
81.824,0.259,10.36,0.0685488226452662,0.00469894108605216
81.824,0.492,19.68,0.200447202736516,0.040179081084894
81.842,0.181,7.24,0.0478630092322639,0.00229086765276777
81.86,0.518,20.72,0.225943577022098,0.0510504999975407
81.86,0.194,7.76,0.0508159442560561,0.0025822601906346
81.878,0.479,19.16,0.188799134909629,0.0356451133426244
81.899,0.621,24.84,0.363078054770102,0.131825673855641
81.899,0.44,17.6,0.157761126969935,0.0248885731828239
81.917,0.595,23.8,0.322106879128344,0.103752841581801
81.937,0.362,14.48,0.110153930954142,0.0121338885046498
81.937,0.582,23.28,0.303389118419427,0.0920449571753172
81.956,0.66,26.4,0.434510224171572,0.18879913490963
81.956,0.556,22.24,0.269153480392692,0.0724435960074991
81.976,0.647,25.88,0.409260659730011,0.167494287602644
81.997,0.699,27.96,0.519995996533516,0.270395836410885
81.997,0.634,25.36,0.385478357665772,0.148593564228701
82.017,0.686,27.44,0.489778819368447,0.239883291901949
82.017,0.699,27.96,0.519995996533516,0.270395836410885
82.037,0.673,26.92,0.46131757456038,0.212813904598272
82.037,0.699,27.96,0.519995996533516,0.270395836410885
82.056,0.686,27.44,0.489778819368447,0.239883291901949
82.074,0.699,27.96,0.519995996533516,0.270395836410885
82.074,0.699,27.96,0.519995996533516,0.270395836410885
82.091,0.66,26.4,0.434510224171572,0.18879913490963
82.109,0.699,27.96,0.519995996533516,0.270395836410885
82.109,0.673,26.92,0.46131757456038,0.212813904598272
82.127,0.582,23.28,0.303389118419427,0.0920449571753172
82.146,0.673,26.92,0.46131757456038,0.212813904598272
82.146,0.595,23.8,0.322106879128344,0.103752841581801
82.165,0.44,17.6,0.157761126969935,0.0248885731828239
82.183,0.621,24.84,0.363078054770102,0.131825673855641
82.183,0.479,19.16,0.188799134909629,0.0356451133426244
82.201,0.22,8.8,0.057279603098583,0.00328095293113119
82.22,0.518,20.72,0.225943577022098,0.0510504999975407
82.22,0.194,7.76,0.0508159442560561,0.0025822601906346
82.239,0.505,20.2,0.212813904598271,0.0452897579903621
82.258,0.272,10.88,0.0727779804536825,0.00529663443891659
82.259,0.453,18.12,0.167494287602644,0.0280543363795172
82.278,0.608,24.32,0.341979442513709,0.116949939101987
82.278,0.401,16.04,0.131825673855641,0.0173780082874938
82.294,0.595,23.8,0.322106879128344,0.103752841581801
82.313,0.311,12.44,0.0870963589956081,0.00758577575029184
82.313,0.569,22.76,0.285759054337495,0.0816582371358593
82.331,0.647,25.88,0.409260659730011,0.167494287602644
82.348,0.544,21.76,0.254683025258504,0.064863443354824
82.35,0.647,25.88,0.409260659730011,0.167494287602644
82.369,0.686,27.44,0.489778819368447,0.239883291901949
82.387,0.621,24.84,0.363078054770102,0.131825673855641
82.387,0.686,27.44,0.489778819368447,0.239883291901949
82.404,0.699,27.96,0.519995996533516,0.270395836410885
82.421,0.686,27.44,0.489778819368447,0.239883291901949
82.421,0.712,28.48,0.552077439280758,0.304789498962799
82.44,0.686,27.44,0.489778819368447,0.239883291901949
82.458,0.699,27.96,0.519995996533516,0.270395836410885
82.458,0.699,27.96,0.519995996533516,0.270395836410885
82.475,0.66,26.4,0.434510224171572,0.18879913490963
82.493,0.686,27.44,0.489778819368447,0.239883291901949
82.493,0.673,26.92,0.46131757456038,0.212813904598272
82.511,0.582,23.28,0.303389118419427,0.0920449571753172
82.53,0.673,26.92,0.46131757456038,0.212813904598272
82.53,0.608,24.32,0.341979442513709,0.116949939101987
82.549,0.466,18.64,0.177827941003892,0.0316227766016838
82.568,0.634,25.36,0.385478357665772,0.148593564228701
82.568,0.518,20.72,0.225943577022098,0.0510504999975407
82.586,0.168,6.72,0.0450816704541461,0.00203235701093622
82.586,0.531,21.24,0.239883291901949,0.0575439937337158
82.605,0.22,8.8,0.057279603098583,0.00328095293113119
82.623,0.479,19.16,0.188799134909629,0.0356451133426244
82.623,0.311,12.44,0.0870963589956081,0.00758577575029184
82.642,0.414,16.56,0.139958732257262,0.0195884467350599
82.661,0.595,23.8,0.322106879128344,0.103752841581801
82.661,0.349,13.96,0.103752841581801,0.0107646521362984
82.682,0.569,22.76,0.285759054337495,0.0816582371358593
82.682,0.259,10.36,0.0685488226452662,0.00469894108605216
82.701,0.544,21.76,0.254683025258504,0.064863443354824
82.72,0.647,25.88,0.409260659730011,0.167494287602644
82.72,0.518,20.72,0.225943577022098,0.0510504999975407
82.738,0.634,25.36,0.385478357665772,0.148593564228701
82.756,0.686,27.44,0.489778819368447,0.239883291901949
82.757,0.608,24.32,0.341979442513709,0.116949939101987
82.775,0.686,27.44,0.489778819368447,0.239883291901949
82.775,0.699,27.96,0.519995996533516,0.270395836410885
82.794,0.673,26.92,0.46131757456038,0.212813904598272
82.813,0.699,27.96,0.519995996533516,0.270395836410885
82.813,0.699,27.96,0.519995996533516,0.270395836410885
82.833,0.699,27.96,0.519995996533516,0.270395836410885
82.853,0.699,27.96,0.519995996533516,0.270395836410885
82.853,0.686,27.44,0.489778819368447,0.239883291901949
82.872,0.699,27.96,0.519995996533516,0.270395836410885
82.872,0.686,27.44,0.489778819368447,0.239883291901949
82.89,0.608,24.32,0.341979442513709,0.116949939101987
82.909,0.686,27.44,0.489778819368447,0.239883291901949
82.909,0.621,24.84,0.363078054770102,0.131825673855641
82.928,0.492,19.68,0.200447202736516,0.040179081084894
82.947,0.647,25.88,0.409260659730011,0.167494287602644
82.947,0.608,24.32,0.341979442513709,0.116949939101987
82.967,0.181,7.24,0.0478630092322639,0.00229086765276777
82.967,0.556,22.24,0.269153480392692,0.0724435960074991
82.985,0.285,11.4,0.0772680585095703,0.00597035286583838
83.004,0.453,18.12,0.167494287602644,0.0280543363795172
83.004,0.362,14.48,0.110153930954142,0.0121338885046498
83.024,0.401,16.04,0.131825673855641,0.0173780082874938
83.042,0.582,23.28,0.303389118419427,0.0920449571753172
83.042,0.298,11.92,0.0820351544329818,0.00672976656284318
83.06,0.556,22.24,0.269153480392692,0.0724435960074991
83.078,0.194,7.76,0.0508159442560561,0.0025822601906346
83.079,0.531,21.24,0.239883291901949,0.0575439937337158
83.097,0.647,25.88,0.409260659730011,0.167494287602644
83.097,0.492,19.68,0.200447202736516,0.040179081084894
83.115,0.634,25.36,0.385478357665772,0.148593564228701
83.133,0.686,27.44,0.489778819368447,0.239883291901949
83.133,0.608,24.32,0.341979442513709,0.116949939101987
83.151,0.686,27.44,0.489778819368447,0.239883291901949
83.169,0.699,27.96,0.519995996533516,0.270395836410885
83.169,0.673,26.92,0.46131757456038,0.212813904598272
83.188,0.699,27.96,0.519995996533516,0.270395836410885
83.206,0.699,27.96,0.519995996533516,0.270395836410885
83.206,0.699,27.96,0.519995996533516,0.270395836410885
83.223,0.699,27.96,0.519995996533516,0.270395836410885
83.241,0.673,26.92,0.46131757456038,0.212813904598272
83.241,0.699,27.96,0.519995996533516,0.270395836410885
83.259,0.673,26.92,0.46131757456038,0.212813904598272
83.276,0.608,24.32,0.341979442513709,0.116949939101987
83.276,0.686,27.44,0.489778819368447,0.239883291901949
83.293,0.634,25.36,0.385478357665772,0.148593564228701
83.311,0.505,20.2,0.212813904598271,0.0452897579903621
83.311,0.647,25.88,0.409260659730011,0.167494287602644
83.33,0.544,21.76,0.254683025258504,0.064863443354824
83.348,0.22,8.8,0.057279603098583,0.00328095293113119
83.348,0.556,22.24,0.269153480392692,0.0724435960074991
83.367,0.324,12.96,0.0924698173938223,0.00855066712884685
83.385,0.414,16.56,0.139958732257262,0.0195884467350599
83.385,0.414,16.56,0.139958732257262,0.0195884467350599
83.402,0.324,12.96,0.0924698173938223,0.00855066712884685
83.42,0.569,22.76,0.285759054337495,0.0816582371358593
83.42,0.207,8.28,0.0539510622515128,0.00291071711806661
83.438,0.544,21.76,0.254683025258504,0.064863443354824
83.458,0.298,11.92,0.0820351544329818,0.00672976656284318
83.458,0.505,20.2,0.212813904598271,0.0452897579903621
83.475,0.647,25.88,0.409260659730011,0.167494287602644
83.494,0.466,18.64,0.177827941003892,0.0316227766016838
83.494,0.621,24.84,0.363078054770102,0.131825673855641
83.512,0.686,27.44,0.489778819368447,0.239883291901949
83.53,0.595,23.8,0.322106879128344,0.103752841581801
83.53,0.673,26.92,0.46131757456038,0.212813904598272
83.547,0.699,27.96,0.519995996533516,0.270395836410885
83.565,0.66,26.4,0.434510224171572,0.18879913490963
83.565,0.699,27.96,0.519995996533516,0.270395836410885
83.583,0.699,27.96,0.519995996533516,0.270395836410885
83.6,0.699,27.96,0.519995996533516,0.270395836410885
83.6,0.699,27.96,0.519995996533516,0.270395836410885
83.618,0.673,26.92,0.46131757456038,0.212813904598272
83.637,0.699,27.96,0.519995996533516,0.270395836410885
83.637,0.686,27.44,0.489778819368447,0.239883291901949
83.655,0.634,25.36,0.385478357665772,0.148593564228701
83.673,0.686,27.44,0.489778819368447,0.239883291901949
83.673,0.634,25.36,0.385478357665772,0.148593564228701
83.69,0.531,21.24,0.239883291901949,0.0575439937337158
83.709,0.647,25.88,0.409260659730011,0.167494287602644
83.709,0.569,22.76,0.285759054337495,0.0816582371358593
83.73,0.285,11.4,0.0772680585095703,0.00597035286583838
83.73,0.595,23.8,0.322106879128344,0.103752841581801
83.754,0.375,15,0.116949939101987,0.0136772882559585
83.754,0.401,16.04,0.131825673855641,0.0173780082874938
83.775,0.44,17.6,0.157761126969935,0.0248885731828239
83.775,0.311,12.44,0.0870963589956081,0.00758577575029184
83.795,0.569,22.76,0.285759054337495,0.0816582371358593
83.815,0.194,7.76,0.0508159442560561,0.0025822601906346
83.815,0.531,21.24,0.239883291901949,0.0575439937337158
83.836,0.647,25.88,0.409260659730011,0.167494287602644
83.836,0.505,20.2,0.212813904598271,0.0452897579903621
83.856,0.634,25.36,0.385478357665772,0.148593564228701
83.876,0.453,18.12,0.167494287602644,0.0280543363795172
83.876,0.608,24.32,0.341979442513709,0.116949939101987
83.899,0.673,26.92,0.46131757456038,0.212813904598272
83.899,0.595,23.8,0.322106879128344,0.103752841581801
83.921,0.673,26.92,0.46131757456038,0.212813904598272
83.921,0.699,27.96,0.519995996533516,0.270395836410885
83.943,0.66,26.4,0.434510224171572,0.18879913490963
83.943,0.699,27.96,0.519995996533516,0.270395836410885
83.964,0.699,27.96,0.519995996533516,0.270395836410885
83.984,0.699,27.96,0.519995996533516,0.270395836410885
83.984,0.699,27.96,0.519995996533516,0.270395836410885
84.004,0.686,27.44,0.489778819368447,0.239883291901949
84.004,0.699,27.96,0.519995996533516,0.270395836410885
84.026,0.686,27.44,0.489778819368447,0.239883291901949
84.026,0.634,25.36,0.385478357665772,0.148593564228701
84.046,0.686,27.44,0.489778819368447,0.239883291901949
84.068,0.647,25.88,0.409260659730011,0.167494287602644
84.068,0.544,21.76,0.254683025258504,0.064863443354824
84.094,0.66,26.4,0.434510224171572,0.18879913490963
84.094,0.569,22.76,0.285759054337495,0.0816582371358593
84.118,0.349,13.96,0.103752841581801,0.0107646521362984
84.118,0.595,23.8,0.322106879128344,0.103752841581801
84.138,0.414,16.56,0.139958732257262,0.0195884467350599
84.138,0.324,12.96,0.0924698173938223,0.00855066712884685
84.159,0.479,19.16,0.188799134909629,0.0356451133426244
84.159,0.207,8.28,0.0539510622515128,0.00291071711806661
84.18,0.544,21.76,0.254683025258504,0.064863443354824
84.201,0.155,6.2,0.0424619563946313,0.00180301774085957
84.201,0.518,20.72,0.225943577022098,0.0510504999975407
84.219,0.634,25.36,0.385478357665772,0.148593564228701
84.219,0.479,19.16,0.188799134909629,0.0356451133426244
84.236,0.621,24.84,0.363078054770102,0.131825673855641
84.253,0.414,16.56,0.139958732257262,0.0195884467350599
84.253,0.595,23.8,0.322106879128344,0.103752841581801
84.271,0.686,27.44,0.489778819368447,0.239883291901949
84.29,0.569,22.76,0.285759054337495,0.0816582371358593
84.29,0.66,26.4,0.434510224171572,0.18879913490963
84.308,0.699,27.96,0.519995996533516,0.270395836410885
84.325,0.66,26.4,0.434510224171572,0.18879913490963
84.325,0.699,27.96,0.519995996533516,0.270395836410885
84.343,0.699,27.96,0.519995996533516,0.270395836410885
84.36,0.686,27.44,0.489778819368447,0.239883291901949
84.36,0.699,27.96,0.519995996533516,0.270395836410885
84.379,0.686,27.44,0.489778819368447,0.239883291901949
84.397,0.699,27.96,0.519995996533516,0.270395836410885
84.397,0.686,27.44,0.489778819368447,0.239883291901949
84.415,0.647,25.88,0.409260659730011,0.167494287602644
84.433,0.699,27.96,0.519995996533516,0.270395836410885
84.433,0.66,26.4,0.434510224171572,0.18879913490963
84.451,0.569,22.76,0.285759054337495,0.0816582371358593
84.469,0.673,26.92,0.46131757456038,0.212813904598272
84.469,0.582,23.28,0.303389118419427,0.0920449571753172
84.486,0.401,16.04,0.131825673855641,0.0173780082874938
84.504,0.608,24.32,0.341979442513709,0.116949939101987
84.504,0.44,17.6,0.157761126969935,0.0248885731828239
84.523,0.272,10.88,0.0727779804536825,0.00529663443891659
84.54,0.492,19.68,0.200447202736516,0.040179081084894
84.541,0.181,7.24,0.0478630092322639,0.00229086765276777
84.558,0.531,21.24,0.239883291901949,0.0575439937337158
84.576,0.155,6.2,0.0424619563946313,0.00180301774085957
84.576,0.492,19.68,0.200447202736516,0.040179081084894
84.593,0.621,24.84,0.363078054770102,0.131825673855641
84.611,0.453,18.12,0.167494287602644,0.0280543363795172
84.611,0.608,24.32,0.341979442513709,0.116949939101987
84.629,0.388,15.52,0.124165230759241,0.0154170045294956
84.647,0.582,23.28,0.303389118419427,0.0920449571753172
84.647,0.673,26.92,0.46131757456038,0.212813904598272
84.664,0.569,22.76,0.285759054337495,0.0816582371358593
84.682,0.647,25.88,0.409260659730011,0.167494287602644
84.682,0.699,27.96,0.519995996533516,0.270395836410885
84.7,0.647,25.88,0.409260659730011,0.167494287602644
84.72,0.686,27.44,0.489778819368447,0.239883291901949
84.72,0.699,27.96,0.519995996533516,0.270395836410885
84.739,0.686,27.44,0.489778819368447,0.239883291901949
84.758,0.699,27.96,0.519995996533516,0.270395836410885
84.758,0.686,27.44,0.489778819368447,0.239883291901949
84.776,0.699,27.96,0.519995996533516,0.270395836410885
84.776,0.699,27.96,0.519995996533516,0.270395836410885
84.794,0.66,26.4,0.434510224171572,0.18879913490963
84.814,0.699,27.96,0.519995996533516,0.270395836410885
84.814,0.66,26.4,0.434510224171572,0.18879913490963
84.832,0.582,23.28,0.303389118419427,0.0920449571753172
84.852,0.673,26.92,0.46131757456038,0.212813904598272
84.852,0.595,23.8,0.322106879128344,0.103752841581801
84.87,0.414,16.56,0.139958732257262,0.0195884467350599
84.888,0.608,24.32,0.341979442513709,0.116949939101987
84.888,0.479,19.16,0.188799134909629,0.0356451133426244
84.904,0.22,8.8,0.057279603098583,0.00328095293113119
84.923,0.518,20.72,0.225943577022098,0.0510504999975407
84.923,0.142,5.68,0.0399944749761098,0.00159955802861467
84.941,0.518,20.72,0.225943577022098,0.0510504999975407
84.959,0.246,9.84,0.0645654229034656,0.00416869383470336
84.959,0.466,18.64,0.177827941003892,0.0316227766016838
84.977,0.621,24.84,0.363078054770102,0.131825673855641
84.995,0.401,16.04,0.131825673855641,0.0173780082874938
84.995,0.595,23.8,0.322106879128344,0.103752841581801
85.013,0.311,12.44,0.0870963589956081,0.00758577575029184
85.03,0.582,23.28,0.303389118419427,0.0920449571753172
85.03,0.66,26.4,0.434510224171572,0.18879913490963
85.048,0.544,21.76,0.254683025258504,0.064863443354824
85.067,0.647,25.88,0.409260659730011,0.167494287602644
85.067,0.699,27.96,0.519995996533516,0.270395836410885
85.085,0.634,25.36,0.385478357665772,0.148593564228701
85.101,0.699,27.96,0.519995996533516,0.270395836410885
85.101,0.712,28.48,0.552077439280758,0.304789498962799
85.119,0.673,26.92,0.46131757456038,0.212813904598272
85.136,0.699,27.96,0.519995996533516,0.270395836410885
85.136,0.686,27.44,0.489778819368447,0.239883291901949
85.154,0.699,27.96,0.519995996533516,0.270395836410885
85.172,0.699,27.96,0.519995996533516,0.270395836410885
85.172,0.66,26.4,0.434510224171572,0.18879913490963
85.191,0.699,27.96,0.519995996533516,0.270395836410885
85.209,0.66,26.4,0.434510224171572,0.18879913490963
85.209,0.595,23.8,0.322106879128344,0.103752841581801
85.226,0.673,26.92,0.46131757456038,0.212813904598272
85.243,0.621,24.84,0.363078054770102,0.131825673855641
85.243,0.453,18.12,0.167494287602644,0.0280543363795172
85.262,0.634,25.36,0.385478357665772,0.148593564228701
85.28,0.492,19.68,0.200447202736516,0.040179081084894
85.28,0.155,6.2,0.0424619563946313,0.00180301774085957
85.297,0.531,21.24,0.239883291901949,0.0575439937337158
85.315,0.375,15,0.116949939101987,0.0136772882559585
85.315,0.466,18.64,0.177827941003892,0.0316227766016838
85.332,0.298,11.92,0.0820351544329818,0.00672976656284318
85.349,0.44,17.6,0.157761126969935,0.0248885731828239
85.349,0.608,24.32,0.341979442513709,0.116949939101987
85.367,0.466,18.64,0.177827941003892,0.0316227766016838
85.385,0.582,23.28,0.303389118419427,0.0920449571753172
85.385,0.272,10.88,0.0727779804536825,0.00529663443891659
85.404,0.544,21.76,0.254683025258504,0.064863443354824
85.421,0.634,25.36,0.385478357665772,0.148593564228701
85.421,0.518,20.72,0.225943577022098,0.0510504999975407
85.439,0.634,25.36,0.385478357665772,0.148593564228701
85.457,0.686,27.44,0.489778819368447,0.239883291901949
85.457,0.621,24.84,0.363078054770102,0.131825673855641
85.476,0.686,27.44,0.489778819368447,0.239883291901949
85.493,0.699,27.96,0.519995996533516,0.270395836410885
85.493,0.673,26.92,0.46131757456038,0.212813904598272
85.511,0.699,27.96,0.519995996533516,0.270395836410885
85.529,0.699,27.96,0.519995996533516,0.270395836410885
85.529,0.686,27.44,0.489778819368447,0.239883291901949
85.548,0.699,27.96,0.519995996533516,0.270395836410885
85.565,0.66,26.4,0.434510224171572,0.18879913490963
85.565,0.699,27.96,0.519995996533516,0.270395836410885
85.583,0.673,26.92,0.46131757456038,0.212813904598272
85.602,0.608,24.32,0.341979442513709,0.116949939101987
85.602,0.673,26.92,0.46131757456038,0.212813904598272
85.62,0.634,25.36,0.385478357665772,0.148593564228701
85.636,0.466,18.64,0.177827941003892,0.0316227766016838
85.636,0.647,25.88,0.409260659730011,0.167494287602644
85.655,0.531,21.24,0.239883291901949,0.0575439937337158
85.673,0.168,6.72,0.0450816704541461,0.00203235701093622
85.673,0.544,21.76,0.254683025258504,0.064863443354824
85.691,0.259,10.36,0.0685488226452662,0.00469894108605216
85.708,0.453,18.12,0.167494287602644,0.0280543363795172
85.708,0.375,15,0.116949939101987,0.0136772882559585
85.727,0.401,16.04,0.131825673855641,0.0173780082874938
85.746,0.595,23.8,0.322106879128344,0.103752841581801
85.746,0.336,13.44,0.0977237220955811,0.00954992586021437
85.763,0.569,22.76,0.285759054337495,0.0816582371358593
85.782,0.207,8.28,0.0539510622515128,0.00291071711806661
85.782,0.531,21.24,0.239883291901949,0.0575439937337158
85.801,0.647,25.88,0.409260659730011,0.167494287602644
85.801,0.505,20.2,0.212813904598271,0.0452897579903621
85.82,0.634,25.36,0.385478357665772,0.148593564228701
85.837,0.686,27.44,0.489778819368447,0.239883291901949
85.837,0.621,24.84,0.363078054770102,0.131825673855641
85.855,0.673,26.92,0.46131757456038,0.212813904598272
85.873,0.699,27.96,0.519995996533516,0.270395836410885
85.873,0.673,26.92,0.46131757456038,0.212813904598272
85.893,0.699,27.96,0.519995996533516,0.270395836410885
85.911,0.699,27.96,0.519995996533516,0.270395836410885
85.911,0.699,27.96,0.519995996533516,0.270395836410885
85.93,0.712,28.48,0.552077439280758,0.304789498962799
85.947,0.686,27.44,0.489778819368447,0.239883291901949
85.947,0.712,28.48,0.552077439280758,0.304789498962799
85.964,0.686,27.44,0.489778819368447,0.239883291901949
85.982,0.634,25.36,0.385478357665772,0.148593564228701
85.982,0.686,27.44,0.489778819368447,0.239883291901949
86,0.634,25.36,0.385478357665772,0.148593564228701
86.017,0.505,20.2,0.212813904598271,0.0452897579903621
86.017,0.66,26.4,0.434510224171572,0.18879913490963
86.035,0.544,21.76,0.254683025258504,0.064863443354824
86.053,0.22,8.8,0.057279603098583,0.00328095293113119
86.053,0.556,22.24,0.269153480392692,0.0724435960074991
86.07,0.311,12.44,0.0870963589956081,0.00758577575029184
86.088,0.427,17.08,0.148593564228701,0.022080047330189
86.088,0.388,15.52,0.124165230759241,0.0154170045294956
86.105,0.349,13.96,0.103752841581801,0.0107646521362984
86.124,0.595,23.8,0.322106879128344,0.103752841581801
86.124,0.246,9.84,0.0645654229034656,0.00416869383470336
86.142,0.556,22.24,0.269153480392692,0.0724435960074991
86.16,0.155,6.2,0.0424619563946313,0.00180301774085957
86.16,0.531,21.24,0.239883291901949,0.0575439937337158
86.177,0.647,25.88,0.409260659730011,0.167494287602644
86.194,0.479,19.16,0.188799134909629,0.0356451133426244
86.194,0.621,24.84,0.363078054770102,0.131825673855641
86.212,0.686,27.44,0.489778819368447,0.239883291901949
86.229,0.621,24.84,0.363078054770102,0.131825673855641
86.229,0.673,26.92,0.46131757456038,0.212813904598272
86.247,0.699,27.96,0.519995996533516,0.270395836410885
86.265,0.66,26.4,0.434510224171572,0.18879913490963
86.265,0.699,27.96,0.519995996533516,0.270395836410885
86.283,0.699,27.96,0.519995996533516,0.270395836410885
86.301,0.699,27.96,0.519995996533516,0.270395836410885
86.301,0.699,27.96,0.519995996533516,0.270395836410885
86.318,0.673,26.92,0.46131757456038,0.212813904598272
86.336,0.699,27.96,0.519995996533516,0.270395836410885
86.354,0.699,27.96,0.519995996533516,0.270395836410885
86.354,0.621,24.84,0.363078054770102,0.131825673855641
86.372,0.686,27.44,0.489778819368447,0.239883291901949
86.372,0.634,25.36,0.385478357665772,0.148593564228701
86.39,0.518,20.72,0.225943577022098,0.0510504999975407
86.409,0.647,25.88,0.409260659730011,0.167494287602644
86.409,0.544,21.76,0.254683025258504,0.064863443354824
86.426,0.246,9.84,0.0645654229034656,0.00416869383470336
86.445,0.569,22.76,0.285759054337495,0.0816582371358593
86.445,0.349,13.96,0.103752841581801,0.0107646521362984
86.462,0.401,16.04,0.131825673855641,0.0173780082874938
86.483,0.427,17.08,0.148593564228701,0.022080047330189
86.483,0.324,12.96,0.0924698173938223,0.00855066712884685
86.5,0.569,22.76,0.285759054337495,0.0816582371358593
86.517,0.22,8.8,0.057279603098583,0.00328095293113119
86.518,0.531,21.24,0.239883291901949,0.0575439937337158
86.536,0.647,25.88,0.409260659730011,0.167494287602644
86.554,0.505,20.2,0.212813904598271,0.0452897579903621
86.554,0.634,25.36,0.385478357665772,0.148593564228701
86.572,0.466,18.64,0.177827941003892,0.0316227766016838
86.591,0.608,24.32,0.341979442513709,0.116949939101987
86.591,0.686,27.44,0.489778819368447,0.239883291901949
86.608,0.595,23.8,0.322106879128344,0.103752841581801
86.627,0.673,26.92,0.46131757456038,0.212813904598272
86.627,0.699,27.96,0.519995996533516,0.270395836410885
86.644,0.66,26.4,0.434510224171572,0.18879913490963
86.661,0.699,27.96,0.519995996533516,0.270395836410885
86.661,0.712,28.48,0.552077439280758,0.304789498962799
86.678,0.699,27.96,0.519995996533516,0.270395836410885
86.697,0.712,28.48,0.552077439280758,0.304789498962799
86.697,0.686,27.44,0.489778819368447,0.239883291901949
86.715,0.712,28.48,0.552077439280758,0.304789498962799
86.733,0.699,27.96,0.519995996533516,0.270395836410885
86.733,0.647,25.88,0.409260659730011,0.167494287602644
86.75,0.699,27.96,0.519995996533516,0.270395836410885
86.767,0.66,26.4,0.434510224171572,0.18879913490963
86.767,0.556,22.24,0.269153480392692,0.0724435960074991
86.784,0.673,26.92,0.46131757456038,0.212813904598272
86.803,0.582,23.28,0.303389118419427,0.0920449571753172
86.803,0.336,13.44,0.0977237220955811,0.00954992586021437
86.821,0.595,23.8,0.322106879128344,0.103752841581801
86.838,0.518,20.72,0.225943577022098,0.0510504999975407
86.838,0.349,13.96,0.103752841581801,0.0107646521362984
86.856,0.479,19.16,0.188799134909629,0.0356451133426244
86.874,0.233,9.32,0.0608135001278718,0.00369828179780267
86.874,0.544,21.76,0.254683025258504,0.064863443354824
86.893,0.155,6.2,0.0424619563946313,0.00180301774085957
86.91,0.518,20.72,0.225943577022098,0.0510504999975407
86.91,0.647,25.88,0.409260659730011,0.167494287602644
86.927,0.479,19.16,0.188799134909629,0.0356451133426244
86.945,0.621,24.84,0.363078054770102,0.131825673855641
86.945,0.427,17.08,0.148593564228701,0.022080047330189
86.964,0.608,24.32,0.341979442513709,0.116949939101987
86.98,0.686,27.44,0.489778819368447,0.239883291901949
86.98,0.582,23.28,0.303389118419427,0.0920449571753172
86.998,0.66,26.4,0.434510224171572,0.18879913490963
87.017,0.712,28.48,0.552077439280758,0.304789498962799
87.017,0.66,26.4,0.434510224171572,0.18879913490963
87.034,0.712,28.48,0.552077439280758,0.304789498962799
87.051,0.712,28.48,0.552077439280758,0.304789498962799
87.051,0.699,27.96,0.519995996533516,0.270395836410885
87.071,0.699,27.96,0.519995996533516,0.270395836410885
87.088,0.686,27.44,0.489778819368447,0.239883291901949
87.088,0.699,27.96,0.519995996533516,0.270395836410885
87.106,0.699,27.96,0.519995996533516,0.270395836410885
87.123,0.647,25.88,0.409260659730011,0.167494287602644
87.123,0.699,27.96,0.519995996533516,0.270395836410885
87.14,0.647,25.88,0.409260659730011,0.167494287602644
87.158,0.556,22.24,0.269153480392692,0.0724435960074991
87.159,0.673,26.92,0.46131757456038,0.212813904598272
87.176,0.595,23.8,0.322106879128344,0.103752841581801
87.193,0.375,15,0.116949939101987,0.0136772882559585
87.194,0.608,24.32,0.341979442513709,0.116949939101987
87.212,0.453,18.12,0.167494287602644,0.0280543363795172
87.23,0.285,11.4,0.0772680585095703,0.00597035286583838
87.23,0.505,20.2,0.212813904598271,0.0452897579903621
87.247,0.207,8.28,0.0539510622515128,0.00291071711806661
87.266,0.531,21.24,0.239883291901949,0.0575439937337158
87.266,0.168,6.72,0.0450816704541461,0.00203235701093622
87.284,0.505,20.2,0.212813904598271,0.0452897579903621
87.303,0.634,25.36,0.385478357665772,0.148593564228701
87.303,0.453,18.12,0.167494287602644,0.0280543363795172
87.322,0.608,24.32,0.341979442513709,0.116949939101987
87.34,0.401,16.04,0.131825673855641,0.0173780082874938
87.34,0.582,23.28,0.303389118419427,0.0920449571753172
87.359,0.673,26.92,0.46131757456038,0.212813904598272
87.378,0.569,22.76,0.285759054337495,0.0816582371358593
87.378,0.66,26.4,0.434510224171572,0.18879913490963
87.397,0.699,27.96,0.519995996533516,0.270395836410885
87.397,0.647,25.88,0.409260659730011,0.167494287602644
87.415,0.699,27.96,0.519995996533516,0.270395836410885
87.436,0.699,27.96,0.519995996533516,0.270395836410885
87.436,0.673,26.92,0.46131757456038,0.212813904598272
87.454,0.699,27.96,0.519995996533516,0.270395836410885
87.473,0.699,27.96,0.519995996533516,0.270395836410885
87.473,0.699,27.96,0.519995996533516,0.270395836410885
87.492,0.686,27.44,0.489778819368447,0.239883291901949
87.492,0.647,25.88,0.409260659730011,0.167494287602644
87.51,0.699,27.96,0.519995996533516,0.270395836410885
87.529,0.66,26.4,0.434510224171572,0.18879913490963
87.529,0.582,23.28,0.303389118419427,0.0920449571753172
87.547,0.673,26.92,0.46131757456038,0.212813904598272
87.566,0.608,24.32,0.341979442513709,0.116949939101987
87.566,0.414,16.56,0.139958732257262,0.0195884467350599
87.585,0.621,24.84,0.363078054770102,0.131825673855641
87.604,0.479,19.16,0.188799134909629,0.0356451133426244
87.604,0.311,12.44,0.0870963589956081,0.00758577575029184
87.623,0.518,20.72,0.225943577022098,0.0510504999975407
87.623,0.168,6.72,0.0450816704541461,0.00203235701093622
87.641,0.505,20.2,0.212813904598271,0.0452897579903621
87.662,0.246,9.84,0.0645654229034656,0.00416869383470336
87.662,0.582,23.28,0.303389118419427,0.0920449571753172
87.68,0.621,24.84,0.363078054770102,0.131825673855641
87.7,0.414,16.56,0.139958732257262,0.0195884467350599
87.7,0.595,23.8,0.322106879128344,0.103752841581801
87.718,0.324,12.96,0.0924698173938223,0.00855066712884685
87.718,0.569,22.76,0.285759054337495,0.0816582371358593
87.735,0.66,26.4,0.434510224171572,0.18879913490963
87.753,0.544,21.76,0.254683025258504,0.064863443354824
87.754,0.647,25.88,0.409260659730011,0.167494287602644
87.773,0.699,27.96,0.519995996533516,0.270395836410885
87.79,0.634,25.36,0.385478357665772,0.148593564228701
87.79,0.686,27.44,0.489778819368447,0.239883291901949
87.809,0.712,28.48,0.552077439280758,0.304789498962799
87.827,0.686,27.44,0.489778819368447,0.239883291901949
87.827,0.699,27.96,0.519995996533516,0.270395836410885
87.845,0.686,27.44,0.489778819368447,0.239883291901949
87.864,0.699,27.96,0.519995996533516,0.270395836410885
87.864,0.699,27.96,0.519995996533516,0.270395836410885
87.884,0.647,25.88,0.409260659730011,0.167494287602644
87.884,0.699,27.96,0.519995996533516,0.270395836410885
87.903,0.673,26.92,0.46131757456038,0.212813904598272
87.921,0.569,22.76,0.285759054337495,0.0816582371358593
87.921,0.673,26.92,0.46131757456038,0.212813904598272
87.939,0.608,24.32,0.341979442513709,0.116949939101987
87.957,0.453,18.12,0.167494287602644,0.0280543363795172
87.957,0.621,24.84,0.363078054770102,0.131825673855641
87.975,0.479,19.16,0.188799134909629,0.0356451133426244
87.993,0.168,6.72,0.0450816704541461,0.00203235701093622
87.993,0.531,21.24,0.239883291901949,0.0575439937337158
88.014,0.181,7.24,0.0478630092322639,0.00229086765276777
88.031,0.479,19.16,0.188799134909629,0.0356451133426244
88.031,0.285,11.4,0.0772680585095703,0.00597035286583838
88.05,0.44,17.6,0.157761126969935,0.0248885731828239
88.067,0.608,24.32,0.341979442513709,0.116949939101987
88.067,0.362,14.48,0.110153930954142,0.0121338885046498
88.085,0.595,23.8,0.322106879128344,0.103752841581801
88.103,0.272,10.88,0.0727779804536825,0.00529663443891659
88.103,0.556,22.24,0.269153480392692,0.0724435960074991
88.122,0.647,25.88,0.409260659730011,0.167494287602644
88.122,0.531,21.24,0.239883291901949,0.0575439937337158
88.14,0.647,25.88,0.409260659730011,0.167494287602644
88.158,0.699,27.96,0.519995996533516,0.270395836410885
88.158,0.621,24.84,0.363078054770102,0.131825673855641
88.176,0.686,27.44,0.489778819368447,0.239883291901949
88.194,0.699,27.96,0.519995996533516,0.270395836410885
88.194,0.673,26.92,0.46131757456038,0.212813904598272
88.213,0.712,28.48,0.552077439280758,0.304789498962799
88.232,0.699,27.96,0.519995996533516,0.270395836410885
88.232,0.699,27.96,0.519995996533516,0.270395836410885
88.25,0.699,27.96,0.519995996533516,0.270395836410885
88.268,0.66,26.4,0.434510224171572,0.18879913490963
88.268,0.699,27.96,0.519995996533516,0.270395836410885
88.286,0.673,26.92,0.46131757456038,0.212813904598272
88.304,0.608,24.32,0.341979442513709,0.116949939101987
88.304,0.673,26.92,0.46131757456038,0.212813904598272
88.324,0.621,24.84,0.363078054770102,0.131825673855641
88.341,0.479,19.16,0.188799134909629,0.0356451133426244
88.342,0.66,26.4,0.434510224171572,0.18879913490963
88.359,0.518,20.72,0.225943577022098,0.0510504999975407
88.376,0.155,6.2,0.0424619563946313,0.00180301774085957
88.376,0.544,21.76,0.254683025258504,0.064863443354824
88.394,0.233,9.32,0.0608135001278718,0.00369828179780267
88.413,0.466,18.64,0.177827941003892,0.0316227766016838
88.413,0.349,13.96,0.103752841581801,0.0107646521362984
88.431,0.414,16.56,0.139958732257262,0.0195884467350599
88.449,0.595,23.8,0.322106879128344,0.103752841581801
88.449,0.349,13.96,0.103752841581801,0.0107646521362984
88.467,0.569,22.76,0.285759054337495,0.0816582371358593
88.485,0.246,9.84,0.0645654229034656,0.00416869383470336
88.485,0.556,22.24,0.269153480392692,0.0724435960074991
88.503,0.647,25.88,0.409260659730011,0.167494287602644
88.521,0.518,20.72,0.225943577022098,0.0510504999975407
88.521,0.647,25.88,0.409260659730011,0.167494287602644
88.54,0.686,27.44,0.489778819368447,0.239883291901949
88.54,0.621,24.84,0.363078054770102,0.131825673855641
88.559,0.686,27.44,0.489778819368447,0.239883291901949
88.576,0.699,27.96,0.519995996533516,0.270395836410885
88.576,0.673,26.92,0.46131757456038,0.212813904598272
88.595,0.699,27.96,0.519995996533516,0.270395836410885
88.612,0.699,27.96,0.519995996533516,0.270395836410885
88.612,0.699,27.96,0.519995996533516,0.270395836410885
88.63,0.699,27.96,0.519995996533516,0.270395836410885
88.648,0.66,26.4,0.434510224171572,0.18879913490963
88.648,0.699,27.96,0.519995996533516,0.270395836410885
88.666,0.673,26.92,0.46131757456038,0.212813904598272
88.685,0.608,24.32,0.341979442513709,0.116949939101987
88.685,0.686,27.44,0.489778819368447,0.239883291901949
88.703,0.634,25.36,0.385478357665772,0.148593564228701
88.722,0.492,19.68,0.200447202736516,0.040179081084894
88.722,0.634,25.36,0.385478357665772,0.148593564228701
88.741,0.531,21.24,0.239883291901949,0.0575439937337158
88.759,0.194,7.76,0.0508159442560561,0.0025822601906346
88.759,0.556,22.24,0.269153480392692,0.0724435960074991
88.778,0.298,11.92,0.0820351544329818,0.00672976656284318
88.778,0.44,17.6,0.157761126969935,0.0248885731828239
88.798,0.362,14.48,0.110153930954142,0.0121338885046498
88.815,0.349,13.96,0.103752841581801,0.0107646521362984
88.816,0.582,23.28,0.303389118419427,0.0920449571753172
88.834,0.259,10.36,0.0685488226452662,0.00469894108605216
88.852,0.569,22.76,0.285759054337495,0.0816582371358593
88.852,0.181,7.24,0.0478630092322639,0.00229086765276777
88.87,0.531,21.24,0.239883291901949,0.0575439937337158
88.887,0.686,27.44,0.489778819368447,0.239883291901949
88.887,0.505,20.2,0.212813904598271,0.0452897579903621
88.907,0.634,25.36,0.385478357665772,0.148593564228701
88.925,0.686,27.44,0.489778819368447,0.239883291901949
88.925,0.621,24.84,0.363078054770102,0.131825673855641
88.944,0.673,26.92,0.46131757456038,0.212813904598272
88.961,0.712,28.48,0.552077439280758,0.304789498962799
88.961,0.673,26.92,0.46131757456038,0.212813904598272
88.979,0.712,28.48,0.552077439280758,0.304789498962799
88.998,0.699,27.96,0.519995996533516,0.270395836410885
88.998,0.712,28.48,0.552077439280758,0.304789498962799
89.016,0.699,27.96,0.519995996533516,0.270395836410885
89.016,0.673,26.92,0.46131757456038,0.212813904598272
89.034,0.712,28.48,0.552077439280758,0.304789498962799
89.052,0.686,27.44,0.489778819368447,0.239883291901949
89.052,0.621,24.84,0.363078054770102,0.131825673855641
89.07,0.699,27.96,0.519995996533516,0.270395836410885
89.089,0.647,25.88,0.409260659730011,0.167494287602644
89.089,0.518,20.72,0.225943577022098,0.0510504999975407
89.108,0.66,26.4,0.434510224171572,0.18879913490963
89.125,0.544,21.76,0.254683025258504,0.064863443354824
89.126,0.233,9.32,0.0608135001278718,0.00369828179780267
89.146,0.582,23.28,0.303389118419427,0.0920449571753172
89.164,0.311,12.44,0.0870963589956081,0.00758577575029184
89.164,0.414,16.56,0.139958732257262,0.0195884467350599
89.184,0.401,16.04,0.131825673855641,0.0173780082874938
89.184,0.349,13.96,0.103752841581801,0.0107646521362984
89.202,0.556,22.24,0.269153480392692,0.0724435960074991
89.221,0.233,9.32,0.0608135001278718,0.00369828179780267
89.221,0.544,21.76,0.254683025258504,0.064863443354824
89.241,0.647,25.88,0.409260659730011,0.167494287602644
89.26,0.505,20.2,0.212813904598271,0.0452897579903621
89.26,0.634,25.36,0.385478357665772,0.148593564228701
89.279,0.466,18.64,0.177827941003892,0.0316227766016838
89.279,0.608,24.32,0.341979442513709,0.116949939101987
89.3,0.673,26.92,0.46131757456038,0.212813904598272
89.318,0.595,23.8,0.322106879128344,0.103752841581801
89.318,0.66,26.4,0.434510224171572,0.18879913490963
89.337,0.699,27.96,0.519995996533516,0.270395836410885
89.354,0.673,26.92,0.46131757456038,0.212813904598272
89.354,0.699,27.96,0.519995996533516,0.270395836410885
89.372,0.699,27.96,0.519995996533516,0.270395836410885
89.374,0.699,27.96,0.519995996533516,0.270395836410885
89.391,0.699,27.96,0.519995996533516,0.270395836410885
89.408,0.673,26.92,0.46131757456038,0.212813904598272
89.409,0.699,27.96,0.519995996533516,0.270395836410885
89.427,0.686,27.44,0.489778819368447,0.239883291901949
89.445,0.621,24.84,0.363078054770102,0.131825673855641
89.445,0.699,27.96,0.519995996533516,0.270395836410885
89.463,0.647,25.88,0.409260659730011,0.167494287602644
89.481,0.544,21.76,0.254683025258504,0.064863443354824
89.481,0.66,26.4,0.434510224171572,0.18879913490963
89.5,0.556,22.24,0.269153480392692,0.0724435960074991
89.518,0.298,11.92,0.0820351544329818,0.00672976656284318
89.518,0.595,23.8,0.322106879128344,0.103752841581801
89.536,0.388,15.52,0.124165230759241,0.0154170045294956
89.555,0.362,14.48,0.110153930954142,0.0121338885046498
89.555,0.453,18.12,0.167494287602644,0.0280543363795172
89.576,0.272,10.88,0.0727779804536825,0.00529663443891659
89.576,0.569,22.76,0.285759054337495,0.0816582371358593
89.595,0.194,7.76,0.0508159442560561,0.0025822601906346
89.614,0.531,21.24,0.239883291901949,0.0575439937337158
89.614,0.647,25.88,0.409260659730011,0.167494287602644
89.633,0.492,19.68,0.200447202736516,0.040179081084894
89.652,0.634,25.36,0.385478357665772,0.148593564228701
89.652,0.44,17.6,0.157761126969935,0.0248885731828239
89.672,0.608,24.32,0.341979442513709,0.116949939101987
89.672,0.673,26.92,0.46131757456038,0.212813904598272
89.692,0.582,23.28,0.303389118419427,0.0920449571753172
89.71,0.66,26.4,0.434510224171572,0.18879913490963
89.71,0.712,28.48,0.552077439280758,0.304789498962799
89.728,0.647,25.88,0.409260659730011,0.167494287602644
89.748,0.699,27.96,0.519995996533516,0.270395836410885
89.748,0.699,27.96,0.519995996533516,0.270395836410885
89.765,0.686,27.44,0.489778819368447,0.239883291901949
89.784,0.712,28.48,0.552077439280758,0.304789498962799
89.784,0.686,27.44,0.489778819368447,0.239883291901949
89.802,0.699,27.96,0.519995996533516,0.270395836410885
89.802,0.699,27.96,0.519995996533516,0.270395836410885
89.821,0.634,25.36,0.385478357665772,0.148593564228701
89.84,0.699,27.96,0.519995996533516,0.270395836410885
89.84,0.647,25.88,0.409260659730011,0.167494287602644
89.859,0.544,21.76,0.254683025258504,0.064863443354824
89.877,0.66,26.4,0.434510224171572,0.18879913490963
89.877,0.569,22.76,0.285759054337495,0.0816582371358593
89.894,0.336,13.44,0.0977237220955811,0.00954992586021437
89.914,0.595,23.8,0.322106879128344,0.103752841581801
89.915,0.492,19.68,0.200447202736516,0.040179081084894
89.934,0.336,13.44,0.0977237220955811,0.00954992586021437
89.934,0.466,18.64,0.177827941003892,0.0316227766016838
89.952,0.233,9.32,0.0608135001278718,0.00369828179780267
89.971,0.544,21.76,0.254683025258504,0.064863443354824
89.971,0.168,6.72,0.0450816704541461,0.00203235701093622
89.99,0.505,20.2,0.212813904598271,0.0452897579903621
90.008,0.621,24.84,0.363078054770102,0.131825673855641
90.008,0.466,18.64,0.177827941003892,0.0316227766016838
90.028,0.608,24.32,0.341979442513709,0.116949939101987
90.028,0.427,17.08,0.148593564228701,0.022080047330189
90.047,0.595,23.8,0.322106879128344,0.103752841581801
90.065,0.66,26.4,0.434510224171572,0.18879913490963
90.065,0.569,22.76,0.285759054337495,0.0816582371358593
90.084,0.66,26.4,0.434510224171572,0.18879913490963
90.102,0.712,28.48,0.552077439280758,0.304789498962799
90.102,0.647,25.88,0.409260659730011,0.167494287602644
90.121,0.699,27.96,0.519995996533516,0.270395836410885
90.14,0.699,27.96,0.519995996533516,0.270395836410885
90.14,0.699,27.96,0.519995996533516,0.270395836410885
90.16,0.699,27.96,0.519995996533516,0.270395836410885
90.16,0.686,27.44,0.489778819368447,0.239883291901949
90.178,0.699,27.96,0.519995996533516,0.270395836410885
90.196,0.686,27.44,0.489778819368447,0.239883291901949
90.196,0.647,25.88,0.409260659730011,0.167494287602644
90.214,0.712,28.48,0.552077439280758,0.304789498962799
90.233,0.66,26.4,0.434510224171572,0.18879913490963
90.233,0.569,22.76,0.285759054337495,0.0816582371358593
90.25,0.673,26.92,0.46131757456038,0.212813904598272
90.269,0.595,23.8,0.322106879128344,0.103752841581801
90.27,0.388,15.52,0.124165230759241,0.0154170045294956
90.288,0.621,24.84,0.363078054770102,0.131825673855641
90.307,0.44,17.6,0.157761126969935,0.0248885731828239
90.307,0.285,11.4,0.0772680585095703,0.00597035286583838
90.325,0.505,20.2,0.212813904598271,0.0452897579903621
90.344,0.194,7.76,0.0508159442560561,0.0025822601906346
90.344,0.544,21.76,0.254683025258504,0.064863443354824
90.361,0.194,7.76,0.0508159442560561,0.0025822601906346
90.361,0.505,20.2,0.212813904598271,0.0452897579903621
90.381,0.634,25.36,0.385478357665772,0.148593564228701
90.399,0.453,18.12,0.167494287602644,0.0280543363795172
90.399,0.608,24.32,0.341979442513709,0.116949939101987
90.418,0.388,15.52,0.124165230759241,0.0154170045294956
90.437,0.595,23.8,0.322106879128344,0.103752841581801
90.437,0.66,26.4,0.434510224171572,0.18879913490963
90.455,0.569,22.76,0.285759054337495,0.0816582371358593
90.474,0.66,26.4,0.434510224171572,0.18879913490963
90.474,0.699,27.96,0.519995996533516,0.270395836410885
90.493,0.647,25.88,0.409260659730011,0.167494287602644
90.493,0.699,27.96,0.519995996533516,0.270395836410885
90.511,0.699,27.96,0.519995996533516,0.270395836410885
90.531,0.686,27.44,0.489778819368447,0.239883291901949
90.531,0.712,28.48,0.552077439280758,0.304789498962799
90.55,0.686,27.44,0.489778819368447,0.239883291901949
90.568,0.699,27.96,0.519995996533516,0.270395836410885
90.568,0.686,27.44,0.489778819368447,0.239883291901949
90.587,0.647,25.88,0.409260659730011,0.167494287602644
90.604,0.686,27.44,0.489778819368447,0.239883291901949
90.605,0.66,26.4,0.434510224171572,0.18879913490963
90.623,0.582,23.28,0.303389118419427,0.0920449571753172
90.642,0.673,26.92,0.46131757456038,0.212813904598272
90.642,0.595,23.8,0.322106879128344,0.103752841581801
90.659,0.414,16.56,0.139958732257262,0.0195884467350599
90.659,0.621,24.84,0.363078054770102,0.131825673855641
90.677,0.466,18.64,0.177827941003892,0.0316227766016838
90.695,0.233,9.32,0.0608135001278718,0.00369828179780267
90.695,0.505,20.2,0.212813904598271,0.0452897579903621
90.714,0.168,6.72,0.0450816704541461,0.00203235701093622
90.733,0.505,20.2,0.212813904598271,0.0452897579903621
90.733,0.246,9.84,0.0645654229034656,0.00416869383470336
90.752,0.453,18.12,0.167494287602644,0.0280543363795172
90.769,0.621,24.84,0.363078054770102,0.131825673855641
90.769,0.401,16.04,0.131825673855641,0.0173780082874938
90.787,0.595,23.8,0.322106879128344,0.103752841581801
90.804,0.349,13.96,0.103752841581801,0.0107646521362984
90.804,0.582,23.28,0.303389118419427,0.0920449571753172
90.824,0.673,26.92,0.46131757456038,0.212813904598272
90.844,0.544,21.76,0.254683025258504,0.064863443354824
90.844,0.66,26.4,0.434510224171572,0.18879913490963
90.862,0.699,27.96,0.519995996533516,0.270395836410885
90.862,0.634,25.36,0.385478357665772,0.148593564228701
90.882,0.686,27.44,0.489778819368447,0.239883291901949
90.9,0.712,28.48,0.552077439280758,0.304789498962799
90.9,0.673,26.92,0.46131757456038,0.212813904598272
90.92,0.699,27.96,0.519995996533516,0.270395836410885
90.939,0.686,27.44,0.489778819368447,0.239883291901949
90.939,0.699,27.96,0.519995996533516,0.270395836410885
90.957,0.699,27.96,0.519995996533516,0.270395836410885
90.957,0.673,26.92,0.46131757456038,0.212813904598272
90.975,0.699,27.96,0.519995996533516,0.270395836410885
90.993,0.66,26.4,0.434510224171572,0.18879913490963
90.993,0.582,23.28,0.303389118419427,0.0920449571753172
91.011,0.673,26.92,0.46131757456038,0.212813904598272
91.03,0.608,24.32,0.341979442513709,0.116949939101987
91.03,0.608,24.32,0.341979442513709,0.116949939101987
91.047,0.634,25.36,0.385478357665772,0.148593564228701
91.065,0.492,19.68,0.200447202736516,0.040179081084894
91.066,0.181,7.24,0.0478630092322639,0.00229086765276777
91.085,0.531,21.24,0.239883291901949,0.0575439937337158
91.103,0.207,8.28,0.0539510622515128,0.00291071711806661
91.103,0.505,20.2,0.212813904598271,0.0452897579903621
91.121,0.285,11.4,0.0772680585095703,0.00597035286583838
91.14,0.544,21.76,0.254683025258504,0.064863443354824
91.14,0.608,24.32,0.341979442513709,0.116949939101987
91.16,0.388,15.52,0.124165230759241,0.0154170045294956
91.16,0.582,23.28,0.303389118419427,0.0920449571753172
91.178,0.285,11.4,0.0772680585095703,0.00597035286583838
91.196,0.556,22.24,0.269153480392692,0.0724435960074991
91.196,0.647,25.88,0.409260659730011,0.167494287602644
91.214,0.531,21.24,0.239883291901949,0.0575439937337158
91.233,0.647,25.88,0.409260659730011,0.167494287602644
91.233,0.686,27.44,0.489778819368447,0.239883291901949
91.251,0.634,25.36,0.385478357665772,0.148593564228701
91.269,0.686,27.44,0.489778819368447,0.239883291901949
91.269,0.712,28.48,0.552077439280758,0.304789498962799
91.287,0.686,27.44,0.489778819368447,0.239883291901949
91.305,0.699,27.96,0.519995996533516,0.270395836410885
91.305,0.699,27.96,0.519995996533516,0.270395836410885
91.324,0.699,27.96,0.519995996533516,0.270395836410885
91.342,0.699,27.96,0.519995996533516,0.270395836410885
91.342,0.66,26.4,0.434510224171572,0.18879913490963
91.36,0.699,27.96,0.519995996533516,0.270395836410885
91.378,0.673,26.92,0.46131757456038,0.212813904598272
91.378,0.608,24.32,0.341979442513709,0.116949939101987
91.396,0.699,27.96,0.519995996533516,0.270395836410885
91.414,0.621,24.84,0.363078054770102,0.131825673855641
91.414,0.479,19.16,0.188799134909629,0.0356451133426244
91.433,0.634,25.36,0.385478357665772,0.148593564228701
91.433,0.621,24.84,0.363078054770102,0.131825673855641
91.451,0.414,16.56,0.139958732257262,0.0195884467350599
91.47,0.556,22.24,0.269153480392692,0.0724435960074991
91.47,0.259,10.36,0.0685488226452662,0.00469894108605216
91.488,0.518,20.72,0.225943577022098,0.0510504999975407
91.506,0.349,13.96,0.103752841581801,0.0107646521362984
91.506,0.414,16.56,0.139958732257262,0.0195884467350599
91.524,0.608,24.32,0.341979442513709,0.116949939101987
91.542,0.336,13.44,0.0977237220955811,0.00954992586021437
91.542,0.569,22.76,0.285759054337495,0.0816582371358593
91.561,0.233,9.32,0.0608135001278718,0.00369828179780267
91.578,0.544,21.76,0.254683025258504,0.064863443354824
91.578,0.647,25.88,0.409260659730011,0.167494287602644
91.596,0.505,20.2,0.212813904598271,0.0452897579903621
91.616,0.634,25.36,0.385478357665772,0.148593564228701
91.616,0.686,27.44,0.489778819368447,0.239883291901949
91.633,0.621,24.84,0.363078054770102,0.131825673855641
91.652,0.686,27.44,0.489778819368447,0.239883291901949
91.652,0.712,28.48,0.552077439280758,0.304789498962799
91.672,0.673,26.92,0.46131757456038,0.212813904598272
91.672,0.699,27.96,0.519995996533516,0.270395836410885
91.689,0.699,27.96,0.519995996533516,0.270395836410885
91.708,0.699,27.96,0.519995996533516,0.270395836410885
91.708,0.699,27.96,0.519995996533516,0.270395836410885
91.727,0.686,27.44,0.489778819368447,0.239883291901949
91.745,0.699,27.96,0.519995996533516,0.270395836410885
91.745,0.686,27.44,0.489778819368447,0.239883291901949
91.764,0.608,24.32,0.341979442513709,0.116949939101987
91.781,0.699,27.96,0.519995996533516,0.270395836410885
91.781,0.634,25.36,0.385478357665772,0.148593564228701
91.8,0.492,19.68,0.200447202736516,0.040179081084894
91.818,0.647,25.88,0.409260659730011,0.167494287602644
91.818,0.531,21.24,0.239883291901949,0.0575439937337158
91.836,0.22,8.8,0.057279603098583,0.00328095293113119
91.855,0.556,22.24,0.269153480392692,0.0724435960074991
91.855,0.298,11.92,0.0820351544329818,0.00672976656284318
91.874,0.44,17.6,0.157761126969935,0.0248885731828239
91.874,0.375,15,0.116949939101987,0.0136772882559585
91.894,0.375,15,0.116949939101987,0.0136772882559585
91.912,0.569,22.76,0.285759054337495,0.0816582371358593
91.912,0.285,11.4,0.0772680585095703,0.00597035286583838
91.931,0.556,22.24,0.269153480392692,0.0724435960074991
91.95,0.246,9.84,0.0645654229034656,0.00416869383470336
91.95,0.531,21.24,0.239883291901949,0.0575439937337158
91.97,0.647,25.88,0.409260659730011,0.167494287602644
91.97,0.492,19.68,0.200447202736516,0.040179081084894
91.987,0.634,25.36,0.385478357665772,0.148593564228701
92.005,0.686,27.44,0.489778819368447,0.239883291901949
92.005,0.608,24.32,0.341979442513709,0.116949939101987
92.022,0.673,26.92,0.46131757456038,0.212813904598272
92.041,0.699,27.96,0.519995996533516,0.270395836410885
92.041,0.673,26.92,0.46131757456038,0.212813904598272
92.059,0.699,27.96,0.519995996533516,0.270395836410885
92.077,0.699,27.96,0.519995996533516,0.270395836410885
92.077,0.686,27.44,0.489778819368447,0.239883291901949
92.095,0.699,27.96,0.519995996533516,0.270395836410885
92.113,0.673,26.92,0.46131757456038,0.212813904598272
92.113,0.699,27.96,0.519995996533516,0.270395836410885
92.131,0.686,27.44,0.489778819368447,0.239883291901949
92.15,0.621,24.84,0.363078054770102,0.131825673855641
92.15,0.686,27.44,0.489778819368447,0.239883291901949
92.167,0.634,25.36,0.385478357665772,0.148593564228701
92.186,0.531,21.24,0.239883291901949,0.0575439937337158
92.186,0.66,26.4,0.434510224171572,0.18879913490963
92.203,0.556,22.24,0.269153480392692,0.0724435960074991
92.222,0.272,10.88,0.0727779804536825,0.00529663443891659
92.222,0.582,23.28,0.303389118419427,0.0920449571753172
92.24,0.375,15,0.116949939101987,0.0136772882559585
92.259,0.427,17.08,0.148593564228701,0.022080047330189
92.259,0.427,17.08,0.148593564228701,0.022080047330189
92.278,0.336,13.44,0.0977237220955811,0.00954992586021437
92.295,0.582,23.28,0.303389118419427,0.0920449571753172
92.295,0.311,12.44,0.0870963589956081,0.00758577575029184
92.315,0.544,21.76,0.254683025258504,0.064863443354824
92.315,0.66,26.4,0.434510224171572,0.18879913490963
92.333,0.518,20.72,0.225943577022098,0.0510504999975407
92.352,0.634,25.36,0.385478357665772,0.148593564228701
92.352,0.466,18.64,0.177827941003892,0.0316227766016838
92.372,0.621,24.84,0.363078054770102,0.131825673855641
92.389,0.686,27.44,0.489778819368447,0.239883291901949
92.39,0.595,23.8,0.322106879128344,0.103752841581801
92.408,0.686,27.44,0.489778819368447,0.239883291901949
92.425,0.673,26.92,0.46131757456038,0.212813904598272
92.426,0.66,26.4,0.434510224171572,0.18879913490963
92.443,0.699,27.96,0.519995996533516,0.270395836410885
92.462,0.699,27.96,0.519995996533516,0.270395836410885
92.462,0.699,27.96,0.519995996533516,0.270395836410885
92.48,0.699,27.96,0.519995996533516,0.270395836410885
92.499,0.673,26.92,0.46131757456038,0.212813904598272
92.499,0.712,28.48,0.552077439280758,0.304789498962799
92.516,0.686,27.44,0.489778819368447,0.239883291901949
92.535,0.621,24.84,0.363078054770102,0.131825673855641
92.535,0.686,27.44,0.489778819368447,0.239883291901949
92.552,0.647,25.88,0.409260659730011,0.167494287602644
92.553,0.531,21.24,0.239883291901949,0.0575439937337158
92.571,0.66,26.4,0.434510224171572,0.18879913490963
92.589,0.556,22.24,0.269153480392692,0.0724435960074991
92.589,0.298,11.92,0.0820351544329818,0.00672976656284318
92.608,0.595,23.8,0.322106879128344,0.103752841581801
92.625,0.375,15,0.116949939101987,0.0136772882559585
92.625,0.362,14.48,0.110153930954142,0.0121338885046498
92.644,0.44,17.6,0.157761126969935,0.0248885731828239
92.662,0.272,10.88,0.0727779804536825,0.00529663443891659
92.662,0.556,22.24,0.269153480392692,0.0724435960074991
92.682,0.285,11.4,0.0772680585095703,0.00597035286583838
92.699,0.531,21.24,0.239883291901949,0.0575439937337158
92.7,0.634,25.36,0.385478357665772,0.148593564228701
92.718,0.505,20.2,0.212813904598271,0.0452897579903621
92.736,0.634,25.36,0.385478357665772,0.148593564228701
92.736,0.453,18.12,0.167494287602644,0.0280543363795172
92.755,0.608,24.32,0.341979442513709,0.116949939101987
92.755,0.673,26.92,0.46131757456038,0.212813904598272
92.775,0.582,23.28,0.303389118419427,0.0920449571753172
92.796,0.66,26.4,0.434510224171572,0.18879913490963
92.796,0.699,27.96,0.519995996533516,0.270395836410885
92.819,0.647,25.88,0.409260659730011,0.167494287602644
92.819,0.699,27.96,0.519995996533516,0.270395836410885
92.838,0.699,27.96,0.519995996533516,0.270395836410885
92.857,0.699,27.96,0.519995996533516,0.270395836410885
92.857,0.699,27.96,0.519995996533516,0.270395836410885
92.876,0.686,27.44,0.489778819368447,0.239883291901949
92.877,0.699,27.96,0.519995996533516,0.270395836410885
92.894,0.686,27.44,0.489778819368447,0.239883291901949
92.914,0.634,25.36,0.385478357665772,0.148593564228701
92.914,0.699,27.96,0.519995996533516,0.270395836410885
92.932,0.66,26.4,0.434510224171572,0.18879913490963
92.95,0.544,21.76,0.254683025258504,0.064863443354824
92.95,0.673,26.92,0.46131757456038,0.212813904598272
92.968,0.582,23.28,0.303389118419427,0.0920449571753172
92.987,0.349,13.96,0.103752841581801,0.0107646521362984
92.987,0.595,23.8,0.322106879128344,0.103752841581801
93.007,0.427,17.08,0.148593564228701,0.022080047330189
93.007,0.336,13.44,0.0977237220955811,0.00954992586021437
93.027,0.492,19.68,0.200447202736516,0.040179081084894
93.045,0.233,9.32,0.0608135001278718,0.00369828179780267
93.045,0.544,21.76,0.254683025258504,0.064863443354824
93.063,0.246,9.84,0.0645654229034656,0.00416869383470336
93.082,0.505,20.2,0.212813904598271,0.0452897579903621
93.082,0.621,24.84,0.363078054770102,0.131825673855641
93.1,0.466,18.64,0.177827941003892,0.0316227766016838
93.1,0.621,24.84,0.363078054770102,0.131825673855641
93.121,0.401,16.04,0.131825673855641,0.0173780082874938
93.139,0.595,23.8,0.322106879128344,0.103752841581801
93.139,0.66,26.4,0.434510224171572,0.18879913490963
93.158,0.582,23.28,0.303389118419427,0.0920449571753172
93.177,0.66,26.4,0.434510224171572,0.18879913490963
93.177,0.686,27.44,0.489778819368447,0.239883291901949
93.195,0.647,25.88,0.409260659730011,0.167494287602644
93.213,0.686,27.44,0.489778819368447,0.239883291901949
93.213,0.712,28.48,0.552077439280758,0.304789498962799
93.231,0.699,27.96,0.519995996533516,0.270395836410885
93.249,0.699,27.96,0.519995996533516,0.270395836410885
93.249,0.686,27.44,0.489778819368447,0.239883291901949
93.266,0.699,27.96,0.519995996533516,0.270395836410885
93.285,0.699,27.96,0.519995996533516,0.270395836410885
93.285,0.634,25.36,0.385478357665772,0.148593564228701
93.302,0.699,27.96,0.519995996533516,0.270395836410885
93.32,0.66,26.4,0.434510224171572,0.18879913490963
93.32,0.569,22.76,0.285759054337495,0.0816582371358593
93.339,0.673,26.92,0.46131757456038,0.212813904598272
93.34,0.582,23.28,0.303389118419427,0.0920449571753172
93.359,0.401,16.04,0.131825673855641,0.0173780082874938
93.377,0.608,24.32,0.341979442513709,0.116949939101987
93.377,0.466,18.64,0.177827941003892,0.0316227766016838
93.396,0.259,10.36,0.0685488226452662,0.00469894108605216
93.415,0.492,19.68,0.200447202736516,0.040179081084894
93.415,0.168,6.72,0.0450816704541461,0.00203235701093622
93.433,0.531,21.24,0.239883291901949,0.0575439937337158
93.452,0.194,7.76,0.0508159442560561,0.0025822601906346
93.452,0.492,19.68,0.200447202736516,0.040179081084894
93.47,0.621,24.84,0.363078054770102,0.131825673855641
93.47,0.44,17.6,0.157761126969935,0.0248885731828239
93.488,0.608,24.32,0.341979442513709,0.116949939101987
93.506,0.375,15,0.116949939101987,0.0136772882559585
93.506,0.582,23.28,0.303389118419427,0.0920449571753172
93.524,0.66,26.4,0.434510224171572,0.18879913490963
93.543,0.556,22.24,0.269153480392692,0.0724435960074991
93.543,0.66,26.4,0.434510224171572,0.18879913490963
93.571,0.699,27.96,0.519995996533516,0.270395836410885
93.571,0.634,25.36,0.385478357665772,0.148593564228701
93.591,0.699,27.96,0.519995996533516,0.270395836410885
93.592,0.699,27.96,0.519995996533516,0.270395836410885
93.614,0.686,27.44,0.489778819368447,0.239883291901949
93.614,0.699,27.96,0.519995996533516,0.270395836410885
93.637,0.686,27.44,0.489778819368447,0.239883291901949
93.637,0.699,27.96,0.519995996533516,0.270395836410885
93.658,0.699,27.96,0.519995996533516,0.270395836410885
93.679,0.66,26.4,0.434510224171572,0.18879913490963
93.679,0.699,27.96,0.519995996533516,0.270395836410885
93.699,0.673,26.92,0.46131757456038,0.212813904598272
93.699,0.582,23.28,0.303389118419427,0.0920449571753172
93.717,0.673,26.92,0.46131757456038,0.212813904598272
93.737,0.595,23.8,0.322106879128344,0.103752841581801
93.737,0.414,16.56,0.139958732257262,0.0195884467350599
93.758,0.621,24.84,0.363078054770102,0.131825673855641
93.758,0.479,19.16,0.188799134909629,0.0356451133426244
93.776,0.233,9.32,0.0608135001278718,0.00369828179780267
93.796,0.518,20.72,0.225943577022098,0.0510504999975407
93.797,0.181,7.24,0.0478630092322639,0.00229086765276777
93.818,0.505,20.2,0.212813904598271,0.0452897579903621
93.818,0.259,10.36,0.0685488226452662,0.00469894108605216
93.846,0.466,18.64,0.177827941003892,0.0316227766016838
93.846,0.608,24.32,0.341979442513709,0.116949939101987
93.87,0.414,16.56,0.139958732257262,0.0195884467350599
93.87,0.595,23.8,0.322106879128344,0.103752841581801
93.894,0.311,12.44,0.0870963589956081,0.00758577575029184
93.894,0.608,24.32,0.341979442513709,0.116949939101987
93.917,0.66,26.4,0.434510224171572,0.18879913490963
93.917,0.544,21.76,0.254683025258504,0.064863443354824
93.94,0.647,25.88,0.409260659730011,0.167494287602644
93.94,0.686,27.44,0.489778819368447,0.239883291901949
93.968,0.634,25.36,0.385478357665772,0.148593564228701
93.968,0.686,27.44,0.489778819368447,0.239883291901949
93.992,0.699,27.96,0.519995996533516,0.270395836410885
93.992,0.686,27.44,0.489778819368447,0.239883291901949
94.012,0.699,27.96,0.519995996533516,0.270395836410885
94.012,0.699,27.96,0.519995996533516,0.270395836410885
94.031,0.699,27.96,0.519995996533516,0.270395836410885
94.031,0.699,27.96,0.519995996533516,0.270395836410885
94.051,0.66,26.4,0.434510224171572,0.18879913490963
94.071,0.699,27.96,0.519995996533516,0.270395836410885
94.071,0.673,26.92,0.46131757456038,0.212813904598272
94.094,0.582,23.28,0.303389118419427,0.0920449571753172
94.094,0.686,27.44,0.489778819368447,0.239883291901949
94.116,0.608,24.32,0.341979442513709,0.116949939101987
94.116,0.466,18.64,0.177827941003892,0.0316227766016838
94.135,0.634,25.36,0.385478357665772,0.148593564228701
94.155,0.492,19.68,0.200447202736516,0.040179081084894
94.156,0.207,8.28,0.0539510622515128,0.00291071711806661
94.177,0.531,21.24,0.239883291901949,0.0575439937337158
94.177,0.233,9.32,0.0608135001278718,0.00369828179780267
94.199,0.492,19.68,0.200447202736516,0.040179081084894
94.199,0.673,26.92,0.46131757456038,0.212813904598272
94.22,0.44,17.6,0.157761126969935,0.0248885731828239
94.22,0.595,23.8,0.322106879128344,0.103752841581801
94.239,0.362,14.48,0.110153930954142,0.0121338885046498
94.258,0.582,23.28,0.303389118419427,0.0920449571753172
94.258,0.272,10.88,0.0727779804536825,0.00529663443891659
94.277,0.544,21.76,0.254683025258504,0.064863443354824
94.296,0.647,25.88,0.409260659730011,0.167494287602644
94.296,0.518,20.72,0.225943577022098,0.0510504999975407
94.316,0.673,26.92,0.46131757456038,0.212813904598272
94.316,0.686,27.44,0.489778819368447,0.239883291901949
94.336,0.621,24.84,0.363078054770102,0.131825673855641
94.356,0.686,27.44,0.489778819368447,0.239883291901949
94.357,0.699,27.96,0.519995996533516,0.270395836410885
94.377,0.673,26.92,0.46131757456038,0.212813904598272
94.377,0.699,27.96,0.519995996533516,0.270395836410885
94.397,0.699,27.96,0.519995996533516,0.270395836410885
94.416,0.712,28.48,0.552077439280758,0.304789498962799
94.416,0.699,27.96,0.519995996533516,0.270395836410885
94.436,0.66,26.4,0.434510224171572,0.18879913490963
94.436,0.699,27.96,0.519995996533516,0.270395836410885
94.454,0.673,26.92,0.46131757456038,0.212813904598272
94.474,0.608,24.32,0.341979442513709,0.116949939101987
94.474,0.686,27.44,0.489778819368447,0.239883291901949
94.494,0.621,24.84,0.363078054770102,0.131825673855641
94.494,0.479,19.16,0.188799134909629,0.0356451133426244
94.515,0.634,25.36,0.385478357665772,0.148593564228701
94.534,0.518,20.72,0.225943577022098,0.0510504999975407
94.534,0.194,7.76,0.0508159442560561,0.0025822601906346
94.553,0.544,21.76,0.254683025258504,0.064863443354824
94.553,0.259,10.36,0.0685488226452662,0.00469894108605216
94.573,0.453,18.12,0.167494287602644,0.0280543363795172
94.591,0.349,13.96,0.103752841581801,0.0107646521362984
94.591,0.414,16.56,0.139958732257262,0.0195884467350599
94.61,0.595,23.8,0.322106879128344,0.103752841581801
94.629,0.324,12.96,0.0924698173938223,0.00855066712884685
94.629,0.569,22.76,0.285759054337495,0.0816582371358593
94.647,0.246,9.84,0.0645654229034656,0.00416869383470336
94.665,0.544,21.76,0.254683025258504,0.064863443354824
94.665,0.647,25.88,0.409260659730011,0.167494287602644
94.684,0.505,20.2,0.212813904598271,0.0452897579903621
94.684,0.634,25.36,0.385478357665772,0.148593564228701
94.703,0.686,27.44,0.489778819368447,0.239883291901949
94.722,0.621,24.84,0.363078054770102,0.131825673855641
94.722,0.673,26.92,0.46131757456038,0.212813904598272
94.741,0.699,27.96,0.519995996533516,0.270395836410885
94.76,0.673,26.92,0.46131757456038,0.212813904598272
94.76,0.699,27.96,0.519995996533516,0.270395836410885
94.78,0.699,27.96,0.519995996533516,0.270395836410885
94.8,0.712,28.48,0.552077439280758,0.304789498962799
94.8,0.699,27.96,0.519995996533516,0.270395836410885
94.821,0.673,26.92,0.46131757456038,0.212813904598272
94.821,0.699,27.96,0.519995996533516,0.270395836410885
94.841,0.686,27.44,0.489778819368447,0.239883291901949
94.841,0.608,24.32,0.341979442513709,0.116949939101987
94.861,0.686,27.44,0.489778819368447,0.239883291901949
94.881,0.634,25.36,0.385478357665772,0.148593564228701
94.881,0.505,20.2,0.212813904598271,0.0452897579903621
94.901,0.647,25.88,0.409260659730011,0.167494287602644
94.901,0.544,21.76,0.254683025258504,0.064863443354824
94.92,0.634,25.36,0.385478357665772,0.148593564228701
94.939,0.569,22.76,0.285759054337495,0.0816582371358593
94.939,0.336,13.44,0.0977237220955811,0.00954992586021437
94.957,0.44,17.6,0.157761126969935,0.0248885731828239
94.978,0.401,16.04,0.131825673855641,0.0173780082874938
94.978,0.362,14.48,0.110153930954142,0.0121338885046498
94.998,0.582,23.28,0.303389118419427,0.0920449571753172
94.999,0.272,10.88,0.0727779804536825,0.00529663443891659
95.017,0.556,22.24,0.269153480392692,0.0724435960074991
95.035,0.194,7.76,0.0508159442560561,0.0025822601906346
95.036,0.531,21.24,0.239883291901949,0.0575439937337158
95.056,0.647,25.88,0.409260659730011,0.167494287602644
95.057,0.492,19.68,0.200447202736516,0.040179081084894
95.076,0.621,24.84,0.363078054770102,0.131825673855641
95.095,0.673,26.92,0.46131757456038,0.212813904598272
95.095,0.608,24.32,0.341979442513709,0.116949939101987
95.113,0.686,27.44,0.489778819368447,0.239883291901949
95.113,0.712,28.48,0.552077439280758,0.304789498962799
95.133,0.673,26.92,0.46131757456038,0.212813904598272
95.151,0.712,28.48,0.552077439280758,0.304789498962799
95.152,0.699,27.96,0.519995996533516,0.270395836410885
95.17,0.699,27.96,0.519995996533516,0.270395836410885
95.188,0.699,27.96,0.519995996533516,0.270395836410885
95.188,0.673,26.92,0.46131757456038,0.212813904598272
95.206,0.699,27.96,0.519995996533516,0.270395836410885
95.226,0.686,27.44,0.489778819368447,0.239883291901949
95.226,0.634,25.36,0.385478357665772,0.148593564228701
95.244,0.712,28.48,0.552077439280758,0.304789498962799
95.244,0.634,25.36,0.385478357665772,0.148593564228701
95.264,0.518,20.72,0.225943577022098,0.0510504999975407
95.283,0.66,26.4,0.434510224171572,0.18879913490963
95.283,0.544,21.76,0.254683025258504,0.064863443354824
95.3,0.272,10.88,0.0727779804536825,0.00529663443891659
95.318,0.582,23.28,0.303389118419427,0.0920449571753172
95.318,0.349,13.96,0.103752841581801,0.0107646521362984
95.337,0.401,16.04,0.131825673855641,0.0173780082874938
95.357,0.427,17.08,0.148593564228701,0.022080047330189
95.357,0.311,12.44,0.0870963589956081,0.00758577575029184
95.374,0.569,22.76,0.285759054337495,0.0816582371358593
95.393,0.207,8.28,0.0539510622515128,0.00291071711806661
95.393,0.531,21.24,0.239883291901949,0.0575439937337158
95.412,0.647,25.88,0.409260659730011,0.167494287602644
95.412,0.505,20.2,0.212813904598271,0.0452897579903621
95.43,0.647,25.88,0.409260659730011,0.167494287602644
95.448,0.466,18.64,0.177827941003892,0.0316227766016838
95.448,0.621,24.84,0.363078054770102,0.131825673855641
95.467,0.673,26.92,0.46131757456038,0.212813904598272
95.485,0.595,23.8,0.322106879128344,0.103752841581801
95.485,0.673,26.92,0.46131757456038,0.212813904598272
95.504,0.699,27.96,0.519995996533516,0.270395836410885
95.522,0.66,26.4,0.434510224171572,0.18879913490963
95.522,0.699,27.96,0.519995996533516,0.270395836410885
95.54,0.699,27.96,0.519995996533516,0.270395836410885
95.558,0.686,27.44,0.489778819368447,0.239883291901949
95.558,0.712,28.48,0.552077439280758,0.304789498962799
95.577,0.686,27.44,0.489778819368447,0.239883291901949
95.595,0.712,28.48,0.552077439280758,0.304789498962799
95.595,0.686,27.44,0.489778819368447,0.239883291901949
95.614,0.634,25.36,0.385478357665772,0.148593564228701
95.614,0.699,27.96,0.519995996533516,0.270395836410885
95.633,0.647,25.88,0.409260659730011,0.167494287602644
95.653,0.544,21.76,0.254683025258504,0.064863443354824
95.653,0.66,26.4,0.434510224171572,0.18879913490963
95.673,0.569,22.76,0.285759054337495,0.0816582371358593
95.691,0.324,12.96,0.0924698173938223,0.00855066712884685
95.691,0.595,23.8,0.322106879128344,0.103752841581801
95.709,0.414,16.56,0.139958732257262,0.0195884467350599
95.709,0.375,15,0.116949939101987,0.0136772882559585
95.728,0.466,18.64,0.177827941003892,0.0316227766016838
95.746,0.285,11.4,0.0772680585095703,0.00597035286583838
95.746,0.556,22.24,0.269153480392692,0.0724435960074991
95.764,0.207,8.28,0.0539510622515128,0.00291071711806661
95.782,0.518,20.72,0.225943577022098,0.0510504999975407
95.782,0.647,25.88,0.409260659730011,0.167494287602644
95.801,0.492,19.68,0.200447202736516,0.040179081084894
95.82,0.634,25.36,0.385478357665772,0.148593564228701
95.82,0.44,17.6,0.157761126969935,0.0248885731828239
95.84,0.608,24.32,0.341979442513709,0.116949939101987
95.84,0.673,26.92,0.46131757456038,0.212813904598272
95.859,0.582,23.28,0.303389118419427,0.0920449571753172
95.881,0.673,26.92,0.46131757456038,0.212813904598272
95.881,0.699,27.96,0.519995996533516,0.270395836410885
95.901,0.66,26.4,0.434510224171572,0.18879913490963
95.901,0.699,27.96,0.519995996533516,0.270395836410885
95.921,0.699,27.96,0.519995996533516,0.270395836410885
95.941,0.686,27.44,0.489778819368447,0.239883291901949
95.941,0.725,29,0.586138164514029,0.343557947899875
95.966,0.686,27.44,0.489778819368447,0.239883291901949
95.966,0.699,27.96,0.519995996533516,0.270395836410885
95.989,0.686,27.44,0.489778819368447,0.239883291901949
95.989,0.647,25.88,0.409260659730011,0.167494287602644
96.009,0.699,27.96,0.519995996533516,0.270395836410885
96.009,0.647,25.88,0.409260659730011,0.167494287602644
96.028,0.556,22.24,0.269153480392692,0.0724435960074991
96.051,0.66,26.4,0.434510224171572,0.18879913490963
96.052,0.582,23.28,0.303389118419427,0.0920449571753172
96.073,0.362,14.48,0.110153930954142,0.0121338885046498
96.073,0.608,24.32,0.341979442513709,0.116949939101987
96.093,0.44,17.6,0.157761126969935,0.0248885731828239
96.094,0.311,12.44,0.0870963589956081,0.00758577575029184
96.117,0.479,19.16,0.188799134909629,0.0356451133426244
96.117,0.22,8.8,0.057279603098583,0.00328095293113119
96.139,0.544,21.76,0.254683025258504,0.064863443354824
96.139,0.22,8.8,0.057279603098583,0.00328095293113119
96.161,0.647,25.88,0.409260659730011,0.167494287602644
96.181,0.634,25.36,0.385478357665772,0.148593564228701
96.181,0.453,18.12,0.167494287602644,0.0280543363795172
96.202,0.608,24.32,0.341979442513709,0.116949939101987
96.202,0.388,15.52,0.124165230759241,0.0154170045294956
96.223,0.595,23.8,0.322106879128344,0.103752841581801
96.223,0.673,26.92,0.46131757456038,0.212813904598272
96.243,0.556,22.24,0.269153480392692,0.0724435960074991
96.266,0.673,26.92,0.46131757456038,0.212813904598272
96.266,0.699,27.96,0.519995996533516,0.270395836410885
96.288,0.634,25.36,0.385478357665772,0.148593564228701
96.288,0.699,27.96,0.519995996533516,0.270395836410885
96.313,0.699,27.96,0.519995996533516,0.270395836410885
96.313,0.686,27.44,0.489778819368447,0.239883291901949
96.335,0.699,27.96,0.519995996533516,0.270395836410885
96.335,0.686,27.44,0.489778819368447,0.239883291901949
96.357,0.699,27.96,0.519995996533516,0.270395836410885
96.357,0.699,27.96,0.519995996533516,0.270395836410885
96.378,0.647,25.88,0.409260659730011,0.167494287602644
96.378,0.699,27.96,0.519995996533516,0.270395836410885
96.401,0.66,26.4,0.434510224171572,0.18879913490963
96.401,0.582,23.28,0.303389118419427,0.0920449571753172
96.424,0.673,26.92,0.46131757456038,0.212813904598272
96.424,0.595,23.8,0.322106879128344,0.103752841581801
96.449,0.401,16.04,0.131825673855641,0.0173780082874938
96.449,0.647,25.88,0.409260659730011,0.167494287602644
96.469,0.466,18.64,0.177827941003892,0.0316227766016838
96.489,0.272,10.88,0.0727779804536825,0.00529663443891659
96.489,0.505,20.2,0.212813904598271,0.0452897579903621
96.51,0.181,7.24,0.0478630092322639,0.00229086765276777
96.51,0.518,20.72,0.225943577022098,0.0510504999975407
96.531,0.194,7.76,0.0508159442560561,0.0025822601906346
96.531,0.492,19.68,0.200447202736516,0.040179081084894
96.549,0.634,25.36,0.385478357665772,0.148593564228701
96.57,0.453,18.12,0.167494287602644,0.0280543363795172
96.57,0.608,24.32,0.341979442513709,0.116949939101987
96.588,0.375,15,0.116949939101987,0.0136772882559585
96.607,0.595,23.8,0.322106879128344,0.103752841581801
96.607,0.66,26.4,0.434510224171572,0.18879913490963
96.627,0.556,22.24,0.269153480392692,0.0724435960074991
96.627,0.66,26.4,0.434510224171572,0.18879913490963
96.647,0.686,27.44,0.489778819368447,0.239883291901949
96.665,0.647,25.88,0.409260659730011,0.167494287602644
96.665,0.699,27.96,0.519995996533516,0.270395836410885
96.688,0.712,28.48,0.552077439280758,0.304789498962799
96.689,0.686,27.44,0.489778819368447,0.239883291901949
96.712,0.712,28.48,0.552077439280758,0.304789498962799
96.712,0.686,27.44,0.489778819368447,0.239883291901949
96.733,0.699,27.96,0.519995996533516,0.270395836410885
96.734,0.699,27.96,0.519995996533516,0.270395836410885
96.755,0.66,26.4,0.434510224171572,0.18879913490963
96.776,0.712,28.48,0.552077439280758,0.304789498962799
96.776,0.673,26.92,0.46131757456038,0.212813904598272
96.798,0.621,24.84,0.363078054770102,0.131825673855641
96.798,0.673,26.92,0.46131757456038,0.212813904598272
96.819,0.608,24.32,0.341979442513709,0.116949939101987
96.819,0.44,17.6,0.157761126969935,0.0248885731828239
96.84,0.621,24.84,0.363078054770102,0.131825673855641
96.861,0.479,19.16,0.188799134909629,0.0356451133426244
96.862,0.233,9.32,0.0608135001278718,0.00369828179780267
96.888,0.518,20.72,0.225943577022098,0.0510504999975407
96.888,0.207,8.28,0.0539510622515128,0.00291071711806661
96.909,0.492,19.68,0.200447202736516,0.040179081084894
96.909,0.285,11.4,0.0772680585095703,0.00597035286583838
96.93,0.453,18.12,0.167494287602644,0.0280543363795172
96.93,0.608,24.32,0.341979442513709,0.116949939101987
96.95,0.388,15.52,0.124165230759241,0.0154170045294956
96.95,0.595,23.8,0.322106879128344,0.103752841581801
96.971,0.569,22.76,0.285759054337495,0.0816582371358593
96.992,0.569,22.76,0.285759054337495,0.0816582371358593
96.992,0.647,25.88,0.409260659730011,0.167494287602644
97.016,0.531,21.24,0.239883291901949,0.0575439937337158
97.016,0.647,25.88,0.409260659730011,0.167494287602644
97.042,0.699,27.96,0.519995996533516,0.270395836410885
97.043,0.621,24.84,0.363078054770102,0.131825673855641
97.043,0.686,27.44,0.489778819368447,0.239883291901949
97.067,0.699,27.96,0.519995996533516,0.270395836410885
97.067,0.686,27.44,0.489778819368447,0.239883291901949
97.089,0.712,28.48,0.552077439280758,0.304789498962799
97.11,0.699,27.96,0.519995996533516,0.270395836410885
97.11,0.699,27.96,0.519995996533516,0.270395836410885
97.132,0.699,27.96,0.519995996533516,0.270395836410885
97.132,0.66,26.4,0.434510224171572,0.18879913490963
97.154,0.712,28.48,0.552077439280758,0.304789498962799
97.154,0.673,26.92,0.46131757456038,0.212813904598272
97.178,0.595,23.8,0.322106879128344,0.103752841581801
97.178,0.686,27.44,0.489778819368447,0.239883291901949
97.201,0.621,24.84,0.363078054770102,0.131825673855641
97.201,0.466,18.64,0.177827941003892,0.0316227766016838
97.221,0.634,25.36,0.385478357665772,0.148593564228701
97.221,0.505,20.2,0.212813904598271,0.0452897579903621
97.241,0.414,16.56,0.139958732257262,0.0195884467350599
97.26,0.544,21.76,0.254683025258504,0.064863443354824
97.26,0.233,9.32,0.0608135001278718,0.00369828179780267
97.28,0.466,18.64,0.177827941003892,0.0316227766016838
97.299,0.505,20.2,0.212813904598271,0.0452897579903621
97.299,0.427,17.08,0.148593564228701,0.022080047330189
97.318,0.595,23.8,0.322106879128344,0.103752841581801
97.318,0.349,13.96,0.103752841581801,0.0107646521362984
97.337,0.582,23.28,0.303389118419427,0.0920449571753172
97.357,0.272,10.88,0.0727779804536825,0.00529663443891659
97.357,0.556,22.24,0.269153480392692,0.0724435960074991
97.376,0.66,26.4,0.434510224171572,0.18879913490963
97.376,0.647,25.88,0.409260659730011,0.167494287602644
97.394,0.634,25.36,0.385478357665772,0.148593564228701
97.412,0.686,27.44,0.489778819368447,0.239883291901949
97.413,0.621,24.84,0.363078054770102,0.131825673855641
97.433,0.686,27.44,0.489778819368447,0.239883291901949
97.45,0.699,27.96,0.519995996533516,0.270395836410885
97.45,0.673,26.92,0.46131757456038,0.212813904598272
97.468,0.699,27.96,0.519995996533516,0.270395836410885
97.49,0.699,27.96,0.519995996533516,0.270395836410885
97.49,0.699,27.96,0.519995996533516,0.270395836410885
97.507,0.699,27.96,0.519995996533516,0.270395836410885
97.507,0.673,26.92,0.46131757456038,0.212813904598272
97.527,0.712,28.48,0.552077439280758,0.304789498962799
97.547,0.686,27.44,0.489778819368447,0.239883291901949
97.547,0.608,24.32,0.341979442513709,0.116949939101987
97.565,0.686,27.44,0.489778819368447,0.239883291901949
97.584,0.634,25.36,0.385478357665772,0.148593564228701
97.584,0.492,19.68,0.200447202736516,0.040179081084894
97.605,0.647,25.88,0.409260659730011,0.167494287602644
97.605,0.531,21.24,0.239883291901949,0.0575439937337158
97.623,0.207,8.28,0.0539510622515128,0.00291071711806661
97.642,0.556,22.24,0.269153480392692,0.0724435960074991
97.642,0.285,11.4,0.0772680585095703,0.00597035286583838
97.661,0.453,18.12,0.167494287602644,0.0280543363795172
97.68,0.375,15,0.116949939101987,0.0136772882559585
97.68,0.401,16.04,0.131825673855641,0.0173780082874938
97.698,0.595,23.8,0.322106879128344,0.103752841581801
97.698,0.298,11.92,0.0820351544329818,0.00672976656284318
97.717,0.569,22.76,0.285759054337495,0.0816582371358593
97.736,0.181,7.24,0.0478630092322639,0.00229086765276777
97.736,0.531,21.24,0.239883291901949,0.0575439937337158
97.755,0.647,25.88,0.409260659730011,0.167494287602644
97.772,0.505,20.2,0.212813904598271,0.0452897579903621
97.772,0.621,24.84,0.363078054770102,0.131825673855641
97.791,0.686,27.44,0.489778819368447,0.239883291901949
97.81,0.608,24.32,0.341979442513709,0.116949939101987
97.81,0.686,27.44,0.489778819368447,0.239883291901949
97.828,0.699,27.96,0.519995996533516,0.270395836410885
97.846,0.673,26.92,0.46131757456038,0.212813904598272
97.846,0.699,27.96,0.519995996533516,0.270395836410885
97.863,0.699,27.96,0.519995996533516,0.270395836410885
97.883,0.699,27.96,0.519995996533516,0.270395836410885
97.883,0.699,27.96,0.519995996533516,0.270395836410885
97.9,0.673,26.92,0.46131757456038,0.212813904598272
97.901,0.712,28.48,0.552077439280758,0.304789498962799
97.919,0.686,27.44,0.489778819368447,0.239883291901949
97.938,0.621,24.84,0.363078054770102,0.131825673855641
97.938,0.686,27.44,0.489778819368447,0.239883291901949
97.956,0.634,25.36,0.385478357665772,0.148593564228701
97.974,0.505,20.2,0.212813904598271,0.0452897579903621
97.974,0.647,25.88,0.409260659730011,0.167494287602644
97.993,0.544,21.76,0.254683025258504,0.064863443354824
98.011,0.233,9.32,0.0608135001278718,0.00369828179780267
98.011,0.582,23.28,0.303389118419427,0.0920449571753172
98.03,0.336,13.44,0.0977237220955811,0.00954992586021437
98.049,0.414,16.56,0.139958732257262,0.0195884467350599
98.049,0.401,16.04,0.131825673855641,0.0173780082874938
98.067,0.362,14.48,0.110153930954142,0.0121338885046498
98.067,0.595,23.8,0.322106879128344,0.103752841581801
98.087,0.388,15.52,0.124165230759241,0.0154170045294956
98.105,0.544,21.76,0.254683025258504,0.064863443354824
98.105,0.207,8.28,0.0539510622515128,0.00291071711806661
98.123,0.518,20.72,0.225943577022098,0.0510504999975407
98.142,0.634,25.36,0.385478357665772,0.148593564228701
98.142,0.479,19.16,0.188799134909629,0.0356451133426244
98.16,0.621,24.84,0.363078054770102,0.131825673855641
98.178,0.686,27.44,0.489778819368447,0.239883291901949
98.178,0.595,23.8,0.322106879128344,0.103752841581801
98.198,0.673,26.92,0.46131757456038,0.212813904598272
98.219,0.699,27.96,0.519995996533516,0.270395836410885
98.219,0.66,26.4,0.434510224171572,0.18879913490963
98.241,0.699,27.96,0.519995996533516,0.270395836410885
98.241,0.712,28.48,0.552077439280758,0.304789498962799
98.261,0.699,27.96,0.519995996533516,0.270395836410885
98.261,0.699,27.96,0.519995996533516,0.270395836410885
98.28,0.673,26.92,0.46131757456038,0.212813904598272
98.299,0.712,28.48,0.552077439280758,0.304789498962799
98.299,0.699,27.96,0.519995996533516,0.270395836410885
98.318,0.621,24.84,0.363078054770102,0.131825673855641
98.318,0.699,27.96,0.519995996533516,0.270395836410885
98.339,0.647,25.88,0.409260659730011,0.167494287602644
98.358,0.531,21.24,0.239883291901949,0.0575439937337158
98.358,0.66,26.4,0.434510224171572,0.18879913490963
98.376,0.556,22.24,0.269153480392692,0.0724435960074991
98.394,0.272,10.88,0.0727779804536825,0.00529663443891659
98.394,0.595,23.8,0.322106879128344,0.103752841581801
98.412,0.375,15,0.116949939101987,0.0136772882559585
98.412,0.66,26.4,0.434510224171572,0.18879913490963
98.431,0.453,18.12,0.167494287602644,0.0280543363795172
98.45,0.311,12.44,0.0870963589956081,0.00758577575029184
98.45,0.556,22.24,0.269153480392692,0.0724435960074991
98.469,0.207,8.28,0.0539510622515128,0.00291071711806661
98.487,0.544,21.76,0.254683025258504,0.064863443354824
98.487,0.647,25.88,0.409260659730011,0.167494287602644
98.508,0.505,20.2,0.212813904598271,0.0452897579903621
98.508,0.634,25.36,0.385478357665772,0.148593564228701
98.528,0.453,18.12,0.167494287602644,0.0280543363795172
98.547,0.608,24.32,0.341979442513709,0.116949939101987
98.547,0.686,27.44,0.489778819368447,0.239883291901949
98.571,0.582,23.28,0.303389118419427,0.0920449571753172
98.571,0.66,26.4,0.434510224171572,0.18879913490963
98.591,0.699,27.96,0.519995996533516,0.270395836410885
98.591,0.66,26.4,0.434510224171572,0.18879913490963
98.611,0.699,27.96,0.519995996533516,0.270395836410885
98.63,0.699,27.96,0.519995996533516,0.270395836410885
98.63,0.699,27.96,0.519995996533516,0.270395836410885
98.65,0.699,27.96,0.519995996533516,0.270395836410885
98.668,0.686,27.44,0.489778819368447,0.239883291901949
98.668,0.699,27.96,0.519995996533516,0.270395836410885
98.687,0.686,27.44,0.489778819368447,0.239883291901949
98.687,0.634,25.36,0.385478357665772,0.148593564228701
98.706,0.699,27.96,0.519995996533516,0.270395836410885
98.725,0.66,26.4,0.434510224171572,0.18879913490963
98.725,0.544,21.76,0.254683025258504,0.064863443354824
98.744,0.66,26.4,0.434510224171572,0.18879913490963
98.769,0.569,22.76,0.285759054337495,0.0816582371358593
98.769,0.336,13.44,0.0977237220955811,0.00954992586021437
98.789,0.582,23.28,0.303389118419427,0.0920449571753172
98.789,0.414,16.56,0.139958732257262,0.0195884467350599
98.807,0.324,12.96,0.0924698173938223,0.00855066712884685
98.807,0.466,18.64,0.177827941003892,0.0316227766016838
98.83,0.233,9.32,0.0608135001278718,0.00369828179780267
98.83,0.556,22.24,0.269153480392692,0.0724435960074991
98.853,0.155,6.2,0.0424619563946313,0.00180301774085957
98.873,0.518,20.72,0.225943577022098,0.0510504999975407
98.873,0.634,25.36,0.385478357665772,0.148593564228701
98.895,0.479,19.16,0.188799134909629,0.0356451133426244
98.895,0.621,24.84,0.363078054770102,0.131825673855641
98.914,0.427,17.08,0.148593564228701,0.022080047330189
98.914,0.634,25.36,0.385478357665772,0.148593564228701
98.934,0.673,26.92,0.46131757456038,0.212813904598272
98.953,0.569,22.76,0.285759054337495,0.0816582371358593
98.953,0.66,26.4,0.434510224171572,0.18879913490963
98.971,0.712,28.48,0.552077439280758,0.304789498962799
98.993,0.647,25.88,0.409260659730011,0.167494287602644
98.993,0.699,27.96,0.519995996533516,0.270395836410885
99.013,0.699,27.96,0.519995996533516,0.270395836410885
99.013,0.686,27.44,0.489778819368447,0.239883291901949
99.036,0.712,28.48,0.552077439280758,0.304789498962799
99.036,0.686,27.44,0.489778819368447,0.239883291901949
99.059,0.699,27.96,0.519995996533516,0.270395836410885
99.059,0.686,27.44,0.489778819368447,0.239883291901949
99.082,0.647,25.88,0.409260659730011,0.167494287602644
99.082,0.686,27.44,0.489778819368447,0.239883291901949
99.103,0.66,26.4,0.434510224171572,0.18879913490963
99.103,0.556,22.24,0.269153480392692,0.0724435960074991
99.125,0.686,27.44,0.489778819368447,0.239883291901949
99.148,0.582,23.28,0.303389118419427,0.0920449571753172
99.148,0.375,15,0.116949939101987,0.0136772882559585
99.169,0.608,24.32,0.341979442513709,0.116949939101987
99.169,0.44,17.6,0.157761126969935,0.0248885731828239
99.193,0.298,11.92,0.0820351544329818,0.00672976656284318
99.193,0.492,19.68,0.200447202736516,0.040179081084894
99.214,0.22,8.8,0.057279603098583,0.00328095293113119
99.214,0.518,20.72,0.225943577022098,0.0510504999975407
99.237,0.233,9.32,0.0608135001278718,0.00369828179780267
99.237,0.505,20.2,0.212813904598271,0.0452897579903621
99.26,0.621,24.84,0.363078054770102,0.131825673855641
99.26,0.453,18.12,0.167494287602644,0.0280543363795172
99.283,0.608,24.32,0.341979442513709,0.116949939101987
99.283,0.388,15.52,0.124165230759241,0.0154170045294956
99.305,0.595,23.8,0.322106879128344,0.103752841581801
99.305,0.66,26.4,0.434510224171572,0.18879913490963
99.327,0.66,26.4,0.434510224171572,0.18879913490963
99.348,0.66,26.4,0.434510224171572,0.18879913490963
99.348,0.699,27.96,0.519995996533516,0.270395836410885
99.367,0.647,25.88,0.409260659730011,0.167494287602644
99.368,0.686,27.44,0.489778819368447,0.239883291901949
99.386,0.699,27.96,0.519995996533516,0.270395836410885
99.405,0.686,27.44,0.489778819368447,0.239883291901949
99.405,0.712,28.48,0.552077439280758,0.304789498962799
99.425,0.686,27.44,0.489778819368447,0.239883291901949
99.425,0.699,27.96,0.519995996533516,0.270395836410885
99.446,0.699,27.96,0.519995996533516,0.270395836410885
99.465,0.66,26.4,0.434510224171572,0.18879913490963
99.465,0.699,27.96,0.519995996533516,0.270395836410885
99.483,0.673,26.92,0.46131757456038,0.212813904598272
99.503,0.582,23.28,0.303389118419427,0.0920449571753172
99.503,0.673,26.92,0.46131757456038,0.212813904598272
99.522,0.595,23.8,0.322106879128344,0.103752841581801
99.522,0.595,23.8,0.322106879128344,0.103752841581801
99.541,0.621,24.84,0.363078054770102,0.131825673855641
99.559,0.479,19.16,0.188799134909629,0.0356451133426244
99.559,0.22,8.8,0.057279603098583,0.00328095293113119
99.578,0.518,20.72,0.225943577022098,0.0510504999975407
99.596,0.155,6.2,0.0424619563946313,0.00180301774085957
99.596,0.505,20.2,0.212813904598271,0.0452897579903621
99.615,0.233,9.32,0.0608135001278718,0.00369828179780267
99.615,0.479,19.16,0.188799134909629,0.0356451133426244
99.634,0.621,24.84,0.363078054770102,0.131825673855641
99.653,0.414,16.56,0.139958732257262,0.0195884467350599
99.653,0.595,23.8,0.322106879128344,0.103752841581801
99.671,0.336,13.44,0.0977237220955811,0.00954992586021437
99.689,0.569,22.76,0.285759054337495,0.0816582371358593
99.689,0.66,26.4,0.434510224171572,0.18879913490963
99.707,0.544,21.76,0.254683025258504,0.064863443354824
99.725,0.647,25.88,0.409260659730011,0.167494287602644
99.725,0.699,27.96,0.519995996533516,0.270395836410885
99.745,0.647,25.88,0.409260659730011,0.167494287602644
99.765,0.686,27.44,0.489778819368447,0.239883291901949
99.765,0.712,28.48,0.552077439280758,0.304789498962799
99.782,0.673,26.92,0.46131757456038,0.212813904598272
99.782,0.699,27.96,0.519995996533516,0.270395836410885
99.802,0.699,27.96,0.519995996533516,0.270395836410885
99.819,0.699,27.96,0.519995996533516,0.270395836410885
99.82,0.699,27.96,0.519995996533516,0.270395836410885
99.838,0.66,26.4,0.434510224171572,0.18879913490963
99.856,0.712,28.48,0.552077439280758,0.304789498962799
99.856,0.673,26.92,0.46131757456038,0.212813904598272
99.875,0.582,23.28,0.303389118419427,0.0920449571753172
99.894,0.686,27.44,0.489778819368447,0.239883291901949
99.894,0.608,24.32,0.341979442513709,0.116949939101987
99.912,0.44,17.6,0.157761126969935,0.0248885731828239
99.931,0.634,25.36,0.385478357665772,0.148593564228701
99.931,0.492,19.68,0.200447202736516,0.040179081084894
99.951,0.505,20.2,0.212813904598271,0.0452897579903621
99.951,0.518,20.72,0.225943577022098,0.0510504999975407
99.97,0.207,8.28,0.0539510622515128,0.00291071711806661
99.988,0.492,19.68,0.200447202736516,0.040179081084894
99.988,0.285,11.4,0.0772680585095703,0.00597035286583838
100.007,0.44,17.6,0.157761126969935,0.0248885731828239
100.007,0.595,23.8,0.322106879128344,0.103752841581801
100.026,0.375,15,0.116949939101987,0.0136772882559585
100.046,0.582,23.28,0.303389118419427,0.0920449571753172
100.046,0.673,26.92,0.46131757456038,0.212813904598272
100.065,0.556,22.24,0.269153480392692,0.0724435960074991
100.085,0.66,26.4,0.434510224171572,0.18879913490963
100.085,0.531,21.24,0.239883291901949,0.0575439937337158
100.104,0.647,25.88,0.409260659730011,0.167494287602644
100.104,0.686,27.44,0.489778819368447,0.239883291901949
100.123,0.634,25.36,0.385478357665772,0.148593564228701
100.142,0.686,27.44,0.489778819368447,0.239883291901949
100.142,0.712,28.48,0.552077439280758,0.304789498962799
100.16,0.686,27.44,0.489778819368447,0.239883291901949
100.178,0.699,27.96,0.519995996533516,0.270395836410885
100.178,0.699,27.96,0.519995996533516,0.270395836410885
100.197,0.699,27.96,0.519995996533516,0.270395836410885
100.216,0.699,27.96,0.519995996533516,0.270395836410885
100.216,0.66,26.4,0.434510224171572,0.18879913490963
100.234,0.712,28.48,0.552077439280758,0.304789498962799
100.234,0.686,27.44,0.489778819368447,0.239883291901949
100.254,0.621,24.84,0.363078054770102,0.131825673855641
100.273,0.686,27.44,0.489778819368447,0.239883291901949
100.273,0.621,24.84,0.363078054770102,0.131825673855641
100.291,0.492,19.68,0.200447202736516,0.040179081084894
100.311,0.647,25.88,0.409260659730011,0.167494287602644
100.311,0.531,21.24,0.239883291901949,0.0575439937337158
100.33,0.22,8.8,0.057279603098583,0.00328095293113119
100.33,0.556,22.24,0.269153480392692,0.0724435960074991
100.349,0.595,23.8,0.322106879128344,0.103752841581801
100.368,0.531,21.24,0.239883291901949,0.0575439937337158
100.368,0.362,14.48,0.110153930954142,0.0121338885046498
100.387,0.401,16.04,0.131825673855641,0.0173780082874938
100.406,0.582,23.28,0.303389118419427,0.0920449571753172
100.406,0.324,12.96,0.0924698173938223,0.00855066712884685
100.426,0.582,23.28,0.303389118419427,0.0920449571753172
100.426,0.22,8.8,0.057279603098583,0.00328095293113119
100.444,0.544,21.76,0.254683025258504,0.064863443354824
100.465,0.66,26.4,0.434510224171572,0.18879913490963
100.465,0.518,20.72,0.225943577022098,0.0510504999975407
100.484,0.634,25.36,0.385478357665772,0.148593564228701
100.505,0.686,27.44,0.489778819368447,0.239883291901949
100.506,0.621,24.84,0.363078054770102,0.131825673855641
100.525,0.686,27.44,0.489778819368447,0.239883291901949
100.525,0.712,28.48,0.552077439280758,0.304789498962799
100.544,0.686,27.44,0.489778819368447,0.239883291901949
100.544,0.699,27.96,0.519995996533516,0.270395836410885
100.564,0.699,27.96,0.519995996533516,0.270395836410885
100.584,0.699,27.96,0.519995996533516,0.270395836410885
100.584,0.699,27.96,0.519995996533516,0.270395836410885
100.603,0.673,26.92,0.46131757456038,0.212813904598272
100.603,0.712,28.48,0.552077439280758,0.304789498962799
100.622,0.686,27.44,0.489778819368447,0.239883291901949
100.64,0.608,24.32,0.341979442513709,0.116949939101987
100.64,0.686,27.44,0.489778819368447,0.239883291901949
100.658,0.634,25.36,0.385478357665772,0.148593564228701
100.676,0.505,20.2,0.212813904598271,0.0452897579903621
100.676,0.634,25.36,0.385478357665772,0.148593564228701
100.695,0.531,21.24,0.239883291901949,0.0575439937337158
100.713,0.22,8.8,0.057279603098583,0.00328095293113119
100.713,0.569,22.76,0.285759054337495,0.0816582371358593
100.731,0.298,11.92,0.0820351544329818,0.00672976656284318
100.75,0.44,17.6,0.157761126969935,0.0248885731828239
100.75,0.388,15.52,0.124165230759241,0.0154170045294956
100.768,0.362,14.48,0.110153930954142,0.0121338885046498
100.786,0.582,23.28,0.303389118419427,0.0920449571753172
100.787,0.272,10.88,0.0727779804536825,0.00529663443891659
100.804,0.556,22.24,0.269153480392692,0.0724435960074991
100.823,0.181,7.24,0.0478630092322639,0.00229086765276777
100.823,0.531,21.24,0.239883291901949,0.0575439937337158
100.84,0.634,25.36,0.385478357665772,0.148593564228701
100.859,0.492,19.68,0.200447202736516,0.040179081084894
100.859,0.634,25.36,0.385478357665772,0.148593564228701
100.878,0.686,27.44,0.489778819368447,0.239883291901949
100.878,0.608,24.32,0.341979442513709,0.116949939101987
100.896,0.686,27.44,0.489778819368447,0.239883291901949
100.915,0.699,27.96,0.519995996533516,0.270395836410885
100.915,0.66,26.4,0.434510224171572,0.18879913490963
100.935,0.699,27.96,0.519995996533516,0.270395836410885
100.954,0.699,27.96,0.519995996533516,0.270395836410885
100.954,0.699,27.96,0.519995996533516,0.270395836410885
100.974,0.699,27.96,0.519995996533516,0.270395836410885
100.974,0.673,26.92,0.46131757456038,0.212813904598272
100.992,0.699,27.96,0.519995996533516,0.270395836410885
101.01,0.673,26.92,0.46131757456038,0.212813904598272
101.01,0.621,24.84,0.363078054770102,0.131825673855641
101.028,0.686,27.44,0.489778819368447,0.239883291901949
101.047,0.647,25.88,0.409260659730011,0.167494287602644
101.047,0.518,20.72,0.225943577022098,0.0510504999975407
101.068,0.66,26.4,0.434510224171572,0.18879913490963
101.068,0.569,22.76,0.285759054337495,0.0816582371358593
101.086,0.272,10.88,0.0727779804536825,0.00529663443891659
101.104,0.582,23.28,0.303389118419427,0.0920449571753172
101.104,0.349,13.96,0.103752841581801,0.0107646521362984
101.123,0.414,16.56,0.139958732257262,0.0195884467350599
101.142,0.44,17.6,0.157761126969935,0.0248885731828239
101.142,0.324,12.96,0.0924698173938223,0.00855066712884685
101.16,0.569,22.76,0.285759054337495,0.0816582371358593
101.179,0.233,9.32,0.0608135001278718,0.00369828179780267
101.179,0.544,21.76,0.254683025258504,0.064863443354824
101.197,0.647,25.88,0.409260659730011,0.167494287602644
101.215,0.505,20.2,0.212813904598271,0.0452897579903621
101.215,0.647,25.88,0.409260659730011,0.167494287602644
101.233,0.453,18.12,0.167494287602644,0.0280543363795172
101.251,0.621,24.84,0.363078054770102,0.131825673855641
101.251,0.686,27.44,0.489778819368447,0.239883291901949
101.269,0.595,23.8,0.322106879128344,0.103752841581801
101.289,0.673,26.92,0.46131757456038,0.212813904598272
101.289,0.699,27.96,0.519995996533516,0.270395836410885
101.307,0.66,26.4,0.434510224171572,0.18879913490963
101.308,0.699,27.96,0.519995996533516,0.270395836410885
101.325,0.699,27.96,0.519995996533516,0.270395836410885
101.343,0.699,27.96,0.519995996533516,0.270395836410885
101.343,0.699,27.96,0.519995996533516,0.270395836410885
101.361,0.686,27.44,0.489778819368447,0.239883291901949
101.38,0.699,27.96,0.519995996533516,0.270395836410885
101.38,0.686,27.44,0.489778819368447,0.239883291901949
101.398,0.647,25.88,0.409260659730011,0.167494287602644
101.418,0.699,27.96,0.519995996533516,0.270395836410885
101.418,0.647,25.88,0.409260659730011,0.167494287602644
101.435,0.544,21.76,0.254683025258504,0.064863443354824
101.453,0.66,26.4,0.434510224171572,0.18879913490963
101.453,0.569,22.76,0.285759054337495,0.0816582371358593
101.472,0.311,12.44,0.0870963589956081,0.00758577575029184
101.492,0.608,24.32,0.341979442513709,0.116949939101987
101.492,0.401,16.04,0.131825673855641,0.0173780082874938
101.512,0.336,13.44,0.0977237220955811,0.00954992586021437
101.512,0.466,18.64,0.177827941003892,0.0316227766016838
101.531,0.246,9.84,0.0645654229034656,0.00416869383470336
101.549,0.556,22.24,0.269153480392692,0.0724435960074991
101.549,0.168,6.72,0.0450816704541461,0.00203235701093622
101.566,0.531,21.24,0.239883291901949,0.0575439937337158
101.586,0.647,25.88,0.409260659730011,0.167494287602644
101.586,0.479,19.16,0.188799134909629,0.0356451133426244
101.604,0.621,24.84,0.363078054770102,0.131825673855641
101.604,0.44,17.6,0.157761126969935,0.0248885731828239
101.622,0.608,24.32,0.341979442513709,0.116949939101987
101.641,0.686,27.44,0.489778819368447,0.239883291901949
101.641,0.582,23.28,0.303389118419427,0.0920449571753172
101.658,0.673,26.92,0.46131757456038,0.212813904598272
101.677,0.699,27.96,0.519995996533516,0.270395836410885
101.677,0.647,25.88,0.409260659730011,0.167494287602644
101.694,0.699,27.96,0.519995996533516,0.270395836410885
101.713,0.712,28.48,0.552077439280758,0.304789498962799
101.713,0.699,27.96,0.519995996533516,0.270395836410885
101.732,0.712,28.48,0.552077439280758,0.304789498962799
101.75,0.686,27.44,0.489778819368447,0.239883291901949
101.75,0.699,27.96,0.519995996533516,0.270395836410885
101.768,0.686,27.44,0.489778819368447,0.239883291901949
101.786,0.647,25.88,0.409260659730011,0.167494287602644
101.786,0.699,27.96,0.519995996533516,0.270395836410885
101.803,0.66,26.4,0.434510224171572,0.18879913490963
101.82,0.556,22.24,0.269153480392692,0.0724435960074991
101.82,0.673,26.92,0.46131757456038,0.212813904598272
101.839,0.595,23.8,0.322106879128344,0.103752841581801
101.859,0.362,14.48,0.110153930954142,0.0121338885046498
101.859,0.608,24.32,0.341979442513709,0.116949939101987
101.876,0.44,17.6,0.157761126969935,0.0248885731828239
101.894,0.44,17.6,0.157761126969935,0.0248885731828239
101.894,0.492,19.68,0.200447202736516,0.040179081084894
101.914,0.194,7.76,0.0508159442560561,0.0025822601906346
101.914,0.544,21.76,0.254683025258504,0.064863443354824
101.934,0.168,6.72,0.0450816704541461,0.00203235701093622
101.951,0.505,20.2,0.212813904598271,0.0452897579903621
101.951,0.634,25.36,0.385478357665772,0.148593564228701
101.969,0.466,18.64,0.177827941003892,0.0316227766016838
101.987,0.621,24.84,0.363078054770102,0.131825673855641
101.987,0.414,16.56,0.139958732257262,0.0195884467350599
102.004,0.595,23.8,0.322106879128344,0.103752841581801
102.023,0.673,26.92,0.46131757456038,0.212813904598272
102.023,0.556,22.24,0.269153480392692,0.0724435960074991
102.041,0.66,26.4,0.434510224171572,0.18879913490963
102.059,0.699,27.96,0.519995996533516,0.270395836410885
102.059,0.647,25.88,0.409260659730011,0.167494287602644
102.079,0.686,27.44,0.489778819368447,0.239883291901949
102.097,0.699,27.96,0.519995996533516,0.270395836410885
102.098,0.686,27.44,0.489778819368447,0.239883291901949
102.115,0.699,27.96,0.519995996533516,0.270395836410885
102.134,0.686,27.44,0.489778819368447,0.239883291901949
102.135,0.712,28.48,0.552077439280758,0.304789498962799
102.153,0.686,27.44,0.489778819368447,0.239883291901949
102.153,0.647,25.88,0.409260659730011,0.167494287602644
102.171,0.699,27.96,0.519995996533516,0.270395836410885
102.189,0.66,26.4,0.434510224171572,0.18879913490963
102.189,0.595,23.8,0.322106879128344,0.103752841581801
102.207,0.673,26.92,0.46131757456038,0.212813904598272
102.225,0.608,24.32,0.341979442513709,0.116949939101987
102.225,0.414,16.56,0.139958732257262,0.0195884467350599
102.242,0.621,24.84,0.363078054770102,0.131825673855641
102.26,0.466,18.64,0.177827941003892,0.0316227766016838
102.26,0.272,10.88,0.0727779804536825,0.00529663443891659
102.279,0.505,20.2,0.212813904598271,0.0452897579903621
102.296,0.181,7.24,0.0478630092322639,0.00229086765276777
102.296,0.518,20.72,0.225943577022098,0.0510504999975407
102.314,0.246,9.84,0.0645654229034656,0.00416869383470336
102.331,0.479,19.16,0.188799134909629,0.0356451133426244
102.331,0.621,24.84,0.363078054770102,0.131825673855641
102.351,0.427,17.08,0.148593564228701,0.022080047330189
102.369,0.608,24.32,0.341979442513709,0.116949939101987
102.369,0.336,13.44,0.0977237220955811,0.00954992586021437
102.387,0.582,23.28,0.303389118419427,0.0920449571753172
102.406,0.66,26.4,0.434510224171572,0.18879913490963
102.406,0.556,22.24,0.269153480392692,0.0724435960074991
102.423,0.647,25.88,0.409260659730011,0.167494287602644
102.44,0.699,27.96,0.519995996533516,0.270395836410885
102.44,0.647,25.88,0.409260659730011,0.167494287602644
102.46,0.699,27.96,0.519995996533516,0.270395836410885
102.479,0.699,27.96,0.519995996533516,0.270395836410885
102.479,0.686,27.44,0.489778819368447,0.239883291901949
102.497,0.712,28.48,0.552077439280758,0.304789498962799
102.516,0.686,27.44,0.489778819368447,0.239883291901949
102.516,0.712,28.48,0.552077439280758,0.304789498962799
102.535,0.699,27.96,0.519995996533516,0.270395836410885
102.535,0.66,26.4,0.434510224171572,0.18879913490963
102.554,0.699,27.96,0.519995996533516,0.270395836410885
102.572,0.673,26.92,0.46131757456038,0.212813904598272
102.572,0.582,23.28,0.303389118419427,0.0920449571753172
102.592,0.686,27.44,0.489778819368447,0.239883291901949
102.609,0.608,24.32,0.341979442513709,0.116949939101987
102.609,0.44,17.6,0.157761126969935,0.0248885731828239
102.628,0.621,24.84,0.363078054770102,0.131825673855641
102.646,0.492,19.68,0.200447202736516,0.040179081084894
102.646,0.207,8.28,0.0539510622515128,0.00291071711806661
102.664,0.531,21.24,0.239883291901949,0.0575439937337158
102.683,0.22,8.8,0.057279603098583,0.00328095293113119
102.683,0.492,19.68,0.200447202736516,0.040179081084894
102.7,0.259,10.36,0.0685488226452662,0.00469894108605216
102.7,0.453,18.12,0.167494287602644,0.0280543363795172
102.719,0.608,24.32,0.341979442513709,0.116949939101987
102.738,0.401,16.04,0.131825673855641,0.0173780082874938
102.738,0.595,23.8,0.322106879128344,0.103752841581801
102.755,0.311,12.44,0.0870963589956081,0.00758577575029184
102.773,0.569,22.76,0.285759054337495,0.0816582371358593
102.774,0.647,25.88,0.409260659730011,0.167494287602644
102.792,0.544,21.76,0.254683025258504,0.064863443354824
102.81,0.647,25.88,0.409260659730011,0.167494287602644
102.81,0.699,27.96,0.519995996533516,0.270395836410885
102.828,0.634,25.36,0.385478357665772,0.148593564228701
102.846,0.686,27.44,0.489778819368447,0.239883291901949
102.846,0.699,27.96,0.519995996533516,0.270395836410885
102.864,0.686,27.44,0.489778819368447,0.239883291901949
102.881,0.699,27.96,0.519995996533516,0.270395836410885
102.881,0.699,27.96,0.519995996533516,0.270395836410885
102.9,0.699,27.96,0.519995996533516,0.270395836410885
102.919,0.699,27.96,0.519995996533516,0.270395836410885
102.919,0.66,26.4,0.434510224171572,0.18879913490963
102.936,0.712,28.48,0.552077439280758,0.304789498962799
102.954,0.673,26.92,0.46131757456038,0.212813904598272
102.955,0.608,24.32,0.341979442513709,0.116949939101987
102.972,0.686,27.44,0.489778819368447,0.239883291901949
102.991,0.608,24.32,0.341979442513709,0.116949939101987
102.991,0.479,19.16,0.188799134909629,0.0356451133426244
103.009,0.634,25.36,0.385478357665772,0.148593564228701
103.009,0.518,20.72,0.225943577022098,0.0510504999975407
103.028,0.155,6.2,0.0424619563946313,0.00180301774085957
103.046,0.544,21.76,0.254683025258504,0.064863443354824
103.046,0.233,9.32,0.0608135001278718,0.00369828179780267
103.063,0.466,18.64,0.177827941003892,0.0316227766016838
103.083,0.349,13.96,0.103752841581801,0.0107646521362984
103.083,0.44,17.6,0.157761126969935,0.0248885731828239
103.102,0.608,24.32,0.341979442513709,0.116949939101987
103.121,0.595,23.8,0.322106879128344,0.103752841581801
103.121,0.582,23.28,0.303389118419427,0.0920449571753172
103.138,0.246,9.84,0.0645654229034656,0.00416869383470336
103.156,0.556,22.24,0.269153480392692,0.0724435960074991
103.156,0.66,26.4,0.434510224171572,0.18879913490963
103.174,0.531,21.24,0.239883291901949,0.0575439937337158
103.191,0.634,25.36,0.385478357665772,0.148593564228701
103.191,0.699,27.96,0.519995996533516,0.270395836410885
103.21,0.634,25.36,0.385478357665772,0.148593564228701
103.229,0.686,27.44,0.489778819368447,0.239883291901949
103.229,0.699,27.96,0.519995996533516,0.270395836410885
103.246,0.686,27.44,0.489778819368447,0.239883291901949
103.265,0.699,27.96,0.519995996533516,0.270395836410885
103.265,0.699,27.96,0.519995996533516,0.270395836410885
103.283,0.699,27.96,0.519995996533516,0.270395836410885
103.3,0.699,27.96,0.519995996533516,0.270395836410885
103.3,0.66,26.4,0.434510224171572,0.18879913490963
103.319,0.699,27.96,0.519995996533516,0.270395836410885
103.336,0.673,26.92,0.46131757456038,0.212813904598272
103.336,0.608,24.32,0.341979442513709,0.116949939101987
103.356,0.686,27.44,0.489778819368447,0.239883291901949
103.356,0.621,24.84,0.363078054770102,0.131825673855641
103.373,0.492,19.68,0.200447202736516,0.040179081084894
103.391,0.647,25.88,0.409260659730011,0.167494287602644
103.391,0.531,21.24,0.239883291901949,0.0575439937337158
103.409,0.181,7.24,0.0478630092322639,0.00229086765276777
103.427,0.556,22.24,0.269153480392692,0.0724435960074991
103.427,0.285,11.4,0.0772680585095703,0.00597035286583838
103.445,0.44,17.6,0.157761126969935,0.0248885731828239
103.465,0.375,15,0.116949939101987,0.0136772882559585
103.465,0.375,15,0.116949939101987,0.0136772882559585
103.485,0.582,23.28,0.303389118419427,0.0920449571753172
103.504,0.285,11.4,0.0772680585095703,0.00597035286583838
103.504,0.556,22.24,0.269153480392692,0.0724435960074991
103.524,0.207,8.28,0.0539510622515128,0.00291071711806661
103.524,0.531,21.24,0.239883291901949,0.0575439937337158
103.544,0.647,25.88,0.409260659730011,0.167494287602644
103.564,0.505,20.2,0.212813904598271,0.0452897579903621
103.564,0.634,25.36,0.385478357665772,0.148593564228701
103.583,0.686,27.44,0.489778819368447,0.239883291901949
103.583,0.608,24.32,0.341979442513709,0.116949939101987
103.606,0.673,26.92,0.46131757456038,0.212813904598272
103.606,0.699,27.96,0.519995996533516,0.270395836410885
103.628,0.673,26.92,0.46131757456038,0.212813904598272
103.646,0.699,27.96,0.519995996533516,0.270395836410885
103.646,0.699,27.96,0.519995996533516,0.270395836410885
103.665,0.699,27.96,0.519995996533516,0.270395836410885
103.666,0.699,27.96,0.519995996533516,0.270395836410885
103.686,0.673,26.92,0.46131757456038,0.212813904598272
103.706,0.712,28.48,0.552077439280758,0.304789498962799
103.706,0.686,27.44,0.489778819368447,0.239883291901949
103.727,0.621,24.84,0.363078054770102,0.131825673855641
103.727,0.699,27.96,0.519995996533516,0.270395836410885
103.748,0.647,25.88,0.409260659730011,0.167494287602644
103.748,0.505,20.2,0.212813904598271,0.0452897579903621
103.768,0.647,25.88,0.409260659730011,0.167494287602644
103.787,0.556,22.24,0.269153480392692,0.0724435960074991
103.787,0.246,9.84,0.0645654229034656,0.00416869383470336
103.806,0.582,23.28,0.303389118419427,0.0920449571753172
103.824,0.336,13.44,0.0977237220955811,0.00954992586021437
103.824,0.427,17.08,0.148593564228701,0.022080047330189
103.843,0.414,16.56,0.139958732257262,0.0195884467350599
103.843,0.349,13.96,0.103752841581801,0.0107646521362984
103.862,0.569,22.76,0.285759054337495,0.0816582371358593
103.881,0.233,9.32,0.0608135001278718,0.00369828179780267
103.881,0.544,21.76,0.254683025258504,0.064863443354824
103.901,0.66,26.4,0.434510224171572,0.18879913490963
103.92,0.518,20.72,0.225943577022098,0.0510504999975407
103.92,0.634,25.36,0.385478357665772,0.148593564228701
103.938,0.479,19.16,0.188799134909629,0.0356451133426244
103.938,0.634,25.36,0.385478357665772,0.148593564228701
103.957,0.699,27.96,0.519995996533516,0.270395836410885
103.977,0.608,24.32,0.341979442513709,0.116949939101987
103.977,0.673,26.92,0.46131757456038,0.212813904598272
103.996,0.712,28.48,0.552077439280758,0.304789498962799
104.015,0.673,26.92,0.46131757456038,0.212813904598272
104.015,0.699,27.96,0.519995996533516,0.270395836410885
104.033,0.699,27.96,0.519995996533516,0.270395836410885
104.051,0.699,27.96,0.519995996533516,0.270395836410885
104.051,0.699,27.96,0.519995996533516,0.270395836410885
104.07,0.686,27.44,0.489778819368447,0.239883291901949
104.07,0.699,27.96,0.519995996533516,0.270395836410885
104.089,0.673,26.92,0.46131757456038,0.212813904598272
104.108,0.634,25.36,0.385478357665772,0.148593564228701
104.108,0.699,27.96,0.519995996533516,0.270395836410885
104.126,0.647,25.88,0.409260659730011,0.167494287602644
104.143,0.544,21.76,0.254683025258504,0.064863443354824
104.143,0.66,26.4,0.434510224171572,0.18879913490963
104.162,0.569,22.76,0.285759054337495,0.0816582371358593
104.178,0.311,12.44,0.0870963589956081,0.00758577575029184
104.179,0.582,23.28,0.303389118419427,0.0920449571753172
104.196,0.388,15.52,0.124165230759241,0.0154170045294956
104.215,0.362,14.48,0.110153930954142,0.0121338885046498
104.215,0.453,18.12,0.167494287602644,0.0280543363795172
104.232,0.298,11.92,0.0820351544329818,0.00672976656284318
104.251,0.556,22.24,0.269153480392692,0.0724435960074991
104.251,0.246,9.84,0.0645654229034656,0.00416869383470336
104.269,0.544,21.76,0.254683025258504,0.064863443354824
104.288,0.647,25.88,0.409260659730011,0.167494287602644
104.288,0.492,19.68,0.200447202736516,0.040179081084894
104.306,0.634,25.36,0.385478357665772,0.148593564228701
104.326,0.44,17.6,0.157761126969935,0.0248885731828239
104.326,0.608,24.32,0.341979442513709,0.116949939101987
104.344,0.686,27.44,0.489778819368447,0.239883291901949
104.344,0.595,23.8,0.322106879128344,0.103752841581801
104.362,0.673,26.92,0.46131757456038,0.212813904598272
104.378,0.699,27.96,0.519995996533516,0.270395836410885
104.379,0.66,26.4,0.434510224171572,0.18879913490963
104.397,0.699,27.96,0.519995996533516,0.270395836410885
104.415,0.712,28.48,0.552077439280758,0.304789498962799
104.415,0.699,27.96,0.519995996533516,0.270395836410885
104.432,0.699,27.96,0.519995996533516,0.270395836410885
104.45,0.686,27.44,0.489778819368447,0.239883291901949
104.45,0.699,27.96,0.519995996533516,0.270395836410885
104.468,0.699,27.96,0.519995996533516,0.270395836410885
104.487,0.647,25.88,0.409260659730011,0.167494287602644
104.487,0.699,27.96,0.519995996533516,0.270395836410885
104.504,0.66,26.4,0.434510224171572,0.18879913490963
104.522,0.544,21.76,0.254683025258504,0.064863443354824
104.522,0.66,26.4,0.434510224171572,0.18879913490963
104.539,0.582,23.28,0.303389118419427,0.0920449571753172
104.557,0.349,13.96,0.103752841581801,0.0107646521362984
104.575,0.595,23.8,0.322106879128344,0.103752841581801
104.575,0.401,16.04,0.131825673855641,0.0173780082874938
104.593,0.336,13.44,0.0977237220955811,0.00954992586021437
104.593,0.479,19.16,0.188799134909629,0.0356451133426244
104.611,0.233,9.32,0.0608135001278718,0.00369828179780267
104.63,0.544,21.76,0.254683025258504,0.064863443354824
104.63,0.194,7.76,0.0508159442560561,0.0025822601906346
104.648,0.505,20.2,0.212813904598271,0.0452897579903621
104.667,0.634,25.36,0.385478357665772,0.148593564228701
104.668,0.466,18.64,0.177827941003892,0.0316227766016838
104.685,0.621,24.84,0.363078054770102,0.131825673855641
104.704,0.414,16.56,0.139958732257262,0.0195884467350599
104.704,0.595,23.8,0.322106879128344,0.103752841581801
104.723,0.686,27.44,0.489778819368447,0.239883291901949
104.74,0.569,22.76,0.285759054337495,0.0816582371358593
104.74,0.66,26.4,0.434510224171572,0.18879913490963
104.761,0.699,27.96,0.519995996533516,0.270395836410885
104.761,0.647,25.88,0.409260659730011,0.167494287602644
104.78,0.686,27.44,0.489778819368447,0.239883291901949
104.8,0.699,27.96,0.519995996533516,0.270395836410885
104.8,0.699,27.96,0.519995996533516,0.270395836410885
104.82,0.699,27.96,0.519995996533516,0.270395836410885
104.82,0.686,27.44,0.489778819368447,0.239883291901949
104.839,0.699,27.96,0.519995996533516,0.270395836410885
104.859,0.699,27.96,0.519995996533516,0.270395836410885
104.859,0.647,25.88,0.409260659730011,0.167494287602644
104.878,0.699,27.96,0.519995996533516,0.270395836410885
104.895,0.673,26.92,0.46131757456038,0.212813904598272
104.896,0.569,22.76,0.285759054337495,0.0816582371358593
104.914,0.686,27.44,0.489778819368447,0.239883291901949
104.932,0.595,23.8,0.322106879128344,0.103752841581801
104.932,0.401,16.04,0.131825673855641,0.0173780082874938
104.952,0.608,24.32,0.341979442513709,0.116949939101987
104.952,0.505,20.2,0.212813904598271,0.0452897579903621
104.969,0.285,11.4,0.0772680585095703,0.00597035286583838
104.989,0.518,20.72,0.225943577022098,0.0510504999975407
104.989,0.207,8.28,0.0539510622515128,0.00291071711806661
105.006,0.531,21.24,0.239883291901949,0.0575439937337158
105.026,0.207,8.28,0.0539510622515128,0.00291071711806661
105.026,0.492,19.68,0.200447202736516,0.040179081084894
105.045,0.634,25.36,0.385478357665772,0.148593564228701
105.061,0.44,17.6,0.157761126969935,0.0248885731828239
105.062,0.608,24.32,0.341979442513709,0.116949939101987
105.08,0.362,14.48,0.110153930954142,0.0121338885046498
105.098,0.582,23.28,0.303389118419427,0.0920449571753172
105.098,0.673,26.92,0.46131757456038,0.212813904598272
105.119,0.556,22.24,0.269153480392692,0.0724435960074991
105.119,0.66,26.4,0.434510224171572,0.18879913490963
105.138,0.699,27.96,0.519995996533516,0.270395836410885
105.156,0.647,25.88,0.409260659730011,0.167494287602644
105.156,0.699,27.96,0.519995996533516,0.270395836410885
105.174,0.712,28.48,0.552077439280758,0.304789498962799
105.192,0.699,27.96,0.519995996533516,0.270395836410885
105.192,0.712,28.48,0.552077439280758,0.304789498962799
105.212,0.699,27.96,0.519995996533516,0.270395836410885
105.23,0.699,27.96,0.519995996533516,0.270395836410885
105.23,0.699,27.96,0.519995996533516,0.270395836410885
105.249,0.66,26.4,0.434510224171572,0.18879913490963
105.249,0.699,27.96,0.519995996533516,0.270395836410885
105.267,0.673,26.92,0.46131757456038,0.212813904598272
105.285,0.582,23.28,0.303389118419427,0.0920449571753172
105.285,0.686,27.44,0.489778819368447,0.239883291901949
105.303,0.595,23.8,0.322106879128344,0.103752841581801
105.321,0.427,17.08,0.148593564228701,0.022080047330189
105.321,0.621,24.84,0.363078054770102,0.131825673855641
105.34,0.479,19.16,0.188799134909629,0.0356451133426244
105.359,0.246,9.84,0.0645654229034656,0.00416869383470336
105.359,0.505,20.2,0.212813904598271,0.0452897579903621
105.377,0.181,7.24,0.0478630092322639,0.00229086765276777
105.395,0.505,20.2,0.212813904598271,0.0452897579903621
105.395,0.259,10.36,0.0685488226452662,0.00469894108605216
105.415,0.453,18.12,0.167494287602644,0.0280543363795172
105.415,0.621,24.84,0.363078054770102,0.131825673855641
105.433,0.414,16.56,0.139958732257262,0.0195884467350599
105.45,0.595,23.8,0.322106879128344,0.103752841581801
105.468,0.349,13.96,0.103752841581801,0.0107646521362984
105.468,0.569,22.76,0.285759054337495,0.0816582371358593
105.487,0.66,26.4,0.434510224171572,0.18879913490963
105.504,0.544,21.76,0.254683025258504,0.064863443354824
105.504,0.66,26.4,0.434510224171572,0.18879913490963
105.523,0.686,27.44,0.489778819368447,0.239883291901949
105.523,0.634,25.36,0.385478357665772,0.148593564228701
105.541,0.686,27.44,0.489778819368447,0.239883291901949
105.559,0.712,28.48,0.552077439280758,0.304789498962799
105.559,0.686,27.44,0.489778819368447,0.239883291901949
105.576,0.699,27.96,0.519995996533516,0.270395836410885
105.594,0.699,27.96,0.519995996533516,0.270395836410885
105.594,0.699,27.96,0.519995996533516,0.270395836410885
105.612,0.699,27.96,0.519995996533516,0.270395836410885
105.63,0.66,26.4,0.434510224171572,0.18879913490963
105.63,0.712,28.48,0.552077439280758,0.304789498962799
105.648,0.673,26.92,0.46131757456038,0.212813904598272
105.666,0.595,23.8,0.322106879128344,0.103752841581801
105.667,0.686,27.44,0.489778819368447,0.239883291901949
105.684,0.608,24.32,0.341979442513709,0.116949939101987
105.701,0.466,18.64,0.177827941003892,0.0316227766016838
105.701,0.634,25.36,0.385478357665772,0.148593564228701
105.719,0.492,19.68,0.200447202736516,0.040179081084894
105.737,0.207,8.28,0.0539510622515128,0.00291071711806661
105.737,0.544,21.76,0.254683025258504,0.064863443354824
105.755,0.246,9.84,0.0645654229034656,0.00416869383470336
105.773,0.492,19.68,0.200447202736516,0.040179081084894
105.773,0.336,13.44,0.0977237220955811,0.00954992586021437
105.791,0.427,17.08,0.148593564228701,0.022080047330189
105.809,0.608,24.32,0.341979442513709,0.116949939101987
105.809,0.349,13.96,0.103752841581801,0.0107646521362984
105.827,0.595,23.8,0.322106879128344,0.103752841581801
105.846,0.272,10.88,0.0727779804536825,0.00529663443891659
105.846,0.556,22.24,0.269153480392692,0.0724435960074991
105.864,0.66,26.4,0.434510224171572,0.18879913490963
105.882,0.531,21.24,0.239883291901949,0.0575439937337158
105.882,0.66,26.4,0.434510224171572,0.18879913490963
105.9,0.699,27.96,0.519995996533516,0.270395836410885
105.919,0.621,24.84,0.363078054770102,0.131825673855641
105.919,0.686,27.44,0.489778819368447,0.239883291901949
105.937,0.699,27.96,0.519995996533516,0.270395836410885
105.955,0.686,27.44,0.489778819368447,0.239883291901949
105.955,0.712,28.48,0.552077439280758,0.304789498962799
105.974,0.699,27.96,0.519995996533516,0.270395836410885
105.992,0.699,27.96,0.519995996533516,0.270395836410885
105.992,0.699,27.96,0.519995996533516,0.270395836410885
106.009,0.673,26.92,0.46131757456038,0.212813904598272
106.029,0.699,27.96,0.519995996533516,0.270395836410885
106.029,0.673,26.92,0.46131757456038,0.212813904598272
106.047,0.608,24.32,0.341979442513709,0.116949939101987
106.047,0.686,27.44,0.489778819368447,0.239883291901949
106.063,0.634,25.36,0.385478357665772,0.148593564228701
106.082,0.492,19.68,0.200447202736516,0.040179081084894
106.082,0.634,25.36,0.385478357665772,0.148593564228701
106.1,0.531,21.24,0.239883291901949,0.0575439937337158
106.119,0.181,7.24,0.0478630092322639,0.00229086765276777
106.119,0.556,22.24,0.269153480392692,0.0724435960074991
106.136,0.259,10.36,0.0685488226452662,0.00469894108605216
106.154,0.466,18.64,0.177827941003892,0.0316227766016838
106.154,0.362,14.48,0.110153930954142,0.0121338885046498
106.173,0.388,15.52,0.124165230759241,0.0154170045294956
106.193,0.582,23.28,0.303389118419427,0.0920449571753172
106.193,0.298,11.92,0.0820351544329818,0.00672976656284318
106.212,0.556,22.24,0.269153480392692,0.0724435960074991
106.23,0.194,7.76,0.0508159442560561,0.0025822601906346
106.23,0.531,21.24,0.239883291901949,0.0575439937337158
106.248,0.647,25.88,0.409260659730011,0.167494287602644
106.266,0.492,19.68,0.200447202736516,0.040179081084894
106.266,0.634,25.36,0.385478357665772,0.148593564228701
106.283,0.686,27.44,0.489778819368447,0.239883291901949
106.302,0.608,24.32,0.341979442513709,0.116949939101987
106.302,0.686,27.44,0.489778819368447,0.239883291901949
106.321,0.712,28.48,0.552077439280758,0.304789498962799
106.321,0.66,26.4,0.434510224171572,0.18879913490963
106.339,0.699,27.96,0.519995996533516,0.270395836410885
106.357,0.699,27.96,0.519995996533516,0.270395836410885
106.358,0.699,27.96,0.519995996533516,0.270395836410885
106.375,0.699,27.96,0.519995996533516,0.270395836410885
106.393,0.673,26.92,0.46131757456038,0.212813904598272
106.393,0.699,27.96,0.519995996533516,0.270395836410885
106.411,0.686,27.44,0.489778819368447,0.239883291901949
106.429,0.621,24.84,0.363078054770102,0.131825673855641
106.429,0.686,27.44,0.489778819368447,0.239883291901949
106.446,0.647,25.88,0.409260659730011,0.167494287602644
106.465,0.518,20.72,0.225943577022098,0.0510504999975407
106.465,0.66,26.4,0.434510224171572,0.18879913490963
106.482,0.544,21.76,0.254683025258504,0.064863443354824
106.5,0.686,27.44,0.489778819368447,0.239883291901949
106.5,0.569,22.76,0.285759054337495,0.0816582371358593
106.52,0.324,12.96,0.0924698173938223,0.00855066712884685
106.537,0.427,17.08,0.148593564228701,0.022080047330189
106.537,0.414,16.56,0.139958732257262,0.0195884467350599
106.554,0.349,13.96,0.103752841581801,0.0107646521362984
106.573,0.582,23.28,0.303389118419427,0.0920449571753172
106.573,0.311,12.44,0.0870963589956081,0.00758577575029184
106.591,0.556,22.24,0.269153480392692,0.0724435960074991
106.61,0.207,8.28,0.0539510622515128,0.00291071711806661
106.61,0.531,21.24,0.239883291901949,0.0575439937337158
106.628,0.634,25.36,0.385478357665772,0.148593564228701
106.646,0.479,19.16,0.188799134909629,0.0356451133426244
106.646,0.634,25.36,0.385478357665772,0.148593564228701
106.664,0.686,27.44,0.489778819368447,0.239883291901949
106.683,0.608,24.32,0.341979442513709,0.116949939101987
106.683,0.673,26.92,0.46131757456038,0.212813904598272
106.701,0.699,27.96,0.519995996533516,0.270395836410885
106.701,0.673,26.92,0.46131757456038,0.212813904598272
106.72,0.699,27.96,0.519995996533516,0.270395836410885
106.738,0.699,27.96,0.519995996533516,0.270395836410885
106.738,0.699,27.96,0.519995996533516,0.270395836410885
106.756,0.712,28.48,0.552077439280758,0.304789498962799
106.774,0.673,26.92,0.46131757456038,0.212813904598272
106.774,0.699,27.96,0.519995996533516,0.270395836410885
106.793,0.686,27.44,0.489778819368447,0.239883291901949
106.811,0.634,25.36,0.385478357665772,0.148593564228701
106.811,0.686,27.44,0.489778819368447,0.239883291901949
106.829,0.647,25.88,0.409260659730011,0.167494287602644
106.847,0.544,21.76,0.254683025258504,0.064863443354824
106.847,0.66,26.4,0.434510224171572,0.18879913490963
106.865,0.556,22.24,0.269153480392692,0.0724435960074991
106.883,0.285,11.4,0.0772680585095703,0.00597035286583838
106.884,0.595,23.8,0.322106879128344,0.103752841581801
106.901,0.388,15.52,0.124165230759241,0.0154170045294956
106.921,0.388,15.52,0.124165230759241,0.0154170045294956
106.921,0.44,17.6,0.157761126969935,0.0248885731828239
106.939,0.272,10.88,0.0727779804536825,0.00529663443891659
106.957,0.569,22.76,0.285759054337495,0.0816582371358593
106.957,0.181,7.24,0.0478630092322639,0.00229086765276777
106.974,0.531,21.24,0.239883291901949,0.0575439937337158
106.993,0.647,25.88,0.409260659730011,0.167494287602644
106.993,0.492,19.68,0.200447202736516,0.040179081084894
107.011,0.634,25.36,0.385478357665772,0.148593564228701
107.028,0.453,18.12,0.167494287602644,0.0280543363795172
107.028,0.621,24.84,0.363078054770102,0.131825673855641
107.047,0.673,26.92,0.46131757456038,0.212813904598272
107.047,0.582,23.28,0.303389118419427,0.0920449571753172
107.066,0.673,26.92,0.46131757456038,0.212813904598272
107.084,0.712,28.48,0.552077439280758,0.304789498962799
107.084,0.66,26.4,0.434510224171572,0.18879913490963
107.102,0.699,27.96,0.519995996533516,0.270395836410885
107.123,0.712,28.48,0.552077439280758,0.304789498962799
107.123,0.686,27.44,0.489778819368447,0.239883291901949
107.141,0.712,28.48,0.552077439280758,0.304789498962799
107.16,0.686,27.44,0.489778819368447,0.239883291901949
107.16,0.712,28.48,0.552077439280758,0.304789498962799
107.178,0.699,27.96,0.519995996533516,0.270395836410885
107.179,0.634,25.36,0.385478357665772,0.148593564228701
107.196,0.712,28.48,0.552077439280758,0.304789498962799
107.213,0.66,26.4,0.434510224171572,0.18879913490963
107.213,0.556,22.24,0.269153480392692,0.0724435960074991
107.232,0.66,26.4,0.434510224171572,0.18879913490963
107.25,0.569,22.76,0.285759054337495,0.0816582371358593
107.25,0.324,12.96,0.0924698173938223,0.00855066712884685
107.267,0.608,24.32,0.341979442513709,0.116949939101987
107.286,0.414,16.56,0.139958732257262,0.0195884467350599
107.286,0.349,13.96,0.103752841581801,0.0107646521362984
107.305,0.479,19.16,0.188799134909629,0.0356451133426244
107.321,0.259,10.36,0.0685488226452662,0.00469894108605216
107.321,0.544,21.76,0.254683025258504,0.064863443354824
107.339,0.155,6.2,0.0424619563946313,0.00180301774085957
107.358,0.518,20.72,0.225943577022098,0.0510504999975407
107.358,0.634,25.36,0.385478357665772,0.148593564228701
107.376,0.492,19.68,0.200447202736516,0.040179081084894
107.393,0.634,25.36,0.385478357665772,0.148593564228701
107.393,0.44,17.6,0.157761126969935,0.0248885731828239
107.412,0.608,24.32,0.341979442513709,0.116949939101987
107.431,0.686,27.44,0.489778819368447,0.239883291901949
107.431,0.582,23.28,0.303389118419427,0.0920449571753172
107.448,0.66,26.4,0.434510224171572,0.18879913490963
107.467,0.699,27.96,0.519995996533516,0.270395836410885
107.467,0.66,26.4,0.434510224171572,0.18879913490963
107.485,0.686,27.44,0.489778819368447,0.239883291901949
107.501,0.699,27.96,0.519995996533516,0.270395836410885
107.503,0.699,27.96,0.519995996533516,0.270395836410885
107.52,0.699,27.96,0.519995996533516,0.270395836410885
107.538,0.686,27.44,0.489778819368447,0.239883291901949
107.538,0.712,28.48,0.552077439280758,0.304789498962799
107.557,0.699,27.96,0.519995996533516,0.270395836410885
107.574,0.647,25.88,0.409260659730011,0.167494287602644
107.574,0.712,28.48,0.552077439280758,0.304789498962799
107.591,0.66,26.4,0.434510224171572,0.18879913490963
107.609,0.569,22.76,0.285759054337495,0.0816582371358593
107.609,0.673,26.92,0.46131757456038,0.212813904598272
107.626,0.595,23.8,0.322106879128344,0.103752841581801
107.644,0.388,15.52,0.124165230759241,0.0154170045294956
107.644,0.621,24.84,0.363078054770102,0.131825673855641
107.662,0.453,18.12,0.167494287602644,0.0280543363795172
107.679,0.298,11.92,0.0820351544329818,0.00672976656284318
107.679,0.492,19.68,0.200447202736516,0.040179081084894
107.696,0.233,9.32,0.0608135001278718,0.00369828179780267
107.715,0.531,21.24,0.239883291901949,0.0575439937337158
107.715,0.66,26.4,0.434510224171572,0.18879913490963
107.732,0.492,19.68,0.200447202736516,0.040179081084894
107.749,0.634,25.36,0.385478357665772,0.148593564228701
107.75,0.453,18.12,0.167494287602644,0.0280543363795172
107.768,0.608,24.32,0.341979442513709,0.116949939101987
107.785,0.388,15.52,0.124165230759241,0.0154170045294956
107.785,0.595,23.8,0.322106879128344,0.103752841581801
107.803,0.673,26.92,0.46131757456038,0.212813904598272
107.822,0.556,22.24,0.269153480392692,0.0724435960074991
107.822,0.66,26.4,0.434510224171572,0.18879913490963
107.841,0.699,27.96,0.519995996533516,0.270395836410885
107.858,0.647,25.88,0.409260659730011,0.167494287602644
107.858,0.686,27.44,0.489778819368447,0.239883291901949
107.875,0.712,28.48,0.552077439280758,0.304789498962799
107.893,0.699,27.96,0.519995996533516,0.270395836410885
107.893,0.712,28.48,0.552077439280758,0.304789498962799
107.91,0.699,27.96,0.519995996533516,0.270395836410885
107.928,0.712,28.48,0.552077439280758,0.304789498962799
107.928,0.699,27.96,0.519995996533516,0.270395836410885
107.946,0.66,26.4,0.434510224171572,0.18879913490963
107.964,0.699,27.96,0.519995996533516,0.270395836410885
107.965,0.673,26.92,0.46131757456038,0.212813904598272
107.982,0.569,22.76,0.285759054337495,0.0816582371358593
108.001,0.686,27.44,0.489778819368447,0.239883291901949
108.001,0.595,23.8,0.322106879128344,0.103752841581801
108.019,0.414,16.56,0.139958732257262,0.0195884467350599
108.039,0.621,24.84,0.363078054770102,0.131825673855641
108.039,0.466,18.64,0.177827941003892,0.0316227766016838
108.057,0.233,9.32,0.0608135001278718,0.00369828179780267
108.075,0.505,20.2,0.212813904598271,0.0452897579903621
108.075,0.168,6.72,0.0450816704541461,0.00203235701093622
108.093,0.505,20.2,0.212813904598271,0.0452897579903621
108.111,0.246,9.84,0.0645654229034656,0.00416869383470336
108.111,0.479,19.16,0.188799134909629,0.0356451133426244
108.129,0.634,25.36,0.385478357665772,0.148593564228701
108.148,0.427,17.08,0.148593564228701,0.022080047330189
108.148,0.595,23.8,0.322106879128344,0.103752841581801
108.167,0.362,14.48,0.110153930954142,0.0121338885046498
108.167,0.582,23.28,0.303389118419427,0.0920449571753172
108.184,0.66,26.4,0.434510224171572,0.18879913490963
108.202,0.544,21.76,0.254683025258504,0.064863443354824
108.202,0.647,25.88,0.409260659730011,0.167494287602644
108.219,0.699,27.96,0.519995996533516,0.270395836410885
108.238,0.647,25.88,0.409260659730011,0.167494287602644
108.238,0.699,27.96,0.519995996533516,0.270395836410885
108.257,0.699,27.96,0.519995996533516,0.270395836410885
108.276,0.686,27.44,0.489778819368447,0.239883291901949
108.276,0.712,28.48,0.552077439280758,0.304789498962799
108.293,0.699,27.96,0.519995996533516,0.270395836410885
108.312,0.699,27.96,0.519995996533516,0.270395836410885
108.312,0.699,27.96,0.519995996533516,0.270395836410885
108.329,0.66,26.4,0.434510224171572,0.18879913490963
108.347,0.712,28.48,0.552077439280758,0.304789498962799
108.347,0.673,26.92,0.46131757456038,0.212813904598272
108.365,0.595,23.8,0.322106879128344,0.103752841581801
108.383,0.686,27.44,0.489778819368447,0.239883291901949
108.383,0.621,24.84,0.363078054770102,0.131825673855641
108.4,0.44,17.6,0.157761126969935,0.0248885731828239
108.418,0.634,25.36,0.385478357665772,0.148593564228701
108.418,0.505,20.2,0.212813904598271,0.0452897579903621
108.435,0.22,8.8,0.057279603098583,0.00328095293113119
108.453,0.531,21.24,0.239883291901949,0.0575439937337158
108.453,0.259,10.36,0.0685488226452662,0.00469894108605216
108.471,0.505,20.2,0.212813904598271,0.0452897579903621
108.489,0.285,11.4,0.0772680585095703,0.00597035286583838
108.489,0.453,18.12,0.167494287602644,0.0280543363795172
108.507,0.621,24.84,0.363078054770102,0.131825673855641
108.524,0.388,15.52,0.124165230759241,0.0154170045294956
108.524,0.582,23.28,0.303389118419427,0.0920449571753172
108.542,0.298,11.92,0.0820351544329818,0.00672976656284318
108.56,0.556,22.24,0.269153480392692,0.0724435960074991
108.56,0.673,26.92,0.46131757456038,0.212813904598272
108.578,0.531,21.24,0.239883291901949,0.0575439937337158
108.595,0.647,25.88,0.409260659730011,0.167494287602644
108.595,0.699,27.96,0.519995996533516,0.270395836410885
108.614,0.634,25.36,0.385478357665772,0.148593564228701
108.632,0.686,27.44,0.489778819368447,0.239883291901949
108.632,0.712,28.48,0.552077439280758,0.304789498962799
108.65,0.673,26.92,0.46131757456038,0.212813904598272
108.668,0.712,28.48,0.552077439280758,0.304789498962799
108.668,0.686,27.44,0.489778819368447,0.239883291901949
108.686,0.699,27.96,0.519995996533516,0.270395836410885
108.705,0.712,28.48,0.552077439280758,0.304789498962799
108.705,0.673,26.92,0.46131757456038,0.212813904598272
108.722,0.712,28.48,0.552077439280758,0.304789498962799
108.739,0.673,26.92,0.46131757456038,0.212813904598272
108.739,0.608,24.32,0.341979442513709,0.116949939101987
108.757,0.686,27.44,0.489778819368447,0.239883291901949
108.775,0.621,24.84,0.363078054770102,0.131825673855641
108.775,0.479,19.16,0.188799134909629,0.0356451133426244
108.792,0.634,25.36,0.385478357665772,0.148593564228701
108.811,0.518,20.72,0.225943577022098,0.0510504999975407
108.811,0.207,8.28,0.0539510622515128,0.00291071711806661
108.828,0.544,21.76,0.254683025258504,0.064863443354824
108.846,0.233,9.32,0.0608135001278718,0.00369828179780267
108.846,0.492,19.68,0.200447202736516,0.040179081084894
108.863,0.336,13.44,0.0977237220955811,0.00954992586021437
108.881,0.414,16.56,0.139958732257262,0.0195884467350599
108.881,0.608,24.32,0.341979442513709,0.116949939101987
108.9,0.349,13.96,0.103752841581801,0.0107646521362984
108.917,0.582,23.28,0.303389118419427,0.0920449571753172
108.917,0.246,9.84,0.0645654229034656,0.00416869383470336
108.934,0.544,21.76,0.254683025258504,0.064863443354824
108.952,0.673,26.92,0.46131757456038,0.212813904598272
108.952,0.518,20.72,0.225943577022098,0.0510504999975407
108.97,0.634,25.36,0.385478357665772,0.148593564228701
108.988,0.699,27.96,0.519995996533516,0.270395836410885
109.006,0.621,24.84,0.363078054770102,0.131825673855641
109.006,0.686,27.44,0.489778819368447,0.239883291901949
109.024,0.712,28.48,0.552077439280758,0.304789498962799
109.024,0.673,26.92,0.46131757456038,0.212813904598272
109.043,0.699,27.96,0.519995996533516,0.270395836410885
109.063,0.699,27.96,0.519995996533516,0.270395836410885
109.063,0.699,27.96,0.519995996533516,0.270395836410885
109.082,0.712,28.48,0.552077439280758,0.304789498962799
109.103,0.673,26.92,0.46131757456038,0.212813904598272
109.103,0.712,28.48,0.552077439280758,0.304789498962799
109.123,0.686,27.44,0.489778819368447,0.239883291901949
109.123,0.621,24.84,0.363078054770102,0.131825673855641
109.144,0.686,27.44,0.489778819368447,0.239883291901949
109.144,0.634,25.36,0.385478357665772,0.148593564228701
109.165,0.492,19.68,0.200447202736516,0.040179081084894
109.185,0.647,25.88,0.409260659730011,0.167494287602644
109.185,0.531,21.24,0.239883291901949,0.0575439937337158
109.203,0.207,8.28,0.0539510622515128,0.00291071711806661
109.203,0.569,22.76,0.285759054337495,0.0816582371358593
109.221,0.285,11.4,0.0772680585095703,0.00597035286583838
109.239,0.44,17.6,0.157761126969935,0.0248885731828239
109.239,0.362,14.48,0.110153930954142,0.0121338885046498
109.259,0.388,15.52,0.124165230759241,0.0154170045294956
109.276,0.582,23.28,0.303389118419427,0.0920449571753172
109.276,0.311,12.44,0.0870963589956081,0.00758577575029184
109.295,0.569,22.76,0.285759054337495,0.0816582371358593
109.314,0.22,8.8,0.057279603098583,0.00328095293113119
109.314,0.531,21.24,0.239883291901949,0.0575439937337158
109.333,0.647,25.88,0.409260659730011,0.167494287602644
109.333,0.505,20.2,0.212813904598271,0.0452897579903621
109.354,0.634,25.36,0.385478357665772,0.148593564228701
109.375,0.686,27.44,0.489778819368447,0.239883291901949
109.375,0.608,24.32,0.341979442513709,0.116949939101987
109.394,0.686,27.44,0.489778819368447,0.239883291901949
109.394,0.712,28.48,0.552077439280758,0.304789498962799
109.413,0.673,26.92,0.46131757456038,0.212813904598272
109.433,0.699,27.96,0.519995996533516,0.270395836410885
109.433,0.699,27.96,0.519995996533516,0.270395836410885
109.454,0.699,27.96,0.519995996533516,0.270395836410885
109.454,0.699,27.96,0.519995996533516,0.270395836410885
109.473,0.673,26.92,0.46131757456038,0.212813904598272
109.493,0.699,27.96,0.519995996533516,0.270395836410885
109.493,0.686,27.44,0.489778819368447,0.239883291901949
109.511,0.621,24.84,0.363078054770102,0.131825673855641
109.53,0.686,27.44,0.489778819368447,0.239883291901949
109.53,0.634,25.36,0.385478357665772,0.148593564228701
109.548,0.518,20.72,0.225943577022098,0.0510504999975407
109.548,0.66,26.4,0.434510224171572,0.18879913490963
109.566,0.556,22.24,0.269153480392692,0.0724435960074991
109.585,0.246,9.84,0.0645654229034656,0.00416869383470336
109.585,0.582,23.28,0.303389118419427,0.0920449571753172
109.603,0.349,13.96,0.103752841581801,0.0107646521362984
109.622,0.414,16.56,0.139958732257262,0.0195884467350599
109.622,0.414,16.56,0.139958732257262,0.0195884467350599
109.639,0.336,13.44,0.0977237220955811,0.00954992586021437
109.657,0.569,22.76,0.285759054337495,0.0816582371358593
109.658,0.233,9.32,0.0608135001278718,0.00369828179780267
109.676,0.544,21.76,0.254683025258504,0.064863443354824
109.693,0.194,7.76,0.0508159442560561,0.0025822601906346
109.693,0.518,20.72,0.225943577022098,0.0510504999975407
109.71,0.634,25.36,0.385478357665772,0.148593564228701
109.728,0.466,18.64,0.177827941003892,0.0316227766016838
109.728,0.621,24.84,0.363078054770102,0.131825673855641
109.745,0.686,27.44,0.489778819368447,0.239883291901949
109.765,0.608,24.32,0.341979442513709,0.116949939101987
109.765,0.673,26.92,0.46131757456038,0.212813904598272
109.783,0.712,28.48,0.552077439280758,0.304789498962799
109.802,0.673,26.92,0.46131757456038,0.212813904598272
109.802,0.712,28.48,0.552077439280758,0.304789498962799
109.82,0.712,28.48,0.552077439280758,0.304789498962799
109.837,0.699,27.96,0.519995996533516,0.270395836410885
109.838,0.712,28.48,0.552077439280758,0.304789498962799
109.855,0.686,27.44,0.489778819368447,0.239883291901949
109.872,0.712,28.48,0.552077439280758,0.304789498962799
109.873,0.686,27.44,0.489778819368447,0.239883291901949
109.893,0.634,25.36,0.385478357665772,0.148593564228701
109.893,0.712,28.48,0.552077439280758,0.304789498962799
109.912,0.647,25.88,0.409260659730011,0.167494287602644
109.93,0.518,20.72,0.225943577022098,0.0510504999975407
109.93,0.66,26.4,0.434510224171572,0.18879913490963
109.946,0.556,22.24,0.269153480392692,0.0724435960074991
109.965,0.298,11.92,0.0820351544329818,0.00672976656284318
109.965,0.621,24.84,0.363078054770102,0.131825673855641
109.983,0.375,15,0.116949939101987,0.0136772882559585
110.001,0.388,15.52,0.124165230759241,0.0154170045294956
110.001,0.44,17.6,0.157761126969935,0.0248885731828239
110.019,0.311,12.44,0.0870963589956081,0.00758577575029184
110.037,0.556,22.24,0.269153480392692,0.0724435960074991
110.037,0.207,8.28,0.0539510622515128,0.00291071711806661
110.055,0.531,21.24,0.239883291901949,0.0575439937337158
110.073,0.647,25.88,0.409260659730011,0.167494287602644
110.073,0.492,19.68,0.200447202736516,0.040179081084894
110.092,0.634,25.36,0.385478357665772,0.148593564228701
110.11,0.453,18.12,0.167494287602644,0.0280543363795172
110.11,0.608,24.32,0.341979442513709,0.116949939101987
110.128,0.686,27.44,0.489778819368447,0.239883291901949
110.146,0.595,23.8,0.322106879128344,0.103752841581801
110.146,0.673,26.92,0.46131757456038,0.212813904598272
110.164,0.699,27.96,0.519995996533516,0.270395836410885
110.183,0.673,26.92,0.46131757456038,0.212813904598272
110.183,0.699,27.96,0.519995996533516,0.270395836410885
110.203,0.686,27.44,0.489778819368447,0.239883291901949
110.22,0.699,27.96,0.519995996533516,0.270395836410885
110.22,0.699,27.96,0.519995996533516,0.270395836410885
110.239,0.686,27.44,0.489778819368447,0.239883291901949
110.239,0.712,28.48,0.552077439280758,0.304789498962799
110.258,0.686,27.44,0.489778819368447,0.239883291901949
110.277,0.647,25.88,0.409260659730011,0.167494287602644
110.277,0.699,27.96,0.519995996533516,0.270395836410885
110.295,0.66,26.4,0.434510224171572,0.18879913490963
110.314,0.544,21.76,0.254683025258504,0.064863443354824
110.314,0.66,26.4,0.434510224171572,0.18879913490963
110.333,0.582,23.28,0.303389118419427,0.0920449571753172
110.352,0.336,13.44,0.0977237220955811,0.00954992586021437
110.352,0.608,24.32,0.341979442513709,0.116949939101987
110.371,0.427,17.08,0.148593564228701,0.022080047330189
110.371,0.336,13.44,0.0977237220955811,0.00954992586021437
110.39,0.479,19.16,0.188799134909629,0.0356451133426244
110.408,0.233,9.32,0.0608135001278718,0.00369828179780267
110.408,0.556,22.24,0.269153480392692,0.0724435960074991
110.426,0.181,7.24,0.0478630092322639,0.00229086765276777
110.444,0.518,20.72,0.225943577022098,0.0510504999975407
110.445,0.647,25.88,0.409260659730011,0.167494287602644
110.462,0.479,19.16,0.188799134909629,0.0356451133426244
110.481,0.634,25.36,0.385478357665772,0.148593564228701
110.481,0.608,24.32,0.341979442513709,0.116949939101987
110.499,0.608,24.32,0.341979442513709,0.116949939101987
110.517,0.686,27.44,0.489778819368447,0.239883291901949
110.517,0.582,23.28,0.303389118419427,0.0920449571753172
110.534,0.673,26.92,0.46131757456038,0.212813904598272
110.553,0.699,27.96,0.519995996533516,0.270395836410885
110.554,0.66,26.4,0.434510224171572,0.18879913490963
110.572,0.699,27.96,0.519995996533516,0.270395836410885
110.589,0.712,28.48,0.552077439280758,0.304789498962799
110.589,0.699,27.96,0.519995996533516,0.270395836410885
110.606,0.725,29,0.586138164514029,0.343557947899875
110.624,0.686,27.44,0.489778819368447,0.239883291901949
110.624,0.725,29,0.586138164514029,0.343557947899875
110.643,0.699,27.96,0.519995996533516,0.270395836410885
110.643,0.647,25.88,0.409260659730011,0.167494287602644
110.661,0.699,27.96,0.519995996533516,0.270395836410885
110.679,0.66,26.4,0.434510224171572,0.18879913490963
110.679,0.569,22.76,0.285759054337495,0.0816582371358593
110.696,0.673,26.92,0.46131757456038,0.212813904598272
110.714,0.582,23.28,0.303389118419427,0.0920449571753172
110.731,0.401,16.04,0.131825673855641,0.0173780082874938
110.732,0.608,24.32,0.341979442513709,0.116949939101987
110.75,0.453,18.12,0.167494287602644,0.0280543363795172
110.768,0.285,11.4,0.0772680585095703,0.00597035286583838
110.768,0.479,19.16,0.188799134909629,0.0356451133426244
110.786,0.207,8.28,0.0539510622515128,0.00291071711806661
110.786,0.621,24.84,0.363078054770102,0.131825673855641
110.804,0.207,8.28,0.0539510622515128,0.00291071711806661
110.821,0.492,19.68,0.200447202736516,0.040179081084894
110.84,0.634,25.36,0.385478357665772,0.148593564228701
110.84,0.453,18.12,0.167494287602644,0.0280543363795172
110.865,0.608,24.32,0.341979442513709,0.116949939101987
110.865,0.388,15.52,0.124165230759241,0.0154170045294956
110.883,0.582,23.28,0.303389118419427,0.0920449571753172
110.883,0.673,26.92,0.46131757456038,0.212813904598272
110.902,0.556,22.24,0.269153480392692,0.0724435960074991
110.919,0.66,26.4,0.434510224171572,0.18879913490963
110.919,0.699,27.96,0.519995996533516,0.270395836410885
110.938,0.647,25.88,0.409260659730011,0.167494287602644
110.955,0.686,27.44,0.489778819368447,0.239883291901949
110.955,0.699,27.96,0.519995996533516,0.270395836410885
110.974,0.686,27.44,0.489778819368447,0.239883291901949
110.992,0.712,28.48,0.552077439280758,0.304789498962799
110.992,0.699,27.96,0.519995996533516,0.270395836410885
111.01,0.712,28.48,0.552077439280758,0.304789498962799
111.027,0.699,27.96,0.519995996533516,0.270395836410885
111.027,0.66,26.4,0.434510224171572,0.18879913490963
111.045,0.699,27.96,0.519995996533516,0.270395836410885
111.062,0.66,26.4,0.434510224171572,0.18879913490963
111.062,0.582,23.28,0.303389118419427,0.0920449571753172
111.08,0.673,26.92,0.46131757456038,0.212813904598272
111.099,0.608,24.32,0.341979442513709,0.116949939101987
111.099,0.414,16.56,0.139958732257262,0.0195884467350599
111.117,0.634,25.36,0.385478357665772,0.148593564228701
111.134,0.466,18.64,0.177827941003892,0.0316227766016838
111.134,0.259,10.36,0.0685488226452662,0.00469894108605216
111.152,0.518,20.72,0.225943577022098,0.0510504999975407
111.17,0.207,8.28,0.0539510622515128,0.00291071711806661
111.17,0.505,20.2,0.212813904598271,0.0452897579903621
111.189,0.285,11.4,0.0772680585095703,0.00597035286583838
111.207,0.479,19.16,0.188799134909629,0.0356451133426244
111.207,0.621,24.84,0.363078054770102,0.131825673855641
111.225,0.427,17.08,0.148593564228701,0.022080047330189
111.242,0.608,24.32,0.341979442513709,0.116949939101987
111.242,0.349,13.96,0.103752841581801,0.0107646521362984
111.26,0.582,23.28,0.303389118419427,0.0920449571753172
111.277,0.673,26.92,0.46131757456038,0.212813904598272
111.277,0.556,22.24,0.269153480392692,0.0724435960074991
111.295,0.66,26.4,0.434510224171572,0.18879913490963
111.314,0.699,27.96,0.519995996533516,0.270395836410885
111.314,0.647,25.88,0.409260659730011,0.167494287602644
111.331,0.699,27.96,0.519995996533516,0.270395836410885
111.349,0.712,28.48,0.552077439280758,0.304789498962799
111.349,0.686,27.44,0.489778819368447,0.239883291901949
111.366,0.712,28.48,0.552077439280758,0.304789498962799
111.385,0.686,27.44,0.489778819368447,0.239883291901949
111.385,0.712,28.48,0.552077439280758,0.304789498962799
111.403,0.699,27.96,0.519995996533516,0.270395836410885
111.422,0.66,26.4,0.434510224171572,0.18879913490963
111.422,0.712,28.48,0.552077439280758,0.304789498962799
111.439,0.66,26.4,0.434510224171572,0.18879913490963
111.458,0.595,23.8,0.322106879128344,0.103752841581801
111.458,0.673,26.92,0.46131757456038,0.212813904598272
111.475,0.608,24.32,0.341979442513709,0.116949939101987
111.494,0.453,18.12,0.167494287602644,0.0280543363795172
111.494,0.634,25.36,0.385478357665772,0.148593564228701
111.512,0.544,21.76,0.254683025258504,0.064863443354824
111.532,0.233,9.32,0.0608135001278718,0.00369828179780267
111.532,0.531,21.24,0.239883291901949,0.0575439937337158
111.551,0.181,7.24,0.0478630092322639,0.00229086765276777
111.551,0.492,19.68,0.200447202736516,0.040179081084894
111.568,0.298,11.92,0.0820351544329818,0.00672976656284318
111.587,0.44,17.6,0.157761126969935,0.0248885731828239
111.587,0.621,24.84,0.363078054770102,0.131825673855641
111.605,0.388,15.52,0.124165230759241,0.0154170045294956
111.623,0.595,23.8,0.322106879128344,0.103752841581801
111.623,0.285,11.4,0.0772680585095703,0.00597035286583838
111.641,0.544,21.76,0.254683025258504,0.064863443354824
111.658,0.66,26.4,0.434510224171572,0.18879913490963
111.658,0.531,21.24,0.239883291901949,0.0575439937337158
111.677,0.647,25.88,0.409260659730011,0.167494287602644
111.695,0.699,27.96,0.519995996533516,0.270395836410885
111.696,0.634,25.36,0.385478357665772,0.148593564228701
111.715,0.686,27.44,0.489778819368447,0.239883291901949
111.733,0.699,27.96,0.519995996533516,0.270395836410885
111.733,0.686,27.44,0.489778819368447,0.239883291901949
111.752,0.712,28.48,0.552077439280758,0.304789498962799
111.752,0.699,27.96,0.519995996533516,0.270395836410885
111.77,0.712,28.48,0.552077439280758,0.304789498962799
111.79,0.712,28.48,0.552077439280758,0.304789498962799
111.79,0.66,26.4,0.434510224171572,0.18879913490963
111.81,0.712,28.48,0.552077439280758,0.304789498962799
111.829,0.673,26.92,0.46131757456038,0.212813904598272
111.829,0.608,24.32,0.341979442513709,0.116949939101987
111.849,0.686,27.44,0.489778819368447,0.239883291901949
111.849,0.634,25.36,0.385478357665772,0.148593564228701
111.867,0.479,19.16,0.188799134909629,0.0356451133426244
111.886,0.647,25.88,0.409260659730011,0.167494287602644
111.886,0.531,21.24,0.239883291901949,0.0575439937337158
111.903,0.194,7.76,0.0508159442560561,0.0025822601906346
111.921,0.556,22.24,0.269153480392692,0.0724435960074991
111.921,0.259,10.36,0.0685488226452662,0.00469894108605216
111.939,0.466,18.64,0.177827941003892,0.0316227766016838
111.957,0.336,13.44,0.0977237220955811,0.00954992586021437
111.957,0.427,17.08,0.148593564228701,0.022080047330189
111.975,0.595,23.8,0.322106879128344,0.103752841581801
111.993,0.362,14.48,0.110153930954142,0.0121338885046498
111.993,0.582,23.28,0.303389118419427,0.0920449571753172
112.011,0.246,9.84,0.0645654229034656,0.00416869383470336
112.028,0.725,29,0.586138164514029,0.343557947899875
112.029,0.647,25.88,0.409260659730011,0.167494287602644
112.047,0.518,20.72,0.225943577022098,0.0510504999975407
112.065,0.647,25.88,0.409260659730011,0.167494287602644
112.065,0.699,27.96,0.519995996533516,0.270395836410885
112.084,0.634,25.36,0.385478357665772,0.148593564228701
112.1,0.699,27.96,0.519995996533516,0.270395836410885
112.101,0.699,27.96,0.519995996533516,0.270395836410885
112.118,0.686,27.44,0.489778819368447,0.239883291901949
112.137,0.712,28.48,0.552077439280758,0.304789498962799
112.137,0.699,27.96,0.519995996533516,0.270395836410885
112.154,0.712,28.48,0.552077439280758,0.304789498962799
112.172,0.699,27.96,0.519995996533516,0.270395836410885
112.172,0.686,27.44,0.489778819368447,0.239883291901949
112.189,0.699,27.96,0.519995996533516,0.270395836410885
112.208,0.686,27.44,0.489778819368447,0.239883291901949
112.208,0.621,24.84,0.363078054770102,0.131825673855641
112.225,0.686,27.44,0.489778819368447,0.239883291901949
112.243,0.634,25.36,0.385478357665772,0.148593564228701
112.243,0.505,20.2,0.212813904598271,0.0452897579903621
112.261,0.647,25.88,0.409260659730011,0.167494287602644
112.279,0.531,21.24,0.239883291901949,0.0575439937337158
112.279,0.259,10.36,0.0685488226452662,0.00469894108605216
112.297,0.556,22.24,0.269153480392692,0.0724435960074991
112.314,0.311,12.44,0.0870963589956081,0.00758577575029184
112.314,0.44,17.6,0.157761126969935,0.0248885731828239
112.332,0.544,21.76,0.254683025258504,0.064863443354824
112.349,0.375,15,0.116949939101987,0.0136772882559585
112.349,0.608,24.32,0.341979442513709,0.116949939101987
112.367,0.272,10.88,0.0727779804536825,0.00529663443891659
112.385,0.556,22.24,0.269153480392692,0.0724435960074991
112.385,0.233,9.32,0.0608135001278718,0.00369828179780267
112.403,0.531,21.24,0.239883291901949,0.0575439937337158
112.422,0.647,25.88,0.409260659730011,0.167494287602644
112.422,0.492,19.68,0.200447202736516,0.040179081084894
112.439,0.634,25.36,0.385478357665772,0.148593564228701
112.457,0.686,27.44,0.489778819368447,0.239883291901949
112.457,0.621,24.84,0.363078054770102,0.131825673855641
112.474,0.686,27.44,0.489778819368447,0.239883291901949
112.493,0.712,28.48,0.552077439280758,0.304789498962799
112.493,0.673,26.92,0.46131757456038,0.212813904598272
112.512,0.699,27.96,0.519995996533516,0.270395836410885
112.53,0.712,28.48,0.552077439280758,0.304789498962799
112.53,0.712,28.48,0.552077439280758,0.304789498962799
112.548,0.712,28.48,0.552077439280758,0.304789498962799
112.567,0.686,27.44,0.489778819368447,0.239883291901949
112.567,0.712,28.48,0.552077439280758,0.304789498962799
112.585,0.686,27.44,0.489778819368447,0.239883291901949
112.585,0.621,24.84,0.363078054770102,0.131825673855641
112.603,0.699,27.96,0.519995996533516,0.270395836410885
112.622,0.634,25.36,0.385478357665772,0.148593564228701
112.623,0.518,20.72,0.225943577022098,0.0510504999975407
112.641,0.66,26.4,0.434510224171572,0.18879913490963
112.659,0.544,21.76,0.254683025258504,0.064863443354824
112.659,0.259,10.36,0.0685488226452662,0.00469894108605216
112.679,0.582,23.28,0.303389118419427,0.0920449571753172
112.698,0.336,13.44,0.0977237220955811,0.00954992586021437
112.698,0.427,17.08,0.148593564228701,0.022080047330189
112.717,0.414,16.56,0.139958732257262,0.0195884467350599
112.717,0.349,13.96,0.103752841581801,0.0107646521362984
112.737,0.569,22.76,0.285759054337495,0.0816582371358593
112.758,0.259,10.36,0.0685488226452662,0.00469894108605216
112.759,0.544,21.76,0.254683025258504,0.064863443354824
112.779,0.66,26.4,0.434510224171572,0.18879913490963
112.779,0.518,20.72,0.225943577022098,0.0510504999975407
112.797,0.634,25.36,0.385478357665772,0.148593564228701
112.817,0.466,18.64,0.177827941003892,0.0316227766016838
112.817,0.621,24.84,0.363078054770102,0.131825673855641
112.835,0.686,27.44,0.489778819368447,0.239883291901949
112.835,0.647,25.88,0.409260659730011,0.167494287602644
112.854,0.673,26.92,0.46131757456038,0.212813904598272
112.873,0.712,28.48,0.552077439280758,0.304789498962799
112.873,0.66,26.4,0.434510224171572,0.18879913490963
112.892,0.699,27.96,0.519995996533516,0.270395836410885
112.911,0.699,27.96,0.519995996533516,0.270395836410885
112.911,0.699,27.96,0.519995996533516,0.270395836410885
112.93,0.712,28.48,0.552077439280758,0.304789498962799
112.948,0.686,27.44,0.489778819368447,0.239883291901949
112.948,0.712,28.48,0.552077439280758,0.304789498962799
112.967,0.686,27.44,0.489778819368447,0.239883291901949
112.967,0.634,25.36,0.385478357665772,0.148593564228701
112.986,0.686,27.44,0.489778819368447,0.239883291901949
113.004,0.66,26.4,0.434510224171572,0.18879913490963
113.004,0.544,21.76,0.254683025258504,0.064863443354824
113.025,0.673,26.92,0.46131757456038,0.212813904598272
113.044,0.569,22.76,0.285759054337495,0.0816582371358593
113.044,0.44,17.6,0.157761126969935,0.0248885731828239
113.061,0.595,23.8,0.322106879128344,0.103752841581801
113.062,0.401,16.04,0.131825673855641,0.0173780082874938
113.081,0.375,15,0.116949939101987,0.0136772882559585
113.1,0.466,18.64,0.177827941003892,0.0316227766016838
113.1,0.285,11.4,0.0772680585095703,0.00597035286583838
113.119,0.556,22.24,0.269153480392692,0.0724435960074991
113.138,0.22,8.8,0.057279603098583,0.00328095293113119
113.138,0.531,21.24,0.239883291901949,0.0575439937337158
113.156,0.66,26.4,0.434510224171572,0.18879913490963
113.156,0.505,20.2,0.212813904598271,0.0452897579903621
113.175,0.621,24.84,0.363078054770102,0.131825673855641
113.193,0.453,18.12,0.167494287602644,0.0280543363795172
113.193,0.608,24.32,0.341979442513709,0.116949939101987
113.213,0.686,27.44,0.489778819368447,0.239883291901949
113.231,0.582,23.28,0.303389118419427,0.0920449571753172
113.232,0.673,26.92,0.46131757456038,0.212813904598272
113.252,0.712,28.48,0.552077439280758,0.304789498962799
113.252,0.66,26.4,0.434510224171572,0.18879913490963
113.271,0.699,27.96,0.519995996533516,0.270395836410885
113.289,0.712,28.48,0.552077439280758,0.304789498962799
113.289,0.699,27.96,0.519995996533516,0.270395836410885
113.309,0.712,28.48,0.552077439280758,0.304789498962799
113.328,0.686,27.44,0.489778819368447,0.239883291901949
113.328,0.712,28.48,0.552077439280758,0.304789498962799
113.346,0.699,27.96,0.519995996533516,0.270395836410885
113.364,0.712,28.48,0.552077439280758,0.304789498962799
113.364,0.699,27.96,0.519995996533516,0.270395836410885
113.381,0.66,26.4,0.434510224171572,0.18879913490963
113.401,0.544,21.76,0.254683025258504,0.064863443354824
113.401,0.66,26.4,0.434510224171572,0.18879913490963
113.419,0.569,22.76,0.285759054337495,0.0816582371358593
113.419,0.362,14.48,0.110153930954142,0.0121338885046498
113.438,0.595,23.8,0.322106879128344,0.103752841581801
113.458,0.427,17.08,0.148593564228701,0.022080047330189
113.458,0.336,13.44,0.0977237220955811,0.00954992586021437
113.477,0.479,19.16,0.188799134909629,0.0356451133426244
113.497,0.233,9.32,0.0608135001278718,0.00369828179780267
113.497,0.556,22.24,0.269153480392692,0.0724435960074991
113.517,0.233,9.32,0.0608135001278718,0.00369828179780267
113.517,0.518,20.72,0.225943577022098,0.0510504999975407
113.535,0.647,25.88,0.409260659730011,0.167494287602644
113.554,0.479,19.16,0.188799134909629,0.0356451133426244
113.555,0.699,27.96,0.519995996533516,0.270395836410885
113.574,0.414,16.56,0.139958732257262,0.0195884467350599
113.574,0.595,23.8,0.322106879128344,0.103752841581801
113.595,0.673,26.92,0.46131757456038,0.212813904598272
113.613,0.569,22.76,0.285759054337495,0.0816582371358593
113.613,0.673,26.92,0.46131757456038,0.212813904598272
113.632,0.699,27.96,0.519995996533516,0.270395836410885
113.65,0.647,25.88,0.409260659730011,0.167494287602644
113.65,0.699,27.96,0.519995996533516,0.270395836410885
113.667,0.712,28.48,0.552077439280758,0.304789498962799
113.685,0.686,27.44,0.489778819368447,0.239883291901949
113.685,0.712,28.48,0.552077439280758,0.304789498962799
113.703,0.686,27.44,0.489778819368447,0.239883291901949
113.722,0.712,28.48,0.552077439280758,0.304789498962799
113.722,0.686,27.44,0.489778819368447,0.239883291901949
113.741,0.66,26.4,0.434510224171572,0.18879913490963
113.741,0.699,27.96,0.519995996533516,0.270395836410885
113.758,0.66,26.4,0.434510224171572,0.18879913490963
113.776,0.569,22.76,0.285759054337495,0.0816582371358593
113.776,0.673,26.92,0.46131757456038,0.212813904598272
113.795,0.582,23.28,0.303389118419427,0.0920449571753172
113.814,0.388,15.52,0.124165230759241,0.0154170045294956
113.815,0.608,24.32,0.341979442513709,0.116949939101987
113.832,0.453,18.12,0.167494287602644,0.0280543363795172
113.852,0.285,11.4,0.0772680585095703,0.00597035286583838
113.852,0.505,20.2,0.212813904598271,0.0452897579903621
113.871,0.505,20.2,0.212813904598271,0.0452897579903621
113.871,0.531,21.24,0.239883291901949,0.0575439937337158
113.89,0.207,8.28,0.0539510622515128,0.00291071711806661
113.91,0.492,19.68,0.200447202736516,0.040179081084894
113.91,0.634,25.36,0.385478357665772,0.148593564228701
113.929,0.44,17.6,0.157761126969935,0.0248885731828239
113.948,0.608,24.32,0.341979442513709,0.116949939101987
113.948,0.414,16.56,0.139958732257262,0.0195884467350599
113.967,0.595,23.8,0.322106879128344,0.103752841581801
113.967,0.673,26.92,0.46131757456038,0.212813904598272
113.986,0.569,22.76,0.285759054337495,0.0816582371358593
114.005,0.647,25.88,0.409260659730011,0.167494287602644
114.005,0.686,27.44,0.489778819368447,0.239883291901949
114.024,0.647,25.88,0.409260659730011,0.167494287602644
114.043,0.699,27.96,0.519995996533516,0.270395836410885
114.043,0.712,28.48,0.552077439280758,0.304789498962799
114.06,0.699,27.96,0.519995996533516,0.270395836410885
114.078,0.699,27.96,0.519995996533516,0.270395836410885
114.078,0.686,27.44,0.489778819368447,0.239883291901949
114.097,0.699,27.96,0.519995996533516,0.270395836410885
114.114,0.686,27.44,0.489778819368447,0.239883291901949
114.114,0.647,25.88,0.409260659730011,0.167494287602644
114.133,0.699,27.96,0.519995996533516,0.270395836410885
114.133,0.66,26.4,0.434510224171572,0.18879913490963
114.15,0.582,23.28,0.303389118419427,0.0920449571753172
114.168,0.686,27.44,0.489778819368447,0.239883291901949
114.186,0.621,24.84,0.363078054770102,0.131825673855641
114.186,0.44,17.6,0.157761126969935,0.0248885731828239
114.204,0.621,24.84,0.363078054770102,0.131825673855641
114.222,0.479,19.16,0.188799134909629,0.0356451133426244
114.223,0.246,9.84,0.0645654229034656,0.00416869383470336
114.24,0.518,20.72,0.225943577022098,0.0510504999975407
114.24,0.155,6.2,0.0424619563946313,0.00180301774085957
114.258,0.505,20.2,0.212813904598271,0.0452897579903621
114.276,0.259,10.36,0.0685488226452662,0.00469894108605216
114.276,0.595,23.8,0.322106879128344,0.103752841581801
114.294,0.621,24.84,0.363078054770102,0.131825673855641
114.314,0.414,16.56,0.139958732257262,0.0195884467350599
114.314,0.595,23.8,0.322106879128344,0.103752841581801
114.332,0.324,12.96,0.0924698173938223,0.00855066712884685
114.35,0.569,22.76,0.285759054337495,0.0816582371358593
114.35,0.673,26.92,0.46131757456038,0.212813904598272
114.369,0.544,21.76,0.254683025258504,0.064863443354824
114.386,0.647,25.88,0.409260659730011,0.167494287602644
114.387,0.699,27.96,0.519995996533516,0.270395836410885
114.405,0.634,25.36,0.385478357665772,0.148593564228701
114.423,0.686,27.44,0.489778819368447,0.239883291901949
114.423,0.712,28.48,0.552077439280758,0.304789498962799
114.441,0.686,27.44,0.489778819368447,0.239883291901949
114.459,0.712,28.48,0.552077439280758,0.304789498962799
114.459,0.699,27.96,0.519995996533516,0.270395836410885
114.478,0.712,28.48,0.552077439280758,0.304789498962799
114.478,0.699,27.96,0.519995996533516,0.270395836410885
114.496,0.66,26.4,0.434510224171572,0.18879913490963
114.516,0.699,27.96,0.519995996533516,0.270395836410885
114.516,0.673,26.92,0.46131757456038,0.212813904598272
114.535,0.595,23.8,0.322106879128344,0.103752841581801
114.554,0.673,26.92,0.46131757456038,0.212813904598272
114.554,0.621,24.84,0.363078054770102,0.131825673855641
114.575,0.453,18.12,0.167494287602644,0.0280543363795172
114.576,0.634,25.36,0.385478357665772,0.148593564228701
114.597,0.492,19.68,0.200447202736516,0.040179081084894
114.619,0.22,8.8,0.057279603098583,0.00328095293113119
114.619,0.531,21.24,0.239883291901949,0.0575439937337158
114.637,0.233,9.32,0.0608135001278718,0.00369828179780267
114.637,0.479,19.16,0.188799134909629,0.0356451133426244
114.656,0.311,12.44,0.0870963589956081,0.00758577575029184
114.674,0.44,17.6,0.157761126969935,0.0248885731828239
114.674,0.621,24.84,0.363078054770102,0.131825673855641
114.692,0.595,23.8,0.322106879128344,0.103752841581801
114.692,0.582,23.28,0.303389118419427,0.0920449571753172
114.712,0.298,11.92,0.0820351544329818,0.00672976656284318
114.733,0.569,22.76,0.285759054337495,0.0816582371358593
114.733,0.66,26.4,0.434510224171572,0.18879913490963
114.753,0.544,21.76,0.254683025258504,0.064863443354824
114.753,0.66,26.4,0.434510224171572,0.18879913490963
114.773,0.699,27.96,0.519995996533516,0.270395836410885
114.794,0.621,24.84,0.363078054770102,0.131825673855641
114.794,0.699,27.96,0.519995996533516,0.270395836410885
114.814,0.699,27.96,0.519995996533516,0.270395836410885
114.815,0.686,27.44,0.489778819368447,0.239883291901949
114.834,0.699,27.96,0.519995996533516,0.270395836410885
114.859,0.699,27.96,0.519995996533516,0.270395836410885
114.859,0.699,27.96,0.519995996533516,0.270395836410885
114.878,0.699,27.96,0.519995996533516,0.270395836410885
114.878,0.673,26.92,0.46131757456038,0.212813904598272
114.898,0.712,28.48,0.552077439280758,0.304789498962799
114.898,0.673,26.92,0.46131757456038,0.212813904598272
114.916,0.608,24.32,0.341979442513709,0.116949939101987
114.935,0.686,27.44,0.489778819368447,0.239883291901949
114.935,0.621,24.84,0.363078054770102,0.131825673855641
114.956,0.479,19.16,0.188799134909629,0.0356451133426244
114.956,0.634,25.36,0.385478357665772,0.148593564228701
114.974,0.518,20.72,0.225943577022098,0.0510504999975407
114.995,0.194,7.76,0.0508159442560561,0.0025822601906346
114.995,0.556,22.24,0.269153480392692,0.0724435960074991
115.013,0.272,10.88,0.0727779804536825,0.00529663443891659
115.033,0.466,18.64,0.177827941003892,0.0316227766016838
115.033,0.349,13.96,0.103752841581801,0.0107646521362984
115.053,0.401,16.04,0.131825673855641,0.0173780082874938
115.053,0.595,23.8,0.322106879128344,0.103752841581801
115.072,0.311,12.44,0.0870963589956081,0.00758577575029184
115.091,0.582,23.28,0.303389118419427,0.0920449571753172
115.091,0.634,25.36,0.385478357665772,0.148593564228701
115.109,0.544,21.76,0.254683025258504,0.064863443354824
115.11,0.647,25.88,0.409260659730011,0.167494287602644
115.128,0.505,20.2,0.212813904598271,0.0452897579903621
115.147,0.647,25.88,0.409260659730011,0.167494287602644
115.147,0.699,27.96,0.519995996533516,0.270395836410885
115.164,0.621,24.84,0.363078054770102,0.131825673855641
115.182,0.699,27.96,0.519995996533516,0.270395836410885
115.183,0.712,28.48,0.552077439280758,0.304789498962799
115.201,0.686,27.44,0.489778819368447,0.239883291901949
115.22,0.712,28.48,0.552077439280758,0.304789498962799
115.22,0.699,27.96,0.519995996533516,0.270395836410885
115.239,0.699,27.96,0.519995996533516,0.270395836410885
115.257,0.712,28.48,0.552077439280758,0.304789498962799
115.257,0.673,26.92,0.46131757456038,0.212813904598272
115.277,0.712,28.48,0.552077439280758,0.304789498962799
115.277,0.686,27.44,0.489778819368447,0.239883291901949
115.293,0.621,24.84,0.363078054770102,0.131825673855641
115.312,0.686,27.44,0.489778819368447,0.239883291901949
115.312,0.634,25.36,0.385478357665772,0.148593564228701
115.33,0.505,20.2,0.212813904598271,0.0452897579903621
115.347,0.647,25.88,0.409260659730011,0.167494287602644
115.347,0.531,21.24,0.239883291901949,0.0575439937337158
115.365,0.207,8.28,0.0539510622515128,0.00291071711806661
115.384,0.569,22.76,0.285759054337495,0.0816582371358593
115.384,0.324,12.96,0.0924698173938223,0.00855066712884685
115.401,0.66,26.4,0.434510224171572,0.18879913490963
115.42,0.375,15,0.116949939101987,0.0136772882559585
115.421,0.375,15,0.116949939101987,0.0136772882559585
115.44,0.582,23.28,0.303389118419427,0.0920449571753172
115.458,0.298,11.92,0.0820351544329818,0.00672976656284318
115.458,0.556,22.24,0.269153480392692,0.0724435960074991
115.477,0.181,7.24,0.0478630092322639,0.00229086765276777
115.494,0.518,20.72,0.225943577022098,0.0510504999975407
115.494,0.647,25.88,0.409260659730011,0.167494287602644
115.512,0.492,19.68,0.200447202736516,0.040179081084894
115.53,0.621,24.84,0.363078054770102,0.131825673855641
115.53,0.673,26.92,0.46131757456038,0.212813904598272
115.548,0.608,24.32,0.341979442513709,0.116949939101987
115.566,0.686,27.44,0.489778819368447,0.239883291901949
115.566,0.712,28.48,0.552077439280758,0.304789498962799
115.584,0.673,26.92,0.46131757456038,0.212813904598272
115.601,0.712,28.48,0.552077439280758,0.304789498962799
115.601,0.712,28.48,0.552077439280758,0.304789498962799
115.619,0.699,27.96,0.519995996533516,0.270395836410885
115.638,0.712,28.48,0.552077439280758,0.304789498962799
115.638,0.673,26.92,0.46131757456038,0.212813904598272
115.655,0.712,28.48,0.552077439280758,0.304789498962799
115.673,0.686,27.44,0.489778819368447,0.239883291901949
115.673,0.634,25.36,0.385478357665772,0.148593564228701
115.69,0.699,27.96,0.519995996533516,0.270395836410885
115.709,0.647,25.88,0.409260659730011,0.167494287602644
115.709,0.595,23.8,0.322106879128344,0.103752841581801
115.729,0.66,26.4,0.434510224171572,0.18879913490963
115.729,0.556,22.24,0.269153480392692,0.0724435960074991
115.747,0.259,10.36,0.0685488226452662,0.00469894108605216
115.765,0.595,23.8,0.322106879128344,0.103752841581801
115.765,0.362,14.48,0.110153930954142,0.0121338885046498
115.784,0.401,16.04,0.131825673855641,0.0173780082874938
115.803,0.44,17.6,0.157761126969935,0.0248885731828239
115.803,0.336,13.44,0.0977237220955811,0.00954992586021437
115.822,0.582,23.28,0.303389118419427,0.0920449571753172
115.842,0.233,9.32,0.0608135001278718,0.00369828179780267
115.842,0.556,22.24,0.269153480392692,0.0724435960074991
115.861,0.647,25.88,0.409260659730011,0.167494287602644
115.861,0.518,20.72,0.225943577022098,0.0510504999975407
115.88,0.647,25.88,0.409260659730011,0.167494287602644
115.898,0.479,19.16,0.188799134909629,0.0356451133426244
115.898,0.634,25.36,0.385478357665772,0.148593564228701
115.918,0.699,27.96,0.519995996533516,0.270395836410885
115.937,0.595,23.8,0.322106879128344,0.103752841581801
115.937,0.673,26.92,0.46131757456038,0.212813904598272
115.955,0.699,27.96,0.519995996533516,0.270395836410885
115.955,0.673,26.92,0.46131757456038,0.212813904598272
115.973,0.712,28.48,0.552077439280758,0.304789498962799
115.991,0.712,28.48,0.552077439280758,0.304789498962799
115.991,0.699,27.96,0.519995996533516,0.270395836410885
116.01,0.712,28.48,0.552077439280758,0.304789498962799
116.029,0.686,27.44,0.489778819368447,0.239883291901949
116.029,0.712,28.48,0.552077439280758,0.304789498962799
116.047,0.686,27.44,0.489778819368447,0.239883291901949
116.065,0.634,25.36,0.385478357665772,0.148593564228701
116.065,0.686,27.44,0.489778819368447,0.239883291901949
116.085,0.647,25.88,0.409260659730011,0.167494287602644
116.103,0.544,21.76,0.254683025258504,0.064863443354824
116.103,0.673,26.92,0.46131757456038,0.212813904598272
116.122,0.569,22.76,0.285759054337495,0.0816582371358593
116.122,0.324,12.96,0.0924698173938223,0.00855066712884685
116.14,0.595,23.8,0.322106879128344,0.103752841581801
116.157,0.401,16.04,0.131825673855641,0.0173780082874938
116.157,0.362,14.48,0.110153930954142,0.0121338885046498
116.174,0.453,18.12,0.167494287602644,0.0280543363795172
116.193,0.298,11.92,0.0820351544329818,0.00672976656284318
116.211,0.556,22.24,0.269153480392692,0.0724435960074991
116.211,0.22,8.8,0.057279603098583,0.00328095293113119
116.23,0.518,20.72,0.225943577022098,0.0510504999975407
116.23,0.647,25.88,0.409260659730011,0.167494287602644
116.249,0.479,19.16,0.188799134909629,0.0356451133426244
116.268,0.634,25.36,0.385478357665772,0.148593564228701
116.268,0.44,17.6,0.157761126969935,0.0248885731828239
116.286,0.608,24.32,0.341979442513709,0.116949939101987
116.304,0.686,27.44,0.489778819368447,0.239883291901949
116.304,0.582,23.28,0.303389118419427,0.0920449571753172
116.324,0.673,26.92,0.46131757456038,0.212813904598272
116.324,0.699,27.96,0.519995996533516,0.270395836410885
116.342,0.66,26.4,0.434510224171572,0.18879913490963
116.359,0.699,27.96,0.519995996533516,0.270395836410885
116.377,0.712,28.48,0.552077439280758,0.304789498962799
116.377,0.699,27.96,0.519995996533516,0.270395836410885
116.394,0.712,28.48,0.552077439280758,0.304789498962799
116.413,0.686,27.44,0.489778819368447,0.239883291901949
116.413,0.712,28.48,0.552077439280758,0.304789498962799
116.432,0.712,28.48,0.552077439280758,0.304789498962799
116.432,0.647,25.88,0.409260659730011,0.167494287602644
116.45,0.699,27.96,0.519995996533516,0.270395836410885
116.467,0.66,26.4,0.434510224171572,0.18879913490963
116.467,0.556,22.24,0.269153480392692,0.0724435960074991
116.485,0.673,26.92,0.46131757456038,0.212813904598272
116.504,0.582,23.28,0.303389118419427,0.0920449571753172
116.504,0.388,15.52,0.124165230759241,0.0154170045294956
116.522,0.608,24.32,0.341979442513709,0.116949939101987
116.539,0.427,17.08,0.148593564228701,0.022080047330189
116.54,0.336,13.44,0.0977237220955811,0.00954992586021437
116.558,0.492,19.68,0.200447202736516,0.040179081084894
116.575,0.272,10.88,0.0727779804536825,0.00529663443891659
116.575,0.544,21.76,0.254683025258504,0.064863443354824
116.593,0.22,8.8,0.057279603098583,0.00328095293113119
116.611,0.505,20.2,0.212813904598271,0.0452897579903621
116.611,0.634,25.36,0.385478357665772,0.148593564228701
116.628,0.673,26.92,0.46131757456038,0.212813904598272
116.647,0.621,24.84,0.363078054770102,0.131825673855641
116.647,0.401,16.04,0.131825673855641,0.0173780082874938
116.664,0.608,24.32,0.341979442513709,0.116949939101987
116.682,0.673,26.92,0.46131757456038,0.212813904598272
116.682,0.569,22.76,0.285759054337495,0.0816582371358593
116.699,0.66,26.4,0.434510224171572,0.18879913490963
116.717,0.699,27.96,0.519995996533516,0.270395836410885
116.717,0.66,26.4,0.434510224171572,0.18879913490963
116.737,0.699,27.96,0.519995996533516,0.270395836410885
116.756,0.712,28.48,0.552077439280758,0.304789498962799
116.757,0.686,27.44,0.489778819368447,0.239883291901949
116.779,0.699,27.96,0.519995996533516,0.270395836410885
116.779,0.686,27.44,0.489778819368447,0.239883291901949
116.8,0.699,27.96,0.519995996533516,0.270395836410885
116.819,0.699,27.96,0.519995996533516,0.270395836410885
116.819,0.66,26.4,0.434510224171572,0.18879913490963
116.838,0.699,27.96,0.519995996533516,0.270395836410885
116.838,0.66,26.4,0.434510224171572,0.18879913490963
116.856,0.582,23.28,0.303389118419427,0.0920449571753172
116.874,0.673,26.92,0.46131757456038,0.212813904598272
116.874,0.595,23.8,0.322106879128344,0.103752841581801
116.891,0.414,16.56,0.139958732257262,0.0195884467350599
116.911,0.621,24.84,0.363078054770102,0.131825673855641
116.911,0.479,19.16,0.188799134909629,0.0356451133426244
116.929,0.246,9.84,0.0645654229034656,0.00416869383470336
116.949,0.505,20.2,0.212813904598271,0.0452897579903621
116.949,0.194,7.76,0.0508159442560561,0.0025822601906346
116.967,0.531,21.24,0.239883291901949,0.0575439937337158
116.985,0.233,9.32,0.0608135001278718,0.00369828179780267
116.985,0.479,19.16,0.188799134909629,0.0356451133426244
117.003,0.634,25.36,0.385478357665772,0.148593564228701
117.02,0.44,17.6,0.157761126969935,0.0248885731828239
117.02,0.608,24.32,0.341979442513709,0.116949939101987
117.038,0.505,20.2,0.212813904598271,0.0452897579903621
117.038,0.582,23.28,0.303389118419427,0.0920449571753172
117.056,0.673,26.92,0.46131757456038,0.212813904598272
117.074,0.556,22.24,0.269153480392692,0.0724435960074991
117.093,0.66,26.4,0.434510224171572,0.18879913490963
117.093,0.712,28.48,0.552077439280758,0.304789498962799
117.11,0.647,25.88,0.409260659730011,0.167494287602644
117.11,0.699,27.96,0.519995996533516,0.270395836410885
117.129,0.712,28.48,0.552077439280758,0.304789498962799
117.146,0.686,27.44,0.489778819368447,0.239883291901949
117.146,0.699,27.96,0.519995996533516,0.270395836410885
117.165,0.699,27.96,0.519995996533516,0.270395836410885
117.183,0.712,28.48,0.552077439280758,0.304789498962799
117.183,0.699,27.96,0.519995996533516,0.270395836410885
117.203,0.673,26.92,0.46131757456038,0.212813904598272
117.22,0.712,28.48,0.552077439280758,0.304789498962799
117.22,0.673,26.92,0.46131757456038,0.212813904598272
117.24,0.582,23.28,0.303389118419427,0.0920449571753172
117.256,0.699,27.96,0.519995996533516,0.270395836410885
117.256,0.608,24.32,0.341979442513709,0.116949939101987
117.276,0.427,17.08,0.148593564228701,0.022080047330189
117.296,0.621,24.84,0.363078054770102,0.131825673855641
117.296,0.479,19.16,0.188799134909629,0.0356451133426244
117.313,0.233,9.32,0.0608135001278718,0.00369828179780267
117.314,0.518,20.72,0.225943577022098,0.0510504999975407
117.333,0.22,8.8,0.057279603098583,0.00328095293113119
117.352,0.505,20.2,0.212813904598271,0.0452897579903621
117.352,0.272,10.88,0.0727779804536825,0.00529663443891659
117.371,0.466,18.64,0.177827941003892,0.0316227766016838
117.388,0.621,24.84,0.363078054770102,0.131825673855641
117.388,0.401,16.04,0.131825673855641,0.0173780082874938
117.407,0.595,23.8,0.322106879128344,0.103752841581801
117.425,0.336,13.44,0.0977237220955811,0.00954992586021437
117.425,0.582,23.28,0.303389118419427,0.0920449571753172
117.444,0.673,26.92,0.46131757456038,0.212813904598272
117.444,0.608,24.32,0.341979442513709,0.116949939101987
117.463,0.647,25.88,0.409260659730011,0.167494287602644
117.482,0.699,27.96,0.519995996533516,0.270395836410885
117.482,0.634,25.36,0.385478357665772,0.148593564228701
117.5,0.686,27.44,0.489778819368447,0.239883291901949
117.518,0.712,28.48,0.552077439280758,0.304789498962799
117.518,0.66,26.4,0.434510224171572,0.18879913490963
117.536,0.699,27.96,0.519995996533516,0.270395836410885
117.554,0.699,27.96,0.519995996533516,0.270395836410885
117.555,0.699,27.96,0.519995996533516,0.270395836410885
117.574,0.699,27.96,0.519995996533516,0.270395836410885
117.592,0.66,26.4,0.434510224171572,0.18879913490963
117.592,0.699,27.96,0.519995996533516,0.270395836410885
117.609,0.673,26.92,0.46131757456038,0.212813904598272
117.628,0.595,23.8,0.322106879128344,0.103752841581801
117.628,0.686,27.44,0.489778819368447,0.239883291901949
117.647,0.608,24.32,0.341979442513709,0.116949939101987
117.647,0.466,18.64,0.177827941003892,0.0316227766016838
117.665,0.634,25.36,0.385478357665772,0.148593564228701
117.684,0.531,21.24,0.239883291901949,0.0575439937337158
117.684,0.181,7.24,0.0478630092322639,0.00229086765276777
117.703,0.544,21.76,0.254683025258504,0.064863443354824
117.722,0.207,8.28,0.0539510622515128,0.00291071711806661
117.722,0.492,19.68,0.200447202736516,0.040179081084894
117.74,0.336,13.44,0.0977237220955811,0.00954992586021437
117.759,0.427,17.08,0.148593564228701,0.022080047330189
117.759,0.608,24.32,0.341979442513709,0.116949939101987
117.779,0.362,14.48,0.110153930954142,0.0121338885046498
117.779,0.582,23.28,0.303389118419427,0.0920449571753172
117.796,0.233,9.32,0.0608135001278718,0.00369828179780267
117.815,0.556,22.24,0.269153480392692,0.0724435960074991
117.815,0.66,26.4,0.434510224171572,0.18879913490963
117.832,0.531,21.24,0.239883291901949,0.0575439937337158
117.85,0.647,25.88,0.409260659730011,0.167494287602644
117.85,0.699,27.96,0.519995996533516,0.270395836410885
117.869,0.621,24.84,0.363078054770102,0.131825673855641
117.887,0.686,27.44,0.489778819368447,0.239883291901949
117.887,0.712,28.48,0.552077439280758,0.304789498962799
117.904,0.686,27.44,0.489778819368447,0.239883291901949
117.922,0.712,28.48,0.552077439280758,0.304789498962799
117.922,0.699,27.96,0.519995996533516,0.270395836410885
117.941,0.699,27.96,0.519995996533516,0.270395836410885
117.959,0.699,27.96,0.519995996533516,0.270395836410885
117.959,0.673,26.92,0.46131757456038,0.212813904598272
117.978,0.712,28.48,0.552077439280758,0.304789498962799
117.996,0.686,27.44,0.489778819368447,0.239883291901949
117.996,0.608,24.32,0.341979442513709,0.116949939101987
118.014,0.686,27.44,0.489778819368447,0.239883291901949
118.032,0.621,24.84,0.363078054770102,0.131825673855641
118.032,0.492,19.68,0.200447202736516,0.040179081084894
118.053,0.647,25.88,0.409260659730011,0.167494287602644
118.053,0.531,21.24,0.239883291901949,0.0575439937337158
118.071,0.168,6.72,0.0450816704541461,0.00203235701093622
118.09,0.556,22.24,0.269153480392692,0.0724435960074991
118.09,0.259,10.36,0.0685488226452662,0.00469894108605216
118.109,0.453,18.12,0.167494287602644,0.0280543363795172
118.127,0.349,13.96,0.103752841581801,0.0107646521362984
118.127,0.388,15.52,0.124165230759241,0.0154170045294956
118.145,0.582,23.28,0.303389118419427,0.0920449571753172
118.165,0.311,12.44,0.0870963589956081,0.00758577575029184
118.165,0.556,22.24,0.269153480392692,0.0724435960074991
118.183,0.22,8.8,0.057279603098583,0.00328095293113119
118.183,0.531,21.24,0.239883291901949,0.0575439937337158
118.202,0.647,25.88,0.409260659730011,0.167494287602644
118.22,0.505,20.2,0.212813904598271,0.0452897579903621
118.22,0.634,25.36,0.385478357665772,0.148593564228701
118.238,0.699,27.96,0.519995996533516,0.270395836410885
118.256,0.621,24.84,0.363078054770102,0.131825673855641
118.256,0.686,27.44,0.489778819368447,0.239883291901949
118.276,0.712,28.48,0.552077439280758,0.304789498962799
118.294,0.673,26.92,0.46131757456038,0.212813904598272
118.294,0.699,27.96,0.519995996533516,0.270395836410885
118.312,0.699,27.96,0.519995996533516,0.270395836410885
118.33,0.699,27.96,0.519995996533516,0.270395836410885
118.33,0.699,27.96,0.519995996533516,0.270395836410885
118.348,0.686,27.44,0.489778819368447,0.239883291901949
118.367,0.712,28.48,0.552077439280758,0.304789498962799
118.367,0.686,27.44,0.489778819368447,0.239883291901949
118.385,0.608,24.32,0.341979442513709,0.116949939101987
118.385,0.699,27.96,0.519995996533516,0.270395836410885
118.403,0.634,25.36,0.385478357665772,0.148593564228701
118.42,0.518,20.72,0.225943577022098,0.0510504999975407
118.421,0.66,26.4,0.434510224171572,0.18879913490963
118.438,0.556,22.24,0.269153480392692,0.0724435960074991
118.456,0.22,8.8,0.057279603098583,0.00328095293113119
118.475,0.569,22.76,0.285759054337495,0.0816582371358593
118.475,0.699,27.96,0.519995996533516,0.270395836410885
118.493,0.427,17.08,0.148593564228701,0.022080047330189
118.493,0.414,16.56,0.139958732257262,0.0195884467350599
118.512,0.349,13.96,0.103752841581801,0.0107646521362984
118.529,0.582,23.28,0.303389118419427,0.0920449571753172
118.529,0.246,9.84,0.0645654229034656,0.00416869383470336
118.548,0.556,22.24,0.269153480392692,0.0724435960074991
118.565,0.336,13.44,0.0977237220955811,0.00954992586021437
118.565,0.531,21.24,0.239883291901949,0.0575439937337158
118.582,0.647,25.88,0.409260659730011,0.167494287602644
118.6,0.479,19.16,0.188799134909629,0.0356451133426244
118.6,0.634,25.36,0.385478357665772,0.148593564228701
118.619,0.699,27.96,0.519995996533516,0.270395836410885
118.637,0.608,24.32,0.341979442513709,0.116949939101987
118.637,0.686,27.44,0.489778819368447,0.239883291901949
118.655,0.699,27.96,0.519995996533516,0.270395836410885
118.672,0.673,26.92,0.46131757456038,0.212813904598272
118.672,0.738,29.52,0.62230028516916,0.387257644921618
118.69,0.699,27.96,0.519995996533516,0.270395836410885
118.711,0.699,27.96,0.519995996533516,0.270395836410885
118.711,0.699,27.96,0.519995996533516,0.270395836410885
118.734,0.686,27.44,0.489778819368447,0.239883291901949
118.734,0.712,28.48,0.552077439280758,0.304789498962799
118.759,0.686,27.44,0.489778819368447,0.239883291901949
118.759,0.634,25.36,0.385478357665772,0.148593564228701
118.78,0.712,28.48,0.552077439280758,0.304789498962799
118.78,0.699,27.96,0.519995996533516,0.270395836410885
118.799,0.531,21.24,0.239883291901949,0.0575439937337158
118.817,0.66,26.4,0.434510224171572,0.18879913490963
118.817,0.556,22.24,0.269153480392692,0.0724435960074991
118.839,0.272,10.88,0.0727779804536825,0.00529663443891659
118.839,0.582,23.28,0.303389118419427,0.0920449571753172
118.864,0.375,15,0.116949939101987,0.0136772882559585
118.864,0.388,15.52,0.124165230759241,0.0154170045294956
118.883,0.44,17.6,0.157761126969935,0.0248885731828239
118.901,0.311,12.44,0.0870963589956081,0.00758577575029184
118.901,0.569,22.76,0.285759054337495,0.0816582371358593
118.921,0.194,7.76,0.0508159442560561,0.0025822601906346
118.921,0.531,21.24,0.239883291901949,0.0575439937337158
118.94,0.647,25.88,0.409260659730011,0.167494287602644
118.959,0.505,20.2,0.212813904598271,0.0452897579903621
118.959,0.634,25.36,0.385478357665772,0.148593564228701
118.976,0.466,18.64,0.177827941003892,0.0316227766016838
118.994,0.725,29,0.586138164514029,0.343557947899875
118.994,0.686,27.44,0.489778819368447,0.239883291901949
119.012,0.595,23.8,0.322106879128344,0.103752841581801
119.031,0.673,26.92,0.46131757456038,0.212813904598272
119.031,0.699,27.96,0.519995996533516,0.270395836410885
119.049,0.66,26.4,0.434510224171572,0.18879913490963
119.068,0.699,27.96,0.519995996533516,0.270395836410885
119.068,0.712,28.48,0.552077439280758,0.304789498962799
119.086,0.699,27.96,0.519995996533516,0.270395836410885
119.104,0.712,28.48,0.552077439280758,0.304789498962799
119.104,0.673,26.92,0.46131757456038,0.212813904598272
119.122,0.712,28.48,0.552077439280758,0.304789498962799
119.122,0.699,27.96,0.519995996533516,0.270395836410885
119.143,0.647,25.88,0.409260659730011,0.167494287602644
119.163,0.699,27.96,0.519995996533516,0.270395836410885
119.163,0.647,25.88,0.409260659730011,0.167494287602644
119.18,0.556,22.24,0.269153480392692,0.0724435960074991
119.198,0.764,30.56,0.701455298419972,0.492039535681452
119.198,0.582,23.28,0.303389118419427,0.0920449571753172
119.218,0.336,13.44,0.0977237220955811,0.00954992586021437
119.218,0.608,24.32,0.341979442513709,0.116949939101987
119.243,0.427,17.08,0.148593564228701,0.022080047330189
119.243,0.336,13.44,0.0977237220955811,0.00954992586021437
119.261,0.466,18.64,0.177827941003892,0.0316227766016838
119.279,0.272,10.88,0.0727779804536825,0.00529663443891659
119.279,0.556,22.24,0.269153480392692,0.0724435960074991
119.298,0.207,8.28,0.0539510622515128,0.00291071711806661
119.318,0.531,21.24,0.239883291901949,0.0575439937337158
119.318,0.634,25.36,0.385478357665772,0.148593564228701
119.337,0.492,19.68,0.200447202736516,0.040179081084894
119.358,0.634,25.36,0.385478357665772,0.148593564228701
119.358,0.44,17.6,0.157761126969935,0.0248885731828239
119.378,0.608,24.32,0.341979442513709,0.116949939101987
119.378,0.673,26.92,0.46131757456038,0.212813904598272
119.4,0.582,23.28,0.303389118419427,0.0920449571753172
119.4,0.66,26.4,0.434510224171572,0.18879913490963
119.427,0.712,28.48,0.552077439280758,0.304789498962799
119.427,0.66,26.4,0.434510224171572,0.18879913490963
119.447,0.699,27.96,0.519995996533516,0.270395836410885
119.447,0.712,28.48,0.552077439280758,0.304789498962799
119.465,0.686,27.44,0.489778819368447,0.239883291901949
119.483,0.699,27.96,0.519995996533516,0.270395836410885
119.483,0.686,27.44,0.489778819368447,0.239883291901949
119.502,0.712,28.48,0.552077439280758,0.304789498962799
119.52,0.699,27.96,0.519995996533516,0.270395836410885
119.52,0.634,25.36,0.385478357665772,0.148593564228701
119.539,0.699,27.96,0.519995996533516,0.270395836410885
119.558,0.66,26.4,0.434510224171572,0.18879913490963
119.558,0.556,22.24,0.269153480392692,0.0724435960074991
119.576,0.673,26.92,0.46131757456038,0.212813904598272
119.576,0.582,23.28,0.303389118419427,0.0920449571753172
119.595,0.375,15,0.116949939101987,0.0136772882559585
119.614,0.608,24.32,0.341979442513709,0.116949939101987
119.614,0.453,18.12,0.167494287602644,0.0280543363795172
119.633,0.349,13.96,0.103752841581801,0.0107646521362984
119.651,0.479,19.16,0.188799134909629,0.0356451133426244
119.651,0.181,7.24,0.0478630092322639,0.00229086765276777
119.671,0.531,21.24,0.239883291901949,0.0575439937337158
119.671,0.194,7.76,0.0508159442560561,0.0025822601906346
119.693,0.479,19.16,0.188799134909629,0.0356451133426244
119.714,0.647,25.88,0.409260659730011,0.167494287602644
119.714,0.427,17.08,0.148593564228701,0.022080047330189
119.735,0.608,24.32,0.341979442513709,0.116949939101987
119.735,0.401,16.04,0.131825673855641,0.0173780082874938
119.755,0.582,23.28,0.303389118419427,0.0920449571753172
119.755,0.673,26.92,0.46131757456038,0.212813904598272
119.775,0.569,22.76,0.285759054337495,0.0816582371358593
119.792,0.66,26.4,0.434510224171572,0.18879913490963
119.793,0.699,27.96,0.519995996533516,0.270395836410885
119.812,0.712,28.48,0.552077439280758,0.304789498962799
119.83,0.699,27.96,0.519995996533516,0.270395836410885
119.83,0.712,28.48,0.552077439280758,0.304789498962799
119.848,0.686,27.44,0.489778819368447,0.239883291901949
119.867,0.712,28.48,0.552077439280758,0.304789498962799
119.867,0.699,27.96,0.519995996533516,0.270395836410885
119.887,0.712,28.48,0.552077439280758,0.304789498962799
119.887,0.686,27.44,0.489778819368447,0.239883291901949
119.904,0.66,26.4,0.434510224171572,0.18879913490963
119.924,0.712,28.48,0.552077439280758,0.304789498962799
119.924,0.673,26.92,0.46131757456038,0.212813904598272
119.943,0.582,23.28,0.303389118419427,0.0920449571753172
119.964,0.673,26.92,0.46131757456038,0.212813904598272
119.964,0.608,24.32,0.341979442513709,0.116949939101987
119.984,0.427,17.08,0.148593564228701,0.022080047330189
119.984,0.621,24.84,0.363078054770102,0.131825673855641
120.004,0.479,19.16,0.188799134909629,0.0356451133426244
120.004,0.634,25.36,0.385478357665772,0.148593564228701
120.023,0.518,20.72,0.225943577022098,0.0510504999975407
120.043,0.181,7.24,0.0478630092322639,0.00229086765276777
120.043,0.518,20.72,0.225943577022098,0.0510504999975407
120.063,0.233,9.32,0.0608135001278718,0.00369828179780267
120.081,0.479,19.16,0.188799134909629,0.0356451133426244
120.081,0.621,24.84,0.363078054770102,0.131825673855641
120.1,0.44,17.6,0.157761126969935,0.0248885731828239
120.1,0.608,24.32,0.341979442513709,0.116949939101987
120.118,0.349,13.96,0.103752841581801,0.0107646521362984
120.137,0.582,23.28,0.303389118419427,0.0920449571753172
120.137,0.66,26.4,0.434510224171572,0.18879913490963
120.156,0.544,21.76,0.254683025258504,0.064863443354824
120.175,0.647,25.88,0.409260659730011,0.167494287602644
120.175,0.699,27.96,0.519995996533516,0.270395836410885
120.195,0.634,25.36,0.385478357665772,0.148593564228701
120.195,0.686,27.44,0.489778819368447,0.239883291901949
120.214,0.751,30.04,0.660693448007596,0.436515832240167
120.233,0.686,27.44,0.489778819368447,0.239883291901949
120.234,0.712,28.48,0.552077439280758,0.304789498962799
120.253,0.699,27.96,0.519995996533516,0.270395836410885
120.272,0.699,27.96,0.519995996533516,0.270395836410885
120.272,0.699,27.96,0.519995996533516,0.270395836410885
120.292,0.66,26.4,0.434510224171572,0.18879913490963
120.292,0.699,27.96,0.519995996533516,0.270395836410885
120.313,0.673,26.92,0.46131757456038,0.212813904598272
120.333,0.595,23.8,0.322106879128344,0.103752841581801
120.333,0.699,27.96,0.519995996533516,0.270395836410885
120.358,0.608,24.32,0.341979442513709,0.116949939101987
120.358,0.453,18.12,0.167494287602644,0.0280543363795172
120.379,0.634,25.36,0.385478357665772,0.148593564228701
120.379,0.505,20.2,0.212813904598271,0.0452897579903621
120.397,0.181,7.24,0.0478630092322639,0.00229086765276777
120.397,0.531,21.24,0.239883291901949,0.0575439937337158
120.416,0.22,8.8,0.057279603098583,0.00328095293113119
120.433,0.492,19.68,0.200447202736516,0.040179081084894
120.433,0.311,12.44,0.0870963589956081,0.00758577575029184
120.451,0.44,17.6,0.157761126969935,0.0248885731828239
120.47,0.608,24.32,0.341979442513709,0.116949939101987
120.47,0.401,16.04,0.131825673855641,0.0173780082874938
120.487,0.595,23.8,0.322106879128344,0.103752841581801
120.506,0.285,11.4,0.0772680585095703,0.00597035286583838
120.506,0.569,22.76,0.285759054337495,0.0816582371358593
120.524,0.66,26.4,0.434510224171572,0.18879913490963
120.541,0.531,21.24,0.239883291901949,0.0575439937337158
120.541,0.647,25.88,0.409260659730011,0.167494287602644
120.559,0.699,27.96,0.519995996533516,0.270395836410885
120.577,0.634,25.36,0.385478357665772,0.148593564228701
120.577,0.686,27.44,0.489778819368447,0.239883291901949
120.595,0.712,28.48,0.552077439280758,0.304789498962799
120.617,0.686,27.44,0.489778819368447,0.239883291901949
120.617,0.712,28.48,0.552077439280758,0.304789498962799
120.635,0.725,29,0.586138164514029,0.343557947899875
120.653,0.699,27.96,0.519995996533516,0.270395836410885
120.653,0.699,27.96,0.519995996533516,0.270395836410885
120.672,0.66,26.4,0.434510224171572,0.18879913490963
120.672,0.712,28.48,0.552077439280758,0.304789498962799
120.69,0.673,26.92,0.46131757456038,0.212813904598272
120.707,0.621,24.84,0.363078054770102,0.131825673855641
120.707,0.673,26.92,0.46131757456038,0.212813904598272
120.729,0.621,24.84,0.363078054770102,0.131825673855641
120.749,0.466,18.64,0.177827941003892,0.0316227766016838
120.749,0.634,25.36,0.385478357665772,0.148593564228701
120.767,0.531,21.24,0.239883291901949,0.0575439937337158
120.767,0.181,7.24,0.0478630092322639,0.00229086765276777
120.792,0.544,21.76,0.254683025258504,0.064863443354824
120.792,0.246,9.84,0.0645654229034656,0.00416869383470336
120.812,0.466,18.64,0.177827941003892,0.0316227766016838
120.833,0.349,13.96,0.103752841581801,0.0107646521362984
120.833,0.401,16.04,0.131825673855641,0.0173780082874938
120.853,0.595,23.8,0.322106879128344,0.103752841581801
120.853,0.324,12.96,0.0924698173938223,0.00855066712884685
120.874,0.582,23.28,0.303389118419427,0.0920449571753172
120.874,0.233,9.32,0.0608135001278718,0.00369828179780267
120.896,0.544,21.76,0.254683025258504,0.064863443354824
120.916,0.66,26.4,0.434510224171572,0.18879913490963
120.916,0.518,20.72,0.225943577022098,0.0510504999975407
120.936,0.634,25.36,0.385478357665772,0.148593564228701
120.936,0.686,27.44,0.489778819368447,0.239883291901949
120.954,0.621,24.84,0.363078054770102,0.131825673855641
120.973,0.686,27.44,0.489778819368447,0.239883291901949
120.974,0.699,27.96,0.519995996533516,0.270395836410885
120.992,0.673,26.92,0.46131757456038,0.212813904598272
121.01,0.699,27.96,0.519995996533516,0.270395836410885
121.01,0.712,28.48,0.552077439280758,0.304789498962799
121.029,0.686,27.44,0.489778819368447,0.239883291901949
121.029,0.699,27.96,0.519995996533516,0.270395836410885
121.049,0.673,26.92,0.46131757456038,0.212813904598272
121.067,0.712,28.48,0.552077439280758,0.304789498962799
121.067,0.686,27.44,0.489778819368447,0.239883291901949
121.086,0.621,24.84,0.363078054770102,0.131825673855641
121.104,0.686,27.44,0.489778819368447,0.239883291901949
121.104,0.634,25.36,0.385478357665772,0.148593564228701
121.122,0.505,20.2,0.212813904598271,0.0452897579903621
121.141,0.647,25.88,0.409260659730011,0.167494287602644
121.141,0.531,21.24,0.239883291901949,0.0575439937337158
121.159,0.246,9.84,0.0645654229034656,0.00416869383470336
121.178,0.569,22.76,0.285759054337495,0.0816582371358593
121.178,0.298,11.92,0.0820351544329818,0.00672976656284318
121.198,0.44,17.6,0.157761126969935,0.0248885731828239
121.198,0.401,16.04,0.131825673855641,0.0173780082874938
121.215,0.375,15,0.116949939101987,0.0136772882559585
121.234,0.582,23.28,0.303389118419427,0.0920449571753172
121.234,0.311,12.44,0.0870963589956081,0.00758577575029184
121.253,0.673,26.92,0.46131757456038,0.212813904598272
121.272,0.207,8.28,0.0539510622515128,0.00291071711806661
121.272,0.531,21.24,0.239883291901949,0.0575439937337158
121.29,0.647,25.88,0.409260659730011,0.167494287602644
121.31,0.492,19.68,0.200447202736516,0.040179081084894
121.31,0.621,24.84,0.363078054770102,0.131825673855641
121.328,0.673,26.92,0.46131757456038,0.212813904598272
121.328,0.621,24.84,0.363078054770102,0.131825673855641
121.346,0.673,26.92,0.46131757456038,0.212813904598272
121.364,0.699,27.96,0.519995996533516,0.270395836410885
121.364,0.66,26.4,0.434510224171572,0.18879913490963
121.382,0.699,27.96,0.519995996533516,0.270395836410885
121.401,0.699,27.96,0.519995996533516,0.270395836410885
121.401,0.699,27.96,0.519995996533516,0.270395836410885
121.42,0.699,27.96,0.519995996533516,0.270395836410885
121.437,0.673,26.92,0.46131757456038,0.212813904598272
121.437,0.699,27.96,0.519995996533516,0.270395836410885
121.455,0.673,26.92,0.46131757456038,0.212813904598272
121.473,0.621,24.84,0.363078054770102,0.131825673855641
121.473,0.686,27.44,0.489778819368447,0.239883291901949
121.49,0.634,25.36,0.385478357665772,0.148593564228701
121.508,0.569,22.76,0.285759054337495,0.0816582371358593
121.508,0.647,25.88,0.409260659730011,0.167494287602644
121.526,0.544,21.76,0.254683025258504,0.064863443354824
121.544,0.259,10.36,0.0685488226452662,0.00469894108605216
121.544,0.608,24.32,0.341979442513709,0.116949939101987
121.562,0.362,14.48,0.110153930954142,0.0121338885046498
121.58,0.414,16.56,0.139958732257262,0.0195884467350599
121.58,0.427,17.08,0.148593564228701,0.022080047330189
121.597,0.324,12.96,0.0924698173938223,0.00855066712884685
121.614,0.582,23.28,0.303389118419427,0.0920449571753172
121.614,0.22,8.8,0.057279603098583,0.00328095293113119
121.633,0.531,21.24,0.239883291901949,0.0575439937337158
121.651,0.647,25.88,0.409260659730011,0.167494287602644
121.651,0.492,19.68,0.200447202736516,0.040179081084894
121.668,0.634,25.36,0.385478357665772,0.148593564228701
121.687,0.453,18.12,0.167494287602644,0.0280543363795172
121.688,0.621,24.84,0.363078054770102,0.131825673855641
121.704,0.673,26.92,0.46131757456038,0.212813904598272
121.722,0.595,23.8,0.322106879128344,0.103752841581801
121.722,0.673,26.92,0.46131757456038,0.212813904598272
121.739,0.699,27.96,0.519995996533516,0.270395836410885
121.758,0.66,26.4,0.434510224171572,0.18879913490963
121.758,0.699,27.96,0.519995996533516,0.270395836410885
121.777,0.699,27.96,0.519995996533516,0.270395836410885
121.794,0.686,27.44,0.489778819368447,0.239883291901949
121.794,0.699,27.96,0.519995996533516,0.270395836410885
121.814,0.673,26.92,0.46131757456038,0.212813904598272
121.831,0.699,27.96,0.519995996533516,0.270395836410885
121.831,0.686,27.44,0.489778819368447,0.239883291901949
121.849,0.634,25.36,0.385478357665772,0.148593564228701
121.866,0.699,27.96,0.519995996533516,0.270395836410885
121.866,0.647,25.88,0.409260659730011,0.167494287602644
121.886,0.531,21.24,0.239883291901949,0.0575439937337158
121.903,0.647,25.88,0.409260659730011,0.167494287602644
121.903,0.569,22.76,0.285759054337495,0.0816582371358593
121.921,0.285,11.4,0.0772680585095703,0.00597035286583838
121.938,0.582,23.28,0.303389118419427,0.0920449571753172
121.938,0.388,15.52,0.124165230759241,0.0154170045294956
121.956,0.375,15,0.116949939101987,0.0136772882559585
121.974,0.453,18.12,0.167494287602644,0.0280543363795172
121.974,0.259,10.36,0.0685488226452662,0.00469894108605216
121.993,0.544,21.76,0.254683025258504,0.064863443354824
121.993,0.285,11.4,0.0772680585095703,0.00597035286583838
122.012,0.531,21.24,0.239883291901949,0.0575439937337158
122.029,0.647,25.88,0.409260659730011,0.167494287602644
122.029,0.492,19.68,0.200447202736516,0.040179081084894
122.046,0.621,24.84,0.363078054770102,0.131825673855641
122.064,0.44,17.6,0.157761126969935,0.0248885731828239
122.082,0.595,23.8,0.322106879128344,0.103752841581801
122.082,0.673,26.92,0.46131757456038,0.212813904598272
122.1,0.582,23.28,0.303389118419427,0.0920449571753172
122.117,0.66,26.4,0.434510224171572,0.18879913490963
122.117,0.699,27.96,0.519995996533516,0.270395836410885
122.136,0.66,26.4,0.434510224171572,0.18879913490963
122.153,0.686,27.44,0.489778819368447,0.239883291901949
122.153,0.699,27.96,0.519995996533516,0.270395836410885
122.171,0.686,27.44,0.489778819368447,0.239883291901949
122.188,0.699,27.96,0.519995996533516,0.270395836410885
122.188,0.686,27.44,0.489778819368447,0.239883291901949
122.208,0.699,27.96,0.519995996533516,0.270395836410885
122.208,0.673,26.92,0.46131757456038,0.212813904598272
122.227,0.634,25.36,0.385478357665772,0.148593564228701
122.244,0.699,27.96,0.519995996533516,0.270395836410885
122.244,0.647,25.88,0.409260659730011,0.167494287602644
122.263,0.556,22.24,0.269153480392692,0.0724435960074991
122.281,0.66,26.4,0.434510224171572,0.18879913490963
122.281,0.582,23.28,0.303389118419427,0.0920449571753172
122.3,0.362,14.48,0.110153930954142,0.0121338885046498
122.321,0.608,24.32,0.341979442513709,0.116949939101987
122.321,0.44,17.6,0.157761126969935,0.0248885731828239
122.339,0.311,12.44,0.0870963589956081,0.00758577575029184
122.339,0.492,19.68,0.200447202736516,0.040179081084894
122.357,0.207,8.28,0.0539510622515128,0.00291071711806661
122.377,0.544,21.76,0.254683025258504,0.064863443354824
122.377,0.194,7.76,0.0508159442560561,0.0025822601906346
122.395,0.492,19.68,0.200447202736516,0.040179081084894
122.412,0.621,24.84,0.363078054770102,0.131825673855641
122.412,0.453,18.12,0.167494287602644,0.0280543363795172
122.431,0.608,24.32,0.341979442513709,0.116949939101987
122.45,0.388,15.52,0.124165230759241,0.0154170045294956
122.45,0.582,23.28,0.303389118419427,0.0920449571753172
122.467,0.673,26.92,0.46131757456038,0.212813904598272
122.485,0.569,22.76,0.285759054337495,0.0816582371358593
122.485,0.673,26.92,0.46131757456038,0.212813904598272
122.503,0.712,28.48,0.552077439280758,0.304789498962799
122.52,0.647,25.88,0.409260659730011,0.167494287602644
122.52,0.699,27.96,0.519995996533516,0.270395836410885
122.539,0.712,28.48,0.552077439280758,0.304789498962799
122.558,0.686,27.44,0.489778819368447,0.239883291901949
122.558,0.699,27.96,0.519995996533516,0.270395836410885
122.576,0.699,27.96,0.519995996533516,0.270395836410885
122.594,0.699,27.96,0.519995996533516,0.270395836410885
122.595,0.686,27.44,0.489778819368447,0.239883291901949
122.614,0.634,25.36,0.385478357665772,0.148593564228701
122.614,0.699,27.96,0.519995996533516,0.270395836410885
122.633,0.66,26.4,0.434510224171572,0.18879913490963
122.651,0.556,22.24,0.269153480392692,0.0724435960074991
122.652,0.673,26.92,0.46131757456038,0.212813904598272
122.67,0.595,23.8,0.322106879128344,0.103752841581801
122.688,0.388,15.52,0.124165230759241,0.0154170045294956
122.69,0.608,24.32,0.341979442513709,0.116949939101987
122.707,0.453,18.12,0.167494287602644,0.0280543363795172
122.726,0.259,10.36,0.0685488226452662,0.00469894108605216
122.726,0.505,20.2,0.212813904598271,0.0452897579903621
122.745,0.155,6.2,0.0424619563946313,0.00180301774085957
122.745,0.518,20.72,0.225943577022098,0.0510504999975407
122.764,0.207,8.28,0.0539510622515128,0.00291071711806661
122.783,0.582,23.28,0.303389118419427,0.0920449571753172
122.783,0.608,24.32,0.341979442513709,0.116949939101987
122.801,0.44,17.6,0.157761126969935,0.0248885731828239
122.819,0.595,23.8,0.322106879128344,0.103752841581801
122.819,0.375,15,0.116949939101987,0.0136772882559585
122.837,0.582,23.28,0.303389118419427,0.0920449571753172
122.856,0.66,26.4,0.434510224171572,0.18879913490963
122.856,0.556,22.24,0.269153480392692,0.0724435960074991
122.874,0.66,26.4,0.434510224171572,0.18879913490963
122.874,0.699,27.96,0.519995996533516,0.270395836410885
122.893,0.634,25.36,0.385478357665772,0.148593564228701
122.91,0.686,27.44,0.489778819368447,0.239883291901949
122.912,0.712,28.48,0.552077439280758,0.304789498962799
122.928,0.686,27.44,0.489778819368447,0.239883291901949
122.947,0.699,27.96,0.519995996533516,0.270395836410885
122.948,0.686,27.44,0.489778819368447,0.239883291901949
122.965,0.686,27.44,0.489778819368447,0.239883291901949
122.985,0.699,27.96,0.519995996533516,0.270395836410885
122.985,0.647,25.88,0.409260659730011,0.167494287602644
123.005,0.699,27.96,0.519995996533516,0.270395836410885
123.005,0.673,26.92,0.46131757456038,0.212813904598272
123.025,0.582,23.28,0.303389118419427,0.0920449571753172
123.266,0.673,26.92,0.46131757456038,0.212813904598272
123.267,0.595,23.8,0.322106879128344,0.103752841581801
123.267,0.427,17.08,0.148593564228701,0.022080047330189
123.267,0.595,23.8,0.322106879128344,0.103752841581801
123.267,0.479,19.16,0.188799134909629,0.0356451133426244
123.267,0.194,7.76,0.0508159442560561,0.0025822601906346
123.267,0.518,20.72,0.225943577022098,0.0510504999975407
123.267,0.181,7.24,0.0478630092322639,0.00229086765276777
123.267,0.492,19.68,0.200447202736516,0.040179081084894
123.267,0.285,11.4,0.0772680585095703,0.00597035286583838
123.267,0.453,18.12,0.167494287602644,0.0280543363795172
123.267,0.608,24.32,0.341979442513709,0.116949939101987
123.267,0.388,15.52,0.124165230759241,0.0154170045294956
123.267,0.595,23.8,0.322106879128344,0.103752841581801
123.267,0.298,11.92,0.0820351544329818,0.00672976656284318
123.267,0.569,22.76,0.285759054337495,0.0816582371358593
123.267,0.66,26.4,0.434510224171572,0.18879913490963
123.267,0.544,21.76,0.254683025258504,0.064863443354824
123.267,0.647,25.88,0.409260659730011,0.167494287602644
123.267,0.686,27.44,0.489778819368447,0.239883291901949
123.268,0.621,24.84,0.363078054770102,0.131825673855641
123.285,0.686,27.44,0.489778819368447,0.239883291901949
