Time_s,DetectorVoltage_V,Power_dB,RelativeAmplitude,RelativePower
0.296,0.453,18.12,0.167494287602644,0.0280543363795172
0.296,0.324,12.96,0.0924698173938223,0.00855066712884685
0.296,0.505,20.2,0.212813904598271,0.0452897579903621
0.296,0.233,9.32,0.0608135001278718,0.00369828179780267
0.296,0.556,22.24,0.269153480392692,0.0724435960074991
0.297,0.181,7.24,0.0478630092322639,0.00229086765276777
0.297,0.531,21.24,0.239883291901949,0.0575439937337158
0.297,0.66,26.4,0.434510224171572,0.18879913490963
0.297,0.492,19.68,0.200447202736516,0.040179081084894
0.297,0.647,25.88,0.409260659730011,0.167494287602644
0.297,0.44,17.6,0.157761126969935,0.0248885731828239
0.297,0.621,24.84,0.363078054770102,0.131825673855641
0.297,0.699,27.96,0.519995996533516,0.270395836410885
0.297,0.595,23.8,0.322106879128344,0.103752841581801
0.297,0.686,27.44,0.489778819368447,0.239883291901949
0.297,0.738,29.52,0.62230028516916,0.387257644921618
0.297,0.686,27.44,0.489778819368447,0.239883291901949
0.297,0.699,27.96,0.519995996533516,0.270395836410885
0.297,0.738,29.52,0.62230028516916,0.387257644921618
0.297,0.712,28.48,0.552077439280758,0.304789498962799
0.297,0.738,29.52,0.62230028516916,0.387257644921618
0.297,0.712,28.48,0.552077439280758,0.304789498962799
0.297,0.725,29,0.586138164514029,0.343557947899875
0.298,0.725,29,0.586138164514029,0.343557947899875
0.298,0.686,27.44,0.489778819368447,0.239883291901949
0.369,0.725,29,0.586138164514029,0.343557947899875
0.369,0.699,27.96,0.519995996533516,0.270395836410885
0.369,0.595,23.8,0.322106879128344,0.103752841581801
0.369,0.699,27.96,0.519995996533516,0.270395836410885
0.369,0.634,25.36,0.385478357665772,0.148593564228701
0.369,0.427,17.08,0.148593564228701,0.022080047330189
0.382,0.634,25.36,0.385478357665772,0.148593564228701
0.487,0.492,19.68,0.200447202736516,0.040179081084894
0.487,0.298,11.92,0.0820351544329818,0.00672976656284318
0.487,0.531,21.24,0.239883291901949,0.0575439937337158
0.487,0.155,6.2,0.0424619563946313,0.00180301774085957
0.488,0.556,22.24,0.269153480392692,0.0724435960074991
0.488,0.233,9.32,0.0608135001278718,0.00369828179780267
0.488,0.505,20.2,0.212813904598271,0.0452897579903621
0.488,0.647,25.88,0.409260659730011,0.167494287602644
0.488,0.466,18.64,0.177827941003892,0.0316227766016838
0.571,0.634,25.36,0.385478357665772,0.148593564228701
0.571,0.686,27.44,0.489778819368447,0.239883291901949
0.571,0.608,24.32,0.341979442513709,0.116949939101987
0.571,0.699,27.96,0.519995996533516,0.270395836410885
0.571,0.621,24.84,0.363078054770102,0.131825673855641
0.571,0.686,27.44,0.489778819368447,0.239883291901949
0.571,0.725,29,0.586138164514029,0.343557947899875
0.591,0.673,26.92,0.46131757456038,0.212813904598272
0.591,0.725,29,0.586138164514029,0.343557947899875
0.608,0.738,29.52,0.62230028516916,0.387257644921618
0.625,0.725,29,0.586138164514029,0.343557947899875
0.64,0.738,29.52,0.62230028516916,0.387257644921618
0.64,0.725,29,0.586138164514029,0.343557947899875
0.654,0.738,29.52,0.62230028516916,0.387257644921618
0.67,0.725,29,0.586138164514029,0.343557947899875
0.685,0.686,27.44,0.489778819368447,0.239883291901949
0.701,0.738,29.52,0.62230028516916,0.387257644921618
0.701,0.699,27.96,0.519995996533516,0.270395836410885
0.717,0.621,24.84,0.363078054770102,0.131825673855641
0.743,0.712,28.48,0.552077439280758,0.304789498962799
0.744,0.634,25.36,0.385478357665772,0.148593564228701
0.783,0.466,18.64,0.177827941003892,0.0316227766016838
0.783,0.66,26.4,0.434510224171572,0.18879913490963
0.785,0.505,20.2,0.212813904598271,0.0452897579903621
0.785,0.207,8.28,0.0539510622515128,0.00291071711806661
0.813,0.544,21.76,0.254683025258504,0.064863443354824
0.813,0.66,26.4,0.434510224171572,0.18879913490963
0.834,0.518,20.72,0.225943577022098,0.0510504999975407
0.834,0.324,12.96,0.0924698173938223,0.00855066712884685
0.852,0.492,19.68,0.200447202736516,0.040179081084894
0.868,0.634,25.36,0.385478357665772,0.148593564228701
0.869,0.414,16.56,0.139958732257262,0.0195884467350599
0.884,0.621,24.84,0.363078054770102,0.131825673855641
0.899,0.336,13.44,0.0977237220955811,0.00954992586021437
0.915,0.595,23.8,0.322106879128344,0.103752841581801
0.915,0.686,27.44,0.489778819368447,0.239883291901949
0.93,0.556,22.24,0.269153480392692,0.0724435960074991
0.946,0.673,26.92,0.46131757456038,0.212813904598272
0.961,0.725,29,0.586138164514029,0.343557947899875
0.961,0.66,26.4,0.434510224171572,0.18879913490963
0.977,0.725,29,0.586138164514029,0.343557947899875
0.991,0.751,30.04,0.660693448007596,0.436515832240167
1.008,0.712,28.48,0.552077439280758,0.304789498962799
1.022,0.738,29.52,0.62230028516916,0.387257644921618
1.022,0.738,29.52,0.62230028516916,0.387257644921618
1.038,0.738,29.52,0.62230028516916,0.387257644921618
1.055,0.738,29.52,0.62230028516916,0.387257644921618
1.055,0.699,27.96,0.519995996533516,0.270395836410885
1.072,0.738,29.52,0.62230028516916,0.387257644921618
1.088,0.725,29,0.586138164514029,0.343557947899875
1.102,0.634,25.36,0.385478357665772,0.148593564228701
1.118,0.725,29,0.586138164514029,0.343557947899875
1.118,0.647,25.88,0.409260659730011,0.167494287602644
1.132,0.492,19.68,0.200447202736516,0.040179081084894
1.148,0.673,26.92,0.46131757456038,0.212813904598272
1.165,0.531,21.24,0.239883291901949,0.0575439937337158
1.165,0.155,6.2,0.0424619563946313,0.00180301774085957
1.181,0.569,22.76,0.285759054337495,0.0816582371358593
1.196,0.207,8.28,0.0539510622515128,0.00291071711806661
1.213,0.505,20.2,0.212813904598271,0.0452897579903621
1.213,0.349,13.96,0.103752841581801,0.0107646521362984
1.228,0.453,18.12,0.167494287602644,0.0280543363795172
1.244,0.634,25.36,0.385478357665772,0.148593564228701
1.261,0.362,14.48,0.110153930954142,0.0121338885046498
1.261,0.621,24.84,0.363078054770102,0.131825673855641
1.275,0.298,11.92,0.0820351544329818,0.00672976656284318
1.29,0.582,23.28,0.303389118419427,0.0920449571753172
1.306,0.686,27.44,0.489778819368447,0.239883291901949
1.306,0.556,22.24,0.269153480392692,0.0724435960074991
1.321,0.66,26.4,0.434510224171572,0.18879913490963
1.337,0.712,28.48,0.552077439280758,0.304789498962799
1.353,0.647,25.88,0.409260659730011,0.167494287602644
1.367,0.712,28.48,0.552077439280758,0.304789498962799
1.367,0.738,29.52,0.62230028516916,0.387257644921618
1.383,0.712,28.48,0.552077439280758,0.304789498962799
1.398,0.738,29.52,0.62230028516916,0.387257644921618
1.412,0.725,29,0.586138164514029,0.343557947899875
1.413,0.725,29,0.586138164514029,0.343557947899875
1.428,0.725,29,0.586138164514029,0.343557947899875
1.443,0.686,27.44,0.489778819368447,0.239883291901949
1.458,0.738,29.52,0.62230028516916,0.387257644921618
1.473,0.712,28.48,0.552077439280758,0.304789498962799
1.473,0.634,25.36,0.385478357665772,0.148593564228701
1.487,0.712,28.48,0.552077439280758,0.304789498962799
1.503,0.66,26.4,0.434510224171572,0.18879913490963
1.517,0.505,20.2,0.212813904598271,0.0452897579903621
1.534,0.686,27.44,0.489778819368447,0.239883291901949
1.534,0.556,22.24,0.269153480392692,0.0724435960074991
1.548,0.207,8.28,0.0539510622515128,0.00291071711806661
1.564,0.595,23.8,0.322106879128344,0.103752841581801
1.579,0.298,11.92,0.0820351544329818,0.00672976656284318
1.594,0.479,19.16,0.188799134909629,0.0356451133426244
1.594,0.401,16.04,0.131825673855641,0.0173780082874938
1.609,0.401,16.04,0.131825673855641,0.0173780082874938
1.624,0.608,24.32,0.341979442513709,0.116949939101987
1.64,0.699,27.96,0.519995996533516,0.270395836410885
1.64,0.595,23.8,0.322106879128344,0.103752841581801
1.655,0.194,7.76,0.0508159442560561,0.0025822601906346
1.67,0.556,22.24,0.269153480392692,0.0724435960074991
1.684,0.673,26.92,0.46131757456038,0.212813904598272
1.7,0.518,20.72,0.225943577022098,0.0510504999975407
1.7,0.66,26.4,0.434510224171572,0.18879913490963
1.715,0.725,29,0.586138164514029,0.343557947899875
1.73,0.647,25.88,0.409260659730011,0.167494287602644
1.745,0.712,28.48,0.552077439280758,0.304789498962799
1.761,0.751,30.04,0.660693448007596,0.436515832240167
1.762,0.699,27.96,0.519995996533516,0.270395836410885
1.777,0.738,29.52,0.62230028516916,0.387257644921618
1.791,0.738,29.52,0.62230028516916,0.387257644921618
1.806,0.738,29.52,0.62230028516916,0.387257644921618
1.806,0.738,29.52,0.62230028516916,0.387257644921618
1.821,0.712,28.48,0.552077439280758,0.304789498962799
1.836,0.738,29.52,0.62230028516916,0.387257644921618
1.852,0.725,29,0.586138164514029,0.343557947899875
1.867,0.66,26.4,0.434510224171572,0.18879913490963
1.867,0.725,29,0.586138164514029,0.343557947899875
1.883,0.66,26.4,0.434510224171572,0.18879913490963
1.899,0.544,21.76,0.254683025258504,0.064863443354824
1.914,0.712,28.48,0.552077439280758,0.304789498962799
1.915,0.569,22.76,0.285759054337495,0.0816582371358593
1.931,0.22,8.8,0.057279603098583,0.00328095293113119
1.947,0.608,24.32,0.341979442513709,0.116949939101987
1.961,0.349,13.96,0.103752841581801,0.0107646521362984
1.961,0.453,18.12,0.167494287602644,0.0280543363795172
1.977,0.427,17.08,0.148593564228701,0.022080047330189
1.992,0.362,14.48,0.110153930954142,0.0121338885046498
2.008,0.595,23.8,0.322106879128344,0.103752841581801
2.008,0.246,9.84,0.0645654229034656,0.00416869383470336
2.023,0.582,23.28,0.303389118419427,0.0920449571753172
2.039,0.181,7.24,0.0478630092322639,0.00229086765276777
2.055,0.556,22.24,0.269153480392692,0.0724435960074991
2.07,0.673,26.92,0.46131757456038,0.212813904598272
2.07,0.518,20.72,0.225943577022098,0.0510504999975407
2.086,0.647,25.88,0.409260659730011,0.167494287602644
2.101,0.712,28.48,0.552077439280758,0.304789498962799
2.117,0.634,25.36,0.385478357665772,0.148593564228701
2.117,0.699,27.96,0.519995996533516,0.270395836410885
2.134,0.738,29.52,0.62230028516916,0.387257644921618
2.148,0.699,27.96,0.519995996533516,0.270395836410885
2.164,0.738,29.52,0.62230028516916,0.387257644921618
2.164,0.738,29.52,0.62230028516916,0.387257644921618
2.179,0.738,29.52,0.62230028516916,0.387257644921618
2.195,0.725,29,0.586138164514029,0.343557947899875
2.21,0.699,27.96,0.519995996533516,0.270395836410885
2.224,0.738,29.52,0.62230028516916,0.387257644921618
2.226,0.725,29,0.586138164514029,0.343557947899875
2.241,0.66,26.4,0.434510224171572,0.18879913490963
2.256,0.725,29,0.586138164514029,0.343557947899875
2.272,0.673,26.92,0.46131757456038,0.212813904598272
2.272,0.569,22.76,0.285759054337495,0.0816582371358593
2.287,0.686,27.44,0.489778819368447,0.239883291901949
2.301,0.608,24.32,0.341979442513709,0.116949939101987
2.316,0.336,13.44,0.0977237220955811,0.00954992586021437
2.333,0.621,24.84,0.363078054770102,0.131825673855641
2.333,0.427,17.08,0.148593564228701,0.022080047330189
2.348,0.531,21.24,0.239883291901949,0.0575439937337158
2.363,0.479,19.16,0.188799134909629,0.0356451133426244
2.378,0.298,11.92,0.0820351544329818,0.00672976656284318
2.378,0.595,23.8,0.322106879128344,0.103752841581801
2.394,0.207,8.28,0.0539510622515128,0.00291071711806661
2.41,0.569,22.76,0.285759054337495,0.0816582371358593
2.425,0.686,27.44,0.489778819368447,0.239883291901949
2.425,0.531,21.24,0.239883291901949,0.0575439937337158
2.443,0.66,26.4,0.434510224171572,0.18879913490963
2.458,0.479,19.16,0.188799134909629,0.0356451133426244
2.474,0.647,25.88,0.409260659730011,0.167494287602644
2.474,0.712,28.48,0.552077439280758,0.304789498962799
2.489,0.621,24.84,0.363078054770102,0.131825673855641
2.504,0.686,27.44,0.489778819368447,0.239883291901949
2.521,0.738,29.52,0.62230028516916,0.387257644921618
2.521,0.699,27.96,0.519995996533516,0.270395836410885
2.536,0.725,29,0.586138164514029,0.343557947899875
2.552,0.725,29,0.586138164514029,0.343557947899875
2.567,0.725,29,0.586138164514029,0.343557947899875
2.583,0.738,29.52,0.62230028516916,0.387257644921618
2.583,0.712,28.48,0.552077439280758,0.304789498962799
2.598,0.738,29.52,0.62230028516916,0.387257644921618
2.613,0.725,29,0.586138164514029,0.343557947899875
2.629,0.673,26.92,0.46131757456038,0.212813904598272
2.629,0.725,29,0.586138164514029,0.343557947899875
2.645,0.686,27.44,0.489778819368447,0.239883291901949
2.661,0.569,22.76,0.285759054337495,0.0816582371358593
2.677,0.686,27.44,0.489778819368447,0.239883291901949
2.677,0.608,24.32,0.341979442513709,0.116949939101987
2.693,0.375,15,0.116949939101987,0.0136772882559585
2.708,0.634,25.36,0.385478357665772,0.148593564228701
2.725,0.453,18.12,0.167494287602644,0.0280543363795172
2.725,0.362,14.48,0.110153930954142,0.0121338885046498
2.74,0.492,19.68,0.200447202736516,0.040179081084894
2.756,0.259,10.36,0.0685488226452662,0.00469894108605216
2.772,0.569,22.76,0.285759054337495,0.0816582371358593
2.772,0.194,7.76,0.0508159442560561,0.0025822601906346
2.788,0.531,21.24,0.239883291901949,0.0575439937337158
2.805,0.673,26.92,0.46131757456038,0.212813904598272
2.82,0.492,19.68,0.200447202736516,0.040179081084894
2.82,0.647,25.88,0.409260659730011,0.167494287602644
2.835,0.44,17.6,0.157761126969935,0.0248885731828239
2.852,0.634,25.36,0.385478357665772,0.148593564228701
2.868,0.712,28.48,0.552077439280758,0.304789498962799
2.868,0.595,23.8,0.322106879128344,0.103752841581801
2.884,0.686,27.44,0.489778819368447,0.239883291901949
2.899,0.738,29.52,0.62230028516916,0.387257644921618
2.915,0.686,27.44,0.489778819368447,0.239883291901949
2.915,0.725,29,0.586138164514029,0.343557947899875
2.931,0.738,29.52,0.62230028516916,0.387257644921618
2.946,0.712,28.48,0.552077439280758,0.304789498962799
2.962,0.751,30.04,0.660693448007596,0.436515832240167
2.962,0.725,29,0.586138164514029,0.343557947899875
2.978,0.738,29.52,0.62230028516916,0.387257644921618
2.994,0.738,29.52,0.62230028516916,0.387257644921618
3.011,0.686,27.44,0.489778819368447,0.239883291901949
3.011,0.738,29.52,0.62230028516916,0.387257644921618
3.026,0.699,27.96,0.519995996533516,0.270395836410885
3.042,0.595,23.8,0.322106879128344,0.103752841581801
3.058,0.699,27.96,0.519995996533516,0.270395836410885
3.058,0.634,25.36,0.385478357665772,0.148593564228701
3.073,0.414,16.56,0.139958732257262,0.0195884467350599
3.089,0.647,25.88,0.409260659730011,0.167494287602644
3.106,0.479,19.16,0.188799134909629,0.0356451133426244
3.106,0.298,11.92,0.0820351544329818,0.00672976656284318
3.122,0.531,21.24,0.239883291901949,0.0575439937337158
3.138,0.22,8.8,0.057279603098583,0.00328095293113119
3.153,0.556,22.24,0.269153480392692,0.0724435960074991
3.153,0.207,8.28,0.0539510622515128,0.00291071711806661
3.168,0.544,21.76,0.254683025258504,0.064863443354824
3.184,0.66,26.4,0.434510224171572,0.18879913490963
3.201,0.479,19.16,0.188799134909629,0.0356451133426244
3.201,0.647,25.88,0.409260659730011,0.167494287602644
3.217,0.414,16.56,0.139958732257262,0.0195884467350599
3.233,0.621,24.84,0.363078054770102,0.131825673855641
3.249,0.712,28.48,0.552077439280758,0.304789498962799
3.249,0.595,23.8,0.322106879128344,0.103752841581801
3.266,0.699,27.96,0.519995996533516,0.270395836410885
3.281,0.725,29,0.586138164514029,0.343557947899875
3.298,0.673,26.92,0.46131757456038,0.212813904598272
3.298,0.725,29,0.586138164514029,0.343557947899875
3.314,0.725,29,0.586138164514029,0.343557947899875
3.33,0.712,28.48,0.552077439280758,0.304789498962799
3.33,0.738,29.52,0.62230028516916,0.387257644921618
3.346,0.712,28.48,0.552077439280758,0.304789498962799
3.362,0.738,29.52,0.62230028516916,0.387257644921618
3.378,0.725,29,0.586138164514029,0.343557947899875
3.378,0.686,27.44,0.489778819368447,0.239883291901949
3.394,0.725,29,0.586138164514029,0.343557947899875
3.41,0.686,27.44,0.489778819368447,0.239883291901949
3.425,0.621,24.84,0.363078054770102,0.131825673855641
3.425,0.712,28.48,0.552077439280758,0.304789498962799
3.442,0.621,24.84,0.363078054770102,0.131825673855641
3.459,0.453,18.12,0.167494287602644,0.0280543363795172
3.474,0.66,26.4,0.434510224171572,0.18879913490963
3.474,0.505,20.2,0.212813904598271,0.0452897579903621
3.491,0.207,8.28,0.0539510622515128,0.00291071711806661
3.507,0.544,21.76,0.254683025258504,0.064863443354824
3.523,0.194,7.76,0.0508159442560561,0.0025822601906346
3.523,0.531,21.24,0.239883291901949,0.0575439937337158
3.54,0.259,10.36,0.0685488226452662,0.00469894108605216
3.557,0.492,19.68,0.200447202736516,0.040179081084894
3.557,0.647,25.88,0.409260659730011,0.167494287602644
3.573,0.414,16.56,0.139958732257262,0.0195884467350599
3.589,0.621,24.84,0.363078054770102,0.131825673855641
3.606,0.349,13.96,0.103752841581801,0.0107646521362984
3.606,0.595,23.8,0.322106879128344,0.103752841581801
3.622,0.699,27.96,0.519995996533516,0.270395836410885
3.639,0.569,22.76,0.285759054337495,0.0816582371358593
3.639,0.686,27.44,0.489778819368447,0.239883291901949
3.656,0.725,29,0.586138164514029,0.343557947899875
3.671,0.66,26.4,0.434510224171572,0.18879913490963
3.688,0.725,29,0.586138164514029,0.343557947899875
3.688,0.738,29.52,0.62230028516916,0.387257644921618
3.705,0.725,29,0.586138164514029,0.343557947899875
3.722,0.738,29.52,0.62230028516916,0.387257644921618
3.738,0.725,29,0.586138164514029,0.343557947899875
3.738,0.738,29.52,0.62230028516916,0.387257644921618
3.755,0.738,29.52,0.62230028516916,0.387257644921618
3.771,0.699,27.96,0.519995996533516,0.270395836410885
3.771,0.738,29.52,0.62230028516916,0.387257644921618
3.787,0.699,27.96,0.519995996533516,0.270395836410885
3.805,0.634,25.36,0.385478357665772,0.148593564228701
3.823,0.712,28.48,0.552077439280758,0.304789498962799
3.823,0.647,25.88,0.409260659730011,0.167494287602644
3.84,0.479,19.16,0.188799134909629,0.0356451133426244
3.856,0.66,26.4,0.434510224171572,0.18879913490963
3.856,0.518,20.72,0.225943577022098,0.0510504999975407
3.873,0.168,6.72,0.0450816704541461,0.00203235701093622
3.89,0.569,22.76,0.285759054337495,0.0816582371358593
3.905,0.207,8.28,0.0539510622515128,0.00291071711806661
3.905,0.518,20.72,0.225943577022098,0.0510504999975407
3.922,0.311,12.44,0.0870963589956081,0.00758577575029184
3.939,0.479,19.16,0.188799134909629,0.0356451133426244
3.939,0.647,25.88,0.409260659730011,0.167494287602644
3.955,0.414,16.56,0.139958732257262,0.0195884467350599
3.972,0.608,24.32,0.341979442513709,0.116949939101987
3.989,0.298,11.92,0.0820351544329818,0.00672976656284318
3.989,0.608,24.32,0.341979442513709,0.116949939101987
4.005,0.686,27.44,0.489778819368447,0.239883291901949
4.022,0.556,22.24,0.269153480392692,0.0724435960074991
4.022,0.673,26.92,0.46131757456038,0.212813904598272
4.038,0.725,29,0.586138164514029,0.343557947899875
4.054,0.66,26.4,0.434510224171572,0.18879913490963
4.071,0.699,27.96,0.519995996533516,0.270395836410885
4.071,0.725,29,0.586138164514029,0.343557947899875
4.087,0.712,28.48,0.552077439280758,0.304789498962799
4.104,0.738,29.52,0.62230028516916,0.387257644921618
4.104,0.725,29,0.586138164514029,0.343557947899875
4.122,0.738,29.52,0.62230028516916,0.387257644921618
4.138,0.738,29.52,0.62230028516916,0.387257644921618
4.155,0.712,28.48,0.552077439280758,0.304789498962799
4.156,0.738,29.52,0.62230028516916,0.387257644921618
4.172,0.712,28.48,0.552077439280758,0.304789498962799
4.189,0.634,25.36,0.385478357665772,0.148593564228701
4.189,0.712,28.48,0.552077439280758,0.304789498962799
4.205,0.647,25.88,0.409260659730011,0.167494287602644
4.223,0.518,20.72,0.225943577022098,0.0510504999975407
4.239,0.673,26.92,0.46131757456038,0.212813904598272
4.239,0.556,22.24,0.269153480392692,0.0724435960074991
4.257,0.168,6.72,0.0450816704541461,0.00203235701093622
4.273,0.582,23.28,0.303389118419427,0.0920449571753172
4.273,0.272,10.88,0.0727779804536825,0.00529663443891659
4.29,0.479,19.16,0.188799134909629,0.0356451133426244
4.306,0.388,15.52,0.124165230759241,0.0154170045294956
4.306,0.414,16.56,0.139958732257262,0.0195884467350599
4.323,0.621,24.84,0.363078054770102,0.131825673855641
4.339,0.311,12.44,0.0870963589956081,0.00758577575029184
4.356,0.595,23.8,0.322106879128344,0.103752841581801
4.356,0.233,9.32,0.0608135001278718,0.00369828179780267
4.373,0.569,22.76,0.285759054337495,0.0816582371358593
4.389,0.686,27.44,0.489778819368447,0.239883291901949
4.389,0.531,21.24,0.239883291901949,0.0575439937337158
4.407,0.66,26.4,0.434510224171572,0.18879913490963
4.424,0.725,29,0.586138164514029,0.343557947899875
4.441,0.647,25.88,0.409260659730011,0.167494287602644
4.441,0.725,29,0.586138164514029,0.343557947899875
4.458,0.738,29.52,0.62230028516916,0.387257644921618
4.474,0.699,27.96,0.519995996533516,0.270395836410885
4.474,0.738,29.52,0.62230028516916,0.387257644921618
4.492,0.738,29.52,0.62230028516916,0.387257644921618
4.508,0.738,29.52,0.62230028516916,0.387257644921618
4.525,0.738,29.52,0.62230028516916,0.387257644921618
4.525,0.712,28.48,0.552077439280758,0.304789498962799
4.542,0.738,29.52,0.62230028516916,0.387257644921618
4.559,0.712,28.48,0.552077439280758,0.304789498962799
4.559,0.647,25.88,0.409260659730011,0.167494287602644
4.575,0.725,29,0.586138164514029,0.343557947899875
4.591,0.66,26.4,0.434510224171572,0.18879913490963
4.607,0.544,21.76,0.254683025258504,0.064863443354824
4.607,0.686,27.44,0.489778819368447,0.239883291901949
4.625,0.569,22.76,0.285759054337495,0.0816582371358593
4.642,0.22,8.8,0.057279603098583,0.00328095293113119
4.642,0.595,23.8,0.322106879128344,0.103752841581801
4.66,0.349,13.96,0.103752841581801,0.0107646521362984
4.678,0.453,18.12,0.167494287602644,0.0280543363795172
4.678,0.414,16.56,0.139958732257262,0.0195884467350599
4.695,0.401,16.04,0.131825673855641,0.0173780082874938
4.713,0.621,24.84,0.363078054770102,0.131825673855641
4.713,0.298,11.92,0.0820351544329818,0.00672976656284318
4.733,0.582,23.28,0.303389118419427,0.0920449571753172
4.75,0.22,8.8,0.057279603098583,0.00328095293113119
4.75,0.544,21.76,0.254683025258504,0.064863443354824
4.769,0.673,26.92,0.46131757456038,0.212813904598272
4.788,0.518,20.72,0.225943577022098,0.0510504999975407
4.788,0.647,25.88,0.409260659730011,0.167494287602644
4.805,0.712,28.48,0.552077439280758,0.304789498962799
4.823,0.634,25.36,0.385478357665772,0.148593564228701
4.823,0.699,27.96,0.519995996533516,0.270395836410885
4.841,0.738,29.52,0.62230028516916,0.387257644921618
4.859,0.699,27.96,0.519995996533516,0.270395836410885
4.859,0.725,29,0.586138164514029,0.343557947899875
4.876,0.725,29,0.586138164514029,0.343557947899875
4.893,0.712,28.48,0.552077439280758,0.304789498962799
4.893,0.738,29.52,0.62230028516916,0.387257644921618
4.911,0.699,27.96,0.519995996533516,0.270395836410885
4.928,0.738,29.52,0.62230028516916,0.387257644921618
4.928,0.712,28.48,0.552077439280758,0.304789498962799
4.944,0.66,26.4,0.434510224171572,0.18879913490963
4.962,0.725,29,0.586138164514029,0.343557947899875
4.962,0.673,26.92,0.46131757456038,0.212813904598272
4.981,0.544,21.76,0.254683025258504,0.064863443354824
4.997,0.686,27.44,0.489778819368447,0.239883291901949
4.997,0.595,23.8,0.322106879128344,0.103752841581801
5.015,0.298,11.92,0.0820351544329818,0.00672976656284318
5.032,0.608,24.32,0.341979442513709,0.116949939101987
5.05,0.401,16.04,0.131825673855641,0.0173780082874938
5.05,0.401,16.04,0.131825673855641,0.0173780082874938
5.068,0.466,18.64,0.177827941003892,0.0316227766016838
5.085,0.324,12.96,0.0924698173938223,0.00855066712884685
5.085,0.595,23.8,0.322106879128344,0.103752841581801
5.102,0.544,21.76,0.254683025258504,0.064863443354824
5.12,0.569,22.76,0.285759054337495,0.0816582371358593
5.12,0.686,27.44,0.489778819368447,0.239883291901949
5.136,0.531,21.24,0.239883291901949,0.0575439937337158
5.155,0.673,26.92,0.46131757456038,0.212813904598272
5.155,0.466,18.64,0.177827941003892,0.0316227766016838
5.172,0.647,25.88,0.409260659730011,0.167494287602644
5.19,0.712,28.48,0.552077439280758,0.304789498962799
5.19,0.621,24.84,0.363078054770102,0.131825673855641
5.207,0.699,27.96,0.519995996533516,0.270395836410885
5.224,0.738,29.52,0.62230028516916,0.387257644921618
5.224,0.686,27.44,0.489778819368447,0.239883291901949
5.241,0.725,29,0.586138164514029,0.343557947899875
5.258,0.738,29.52,0.62230028516916,0.387257644921618
5.276,0.725,29,0.586138164514029,0.343557947899875
5.276,0.738,29.52,0.62230028516916,0.387257644921618
5.293,0.712,28.48,0.552077439280758,0.304789498962799
5.311,0.738,29.52,0.62230028516916,0.387257644921618
5.311,0.712,28.48,0.552077439280758,0.304789498962799
5.328,0.66,26.4,0.434510224171572,0.18879913490963
5.346,0.725,29,0.586138164514029,0.343557947899875
5.346,0.673,26.92,0.46131757456038,0.212813904598272
5.364,0.569,22.76,0.285759054337495,0.0816582371358593
5.383,0.686,27.44,0.489778819368447,0.239883291901949
5.383,0.595,23.8,0.322106879128344,0.103752841581801
5.401,0.362,14.48,0.110153930954142,0.0121338885046498
5.421,0.621,24.84,0.363078054770102,0.131825673855641
5.421,0.479,19.16,0.188799134909629,0.0356451133426244
5.44,0.362,14.48,0.110153930954142,0.0121338885046498
5.44,0.479,19.16,0.188799134909629,0.0356451133426244
5.458,0.233,9.32,0.0608135001278718,0.00369828179780267
5.477,0.582,23.28,0.303389118419427,0.0920449571753172
5.477,0.22,8.8,0.057279603098583,0.00328095293113119
5.495,0.531,21.24,0.239883291901949,0.0575439937337158
5.511,0.673,26.92,0.46131757456038,0.212813904598272
5.511,0.505,20.2,0.212813904598271,0.0452897579903621
5.528,0.647,25.88,0.409260659730011,0.167494287602644
5.546,0.453,18.12,0.167494287602644,0.0280543363795172
5.546,0.621,24.84,0.363078054770102,0.131825673855641
5.563,0.712,28.48,0.552077439280758,0.304789498962799
5.583,0.608,24.32,0.341979442513709,0.116949939101987
5.583,0.699,27.96,0.519995996533516,0.270395836410885
5.602,0.738,29.52,0.62230028516916,0.387257644921618
5.619,0.686,27.44,0.489778819368447,0.239883291901949
5.619,0.738,29.52,0.62230028516916,0.387257644921618
5.637,0.738,29.52,0.62230028516916,0.387257644921618
5.656,0.725,29,0.586138164514029,0.343557947899875
5.656,0.725,29,0.586138164514029,0.343557947899875
5.674,0.712,28.48,0.552077439280758,0.304789498962799
5.692,0.738,29.52,0.62230028516916,0.387257644921618
5.692,0.725,29,0.586138164514029,0.343557947899875
5.712,0.673,26.92,0.46131757456038,0.212813904598272
5.712,0.725,29,0.586138164514029,0.343557947899875
5.731,0.686,27.44,0.489778819368447,0.239883291901949
5.75,0.595,23.8,0.322106879128344,0.103752841581801
5.75,0.712,28.48,0.552077439280758,0.304789498962799
5.768,0.608,24.32,0.341979442513709,0.116949939101987
5.785,0.401,16.04,0.131825673855641,0.0173780082874938
5.785,0.647,25.88,0.409260659730011,0.167494287602644
5.803,0.466,18.64,0.177827941003892,0.0316227766016838
5.82,0.336,13.44,0.0977237220955811,0.00954992586021437
5.82,0.518,20.72,0.225943577022098,0.0510504999975407
5.838,0.246,9.84,0.0645654229034656,0.00416869383470336
5.857,0.556,22.24,0.269153480392692,0.0724435960074991
5.857,0.22,8.8,0.057279603098583,0.00328095293113119
5.876,0.518,20.72,0.225943577022098,0.0510504999975407
5.893,0.66,26.4,0.434510224171572,0.18879913490963
5.893,0.479,19.16,0.188799134909629,0.0356451133426244
5.911,0.634,25.36,0.385478357665772,0.148593564228701
5.927,0.401,16.04,0.131825673855641,0.0173780082874938
5.927,0.634,25.36,0.385478357665772,0.148593564228701
5.945,0.699,27.96,0.519995996533516,0.270395836410885
5.962,0.595,23.8,0.322106879128344,0.103752841581801
5.962,0.686,27.44,0.489778819368447,0.239883291901949
5.981,0.738,29.52,0.62230028516916,0.387257644921618
6.001,0.686,27.44,0.489778819368447,0.239883291901949
6.001,0.725,29,0.586138164514029,0.343557947899875
6.019,0.725,29,0.586138164514029,0.343557947899875
6.037,0.725,29,0.586138164514029,0.343557947899875
6.037,0.738,29.52,0.62230028516916,0.387257644921618
6.054,0.725,29,0.586138164514029,0.343557947899875
6.072,0.738,29.52,0.62230028516916,0.387257644921618
6.072,0.725,29,0.586138164514029,0.343557947899875
6.09,0.686,27.44,0.489778819368447,0.239883291901949
6.107,0.738,29.52,0.62230028516916,0.387257644921618
6.107,0.686,27.44,0.489778819368447,0.239883291901949
6.125,0.582,23.28,0.303389118419427,0.0920449571753172
6.143,0.699,27.96,0.519995996533516,0.270395836410885
6.143,0.634,25.36,0.385478357665772,0.148593564228701
6.16,0.453,18.12,0.167494287602644,0.0280543363795172
6.179,0.647,25.88,0.409260659730011,0.167494287602644
6.179,0.505,20.2,0.212813904598271,0.0452897579903621
6.197,0.246,9.84,0.0645654229034656,0.00416869383470336
6.214,0.556,22.24,0.269153480392692,0.0724435960074991
6.214,0.22,8.8,0.057279603098583,0.00328095293113119
6.233,0.544,21.76,0.254683025258504,0.064863443354824
6.25,0.349,13.96,0.103752841581801,0.0107646521362984
6.25,0.505,20.2,0.212813904598271,0.0452897579903621
6.268,0.647,25.88,0.409260659730011,0.167494287602644
6.287,0.44,17.6,0.157761126969935,0.0248885731828239
6.287,0.634,25.36,0.385478357665772,0.148593564228701
6.304,0.375,15,0.116949939101987,0.0136772882559585
6.322,0.608,24.32,0.341979442513709,0.116949939101987
6.323,0.699,27.96,0.519995996533516,0.270395836410885
6.343,0.582,23.28,0.303389118419427,0.0920449571753172
6.36,0.699,27.96,0.519995996533516,0.270395836410885
6.36,0.738,29.52,0.62230028516916,0.387257644921618
6.38,0.673,26.92,0.46131757456038,0.212813904598272
6.38,0.725,29,0.586138164514029,0.343557947899875
6.399,0.738,29.52,0.62230028516916,0.387257644921618
6.416,0.725,29,0.586138164514029,0.343557947899875
6.416,0.738,29.52,0.62230028516916,0.387257644921618
6.434,0.725,29,0.586138164514029,0.343557947899875
6.452,0.738,29.52,0.62230028516916,0.387257644921618
6.452,0.725,29,0.586138164514029,0.343557947899875
6.47,0.686,27.44,0.489778819368447,0.239883291901949
6.488,0.725,29,0.586138164514029,0.343557947899875
6.488,0.699,27.96,0.519995996533516,0.270395836410885
6.507,0.621,24.84,0.363078054770102,0.131825673855641
6.525,0.712,28.48,0.552077439280758,0.304789498962799
6.525,0.634,25.36,0.385478357665772,0.148593564228701
6.543,0.479,19.16,0.188799134909629,0.0356451133426244
6.562,0.673,26.92,0.46131757456038,0.212813904598272
6.562,0.518,20.72,0.225943577022098,0.0510504999975407
6.582,0.233,9.32,0.0608135001278718,0.00369828179780267
6.582,0.556,22.24,0.269153480392692,0.0724435960074991
6.6,0.246,9.84,0.0645654229034656,0.00416869383470336
6.618,0.518,20.72,0.225943577022098,0.0510504999975407
6.618,0.324,12.96,0.0924698173938223,0.00855066712884685
6.636,0.466,18.64,0.177827941003892,0.0316227766016838
6.654,0.647,25.88,0.409260659730011,0.167494287602644
6.655,0.401,16.04,0.131825673855641,0.0173780082874938
6.673,0.595,23.8,0.322106879128344,0.103752841581801
6.692,0.324,12.96,0.0924698173938223,0.00855066712884685
6.692,0.595,23.8,0.322106879128344,0.103752841581801
6.711,0.673,26.92,0.46131757456038,0.212813904598272
6.729,0.569,22.76,0.285759054337495,0.0816582371358593
6.729,0.686,27.44,0.489778819368447,0.239883291901949
6.748,0.725,29,0.586138164514029,0.343557947899875
6.748,0.66,26.4,0.434510224171572,0.18879913490963
6.766,0.712,28.48,0.552077439280758,0.304789498962799
6.784,0.738,29.52,0.62230028516916,0.387257644921618
6.784,0.712,28.48,0.552077439280758,0.304789498962799
6.803,0.738,29.52,0.62230028516916,0.387257644921618
6.822,0.725,29,0.586138164514029,0.343557947899875
6.822,0.738,29.52,0.62230028516916,0.387257644921618
6.841,0.738,29.52,0.62230028516916,0.387257644921618
6.86,0.699,27.96,0.519995996533516,0.270395836410885
6.86,0.725,29,0.586138164514029,0.343557947899875
6.878,0.712,28.48,0.552077439280758,0.304789498962799
6.878,0.634,25.36,0.385478357665772,0.148593564228701
6.898,0.712,28.48,0.552077439280758,0.304789498962799
6.917,0.66,26.4,0.434510224171572,0.18879913490963
6.917,0.518,20.72,0.225943577022098,0.0510504999975407
6.936,0.673,26.92,0.46131757456038,0.212813904598272
6.953,0.544,21.76,0.254683025258504,0.064863443354824
6.953,0.246,9.84,0.0645654229034656,0.00416869383470336
6.972,0.582,23.28,0.303389118419427,0.0920449571753172
6.991,0.298,11.92,0.0820351544329818,0.00672976656284318
6.991,0.492,19.68,0.200447202736516,0.040179081084894
7.01,0.375,15,0.116949939101987,0.0136772882559585
7.01,0.427,17.08,0.148593564228701,0.022080047330189
7.03,0.634,25.36,0.385478357665772,0.148593564228701
7.047,0.336,13.44,0.0977237220955811,0.00954992586021437
7.047,0.595,23.8,0.322106879128344,0.103752841581801
7.066,0.22,8.8,0.057279603098583,0.00328095293113119
7.084,0.569,22.76,0.285759054337495,0.0816582371358593
7.084,0.686,27.44,0.489778819368447,0.239883291901949
7.103,0.531,21.24,0.239883291901949,0.0575439937337158
7.121,0.673,26.92,0.46131757456038,0.212813904598272
7.121,0.725,29,0.586138164514029,0.343557947899875
7.139,0.647,25.88,0.409260659730011,0.167494287602644
7.157,0.712,28.48,0.552077439280758,0.304789498962799
7.157,0.751,30.04,0.660693448007596,0.436515832240167
7.176,0.712,28.48,0.552077439280758,0.304789498962799
7.193,0.738,29.52,0.62230028516916,0.387257644921618
7.194,0.725,29,0.586138164514029,0.343557947899875
7.212,0.738,29.52,0.62230028516916,0.387257644921618
7.212,0.738,29.52,0.62230028516916,0.387257644921618
7.23,0.699,27.96,0.519995996533516,0.270395836410885
7.247,0.738,29.52,0.62230028516916,0.387257644921618
7.247,0.712,28.48,0.552077439280758,0.304789498962799
7.267,0.647,25.88,0.409260659730011,0.167494287602644
7.284,0.712,28.48,0.552077439280758,0.304789498962799
7.284,0.66,26.4,0.434510224171572,0.18879913490963
7.303,0.531,21.24,0.239883291901949,0.0575439937337158
7.32,0.686,27.44,0.489778819368447,0.239883291901949
7.32,0.556,22.24,0.269153480392692,0.0724435960074991
7.338,0.194,7.76,0.0508159442560561,0.0025822601906346
7.354,0.595,23.8,0.322106879128344,0.103752841581801
7.372,0.324,12.96,0.0924698173938223,0.00855066712884685
7.372,0.453,18.12,0.167494287602644,0.0280543363795172
7.391,0.401,16.04,0.131825673855641,0.0173780082874938
7.408,0.388,15.52,0.124165230759241,0.0154170045294956
7.408,0.621,24.84,0.363078054770102,0.131825673855641
7.425,0.311,12.44,0.0870963589956081,0.00758577575029184
7.443,0.582,23.28,0.303389118419427,0.0920449571753172
7.443,0.246,9.84,0.0645654229034656,0.00416869383470336
7.461,0.569,22.76,0.285759054337495,0.0816582371358593
7.479,0.673,26.92,0.46131757456038,0.212813904598272
7.479,0.531,21.24,0.239883291901949,0.0575439937337158
7.497,0.66,26.4,0.434510224171572,0.18879913490963
7.766,0.725,29,0.586138164514029,0.343557947899875
7.766,0.647,25.88,0.409260659730011,0.167494287602644
7.766,0.699,27.96,0.519995996533516,0.270395836410885
7.766,0.738,29.52,0.62230028516916,0.387257644921618
7.766,0.699,27.96,0.519995996533516,0.270395836410885
7.766,0.725,29,0.586138164514029,0.343557947899875
7.766,0.725,29,0.586138164514029,0.343557947899875
7.766,0.725,29,0.586138164514029,0.343557947899875
7.766,0.725,29,0.586138164514029,0.343557947899875
7.766,0.712,28.48,0.552077439280758,0.304789498962799
7.766,0.738,29.52,0.62230028516916,0.387257644921618
7.766,0.712,28.48,0.552077439280758,0.304789498962799
7.766,0.66,26.4,0.434510224171572,0.18879913490963
7.766,0.725,29,0.586138164514029,0.343557947899875
7.766,0.673,26.92,0.46131757456038,0.212813904598272
7.766,0.544,21.76,0.254683025258504,0.064863443354824
7.767,0.686,27.44,0.489778819368447,0.239883291901949
7.767,0.582,23.28,0.303389118419427,0.0920449571753172
7.767,0.285,11.4,0.0772680585095703,0.00597035286583838
7.767,0.608,24.32,0.341979442513709,0.116949939101987
7.767,0.375,15,0.116949939101987,0.0136772882559585
7.767,0.44,17.6,0.157761126969935,0.0248885731828239
7.767,0.44,17.6,0.157761126969935,0.0248885731828239
7.787,0.388,15.52,0.124165230759241,0.0154170045294956
7.787,0.608,24.32,0.341979442513709,0.116949939101987
7.804,0.246,9.84,0.0645654229034656,0.00416869383470336
7.823,0.569,22.76,0.285759054337495,0.0816582371358593
7.823,0.686,27.44,0.489778819368447,0.239883291901949
7.84,0.531,21.24,0.239883291901949,0.0575439937337158
7.86,0.673,26.92,0.46131757456038,0.212813904598272
7.86,0.492,19.68,0.200447202736516,0.040179081084894
7.878,0.647,25.88,0.409260659730011,0.167494287602644
7.895,0.712,28.48,0.552077439280758,0.304789498962799
7.895,0.634,25.36,0.385478357665772,0.148593564228701
7.913,0.712,28.48,0.552077439280758,0.304789498962799
7.933,0.725,29,0.586138164514029,0.343557947899875
7.933,0.699,27.96,0.519995996533516,0.270395836410885
7.951,0.738,29.52,0.62230028516916,0.387257644921618
7.969,0.725,29,0.586138164514029,0.343557947899875
7.969,0.725,29,0.586138164514029,0.343557947899875
7.986,0.738,29.52,0.62230028516916,0.387257644921618
7.986,0.712,28.48,0.552077439280758,0.304789498962799
8.005,0.725,29,0.586138164514029,0.343557947899875
8.023,0.725,29,0.586138164514029,0.343557947899875
8.023,0.673,26.92,0.46131757456038,0.212813904598272
8.041,0.725,29,0.586138164514029,0.343557947899875
8.058,0.673,26.92,0.46131757456038,0.212813904598272
8.058,0.556,22.24,0.269153480392692,0.0724435960074991
8.077,0.686,27.44,0.489778819368447,0.239883291901949
8.095,0.582,23.28,0.303389118419427,0.0920449571753172
8.095,0.324,12.96,0.0924698173938223,0.00855066712884685
8.113,0.608,24.32,0.341979442513709,0.116949939101987
8.131,0.414,16.56,0.139958732257262,0.0195884467350599
8.131,0.388,15.52,0.124165230759241,0.0154170045294956
8.149,0.479,19.16,0.188799134909629,0.0356451133426244
8.167,0.324,12.96,0.0924698173938223,0.00855066712884685
8.167,0.582,23.28,0.303389118419427,0.0920449571753172
8.186,0.22,8.8,0.057279603098583,0.00328095293113119
8.202,0.544,21.76,0.254683025258504,0.064863443354824
8.202,0.66,26.4,0.434510224171572,0.18879913490963
8.221,0.505,20.2,0.212813904598271,0.0452897579903621
8.24,0.66,26.4,0.434510224171572,0.18879913490963
8.24,0.466,18.64,0.177827941003892,0.0316227766016838
8.258,0.634,25.36,0.385478357665772,0.148593564228701
8.277,0.712,28.48,0.552077439280758,0.304789498962799
8.277,0.608,24.32,0.341979442513709,0.116949939101987
8.294,0.699,27.96,0.519995996533516,0.270395836410885
8.312,0.725,29,0.586138164514029,0.343557947899875
8.312,0.686,27.44,0.489778819368447,0.239883291901949
8.33,0.738,29.52,0.62230028516916,0.387257644921618
8.348,0.738,29.52,0.62230028516916,0.387257644921618
8.348,0.725,29,0.586138164514029,0.343557947899875
8.366,0.751,30.04,0.660693448007596,0.436515832240167
8.385,0.725,29,0.586138164514029,0.343557947899875
8.385,0.738,29.52,0.62230028516916,0.387257644921618
8.402,0.738,29.52,0.62230028516916,0.387257644921618
8.42,0.686,27.44,0.489778819368447,0.239883291901949
8.42,0.725,29,0.586138164514029,0.343557947899875
8.438,0.686,27.44,0.489778819368447,0.239883291901949
8.456,0.582,23.28,0.303389118419427,0.0920449571753172
8.456,0.699,27.96,0.519995996533516,0.270395836410885
8.474,0.621,24.84,0.363078054770102,0.131825673855641
8.475,0.388,15.52,0.124165230759241,0.0154170045294956
8.492,0.634,25.36,0.385478357665772,0.148593564228701
8.511,0.453,18.12,0.167494287602644,0.0280543363795172
8.511,0.349,13.96,0.103752841581801,0.0107646521362984
8.529,0.505,20.2,0.212813904598271,0.0452897579903621
8.546,0.259,10.36,0.0685488226452662,0.00469894108605216
8.546,0.582,23.28,0.303389118419427,0.0920449571753172
8.564,0.233,9.32,0.0608135001278718,0.00369828179780267
8.582,0.544,21.76,0.254683025258504,0.064863443354824
8.582,0.673,26.92,0.46131757456038,0.212813904598272
8.6,0.492,19.68,0.200447202736516,0.040179081084894
8.618,0.66,26.4,0.434510224171572,0.18879913490963
8.618,0.44,17.6,0.157761126969935,0.0248885731828239
8.636,0.621,24.84,0.363078054770102,0.131825673855641
8.654,0.686,27.44,0.489778819368447,0.239883291901949
8.654,0.608,24.32,0.341979442513709,0.116949939101987
8.672,0.699,27.96,0.519995996533516,0.270395836410885
8.689,0.738,29.52,0.62230028516916,0.387257644921618
8.689,0.686,27.44,0.489778819368447,0.239883291901949
8.707,0.725,29,0.586138164514029,0.343557947899875
8.725,0.725,29,0.586138164514029,0.343557947899875
8.725,0.712,28.48,0.552077439280758,0.304789498962799
8.743,0.738,29.52,0.62230028516916,0.387257644921618
8.761,0.712,28.48,0.552077439280758,0.304789498962799
8.761,0.738,29.52,0.62230028516916,0.387257644921618
8.779,0.725,29,0.586138164514029,0.343557947899875
8.796,0.673,26.92,0.46131757456038,0.212813904598272
8.796,0.725,29,0.586138164514029,0.343557947899875
8.815,0.699,27.96,0.519995996533516,0.270395836410885
8.832,0.595,23.8,0.322106879128344,0.103752841581801
8.832,0.699,27.96,0.519995996533516,0.270395836410885
8.85,0.621,24.84,0.363078054770102,0.131825673855641
8.867,0.427,17.08,0.148593564228701,0.022080047330189
8.885,0.647,25.88,0.409260659730011,0.167494287602644
8.885,0.479,19.16,0.188799134909629,0.0356451133426244
8.904,0.298,11.92,0.0820351544329818,0.00672976656284318
8.904,0.518,20.72,0.225943577022098,0.0510504999975407
8.921,0.246,9.84,0.0645654229034656,0.00416869383470336
8.941,0.556,22.24,0.269153480392692,0.0724435960074991
8.941,0.207,8.28,0.0539510622515128,0.00291071711806661
8.957,0.505,20.2,0.212813904598271,0.0452897579903621
8.975,0.66,26.4,0.434510224171572,0.18879913490963
8.975,0.453,18.12,0.167494287602644,0.0280543363795172
8.993,0.634,25.36,0.385478357665772,0.148593564228701
9.013,0.401,16.04,0.131825673855641,0.0173780082874938
9.013,0.608,24.32,0.341979442513709,0.116949939101987
9.032,0.699,27.96,0.519995996533516,0.270395836410885
9.051,0.582,23.28,0.303389118419427,0.0920449571753172
9.051,0.686,27.44,0.489778819368447,0.239883291901949
9.069,0.738,29.52,0.62230028516916,0.387257644921618
9.088,0.673,26.92,0.46131757456038,0.212813904598272
9.088,0.725,29,0.586138164514029,0.343557947899875
9.105,0.738,29.52,0.62230028516916,0.387257644921618
9.123,0.712,28.48,0.552077439280758,0.304789498962799
9.123,0.738,29.52,0.62230028516916,0.387257644921618
9.141,0.725,29,0.586138164514029,0.343557947899875
9.158,0.738,29.52,0.62230028516916,0.387257644921618
9.159,0.725,29,0.586138164514029,0.343557947899875
9.175,0.673,26.92,0.46131757456038,0.212813904598272
9.193,0.738,29.52,0.62230028516916,0.387257644921618
9.193,0.699,27.96,0.519995996533516,0.270395836410885
9.21,0.608,24.32,0.341979442513709,0.116949939101987
9.227,0.712,28.48,0.552077439280758,0.304789498962799
9.228,0.634,25.36,0.385478357665772,0.148593564228701
9.245,0.44,17.6,0.157761126969935,0.0248885731828239
9.262,0.66,26.4,0.434510224171572,0.18879913490963
9.262,0.505,20.2,0.212813904598271,0.0452897579903621
9.281,0.285,11.4,0.0772680585095703,0.00597035286583838
9.298,0.544,21.76,0.254683025258504,0.064863443354824
9.298,0.181,7.24,0.0478630092322639,0.00229086765276777
9.315,0.544,21.76,0.254683025258504,0.064863443354824
9.333,0.272,10.88,0.0727779804536825,0.00529663443891659
9.334,0.492,19.68,0.200447202736516,0.040179081084894
9.351,0.634,25.36,0.385478357665772,0.148593564228701
9.368,0.44,17.6,0.157761126969935,0.0248885731828239
9.368,0.621,24.84,0.363078054770102,0.131825673855641
9.385,0.349,13.96,0.103752841581801,0.0107646521362984
9.403,0.608,24.32,0.341979442513709,0.116949939101987
9.404,0.686,27.44,0.489778819368447,0.239883291901949
9.422,0.582,23.28,0.303389118419427,0.0920449571753172
9.44,0.686,27.44,0.489778819368447,0.239883291901949
9.44,0.725,29,0.586138164514029,0.343557947899875
9.458,0.673,26.92,0.46131757456038,0.212813904598272
9.476,0.712,28.48,0.552077439280758,0.304789498962799
9.476,0.738,29.52,0.62230028516916,0.387257644921618
9.496,0.712,28.48,0.552077439280758,0.304789498962799
9.712,0.725,29,0.586138164514029,0.343557947899875
9.712,0.725,29,0.586138164514029,0.343557947899875
9.713,0.738,29.52,0.62230028516916,0.387257644921618
9.713,0.725,29,0.586138164514029,0.343557947899875
9.713,0.686,27.44,0.489778819368447,0.239883291901949
9.713,0.738,29.52,0.62230028516916,0.387257644921618
9.713,0.699,27.96,0.519995996533516,0.270395836410885
9.713,0.621,24.84,0.363078054770102,0.131825673855641
9.713,0.712,28.48,0.552077439280758,0.304789498962799
9.713,0.647,25.88,0.409260659730011,0.167494287602644
9.713,0.466,18.64,0.177827941003892,0.0316227766016838
9.713,0.673,26.92,0.46131757456038,0.212813904598272
9.713,0.531,21.24,0.239883291901949,0.0575439937337158
9.713,0.181,7.24,0.0478630092322639,0.00229086765276777
9.713,0.569,22.76,0.285759054337495,0.0816582371358593
9.713,0.259,10.36,0.0685488226452662,0.00469894108605216
9.713,0.531,21.24,0.239883291901949,0.0575439937337158
9.713,0.336,13.44,0.0977237220955811,0.00954992586021437
9.713,0.479,19.16,0.188799134909629,0.0356451133426244
9.73,0.634,25.36,0.385478357665772,0.148593564228701
9.748,0.388,15.52,0.124165230759241,0.0154170045294956
9.765,0.621,24.84,0.363078054770102,0.131825673855641
9.765,0.298,11.92,0.0820351544329818,0.00672976656284318
9.783,0.582,23.28,0.303389118419427,0.0920449571753172
9.799,0.686,27.44,0.489778819368447,0.239883291901949
9.799,0.556,22.24,0.269153480392692,0.0724435960074991
9.816,0.673,26.92,0.46131757456038,0.212813904598272
9.834,0.712,28.48,0.552077439280758,0.304789498962799
9.834,0.66,26.4,0.434510224171572,0.18879913490963
9.851,0.712,28.48,0.552077439280758,0.304789498962799
9.868,0.738,29.52,0.62230028516916,0.387257644921618
9.868,0.712,28.48,0.552077439280758,0.304789498962799
9.885,0.738,29.52,0.62230028516916,0.387257644921618
9.903,0.725,29,0.586138164514029,0.343557947899875
9.921,0.738,29.52,0.62230028516916,0.387257644921618
9.921,0.725,29,0.586138164514029,0.343557947899875
9.937,0.699,27.96,0.519995996533516,0.270395836410885
9.954,0.738,29.52,0.62230028516916,0.387257644921618
9.954,0.712,28.48,0.552077439280758,0.304789498962799
9.972,0.634,25.36,0.385478357665772,0.148593564228701
9.99,0.725,29,0.586138164514029,0.343557947899875
9.99,0.66,26.4,0.434510224171572,0.18879913490963
10.008,0.505,20.2,0.212813904598271,0.0452897579903621
10.025,0.673,26.92,0.46131757456038,0.212813904598272
10.025,0.531,21.24,0.239883291901949,0.0575439937337158
10.042,0.155,6.2,0.0424619563946313,0.00180301774085957
10.059,0.582,23.28,0.303389118419427,0.0920449571753172
10.059,0.272,10.88,0.0727779804536825,0.00529663443891659
10.076,0.479,19.16,0.188799134909629,0.0356451133426244
10.095,0.375,15,0.116949939101987,0.0136772882559585
10.095,0.427,17.08,0.148593564228701,0.022080047330189
10.113,0.621,24.84,0.363078054770102,0.131825673855641
10.13,0.362,14.48,0.110153930954142,0.0121338885046498
10.147,0.595,23.8,0.322106879128344,0.103752841581801
10.147,0.246,9.84,0.0645654229034656,0.00416869383470336
10.164,0.569,22.76,0.285759054337495,0.0816582371358593
10.182,0.673,26.92,0.46131757456038,0.212813904598272
10.182,0.544,21.76,0.254683025258504,0.064863443354824
10.199,0.673,26.92,0.46131757456038,0.212813904598272
10.217,0.725,29,0.586138164514029,0.343557947899875
10.217,0.647,25.88,0.409260659730011,0.167494287602644
10.234,0.712,28.48,0.552077439280758,0.304789498962799
10.252,0.738,29.52,0.62230028516916,0.387257644921618
10.252,0.699,27.96,0.519995996533516,0.270395836410885
10.27,0.738,29.52,0.62230028516916,0.387257644921618
10.287,0.738,29.52,0.62230028516916,0.387257644921618
10.287,0.738,29.52,0.62230028516916,0.387257644921618
10.305,0.738,29.52,0.62230028516916,0.387257644921618
10.324,0.712,28.48,0.552077439280758,0.304789498962799
10.324,0.725,29,0.586138164514029,0.343557947899875
10.343,0.699,27.96,0.519995996533516,0.270395836410885
10.361,0.647,25.88,0.409260659730011,0.167494287602644
10.361,0.712,28.48,0.552077439280758,0.304789498962799
10.378,0.66,26.4,0.434510224171572,0.18879913490963
10.396,0.531,21.24,0.239883291901949,0.0575439937337158
10.397,0.686,27.44,0.489778819368447,0.239883291901949
10.415,0.556,22.24,0.269153480392692,0.0724435960074991
10.434,0.298,11.92,0.0820351544329818,0.00672976656284318
10.434,0.595,23.8,0.322106879128344,0.103752841581801
10.453,0.324,12.96,0.0924698173938223,0.00855066712884685
10.454,0.466,18.64,0.177827941003892,0.0316227766016838
10.471,0.427,17.08,0.148593564228701,0.022080047330189
10.489,0.401,16.04,0.131825673855641,0.0173780082874938
10.489,0.608,24.32,0.341979442513709,0.116949939101987
10.507,0.298,11.92,0.0820351544329818,0.00672976656284318
10.526,0.582,23.28,0.303389118419427,0.0920449571753172
10.526,0.207,8.28,0.0539510622515128,0.00291071711806661
10.543,0.569,22.76,0.285759054337495,0.0816582371358593
10.561,0.673,26.92,0.46131757456038,0.212813904598272
10.561,0.518,20.72,0.225943577022098,0.0510504999975407
10.577,0.66,26.4,0.434510224171572,0.18879913490963
10.596,0.699,27.96,0.519995996533516,0.270395836410885
10.596,0.647,25.88,0.409260659730011,0.167494287602644
10.612,0.699,27.96,0.519995996533516,0.270395836410885
10.63,0.725,29,0.586138164514029,0.343557947899875
10.648,0.699,27.96,0.519995996533516,0.270395836410885
10.648,0.725,29,0.586138164514029,0.343557947899875
10.665,0.725,29,0.586138164514029,0.343557947899875
10.682,0.725,29,0.586138164514029,0.343557947899875
10.682,0.738,29.52,0.62230028516916,0.387257644921618
10.7,0.699,27.96,0.519995996533516,0.270395836410885
10.717,0.725,29,0.586138164514029,0.343557947899875
10.717,0.699,27.96,0.519995996533516,0.270395836410885
10.734,0.647,25.88,0.409260659730011,0.167494287602644
10.752,0.725,29,0.586138164514029,0.343557947899875
10.752,0.66,26.4,0.434510224171572,0.18879913490963
10.769,0.544,21.76,0.254683025258504,0.064863443354824
10.787,0.673,26.92,0.46131757456038,0.212813904598272
10.787,0.569,22.76,0.285759054337495,0.0816582371358593
10.804,0.285,11.4,0.0772680585095703,0.00597035286583838
10.822,0.608,24.32,0.341979442513709,0.116949939101987
10.822,0.375,15,0.116949939101987,0.0136772882559585
10.84,0.427,17.08,0.148593564228701,0.022080047330189
10.857,0.453,18.12,0.167494287602644,0.0280543363795172
10.857,0.336,13.44,0.0977237220955811,0.00954992586021437
10.875,0.595,23.8,0.322106879128344,0.103752841581801
10.893,0.207,8.28,0.0539510622515128,0.00291071711806661
10.893,0.556,22.24,0.269153480392692,0.0724435960074991
10.912,0.673,26.92,0.46131757456038,0.212813904598272
10.932,0.531,21.24,0.239883291901949,0.0575439937337158
10.932,0.673,26.92,0.46131757456038,0.212813904598272
10.95,0.479,19.16,0.188799134909629,0.0356451133426244
10.97,0.647,25.88,0.409260659730011,0.167494287602644
10.97,0.725,29,0.586138164514029,0.343557947899875
10.988,0.621,24.84,0.363078054770102,0.131825673855641
10.988,0.699,27.96,0.519995996533516,0.270395836410885
11.007,0.738,29.52,0.62230028516916,0.387257644921618
11.026,0.699,27.96,0.519995996533516,0.270395836410885
11.026,0.738,29.52,0.62230028516916,0.387257644921618
11.043,0.725,29,0.586138164514029,0.343557947899875
11.061,0.725,29,0.586138164514029,0.343557947899875
11.061,0.738,29.52,0.62230028516916,0.387257644921618
11.079,0.725,29,0.586138164514029,0.343557947899875
11.097,0.738,29.52,0.62230028516916,0.387257644921618
11.097,0.725,29,0.586138164514029,0.343557947899875
11.114,0.66,26.4,0.434510224171572,0.18879913490963
11.133,0.725,29,0.586138164514029,0.343557947899875
11.133,0.686,27.44,0.489778819368447,0.239883291901949
11.152,0.569,22.76,0.285759054337495,0.0816582371358593
11.169,0.699,27.96,0.519995996533516,0.270395836410885
11.169,0.595,23.8,0.322106879128344,0.103752841581801
11.188,0.349,13.96,0.103752841581801,0.0107646521362984
11.206,0.621,24.84,0.363078054770102,0.131825673855641
11.206,0.414,16.56,0.139958732257262,0.0195884467350599
11.224,0.388,15.52,0.124165230759241,0.0154170045294956
11.243,0.492,19.68,0.200447202736516,0.040179081084894
11.243,0.285,11.4,0.0772680585095703,0.00597035286583838
11.262,0.634,25.36,0.385478357665772,0.148593564228701
11.262,0.22,8.8,0.057279603098583,0.00328095293113119
11.279,0.556,22.24,0.269153480392692,0.0724435960074991
11.297,0.673,26.92,0.46131757456038,0.212813904598272
11.314,0.518,20.72,0.225943577022098,0.0510504999975407
11.314,0.66,26.4,0.434510224171572,0.18879913490963
11.333,0.479,19.16,0.188799134909629,0.0356451133426244
11.35,0.634,25.36,0.385478357665772,0.148593564228701
11.35,0.712,28.48,0.552077439280758,0.304789498962799
11.369,0.621,24.84,0.363078054770102,0.131825673855641
11.369,0.699,27.96,0.519995996533516,0.270395836410885
11.386,0.738,29.52,0.62230028516916,0.387257644921618
11.404,0.686,27.44,0.489778819368447,0.239883291901949
11.42,0.725,29,0.586138164514029,0.343557947899875
11.42,0.725,29,0.586138164514029,0.343557947899875
11.438,0.712,28.48,0.552077439280758,0.304789498962799
11.454,0.738,29.52,0.62230028516916,0.387257644921618
11.454,0.712,28.48,0.552077439280758,0.304789498962799
11.472,0.738,29.52,0.62230028516916,0.387257644921618
11.489,0.725,29,0.586138164514029,0.343557947899875
11.489,0.673,26.92,0.46131757456038,0.212813904598272
11.507,0.725,29,0.586138164514029,0.343557947899875
11.525,0.673,26.92,0.46131757456038,0.212813904598272
11.525,0.569,22.76,0.285759054337495,0.0816582371358593
11.544,0.686,27.44,0.489778819368447,0.239883291901949
11.562,0.608,24.32,0.341979442513709,0.116949939101987
11.562,0.479,19.16,0.188799134909629,0.0356451133426244
11.578,0.634,25.36,0.385478357665772,0.148593564228701
11.596,0.453,18.12,0.167494287602644,0.0280543363795172
11.596,0.349,13.96,0.103752841581801,0.0107646521362984
11.612,0.505,20.2,0.212813904598271,0.0452897579903621
11.63,0.22,8.8,0.057279603098583,0.00328095293113119
11.647,0.556,22.24,0.269153480392692,0.0724435960074991
11.647,0.207,8.28,0.0539510622515128,0.00291071711806661
11.664,0.531,21.24,0.239883291901949,0.0575439937337158
11.682,0.66,26.4,0.434510224171572,0.18879913490963
11.682,0.479,19.16,0.188799134909629,0.0356451133426244
11.699,0.647,25.88,0.409260659730011,0.167494287602644
11.717,0.427,17.08,0.148593564228701,0.022080047330189
11.717,0.621,24.84,0.363078054770102,0.131825673855641
11.736,0.712,28.48,0.552077439280758,0.304789498962799
11.753,0.595,23.8,0.322106879128344,0.103752841581801
11.753,0.686,27.44,0.489778819368447,0.239883291901949
11.771,0.725,29,0.586138164514029,0.343557947899875
11.79,0.686,27.44,0.489778819368447,0.239883291901949
11.79,0.725,29,0.586138164514029,0.343557947899875
11.809,0.738,29.52,0.62230028516916,0.387257644921618
11.825,0.725,29,0.586138164514029,0.343557947899875
11.825,0.738,29.52,0.62230028516916,0.387257644921618
11.843,0.712,28.48,0.552077439280758,0.304789498962799
11.86,0.738,29.52,0.62230028516916,0.387257644921618
11.86,0.725,29,0.586138164514029,0.343557947899875
11.878,0.673,26.92,0.46131757456038,0.212813904598272
11.896,0.738,29.52,0.62230028516916,0.387257644921618
11.896,0.686,27.44,0.489778819368447,0.239883291901949
11.914,0.595,23.8,0.322106879128344,0.103752841581801
11.931,0.712,28.48,0.552077439280758,0.304789498962799
11.931,0.621,24.84,0.363078054770102,0.131825673855641
11.949,0.427,17.08,0.148593564228701,0.022080047330189
11.966,0.647,25.88,0.409260659730011,0.167494287602644
11.966,0.492,19.68,0.200447202736516,0.040179081084894
11.983,0.362,14.48,0.110153930954142,0.0121338885046498
12,0.531,21.24,0.239883291901949,0.0575439937337158
12,0.194,7.76,0.0508159442560561,0.0025822601906346
12.018,0.544,21.76,0.254683025258504,0.064863443354824
12.035,0.207,8.28,0.0539510622515128,0.00291071711806661
12.051,0.518,20.72,0.225943577022098,0.0510504999975407
12.051,0.66,26.4,0.434510224171572,0.18879913490963
12.069,0.479,19.16,0.188799134909629,0.0356451133426244
12.087,0.634,25.36,0.385478357665772,0.148593564228701
12.087,0.401,16.04,0.131825673855641,0.0173780082874938
12.105,0.621,24.84,0.363078054770102,0.131825673855641
12.121,0.686,27.44,0.489778819368447,0.239883291901949
12.121,0.595,23.8,0.322106879128344,0.103752841581801
12.139,0.699,27.96,0.519995996533516,0.270395836410885
12.157,0.725,29,0.586138164514029,0.343557947899875
12.157,0.686,27.44,0.489778819368447,0.239883291901949
12.174,0.712,28.48,0.552077439280758,0.304789498962799
12.191,0.738,29.52,0.62230028516916,0.387257644921618
12.191,0.712,28.48,0.552077439280758,0.304789498962799
12.208,0.725,29,0.586138164514029,0.343557947899875
12.225,0.712,28.48,0.552077439280758,0.304789498962799
12.243,0.738,29.52,0.62230028516916,0.387257644921618
12.243,0.725,29,0.586138164514029,0.343557947899875
12.26,0.686,27.44,0.489778819368447,0.239883291901949
12.278,0.738,29.52,0.62230028516916,0.387257644921618
12.278,0.686,27.44,0.489778819368447,0.239883291901949
12.294,0.608,24.32,0.341979442513709,0.116949939101987
12.312,0.712,28.48,0.552077439280758,0.304789498962799
12.312,0.634,25.36,0.385478357665772,0.148593564228701
12.33,0.453,18.12,0.167494287602644,0.0280543363795172
12.348,0.66,26.4,0.434510224171572,0.18879913490963
12.348,0.505,20.2,0.212813904598271,0.0452897579903621
12.366,0.259,10.36,0.0685488226452662,0.00469894108605216
12.383,0.544,21.76,0.254683025258504,0.064863443354824
12.383,0.207,8.28,0.0539510622515128,0.00291071711806661
12.4,0.531,21.24,0.239883291901949,0.0575439937337158
12.417,0.272,10.88,0.0727779804536825,0.00529663443891659
12.417,0.492,19.68,0.200447202736516,0.040179081084894
12.434,0.647,25.88,0.409260659730011,0.167494287602644
12.452,0.414,16.56,0.139958732257262,0.0195884467350599
12.469,0.621,24.84,0.363078054770102,0.131825673855641
12.469,0.311,12.44,0.0870963589956081,0.00758577575029184
12.486,0.595,23.8,0.322106879128344,0.103752841581801
12.504,0.699,27.96,0.519995996533516,0.270395836410885
12.504,0.569,22.76,0.285759054337495,0.0816582371358593
12.522,0.673,26.92,0.46131757456038,0.212813904598272
12.539,0.725,29,0.586138164514029,0.343557947899875
12.539,0.66,26.4,0.434510224171572,0.18879913490963
12.556,0.725,29,0.586138164514029,0.343557947899875
12.573,0.738,29.52,0.62230028516916,0.387257644921618
12.573,0.725,29,0.586138164514029,0.343557947899875
12.592,0.738,29.52,0.62230028516916,0.387257644921618
12.608,0.725,29,0.586138164514029,0.343557947899875
12.608,0.738,29.52,0.62230028516916,0.387257644921618
12.626,0.738,29.52,0.62230028516916,0.387257644921618
12.642,0.699,27.96,0.519995996533516,0.270395836410885
12.659,0.738,29.52,0.62230028516916,0.387257644921618
12.659,0.699,27.96,0.519995996533516,0.270395836410885
12.677,0.608,24.32,0.341979442513709,0.116949939101987
12.695,0.712,28.48,0.552077439280758,0.304789498962799
12.695,0.647,25.88,0.409260659730011,0.167494287602644
12.712,0.479,19.16,0.188799134909629,0.0356451133426244
12.731,0.66,26.4,0.434510224171572,0.18879913490963
12.731,0.531,21.24,0.239883291901949,0.0575439937337158
12.748,0.22,8.8,0.057279603098583,0.00328095293113119
12.766,0.569,22.76,0.285759054337495,0.0816582371358593
12.766,0.22,8.8,0.057279603098583,0.00328095293113119
12.783,0.505,20.2,0.212813904598271,0.0452897579903621
12.8,0.505,20.2,0.212813904598271,0.0452897579903621
12.8,0.505,20.2,0.212813904598271,0.0452897579903621
12.818,0.634,25.36,0.385478357665772,0.148593564228701
12.835,0.388,15.52,0.124165230759241,0.0154170045294956
12.835,0.608,24.32,0.341979442513709,0.116949939101987
12.855,0.311,12.44,0.0870963589956081,0.00758577575029184
12.874,0.582,23.28,0.303389118419427,0.0920449571753172
12.874,0.673,26.92,0.46131757456038,0.212813904598272
12.89,0.544,21.76,0.254683025258504,0.064863443354824
12.909,0.66,26.4,0.434510224171572,0.18879913490963
12.909,0.712,28.48,0.552077439280758,0.304789498962799
12.928,0.66,26.4,0.434510224171572,0.18879913490963
12.945,0.712,28.48,0.552077439280758,0.304789498962799
12.945,0.738,29.52,0.62230028516916,0.387257644921618
12.963,0.699,27.96,0.519995996533516,0.270395836410885
12.982,0.738,29.52,0.62230028516916,0.387257644921618
12.982,0.725,29,0.586138164514029,0.343557947899875
12.999,0.725,29,0.586138164514029,0.343557947899875
13.016,0.725,29,0.586138164514029,0.343557947899875
13.016,0.699,27.96,0.519995996533516,0.270395836410885
13.034,0.738,29.52,0.62230028516916,0.387257644921618
13.051,0.712,28.48,0.552077439280758,0.304789498962799
13.051,0.647,25.88,0.409260659730011,0.167494287602644
13.068,0.725,29,0.586138164514029,0.343557947899875
13.086,0.647,25.88,0.409260659730011,0.167494287602644
13.086,0.505,20.2,0.212813904598271,0.0452897579903621
13.104,0.673,26.92,0.46131757456038,0.212813904598272
13.122,0.556,22.24,0.269153480392692,0.0724435960074991
13.122,0.168,6.72,0.0450816704541461,0.00203235701093622
13.138,0.595,23.8,0.322106879128344,0.103752841581801
13.155,0.285,11.4,0.0772680585095703,0.00597035286583838
13.155,0.492,19.68,0.200447202736516,0.040179081084894
13.173,0.388,15.52,0.124165230759241,0.0154170045294956
13.189,0.427,17.08,0.148593564228701,0.022080047330189
13.206,0.621,24.84,0.363078054770102,0.131825673855641
13.207,0.336,13.44,0.0977237220955811,0.00954992586021437
13.224,0.595,23.8,0.322106879128344,0.103752841581801
13.241,0.22,8.8,0.057279603098583,0.00328095293113119
13.241,0.569,22.76,0.285759054337495,0.0816582371358593
13.259,0.686,27.44,0.489778819368447,0.239883291901949
13.276,0.518,20.72,0.225943577022098,0.0510504999975407
13.276,0.66,26.4,0.434510224171572,0.18879913490963
13.293,0.712,28.48,0.552077439280758,0.304789498962799
13.31,0.647,25.88,0.409260659730011,0.167494287602644
13.31,0.712,28.48,0.552077439280758,0.304789498962799
13.327,0.738,29.52,0.62230028516916,0.387257644921618
13.344,0.712,28.48,0.552077439280758,0.304789498962799
13.362,0.725,29,0.586138164514029,0.343557947899875
13.362,0.725,29,0.586138164514029,0.343557947899875
13.38,0.725,29,0.586138164514029,0.343557947899875
13.398,0.738,29.52,0.62230028516916,0.387257644921618
13.398,0.712,28.48,0.552077439280758,0.304789498962799
13.415,0.738,29.52,0.62230028516916,0.387257644921618
13.432,0.712,28.48,0.552077439280758,0.304789498962799
13.432,0.647,25.88,0.409260659730011,0.167494287602644
13.449,0.725,29,0.586138164514029,0.343557947899875
13.467,0.66,26.4,0.434510224171572,0.18879913490963
13.467,0.531,21.24,0.239883291901949,0.0575439937337158
13.484,0.686,27.44,0.489778819368447,0.239883291901949
13.501,0.556,22.24,0.269153480392692,0.0724435960074991
13.501,0.259,10.36,0.0685488226452662,0.00469894108605216
13.519,0.608,24.32,0.341979442513709,0.116949939101987
13.537,0.349,13.96,0.103752841581801,0.0107646521362984
13.537,0.44,17.6,0.157761126969935,0.0248885731828239
13.556,0.427,17.08,0.148593564228701,0.022080047330189
13.573,0.388,15.52,0.124165230759241,0.0154170045294956
13.573,0.608,24.32,0.341979442513709,0.116949939101987
13.591,0.285,11.4,0.0772680585095703,0.00597035286583838
13.608,0.582,23.28,0.303389118419427,0.0920449571753172
13.608,0.168,6.72,0.0450816704541461,0.00203235701093622
13.625,0.544,21.76,0.254683025258504,0.064863443354824
13.642,0.66,26.4,0.434510224171572,0.18879913490963
13.66,0.505,20.2,0.212813904598271,0.0452897579903621
13.66,0.647,25.88,0.409260659730011,0.167494287602644
13.678,0.712,28.48,0.552077439280758,0.304789498962799
13.695,0.634,25.36,0.385478357665772,0.148593564228701
13.696,0.699,27.96,0.519995996533516,0.270395836410885
13.715,0.738,29.52,0.62230028516916,0.387257644921618
13.731,0.699,27.96,0.519995996533516,0.270395836410885
13.731,0.738,29.52,0.62230028516916,0.387257644921618
13.749,0.738,29.52,0.62230028516916,0.387257644921618
13.766,0.725,29,0.586138164514029,0.343557947899875
13.766,0.738,29.52,0.62230028516916,0.387257644921618
13.784,0.712,28.48,0.552077439280758,0.304789498962799
13.801,0.738,29.52,0.62230028516916,0.387257644921618
13.801,0.712,28.48,0.552077439280758,0.304789498962799
13.818,0.66,26.4,0.434510224171572,0.18879913490963
13.835,0.738,29.52,0.62230028516916,0.387257644921618
13.835,0.673,26.92,0.46131757456038,0.212813904598272
13.853,0.544,21.76,0.254683025258504,0.064863443354824
13.87,0.686,27.44,0.489778819368447,0.239883291901949
13.87,0.582,23.28,0.303389118419427,0.0920449571753172
13.888,0.272,10.88,0.0727779804536825,0.00529663443891659
13.907,0.608,24.32,0.341979442513709,0.116949939101987
13.907,0.388,15.52,0.124165230759241,0.0154170045294956
13.928,0.427,17.08,0.148593564228701,0.022080047330189
13.945,0.466,18.64,0.177827941003892,0.0316227766016838
13.946,0.349,13.96,0.103752841581801,0.0107646521362984
13.963,0.595,23.8,0.322106879128344,0.103752841581801
13.981,0.207,8.28,0.0539510622515128,0.00291071711806661
13.981,0.556,22.24,0.269153480392692,0.0724435960074991
13.998,0.673,26.92,0.46131757456038,0.212813904598272
14.016,0.544,21.76,0.254683025258504,0.064863443354824
14.016,0.66,26.4,0.434510224171572,0.18879913490963
14.033,0.479,19.16,0.188799134909629,0.0356451133426244
14.051,0.647,25.88,0.409260659730011,0.167494287602644
14.051,0.712,28.48,0.552077439280758,0.304789498962799
14.069,0.621,24.84,0.363078054770102,0.131825673855641
14.087,0.699,27.96,0.519995996533516,0.270395836410885
14.087,0.738,29.52,0.62230028516916,0.387257644921618
14.103,0.699,27.96,0.519995996533516,0.270395836410885
14.122,0.725,29,0.586138164514029,0.343557947899875
14.122,0.738,29.52,0.62230028516916,0.387257644921618
14.139,0.725,29,0.586138164514029,0.343557947899875
14.156,0.751,30.04,0.660693448007596,0.436515832240167
14.156,0.699,27.96,0.519995996533516,0.270395836410885
14.174,0.738,29.52,0.62230028516916,0.387257644921618
14.192,0.725,29,0.586138164514029,0.343557947899875
14.192,0.673,26.92,0.46131757456038,0.212813904598272
14.209,0.725,29,0.586138164514029,0.343557947899875
14.227,0.699,27.96,0.519995996533516,0.270395836410885
14.244,0.569,22.76,0.285759054337495,0.0816582371358593
14.244,0.686,27.44,0.489778819368447,0.239883291901949
14.262,0.595,23.8,0.322106879128344,0.103752841581801
14.279,0.362,14.48,0.110153930954142,0.0121338885046498
14.279,0.634,25.36,0.385478357665772,0.148593564228701
14.296,0.44,17.6,0.157761126969935,0.0248885731828239
14.314,0.401,16.04,0.131825673855641,0.0173780082874938
14.314,0.492,19.68,0.200447202736516,0.040179081084894
14.331,0.246,9.84,0.0645654229034656,0.00416869383470336
14.349,0.582,23.28,0.303389118419427,0.0920449571753172
14.349,0.155,6.2,0.0424619563946313,0.00180301774085957
14.366,0.544,21.76,0.254683025258504,0.064863443354824
14.384,0.66,26.4,0.434510224171572,0.18879913490963
14.384,0.505,20.2,0.212813904598271,0.0452897579903621
14.402,0.66,26.4,0.434510224171572,0.18879913490963
14.418,0.44,17.6,0.157761126969935,0.0248885731828239
14.419,0.634,25.36,0.385478357665772,0.148593564228701
14.437,0.712,28.48,0.552077439280758,0.304789498962799
14.456,0.608,24.32,0.341979442513709,0.116949939101987
14.456,0.699,27.96,0.519995996533516,0.270395836410885
14.473,0.738,29.52,0.62230028516916,0.387257644921618
14.491,0.686,27.44,0.489778819368447,0.239883291901949
14.491,0.725,29,0.586138164514029,0.343557947899875
14.509,0.738,29.52,0.62230028516916,0.387257644921618
14.527,0.725,29,0.586138164514029,0.343557947899875
14.527,0.738,29.52,0.62230028516916,0.387257644921618
14.543,0.712,28.48,0.552077439280758,0.304789498962799
14.562,0.738,29.52,0.62230028516916,0.387257644921618
14.562,0.725,29,0.586138164514029,0.343557947899875
14.58,0.673,26.92,0.46131757456038,0.212813904598272
14.597,0.738,29.52,0.62230028516916,0.387257644921618
14.597,0.699,27.96,0.519995996533516,0.270395836410885
14.614,0.582,23.28,0.303389118419427,0.0920449571753172
14.631,0.699,27.96,0.519995996533516,0.270395836410885
14.649,0.647,25.88,0.409260659730011,0.167494287602644
14.649,0.375,15,0.116949939101987,0.0136772882559585
14.667,0.634,25.36,0.385478357665772,0.148593564228701
14.686,0.453,18.12,0.167494287602644,0.0280543363795172
14.686,0.336,13.44,0.0977237220955811,0.00954992586021437
14.705,0.505,20.2,0.212813904598271,0.0452897579903621
14.705,0.207,8.28,0.0539510622515128,0.00291071711806661
14.723,0.556,22.24,0.269153480392692,0.0724435960074991
14.74,0.155,6.2,0.0424619563946313,0.00180301774085957
14.74,0.518,20.72,0.225943577022098,0.0510504999975407
14.759,0.66,26.4,0.434510224171572,0.18879913490963
14.779,0.479,19.16,0.188799134909629,0.0356451133426244
14.779,0.634,25.36,0.385478357665772,0.148593564228701
14.797,0.414,16.56,0.139958732257262,0.0195884467350599
14.814,0.621,24.84,0.363078054770102,0.131825673855641
14.814,0.699,27.96,0.519995996533516,0.270395836410885
14.832,0.582,23.28,0.303389118419427,0.0920449571753172
14.849,0.673,26.92,0.46131757456038,0.212813904598272
14.849,0.725,29,0.586138164514029,0.343557947899875
14.867,0.673,26.92,0.46131757456038,0.212813904598272
14.884,0.725,29,0.586138164514029,0.343557947899875
14.884,0.725,29,0.586138164514029,0.343557947899875
14.903,0.712,28.48,0.552077439280758,0.304789498962799
14.921,0.738,29.52,0.62230028516916,0.387257644921618
14.921,0.725,29,0.586138164514029,0.343557947899875
14.939,0.725,29,0.586138164514029,0.343557947899875
14.956,0.725,29,0.586138164514029,0.343557947899875
14.956,0.686,27.44,0.489778819368447,0.239883291901949
14.975,0.738,29.52,0.62230028516916,0.387257644921618
14.994,0.686,27.44,0.489778819368447,0.239883291901949
14.994,0.621,24.84,0.363078054770102,0.131825673855641
15.012,0.712,28.48,0.552077439280758,0.304789498962799
15.032,0.621,24.84,0.363078054770102,0.131825673855641
15.032,0.44,17.6,0.157761126969935,0.0248885731828239
15.05,0.647,25.88,0.409260659730011,0.167494287602644
15.05,0.492,19.68,0.200447202736516,0.040179081084894
15.067,0.259,10.36,0.0685488226452662,0.00469894108605216
15.086,0.544,21.76,0.254683025258504,0.064863443354824
15.086,0.142,5.68,0.0399944749761098,0.00159955802861467
15.104,0.544,21.76,0.254683025258504,0.064863443354824
15.121,0.207,8.28,0.0539510622515128,0.00291071711806661
15.122,0.505,20.2,0.212813904598271,0.0452897579903621
15.14,0.673,26.92,0.46131757456038,0.212813904598272
15.164,0.518,20.72,0.225943577022098,0.0510504999975407
15.164,0.634,25.36,0.385478357665772,0.148593564228701
15.19,0.375,15,0.116949939101987,0.0136772882559585
15.19,0.608,24.32,0.341979442513709,0.116949939101987
15.208,0.699,27.96,0.519995996533516,0.270395836410885
15.208,0.582,23.28,0.303389118419427,0.0920449571753172
15.227,0.686,27.44,0.489778819368447,0.239883291901949
15.227,0.725,29,0.586138164514029,0.343557947899875
15.249,0.673,26.92,0.46131757456038,0.212813904598272
15.266,0.725,29,0.586138164514029,0.343557947899875
15.266,0.738,29.52,0.62230028516916,0.387257644921618
15.284,0.725,29,0.586138164514029,0.343557947899875
15.302,0.751,30.04,0.660693448007596,0.436515832240167
15.302,0.738,29.52,0.62230028516916,0.387257644921618
15.32,0.751,30.04,0.660693448007596,0.436515832240167
15.338,0.738,29.52,0.62230028516916,0.387257644921618
15.338,0.673,26.92,0.46131757456038,0.212813904598272
15.356,0.725,29,0.586138164514029,0.343557947899875
15.375,0.699,27.96,0.519995996533516,0.270395836410885
15.375,0.608,24.32,0.341979442513709,0.116949939101987
15.393,0.712,28.48,0.552077439280758,0.304789498962799
15.41,0.634,25.36,0.385478357665772,0.148593564228701
15.41,0.466,18.64,0.177827941003892,0.0316227766016838
15.429,0.66,26.4,0.434510224171572,0.18879913490963
15.446,0.505,20.2,0.212813904598271,0.0452897579903621
15.446,0.207,8.28,0.0539510622515128,0.00291071711806661
15.464,0.544,21.76,0.254683025258504,0.064863443354824
15.483,0.194,7.76,0.0508159442560561,0.0025822601906346
15.483,0.505,20.2,0.212813904598271,0.0452897579903621
15.501,0.272,10.88,0.0727779804536825,0.00529663443891659
15.501,0.453,18.12,0.167494287602644,0.0280543363795172
15.52,0.634,25.36,0.385478357665772,0.148593564228701
15.539,0.414,16.56,0.139958732257262,0.0195884467350599
15.539,0.634,25.36,0.385478357665772,0.148593564228701
15.557,0.349,13.96,0.103752841581801,0.0107646521362984
15.577,0.621,24.84,0.363078054770102,0.131825673855641
15.577,0.725,29,0.586138164514029,0.343557947899875
15.595,0.582,23.28,0.303389118419427,0.0920449571753172
15.614,0.673,26.92,0.46131757456038,0.212813904598272
15.614,0.712,28.48,0.552077439280758,0.304789498962799
15.633,0.634,25.36,0.385478357665772,0.148593564228701
15.633,0.673,26.92,0.46131757456038,0.212813904598272
15.651,0.686,27.44,0.489778819368447,0.239883291901949
15.669,0.647,25.88,0.409260659730011,0.167494287602644
15.669,0.673,26.92,0.46131757456038,0.212813904598272
15.687,0.647,25.88,0.409260659730011,0.167494287602644
15.705,0.647,25.88,0.409260659730011,0.167494287602644
15.705,0.634,25.36,0.385478357665772,0.148593564228701
15.724,0.595,23.8,0.322106879128344,0.103752841581801
15.741,0.621,24.84,0.363078054770102,0.131825673855641
15.741,0.608,24.32,0.341979442513709,0.116949939101987
15.761,0.518,20.72,0.225943577022098,0.0510504999975407
15.78,0.608,24.32,0.341979442513709,0.116949939101987
15.78,0.544,21.76,0.254683025258504,0.064863443354824
15.798,0.401,16.04,0.131825673855641,0.0173780082874938
15.816,0.556,22.24,0.269153480392692,0.0724435960074991
15.816,0.453,18.12,0.167494287602644,0.0280543363795172
15.835,0.142,5.68,0.0399944749761098,0.00159955802861467
15.835,0.492,19.68,0.200447202736516,0.040179081084894
15.854,0.194,7.76,0.0508159442560561,0.0025822601906346
15.873,0.556,22.24,0.269153480392692,0.0724435960074991
15.873,0.324,12.96,0.0924698173938223,0.00855066712884685
15.891,0.414,16.56,0.139958732257262,0.0195884467350599
15.909,0.608,24.32,0.341979442513709,0.116949939101987
15.909,0.349,13.96,0.103752841581801,0.0107646521362984
15.927,0.608,24.32,0.341979442513709,0.116949939101987
15.945,0.272,10.88,0.0727779804536825,0.00529663443891659
15.945,0.595,23.8,0.322106879128344,0.103752841581801
15.965,0.699,27.96,0.519995996533516,0.270395836410885
15.984,0.569,22.76,0.285759054337495,0.0816582371358593
15.984,0.712,28.48,0.552077439280758,0.304789498962799
16.002,0.764,30.56,0.701455298419972,0.492039535681452
16.002,0.699,27.96,0.519995996533516,0.270395836410885
16.02,0.776,31.04,0.741310241300918,0.549540873857625
16.038,0.789,31.56,0.787045789695099,0.619441075076782
16.038,0.764,30.56,0.701455298419972,0.492039535681452
16.057,0.789,31.56,0.787045789695099,0.619441075076782
16.075,0.789,31.56,0.787045789695099,0.619441075076782
16.075,0.802,32.08,0.835603018231248,0.698232404077172
16.094,0.789,31.56,0.787045789695099,0.619441075076782
16.112,0.764,30.56,0.701455298419972,0.492039535681452
16.112,0.802,32.08,0.835603018231248,0.698232404077172
16.13,0.776,31.04,0.741310241300918,0.549540873857625
16.148,0.725,29,0.586138164514029,0.343557947899875
16.149,0.802,32.08,0.835603018231248,0.698232404077172
16.167,0.738,29.52,0.62230028516916,0.387257644921618
16.185,0.621,24.84,0.363078054770102,0.131825673855641
16.185,0.751,30.04,0.660693448007596,0.436515832240167
16.203,0.647,25.88,0.409260659730011,0.167494287602644
16.221,0.246,9.84,0.0645654229034656,0.00416869383470336
16.221,0.686,27.44,0.489778819368447,0.239883291901949
16.239,0.414,16.56,0.139958732257262,0.0195884467350599
16.255,0.556,22.24,0.269153480392692,0.0724435960074991
16.256,0.505,20.2,0.212813904598271,0.0452897579903621
16.274,0.479,19.16,0.188799134909629,0.0356451133426244
16.293,0.712,28.48,0.552077439280758,0.304789498962799
16.293,0.414,16.56,0.139958732257262,0.0195884467350599
16.312,0.686,27.44,0.489778819368447,0.239883291901949
16.312,0.246,9.84,0.0645654229034656,0.00416869383470336
16.328,0.647,25.88,0.409260659730011,0.167494287602644
16.348,0.789,31.56,0.787045789695099,0.619441075076782
16.348,0.621,24.84,0.363078054770102,0.131825673855641
16.365,0.751,30.04,0.660693448007596,0.436515832240167
16.383,0.828,33.12,0.941889596522842,0.887156012037962
16.383,0.738,29.52,0.62230028516916,0.387257644921618
16.402,0.802,32.08,0.835603018231248,0.698232404077172
16.42,0.841,33.64,1,1
16.42,0.802,32.08,0.835603018231248,0.698232404077172
16.439,0.841,33.64,1,1
16.458,0.815,32.6,0.887156012037961,0.787045789695099
16.458,0.828,33.12,0.941889596522842,0.887156012037962
16.478,0.828,33.12,0.941889596522842,0.887156012037962
16.478,0.802,32.08,0.835603018231248,0.698232404077172
16.498,0.841,33.64,1,1
16.517,0.815,32.6,0.887156012037961,0.787045789695099
16.517,0.751,30.04,0.660693448007596,0.436515832240167
16.536,0.828,33.12,0.941889596522842,0.887156012037962
16.555,0.764,30.56,0.701455298419972,0.492039535681452
16.555,0.634,25.36,0.385478357665772,0.148593564228701
16.574,0.776,31.04,0.741310241300918,0.549540873857625
16.574,0.673,26.92,0.46131757456038,0.212813904598272
16.592,0.311,12.44,0.0870963589956081,0.00758577575029184
16.61,0.712,28.48,0.552077439280758,0.304789498962799
16.611,0.453,18.12,0.167494287602644,0.0280543363795172
16.63,0.544,21.76,0.254683025258504,0.064863443354824
16.65,0.544,21.76,0.254683025258504,0.064863443354824
16.65,0.466,18.64,0.177827941003892,0.0316227766016838
16.67,0.712,28.48,0.552077439280758,0.304789498962799
16.67,0.336,13.44,0.0977237220955811,0.00954992586021437
16.688,0.699,27.96,0.519995996533516,0.270395836410885
16.707,0.168,6.72,0.0450816704541461,0.00203235701093622
16.707,0.647,25.88,0.409260659730011,0.167494287602644
16.726,0.764,30.56,0.701455298419972,0.492039535681452
16.746,0.608,24.32,0.341979442513709,0.116949939101987
16.746,0.764,30.56,0.701455298419972,0.492039535681452
16.764,0.815,32.6,0.887156012037961,0.787045789695099
16.764,0.738,29.52,0.62230028516916,0.387257644921618
16.783,0.802,32.08,0.835603018231248,0.698232404077172
16.802,0.828,33.12,0.941889596522842,0.887156012037962
16.802,0.789,31.56,0.787045789695099,0.619441075076782
16.819,0.828,33.12,0.941889596522842,0.887156012037962
16.838,0.828,33.12,0.941889596522842,0.887156012037962
16.838,0.828,33.12,0.941889596522842,0.887156012037962
16.856,0.841,33.64,1,1
16.874,0.802,32.08,0.835603018231248,0.698232404077172
16.874,0.828,33.12,0.941889596522842,0.887156012037962
16.892,0.815,32.6,0.887156012037961,0.787045789695099
16.91,0.764,30.56,0.701455298419972,0.492039535681452
16.91,0.815,32.6,0.887156012037961,0.787045789695099
16.928,0.789,31.56,0.787045789695099,0.619441075076782
16.946,0.673,26.92,0.46131757456038,0.212813904598272
16.946,0.789,31.56,0.787045789695099,0.619441075076782
16.964,0.699,27.96,0.519995996533516,0.270395836410885
16.981,0.427,17.08,0.148593564228701,0.022080047330189
16.981,0.725,29,0.586138164514029,0.343557947899875
17,0.531,21.24,0.239883291901949,0.0575439937337158
17.017,0.492,19.68,0.200447202736516,0.040179081084894
17.017,0.582,23.28,0.303389118419427,0.0920449571753172
17.035,0.401,16.04,0.131825673855641,0.0173780082874938
17.053,0.699,27.96,0.519995996533516,0.270395836410885
17.053,0.207,8.28,0.0539510622515128,0.00291071711806661
17.072,0.66,26.4,0.434510224171572,0.18879913490963
17.091,0.789,31.56,0.787045789695099,0.619441075076782
17.091,0.621,24.84,0.363078054770102,0.131825673855641
17.109,0.764,30.56,0.701455298419972,0.492039535681452
17.127,0.556,22.24,0.269153480392692,0.0724435960074991
17.127,0.738,29.52,0.62230028516916,0.387257644921618
17.145,0.815,32.6,0.887156012037961,0.787045789695099
17.163,0.712,28.48,0.552077439280758,0.304789498962799
17.163,0.802,32.08,0.835603018231248,0.698232404077172
17.181,0.841,33.64,1,1
17.181,0.776,31.04,0.741310241300918,0.549540873857625
17.199,0.828,33.12,0.941889596522842,0.887156012037962
17.217,0.828,33.12,0.941889596522842,0.887156012037962
17.217,0.815,32.6,0.887156012037961,0.787045789695099
17.236,0.815,32.6,0.887156012037961,0.787045789695099
17.254,0.789,31.56,0.787045789695099,0.619441075076782
17.254,0.802,32.08,0.835603018231248,0.698232404077172
17.272,0.789,31.56,0.787045789695099,0.619441075076782
17.29,0.725,29,0.586138164514029,0.343557947899875
17.29,0.776,31.04,0.741310241300918,0.549540873857625
17.308,0.725,29,0.586138164514029,0.343557947899875
17.325,0.621,24.84,0.363078054770102,0.131825673855641
17.325,0.725,29,0.586138164514029,0.343557947899875
17.344,0.647,25.88,0.409260659730011,0.167494287602644
17.362,0.388,15.52,0.124165230759241,0.0154170045294956
17.363,0.647,25.88,0.409260659730011,0.167494287602644
17.379,0.44,17.6,0.157761126969935,0.0248885731828239
17.398,0.349,13.96,0.103752841581801,0.0107646521362984
17.398,0.492,19.68,0.200447202736516,0.040179081084894
17.416,0.479,19.16,0.188799134909629,0.0356451133426244
17.434,0.544,21.76,0.254683025258504,0.064863443354824
17.434,0.194,7.76,0.0508159442560561,0.0025822601906346
17.452,0.492,19.68,0.200447202736516,0.040179081084894
17.471,0.621,24.84,0.363078054770102,0.131825673855641
17.471,0.44,17.6,0.157761126969935,0.0248885731828239
17.49,0.595,23.8,0.322106879128344,0.103752841581801
17.508,0.362,14.48,0.110153930954142,0.0121338885046498
17.508,0.569,22.76,0.285759054337495,0.0816582371358593
17.526,0.634,25.36,0.385478357665772,0.148593564228701
17.526,0.518,20.72,0.225943577022098,0.0510504999975407
17.544,0.608,24.32,0.341979442513709,0.116949939101987
17.563,0.634,25.36,0.385478357665772,0.148593564228701
17.563,0.582,23.28,0.303389118419427,0.0920449571753172
17.581,0.608,24.32,0.341979442513709,0.116949939101987
17.599,0.621,24.84,0.363078054770102,0.131825673855641
17.599,0.595,23.8,0.322106879128344,0.103752841581801
17.618,0.595,23.8,0.322106879128344,0.103752841581801
17.635,0.582,23.28,0.303389118419427,0.0920449571753172
17.635,0.582,23.28,0.303389118419427,0.0920449571753172
17.653,0.556,22.24,0.269153480392692,0.0724435960074991
17.671,0.505,20.2,0.212813904598271,0.0452897579903621
17.671,0.544,21.76,0.254683025258504,0.064863443354824
17.688,0.492,19.68,0.200447202736516,0.040179081084894
17.707,0.388,15.52,0.124165230759241,0.0154170045294956
17.707,0.505,20.2,0.212813904598271,0.0452897579903621
17.726,0.401,16.04,0.131825673855641,0.0173780082874938
17.744,0.246,9.84,0.0645654229034656,0.00416869383470336
17.744,0.414,16.56,0.139958732257262,0.0195884467350599
17.762,0.259,10.36,0.0685488226452662,0.00469894108605216
17.781,0.181,7.24,0.0478630092322639,0.00229086765276777
17.781,0.324,12.96,0.0924698173938223,0.00855066712884685
17.799,0.168,6.72,0.0450816704541461,0.00203235701093622
17.817,0.362,14.48,0.110153930954142,0.0121338885046498
17.817,0.194,7.76,0.0508159442560561,0.0025822601906346
17.835,0.336,13.44,0.0977237220955811,0.00954992586021437
17.835,0.466,18.64,0.177827941003892,0.0316227766016838
17.854,0.285,11.4,0.0772680585095703,0.00597035286583838
17.872,0.453,18.12,0.167494287602644,0.0280543363795172
17.872,0.233,9.32,0.0608135001278718,0.00369828179780267
17.89,0.427,17.08,0.148593564228701,0.022080047330189
17.909,0.531,21.24,0.239883291901949,0.0575439937337158
17.909,0.427,17.08,0.148593564228701,0.022080047330189
17.928,0.531,21.24,0.239883291901949,0.0575439937337158
17.945,0.582,23.28,0.303389118419427,0.0920449571753172
17.946,0.531,21.24,0.239883291901949,0.0575439937337158
17.965,0.595,23.8,0.322106879128344,0.103752841581801
17.983,0.595,23.8,0.322106879128344,0.103752841581801
17.983,0.595,23.8,0.322106879128344,0.103752841581801
18.003,0.608,24.32,0.341979442513709,0.116949939101987
18.003,0.595,23.8,0.322106879128344,0.103752841581801
18.021,0.66,26.4,0.434510224171572,0.18879913490963
18.039,0.621,24.84,0.363078054770102,0.131825673855641
18.039,0.569,22.76,0.285759054337495,0.0816582371358593
18.059,0.634,25.36,0.385478357665772,0.148593564228701
18.076,0.595,23.8,0.322106879128344,0.103752841581801
18.076,0.505,20.2,0.212813904598271,0.0452897579903621
18.095,0.621,24.84,0.363078054770102,0.131825673855641
18.114,0.544,21.76,0.254683025258504,0.064863443354824
18.114,0.375,15,0.116949939101987,0.0136772882559585
18.132,0.634,25.36,0.385478357665772,0.148593564228701
18.15,0.427,17.08,0.148593564228701,0.022080047330189
18.15,0.207,8.28,0.0539510622515128,0.00291071711806661
18.168,0.479,19.16,0.188799134909629,0.0356451133426244
18.186,0.142,5.68,0.0399944749761098,0.00159955802861467
18.186,0.479,19.16,0.188799134909629,0.0356451133426244
18.205,0.207,8.28,0.0539510622515128,0.00291071711806661
18.205,0.44,17.6,0.157761126969935,0.0248885731828239
18.223,0.608,24.32,0.341979442513709,0.116949939101987
18.241,0.712,28.48,0.552077439280758,0.304789498962799
18.241,0.595,23.8,0.322106879128344,0.103752841581801
18.26,0.324,12.96,0.0924698173938223,0.00855066712884685
18.278,0.569,22.76,0.285759054337495,0.0816582371358593
18.278,0.66,26.4,0.434510224171572,0.18879913490963
18.297,0.544,21.76,0.254683025258504,0.064863443354824
18.314,0.66,26.4,0.434510224171572,0.18879913490963
18.314,0.712,28.48,0.552077439280758,0.304789498962799
18.332,0.647,25.88,0.409260659730011,0.167494287602644
18.35,0.699,27.96,0.519995996533516,0.270395836410885
18.35,0.712,28.48,0.552077439280758,0.304789498962799
18.369,0.712,28.48,0.552077439280758,0.304789498962799
18.386,0.725,29,0.586138164514029,0.343557947899875
18.386,0.725,29,0.586138164514029,0.343557947899875
18.405,0.738,29.52,0.62230028516916,0.387257644921618
18.424,0.725,29,0.586138164514029,0.343557947899875
18.424,0.686,27.44,0.489778819368447,0.239883291901949
18.442,0.738,29.52,0.62230028516916,0.387257644921618
18.461,0.712,28.48,0.552077439280758,0.304789498962799
18.461,0.621,24.84,0.363078054770102,0.131825673855641
18.478,0.712,28.48,0.552077439280758,0.304789498962799
18.496,0.66,26.4,0.434510224171572,0.18879913490963
18.496,0.505,20.2,0.212813904598271,0.0452897579903621
18.516,0.673,26.92,0.46131757456038,0.212813904598272
18.516,0.544,21.76,0.254683025258504,0.064863443354824
18.534,0.181,7.24,0.0478630092322639,0.00229086765276777
18.552,0.582,23.28,0.303389118419427,0.0920449571753172
18.552,0.207,8.28,0.0539510622515128,0.00291071711806661
18.569,0.531,21.24,0.239883291901949,0.0575439937337158
18.588,0.349,13.96,0.103752841581801,0.0107646521362984
18.588,0.492,19.68,0.200447202736516,0.040179081084894
18.607,0.66,26.4,0.434510224171572,0.18879913490963
18.624,0.427,17.08,0.148593564228701,0.022080047330189
18.625,0.634,25.36,0.385478357665772,0.148593564228701
18.643,0.324,12.96,0.0924698173938223,0.00855066712884685
18.662,0.608,24.32,0.341979442513709,0.116949939101987
18.662,0.712,28.48,0.552077439280758,0.304789498962799
18.681,0.569,22.76,0.285759054337495,0.0816582371358593
18.699,0.673,26.92,0.46131757456038,0.212813904598272
18.699,0.738,29.52,0.62230028516916,0.387257644921618
18.717,0.686,27.44,0.489778819368447,0.239883291901949
18.718,0.738,29.52,0.62230028516916,0.387257644921618
18.736,0.751,30.04,0.660693448007596,0.436515832240167
18.755,0.738,29.52,0.62230028516916,0.387257644921618
18.755,0.764,30.56,0.701455298419972,0.492039535681452
18.772,0.751,30.04,0.660693448007596,0.436515832240167
18.79,0.764,30.56,0.701455298419972,0.492039535681452
18.79,0.751,30.04,0.660693448007596,0.436515832240167
18.81,0.712,28.48,0.552077439280758,0.304789498962799
18.828,0.751,30.04,0.660693448007596,0.436515832240167
18.828,0.738,29.52,0.62230028516916,0.387257644921618
18.846,0.66,26.4,0.434510224171572,0.18879913490963
18.864,0.751,30.04,0.660693448007596,0.436515832240167
18.864,0.686,27.44,0.489778819368447,0.239883291901949
18.883,0.544,21.76,0.254683025258504,0.064863443354824
18.901,0.699,27.96,0.519995996533516,0.270395836410885
18.901,0.569,22.76,0.285759054337495,0.0816582371358593
18.92,0.168,6.72,0.0450816704541461,0.00203235701093622
18.92,0.608,24.32,0.341979442513709,0.116949939101987
18.938,0.686,27.44,0.489778819368447,0.239883291901949
18.956,0.518,20.72,0.225943577022098,0.0510504999975407
18.956,0.414,16.56,0.139958732257262,0.0195884467350599
18.974,0.44,17.6,0.157761126969935,0.0248885731828239
18.993,0.66,26.4,0.434510224171572,0.18879913490963
18.993,0.362,14.48,0.110153930954142,0.0121338885046498
19.012,0.621,24.84,0.363078054770102,0.131825673855641
19.031,0.22,8.8,0.057279603098583,0.00328095293113119
19.031,0.595,23.8,0.322106879128344,0.103752841581801
19.048,0.712,28.48,0.552077439280758,0.304789498962799
19.067,0.569,22.76,0.285759054337495,0.0816582371358593
19.067,0.686,27.44,0.489778819368447,0.239883291901949
19.085,0.751,30.04,0.660693448007596,0.436515832240167
19.103,0.686,27.44,0.489778819368447,0.239883291901949
19.103,0.751,30.04,0.660693448007596,0.436515832240167
19.121,0.764,30.56,0.701455298419972,0.492039535681452
19.139,0.751,30.04,0.660693448007596,0.436515832240167
19.139,0.776,31.04,0.741310241300918,0.549540873857625
19.157,0.764,30.56,0.701455298419972,0.492039535681452
19.175,0.764,30.56,0.701455298419972,0.492039535681452
19.175,0.776,31.04,0.741310241300918,0.549540873857625
19.192,0.738,29.52,0.62230028516916,0.387257644921618
19.211,0.776,31.04,0.741310241300918,0.549540873857625
19.211,0.751,30.04,0.660693448007596,0.436515832240167
19.229,0.686,27.44,0.489778819368447,0.239883291901949
19.229,0.751,30.04,0.660693448007596,0.436515832240167
19.247,0.699,27.96,0.519995996533516,0.270395836410885
19.265,0.569,22.76,0.285759054337495,0.0816582371358593
19.265,0.712,28.48,0.552077439280758,0.304789498962799
19.284,0.595,23.8,0.322106879128344,0.103752841581801
19.302,0.194,7.76,0.0508159442560561,0.0025822601906346
19.302,0.634,25.36,0.385478357665772,0.148593564228701
19.321,0.349,13.96,0.103752841581801,0.0107646521362984
19.339,0.492,19.68,0.200447202736516,0.040179081084894
19.339,0.44,17.6,0.157761126969935,0.0248885731828239
19.357,0.427,17.08,0.148593564228701,0.022080047330189
19.375,0.634,25.36,0.385478357665772,0.148593564228701
19.375,0.492,19.68,0.200447202736516,0.040179081084894
19.394,0.608,24.32,0.341979442513709,0.116949939101987
19.411,0.155,6.2,0.0424619563946313,0.00180301774085957
19.411,0.556,22.24,0.269153480392692,0.0724435960074991
19.429,0.686,27.44,0.489778819368447,0.239883291901949
19.448,0.531,21.24,0.239883291901949,0.0575439937337158
19.448,0.66,26.4,0.434510224171572,0.18879913490963
19.466,0.712,28.48,0.552077439280758,0.304789498962799
19.484,0.621,24.84,0.363078054770102,0.131825673855641
19.484,0.673,26.92,0.46131757456038,0.212813904598272
19.504,0.712,28.48,0.552077439280758,0.304789498962799
19.504,0.673,26.92,0.46131757456038,0.212813904598272
19.522,0.699,27.96,0.519995996533516,0.270395836410885
19.54,0.686,27.44,0.489778819368447,0.239883291901949
19.54,0.673,26.92,0.46131757456038,0.212813904598272
19.559,0.673,26.92,0.46131757456038,0.212813904598272
19.576,0.634,25.36,0.385478357665772,0.148593564228701
19.576,0.66,26.4,0.434510224171572,0.18879913490963
19.595,0.621,24.84,0.363078054770102,0.131825673855641
19.612,0.556,22.24,0.269153480392692,0.0724435960074991
19.612,0.608,24.32,0.341979442513709,0.116949939101987
19.63,0.531,21.24,0.239883291901949,0.0575439937337158
19.647,0.427,17.08,0.148593564228701,0.022080047330189
19.649,0.531,21.24,0.239883291901949,0.0575439937337158
19.666,0.427,17.08,0.148593564228701,0.022080047330189
19.685,0.272,10.88,0.0727779804536825,0.00529663443891659
19.685,0.427,17.08,0.148593564228701,0.022080047330189
19.702,0.233,9.32,0.0608135001278718,0.00369828179780267
19.721,0.505,20.2,0.212813904598271,0.0452897579903621
19.721,0.259,10.36,0.0685488226452662,0.00469894108605216
19.739,0.194,7.76,0.0508159442560561,0.0025822601906346
19.759,0.388,15.52,0.124165230759241,0.0154170045294956
19.759,0.181,7.24,0.0478630092322639,0.00229086765276777
19.776,0.375,15,0.116949939101987,0.0136772882559585
19.795,0.466,18.64,0.177827941003892,0.0316227766016838
19.795,0.336,13.44,0.0977237220955811,0.00954992586021437
19.812,0.453,18.12,0.167494287602644,0.0280543363795172
19.812,0.298,11.92,0.0820351544329818,0.00672976656284318
19.83,0.453,18.12,0.167494287602644,0.0280543363795172
19.849,0.518,20.72,0.225943577022098,0.0510504999975407
19.849,0.44,17.6,0.157761126969935,0.0248885731828239
19.868,0.505,20.2,0.212813904598271,0.0452897579903621
19.885,0.544,21.76,0.254683025258504,0.064863443354824
19.885,0.505,20.2,0.212813904598271,0.0452897579903621
19.904,0.531,21.24,0.239883291901949,0.0575439937337158
19.923,0.544,21.76,0.254683025258504,0.064863443354824
19.923,0.531,21.24,0.239883291901949,0.0575439937337158
19.942,0.544,21.76,0.254683025258504,0.064863443354824
19.961,0.518,20.72,0.225943577022098,0.0510504999975407
19.961,0.531,21.24,0.239883291901949,0.0575439937337158
19.979,0.531,21.24,0.239883291901949,0.0575439937337158
20,0.466,18.64,0.177827941003892,0.0316227766016838
20,0.531,21.24,0.239883291901949,0.0575439937337158
20.018,0.479,19.16,0.188799134909629,0.0356451133426244
20.018,0.375,15,0.116949939101987,0.0136772882559585
20.036,0.492,19.68,0.200447202736516,0.040179081084894
20.054,0.401,16.04,0.131825673855641,0.0173780082874938
20.054,0.194,7.76,0.0508159442560561,0.0025822601906346
20.072,0.634,25.36,0.385478357665772,0.148593564228701
20.09,0.246,9.84,0.0645654229034656,0.00416869383470336
20.09,0.259,10.36,0.0685488226452662,0.00469894108605216
20.109,0.298,11.92,0.0820351544329818,0.00672976656284318
20.127,0.22,8.8,0.057279603098583,0.00328095293113119
20.127,0.375,15,0.116949939101987,0.0136772882559585
20.144,0.142,5.68,0.0399944749761098,0.00159955802861467
20.163,0.349,13.96,0.103752841581801,0.0107646521362984
20.163,0.44,17.6,0.157761126969935,0.0248885731828239
20.183,0.311,12.44,0.0870963589956081,0.00758577575029184
20.183,0.44,17.6,0.157761126969935,0.0248885731828239
20.201,0.272,10.88,0.0727779804536825,0.00529663443891659
20.219,0.427,17.08,0.148593564228701,0.022080047330189
20.219,0.492,19.68,0.200447202736516,0.040179081084894
20.238,0.414,16.56,0.139958732257262,0.0195884467350599
20.255,0.479,19.16,0.188799134909629,0.0356451133426244
20.255,0.531,21.24,0.239883291901949,0.0575439937337158
20.274,0.479,19.16,0.188799134909629,0.0356451133426244
20.293,0.531,21.24,0.239883291901949,0.0575439937337158
20.293,0.544,21.76,0.254683025258504,0.064863443354824
20.311,0.518,20.72,0.225943577022098,0.0510504999975407
20.33,0.544,21.76,0.254683025258504,0.064863443354824
20.33,0.531,21.24,0.239883291901949,0.0575439937337158
20.348,0.544,21.76,0.254683025258504,0.064863443354824
20.366,0.518,20.72,0.225943577022098,0.0510504999975407
20.366,0.466,18.64,0.177827941003892,0.0316227766016838
20.384,0.518,20.72,0.225943577022098,0.0510504999975407
20.384,0.466,18.64,0.177827941003892,0.0316227766016838
20.403,0.375,15,0.116949939101987,0.0136772882559585
20.421,0.479,19.16,0.188799134909629,0.0356451133426244
20.421,0.401,16.04,0.131825673855641,0.0173780082874938
20.439,0.233,9.32,0.0608135001278718,0.00369828179780267
20.457,0.44,17.6,0.157761126969935,0.0248885731828239
20.457,0.272,10.88,0.0727779804536825,0.00529663443891659
20.475,0.194,7.76,0.0508159442560561,0.0025822601906346
20.493,0.647,25.88,0.409260659730011,0.167494287602644
20.493,0.155,6.2,0.0424619563946313,0.00180301774085957
20.51,0.388,15.52,0.124165230759241,0.0154170045294956
20.528,0.142,5.68,0.0399944749761098,0.00159955802861467
20.528,0.349,13.96,0.103752841581801,0.0107646521362984
20.546,0.479,19.16,0.188799134909629,0.0356451133426244
20.565,0.375,15,0.116949939101987,0.0136772882559585
20.565,0.479,19.16,0.188799134909629,0.0356451133426244
20.582,0.285,11.4,0.0772680585095703,0.00597035286583838
20.6,0.44,17.6,0.157761126969935,0.0248885731828239
20.6,0.518,20.72,0.225943577022098,0.0510504999975407
20.619,0.427,17.08,0.148593564228701,0.022080047330189
20.637,0.492,19.68,0.200447202736516,0.040179081084894
20.637,0.544,21.76,0.254683025258504,0.064863443354824
20.655,0.479,19.16,0.188799134909629,0.0356451133426244
20.674,0.544,21.76,0.254683025258504,0.064863443354824
20.674,0.531,21.24,0.239883291901949,0.0575439937337158
20.691,0.518,20.72,0.225943577022098,0.0510504999975407
20.709,0.544,21.76,0.254683025258504,0.064863443354824
20.709,0.531,21.24,0.239883291901949,0.0575439937337158
20.727,0.544,21.76,0.254683025258504,0.064863443354824
20.745,0.544,21.76,0.254683025258504,0.064863443354824
20.745,0.505,20.2,0.212813904598271,0.0452897579903621
20.763,0.544,21.76,0.254683025258504,0.064863443354824
20.781,0.505,20.2,0.212813904598271,0.0452897579903621
20.781,0.569,22.76,0.285759054337495,0.0816582371358593
20.8,0.518,20.72,0.225943577022098,0.0510504999975407
20.817,0.44,17.6,0.157761126969935,0.0248885731828239
20.817,0.285,11.4,0.0772680585095703,0.00597035286583838
20.836,0.466,18.64,0.177827941003892,0.0316227766016838
20.853,0.324,12.96,0.0924698173938223,0.00855066712884685
20.853,0.181,7.24,0.0478630092322639,0.00229086765276777
20.871,0.349,13.96,0.103752841581801,0.0107646521362984
20.89,0.22,8.8,0.057279603098583,0.00328095293113119
20.89,0.362,14.48,0.110153930954142,0.0121338885046498
20.908,0.22,8.8,0.057279603098583,0.00328095293113119
20.925,0.311,12.44,0.0870963589956081,0.00758577575029184
20.925,0.427,17.08,0.148593564228701,0.022080047330189
20.942,0.259,10.36,0.0685488226452662,0.00469894108605216
20.96,0.401,16.04,0.131825673855641,0.0173780082874938
20.96,0.233,9.32,0.0608135001278718,0.00369828179780267
20.979,0.531,21.24,0.239883291901949,0.0575439937337158
20.997,0.531,21.24,0.239883291901949,0.0575439937337158
20.997,0.349,13.96,0.103752841581801,0.0107646521362984
21.018,0.466,18.64,0.177827941003892,0.0316227766016838
21.018,0.518,20.72,0.225943577022098,0.0510504999975407
21.037,0.44,17.6,0.157761126969935,0.0248885731828239
21.056,0.492,19.68,0.200447202736516,0.040179081084894
21.056,0.518,20.72,0.225943577022098,0.0510504999975407
21.073,0.492,19.68,0.200447202736516,0.040179081084894
21.09,0.505,20.2,0.212813904598271,0.0452897579903621
21.091,0.634,25.36,0.385478357665772,0.148593564228701
21.11,0.518,20.72,0.225943577022098,0.0510504999975407
21.127,0.518,20.72,0.225943577022098,0.0510504999975407
21.127,0.479,19.16,0.188799134909629,0.0356451133426244
21.145,0.518,20.72,0.225943577022098,0.0510504999975407
21.162,0.492,19.68,0.200447202736516,0.040179081084894
21.162,0.427,17.08,0.148593564228701,0.022080047330189
21.18,0.505,20.2,0.212813904598271,0.0452897579903621
21.198,0.453,18.12,0.167494287602644,0.0280543363795172
21.198,0.595,23.8,0.322106879128344,0.103752841581801
21.215,0.453,18.12,0.167494287602644,0.0280543363795172
21.234,0.324,12.96,0.0924698173938223,0.00855066712884685
21.234,0.22,8.8,0.057279603098583,0.00328095293113119
21.251,0.375,15,0.116949939101987,0.0136772882559585
21.268,0.466,18.64,0.177827941003892,0.0316227766016838
21.268,0.336,13.44,0.0977237220955811,0.00954992586021437
21.286,0.194,7.76,0.0508159442560561,0.0025822601906346
21.303,0.285,11.4,0.0772680585095703,0.00597035286583838
21.303,0.492,19.68,0.200447202736516,0.040179081084894
21.322,0.246,9.84,0.0645654229034656,0.00416869383470336
21.34,0.427,17.08,0.148593564228701,0.022080047330189
21.34,0.181,7.24,0.0478630092322639,0.00229086765276777
21.358,0.388,15.52,0.124165230759241,0.0154170045294956
21.376,0.479,19.16,0.188799134909629,0.0356451133426244
21.376,0.349,13.96,0.103752841581801,0.0107646521362984
21.394,0.453,18.12,0.167494287602644,0.0280543363795172
21.411,0.505,20.2,0.212813904598271,0.0452897579903621
21.411,0.427,17.08,0.148593564228701,0.022080047330189
21.431,0.505,20.2,0.212813904598271,0.0452897579903621
21.449,0.518,20.72,0.225943577022098,0.0510504999975407
21.449,0.492,19.68,0.200447202736516,0.040179081084894
21.466,0.518,20.72,0.225943577022098,0.0510504999975407
21.484,0.505,20.2,0.212813904598271,0.0452897579903621
21.484,0.505,20.2,0.212813904598271,0.0452897579903621
21.502,0.621,24.84,0.363078054770102,0.131825673855641
21.52,0.466,18.64,0.177827941003892,0.0316227766016838
21.52,0.505,20.2,0.212813904598271,0.0452897579903621
21.539,0.479,19.16,0.188799134909629,0.0356451133426244
21.539,0.414,16.56,0.139958732257262,0.0195884467350599
21.56,0.479,19.16,0.188799134909629,0.0356451133426244
21.579,0.427,17.08,0.148593564228701,0.022080047330189
21.579,0.285,11.4,0.0772680585095703,0.00597035286583838
21.597,0.44,17.6,0.157761126969935,0.0248885731828239
21.616,0.544,21.76,0.254683025258504,0.064863443354824
21.616,0.168,6.72,0.0450816704541461,0.00203235701093622
21.636,0.362,14.48,0.110153930954142,0.0121338885046498
21.636,0.168,6.72,0.0450816704541461,0.00203235701093622
21.654,0.298,11.92,0.0820351544329818,0.00672976656284318
21.673,0.207,8.28,0.0539510622515128,0.00291071711806661
21.673,0.246,9.84,0.0645654229034656,0.00416869383470336
21.693,0.414,16.56,0.139958732257262,0.0195884467350599
21.713,0.233,9.32,0.0608135001278718,0.00369828179780267
21.713,0.401,16.04,0.131825673855641,0.0173780082874938
21.731,0.168,6.72,0.0450816704541461,0.00203235701093622
21.731,0.362,14.48,0.110153930954142,0.0121338885046498
21.748,0.466,18.64,0.177827941003892,0.0316227766016838
21.766,0.336,13.44,0.0977237220955811,0.00954992586021437
21.766,0.453,18.12,0.167494287602644,0.0280543363795172
21.784,0.492,19.68,0.200447202736516,0.040179081084894
21.802,0.44,17.6,0.157761126969935,0.0248885731828239
21.802,0.518,20.72,0.225943577022098,0.0510504999975407
21.82,0.518,20.72,0.225943577022098,0.0510504999975407
21.84,0.492,19.68,0.200447202736516,0.040179081084894
21.84,0.505,20.2,0.212813904598271,0.0452897579903621
21.858,0.518,20.72,0.225943577022098,0.0510504999975407
21.877,0.505,20.2,0.212813904598271,0.0452897579903621
21.877,0.505,20.2,0.212813904598271,0.0452897579903621
21.895,0.492,19.68,0.200447202736516,0.040179081084894
21.913,0.505,20.2,0.212813904598271,0.0452897579903621
21.913,0.505,20.2,0.212813904598271,0.0452897579903621
21.931,0.427,17.08,0.148593564228701,0.022080047330189
21.95,0.492,19.68,0.200447202736516,0.040179081084894
21.95,0.44,17.6,0.157761126969935,0.0248885731828239
21.969,0.311,12.44,0.0870963589956081,0.00758577575029184
21.969,0.453,18.12,0.167494287602644,0.0280543363795172
21.99,0.349,13.96,0.103752841581801,0.0107646521362984
22.01,0.181,7.24,0.0478630092322639,0.00229086765276777
22.01,0.375,15,0.116949939101987,0.0136772882559585
22.032,0.582,23.28,0.303389118419427,0.0920449571753172
22.032,0.375,15,0.116949939101987,0.0136772882559585
22.054,0.246,9.84,0.0645654229034656,0.00416869383470336
22.054,0.246,9.84,0.0645654229034656,0.00416869383470336
22.073,0.388,15.52,0.124165230759241,0.0154170045294956
22.092,0.207,8.28,0.0539510622515128,0.00291071711806661
22.092,0.375,15,0.116949939101987,0.0136772882559585
22.112,0.155,6.2,0.0424619563946313,0.00180301774085957
22.112,0.336,13.44,0.0977237220955811,0.00954992586021437
22.131,0.453,18.12,0.167494287602644,0.0280543363795172
22.15,0.298,11.92,0.0820351544329818,0.00672976656284318
22.15,0.44,17.6,0.157761126969935,0.0248885731828239
22.17,0.479,19.16,0.188799134909629,0.0356451133426244
22.189,0.427,17.08,0.148593564228701,0.022080047330189
22.189,0.479,19.16,0.188799134909629,0.0356451133426244
22.208,0.505,20.2,0.212813904598271,0.0452897579903621
22.208,0.479,19.16,0.188799134909629,0.0356451133426244
22.227,0.505,20.2,0.212813904598271,0.0452897579903621
22.246,0.505,20.2,0.212813904598271,0.0452897579903621
22.246,0.505,20.2,0.212813904598271,0.0452897579903621
22.266,0.505,20.2,0.212813904598271,0.0452897579903621
22.284,0.479,19.16,0.188799134909629,0.0356451133426244
22.284,0.505,20.2,0.212813904598271,0.0452897579903621
22.304,0.492,19.68,0.200447202736516,0.040179081084894
22.304,0.427,17.08,0.148593564228701,0.022080047330189
22.322,0.492,19.68,0.200447202736516,0.040179081084894
22.34,0.44,17.6,0.157761126969935,0.0248885731828239
22.34,0.324,12.96,0.0924698173938223,0.00855066712884685
22.358,0.453,18.12,0.167494287602644,0.0280543363795172
22.376,0.401,16.04,0.131825673855641,0.0173780082874938
22.376,0.194,7.76,0.0508159442560561,0.0025822601906346
22.394,0.375,15,0.116949939101987,0.0136772882559585
22.413,0.22,8.8,0.057279603098583,0.00328095293113119
22.413,0.233,9.32,0.0608135001278718,0.00369828179780267
22.431,0.246,9.84,0.0645654229034656,0.00416869383470336
22.448,0.194,7.76,0.0508159442560561,0.0025822601906346
22.449,0.375,15,0.116949939101987,0.0136772882559585
22.466,0.194,7.76,0.0508159442560561,0.0025822601906346
22.483,0.362,14.48,0.110153930954142,0.0121338885046498
22.484,0.453,18.12,0.167494287602644,0.0280543363795172
22.503,0.324,12.96,0.0924698173938223,0.00855066712884685
22.522,0.44,17.6,0.157761126969935,0.0248885731828239
22.522,0.608,24.32,0.341979442513709,0.116949939101987
22.54,0.427,17.08,0.148593564228701,0.022080047330189
22.54,0.492,19.68,0.200447202736516,0.040179081084894
22.558,0.388,15.52,0.124165230759241,0.0154170045294956
22.576,0.479,19.16,0.188799134909629,0.0356451133426244
22.576,0.518,20.72,0.225943577022098,0.0510504999975407
22.594,0.466,18.64,0.177827941003892,0.0316227766016838
22.611,0.505,20.2,0.212813904598271,0.0452897579903621
22.612,0.518,20.72,0.225943577022098,0.0510504999975407
22.63,0.505,20.2,0.212813904598271,0.0452897579903621
22.649,0.518,20.72,0.225943577022098,0.0510504999975407
22.649,0.479,19.16,0.188799134909629,0.0356451133426244
22.667,0.518,20.72,0.225943577022098,0.0510504999975407
22.685,0.492,19.68,0.200447202736516,0.040179081084894
22.685,0.427,17.08,0.148593564228701,0.022080047330189
22.702,0.505,20.2,0.212813904598271,0.0452897579903621
22.72,0.44,17.6,0.157761126969935,0.0248885731828239
22.72,0.582,23.28,0.303389118419427,0.0920449571753172
22.738,0.466,18.64,0.177827941003892,0.0316227766016838
22.756,0.375,15,0.116949939101987,0.0136772882559585
22.756,0.207,8.28,0.0539510622515128,0.00291071711806661
22.775,0.388,15.52,0.124165230759241,0.0154170045294956
22.793,0.246,9.84,0.0645654229034656,0.00416869383470336
22.793,0.246,9.84,0.0645654229034656,0.00416869383470336
22.811,0.272,10.88,0.0727779804536825,0.00529663443891659
22.828,0.181,7.24,0.0478630092322639,0.00229086765276777
22.828,0.595,23.8,0.322106879128344,0.103752841581801
22.847,0.22,8.8,0.057279603098583,0.00328095293113119
22.865,0.336,13.44,0.0977237220955811,0.00954992586021437
22.865,0.453,18.12,0.167494287602644,0.0280543363795172
22.883,0.311,12.44,0.0870963589956081,0.00758577575029184
22.901,0.427,17.08,0.148593564228701,0.022080047330189
22.901,0.272,10.88,0.0727779804536825,0.00529663443891659
22.918,0.414,16.56,0.139958732257262,0.0195884467350599
22.937,0.479,19.16,0.188799134909629,0.0356451133426244
22.937,0.699,27.96,0.519995996533516,0.270395836410885
22.955,0.466,18.64,0.177827941003892,0.0316227766016838
22.974,0.505,20.2,0.212813904598271,0.0452897579903621
22.974,0.466,18.64,0.177827941003892,0.0316227766016838
22.993,0.505,20.2,0.212813904598271,0.0452897579903621
23.01,0.505,20.2,0.212813904598271,0.0452897579903621
23.01,0.492,19.68,0.200447202736516,0.040179081084894
23.027,0.505,20.2,0.212813904598271,0.0452897579903621
23.046,0.725,29,0.586138164514029,0.343557947899875
23.046,0.518,20.72,0.225943577022098,0.0510504999975407
23.065,0.492,19.68,0.200447202736516,0.040179081084894
23.065,0.453,18.12,0.167494287602644,0.0280543363795172
23.082,0.505,20.2,0.212813904598271,0.0452897579903621
23.1,0.466,18.64,0.177827941003892,0.0316227766016838
23.1,0.375,15,0.116949939101987,0.0136772882559585
23.117,0.479,19.16,0.188799134909629,0.0356451133426244
23.136,0.401,16.04,0.131825673855641,0.0173780082874938
23.136,0.233,9.32,0.0608135001278718,0.00369828179780267
23.155,0.414,16.56,0.139958732257262,0.0195884467350599
23.173,0.285,11.4,0.0772680585095703,0.00597035286583838
23.173,0.22,8.8,0.057279603098583,0.00328095293113119
23.191,0.311,12.44,0.0870963589956081,0.00758577575029184
23.209,0.168,6.72,0.0450816704541461,0.00203235701093622
23.209,0.362,14.48,0.110153930954142,0.0121338885046498
23.227,0.142,5.68,0.0399944749761098,0.00159955802861467
23.245,0.556,22.24,0.269153480392692,0.0724435960074991
23.245,0.453,18.12,0.167494287602644,0.0280543363795172
23.262,0.272,10.88,0.0727779804536825,0.00529663443891659
23.28,0.427,17.08,0.148593564228701,0.022080047330189
23.281,0.22,8.8,0.057279603098583,0.00328095293113119
23.298,0.414,16.56,0.139958732257262,0.0195884467350599
23.316,0.479,19.16,0.188799134909629,0.0356451133426244
23.316,0.375,15,0.116949939101987,0.0136772882559585
23.334,0.466,18.64,0.177827941003892,0.0316227766016838
23.352,0.505,20.2,0.212813904598271,0.0452897579903621
23.352,0.453,18.12,0.167494287602644,0.0280543363795172
23.369,0.505,20.2,0.212813904598271,0.0452897579903621
23.387,0.505,20.2,0.212813904598271,0.0452897579903621
23.387,0.492,19.68,0.200447202736516,0.040179081084894
23.405,0.505,20.2,0.212813904598271,0.0452897579903621
23.422,0.492,19.68,0.200447202736516,0.040179081084894
23.422,0.518,20.72,0.225943577022098,0.0510504999975407
23.441,0.492,19.68,0.200447202736516,0.040179081084894
23.458,0.453,18.12,0.167494287602644,0.0280543363795172
23.458,0.505,20.2,0.212813904598271,0.0452897579903621
23.476,0.453,18.12,0.167494287602644,0.0280543363795172
23.494,0.362,14.48,0.110153930954142,0.0121338885046498
23.494,0.479,19.16,0.188799134909629,0.0356451133426244
23.511,0.401,16.04,0.131825673855641,0.0173780082874938
23.529,0.207,8.28,0.0539510622515128,0.00291071711806661
23.529,0.414,16.56,0.139958732257262,0.0195884467350599
23.546,0.272,10.88,0.0727779804536825,0.00529663443891659
23.566,0.595,23.8,0.322106879128344,0.103752841581801
23.566,0.311,12.44,0.0870963589956081,0.00758577575029184
23.583,0.194,7.76,0.0508159442560561,0.0025822601906346
23.599,0.336,13.44,0.0977237220955811,0.00954992586021437
23.601,0.168,6.72,0.0450816704541461,0.00203235701093622
23.618,0.285,11.4,0.0772680585095703,0.00597035286583838
23.636,0.427,17.08,0.148593564228701,0.022080047330189
23.636,0.272,10.88,0.0727779804536825,0.00529663443891659
23.654,0.427,17.08,0.148593564228701,0.022080047330189
23.672,0.233,9.32,0.0608135001278718,0.00369828179780267
23.673,0.401,16.04,0.131825673855641,0.0173780082874938
23.691,0.479,19.16,0.188799134909629,0.0356451133426244
23.71,0.375,15,0.116949939101987,0.0136772882559585
23.71,0.466,18.64,0.177827941003892,0.0316227766016838
23.728,0.505,20.2,0.212813904598271,0.0452897579903621
23.746,0.44,17.6,0.157761126969935,0.0248885731828239
23.747,0.582,23.28,0.303389118419427,0.0920449571753172
23.765,0.505,20.2,0.212813904598271,0.0452897579903621
23.783,0.492,19.68,0.200447202736516,0.040179081084894
23.783,0.505,20.2,0.212813904598271,0.0452897579903621
23.804,0.492,19.68,0.200447202736516,0.040179081084894
23.804,0.505,20.2,0.212813904598271,0.0452897579903621
23.822,0.505,20.2,0.212813904598271,0.0452897579903621
23.839,0.453,18.12,0.167494287602644,0.0280543363795172
23.839,0.492,19.68,0.200447202736516,0.040179081084894
23.857,0.647,25.88,0.409260659730011,0.167494287602644
23.875,0.401,16.04,0.131825673855641,0.0173780082874938
23.875,0.492,19.68,0.200447202736516,0.040179081084894
23.892,0.427,17.08,0.148593564228701,0.022080047330189
23.91,0.259,10.36,0.0685488226452662,0.00469894108605216
23.91,0.44,17.6,0.157761126969935,0.0248885731828239
23.928,0.311,12.44,0.0870963589956081,0.00758577575029184
23.946,0.194,7.76,0.0508159442560561,0.0025822601906346
23.946,0.349,13.96,0.103752841581801,0.0107646521362984
23.964,0.168,6.72,0.0450816704541461,0.00203235701093622
23.981,0.336,13.44,0.0977237220955811,0.00954992586021437
23.981,0.194,7.76,0.0508159442560561,0.0025822601906346
23.999,0.272,10.88,0.0727779804536825,0.00529663443891659
24.017,0.44,17.6,0.157761126969935,0.0248885731828239
24.017,0.233,9.32,0.0608135001278718,0.00369828179780267
24.035,0.427,17.08,0.148593564228701,0.022080047330189
24.054,0.207,8.28,0.0539510622515128,0.00291071711806661
24.054,0.621,24.84,0.363078054770102,0.131825673855641
24.072,0.466,18.64,0.177827941003892,0.0316227766016838
24.091,0.336,13.44,0.0977237220955811,0.00954992586021437
24.091,0.466,18.64,0.177827941003892,0.0316227766016838
24.109,0.505,20.2,0.212813904598271,0.0452897579903621
24.127,0.453,18.12,0.167494287602644,0.0280543363795172
24.127,0.479,19.16,0.188799134909629,0.0356451133426244
24.145,0.505,20.2,0.212813904598271,0.0452897579903621
24.164,0.492,19.68,0.200447202736516,0.040179081084894
24.165,0.505,20.2,0.212813904598271,0.0452897579903621
24.181,0.492,19.68,0.200447202736516,0.040179081084894
24.199,0.505,20.2,0.212813904598271,0.0452897579903621
24.199,0.505,20.2,0.212813904598271,0.0452897579903621
24.217,0.479,19.16,0.188799134909629,0.0356451133426244
24.234,0.505,20.2,0.212813904598271,0.0452897579903621
24.234,0.492,19.68,0.200447202736516,0.040179081084894
24.253,0.401,16.04,0.131825673855641,0.0173780082874938
24.27,0.621,24.84,0.363078054770102,0.131825673855641
24.27,0.427,17.08,0.148593564228701,0.022080047330189
24.288,0.311,12.44,0.0870963589956081,0.00758577575029184
24.305,0.453,18.12,0.167494287602644,0.0280543363795172
24.305,0.324,12.96,0.0924698173938223,0.00855066712884685
24.323,0.168,6.72,0.0450816704541461,0.00203235701093622
24.341,0.362,14.48,0.110153930954142,0.0121338885046498
24.341,0.194,7.76,0.0508159442560561,0.0025822601906346
24.358,0.298,11.92,0.0820351544329818,0.00672976656284318
24.377,0.207,8.28,0.0539510622515128,0.00291071711806661
24.377,0.272,10.88,0.0727779804536825,0.00529663443891659
24.396,0.44,17.6,0.157761126969935,0.0248885731828239
24.413,0.233,9.32,0.0608135001278718,0.00369828179780267
24.413,0.427,17.08,0.148593564228701,0.022080047330189
24.432,0.194,7.76,0.0508159442560561,0.0025822601906346
24.449,0.414,16.56,0.139958732257262,0.0195884467350599
24.449,0.518,20.72,0.225943577022098,0.0510504999975407
24.467,0.388,15.52,0.124165230759241,0.0154170045294956
24.485,0.569,22.76,0.285759054337495,0.0816582371358593
24.485,0.569,22.76,0.285759054337495,0.0816582371358593
24.504,0.518,20.72,0.225943577022098,0.0510504999975407
24.522,0.582,23.28,0.303389118419427,0.0920449571753172
24.522,0.608,24.32,0.341979442513709,0.116949939101987
24.538,0.582,23.28,0.303389118419427,0.0920449571753172
24.556,0.634,25.36,0.385478357665772,0.148593564228701
24.556,0.634,25.36,0.385478357665772,0.148593564228701
24.574,0.634,25.36,0.385478357665772,0.148593564228701
24.591,0.647,25.88,0.409260659730011,0.167494287602644
24.591,0.608,24.32,0.341979442513709,0.116949939101987
24.61,0.66,26.4,0.434510224171572,0.18879913490963
24.627,0.634,25.36,0.385478357665772,0.148593564228701
24.628,0.569,22.76,0.285759054337495,0.0816582371358593
24.646,0.647,25.88,0.409260659730011,0.167494287602644
24.663,0.595,23.8,0.322106879128344,0.103752841581801
24.663,0.44,17.6,0.157761126969935,0.0248885731828239
24.683,0.621,24.84,0.363078054770102,0.131825673855641
24.7,0.505,20.2,0.212813904598271,0.0452897579903621
24.7,0.155,6.2,0.0424619563946313,0.00180301774085957
24.72,0.544,21.76,0.254683025258504,0.064863443354824
24.72,0.233,9.32,0.0608135001278718,0.00369828179780267
24.739,0.453,18.12,0.167494287602644,0.0280543363795172
24.757,0.362,14.48,0.110153930954142,0.0121338885046498
24.757,0.414,16.56,0.139958732257262,0.0195884467350599
24.777,0.608,24.32,0.341979442513709,0.116949939101987
24.796,0.505,20.2,0.212813904598271,0.0452897579903621
24.796,0.582,23.28,0.303389118419427,0.0920449571753172
24.814,0.22,8.8,0.057279603098583,0.00328095293113119
24.832,0.556,22.24,0.269153480392692,0.0724435960074991
24.832,0.66,26.4,0.434510224171572,0.18879913490963
24.85,0.531,21.24,0.239883291901949,0.0575439937337158
24.868,0.647,25.88,0.409260659730011,0.167494287602644
24.868,0.712,28.48,0.552077439280758,0.304789498962799
24.886,0.699,27.96,0.519995996533516,0.270395836410885
24.887,0.686,27.44,0.489778819368447,0.239883291901949
24.904,0.738,29.52,0.62230028516916,0.387257644921618
24.922,0.686,27.44,0.489778819368447,0.239883291901949
24.922,0.725,29,0.586138164514029,0.343557947899875
24.939,0.712,28.48,0.552077439280758,0.304789498962799
24.957,0.725,29,0.586138164514029,0.343557947899875
24.957,0.725,29,0.586138164514029,0.343557947899875
24.975,0.699,27.96,0.519995996533516,0.270395836410885
24.994,0.725,29,0.586138164514029,0.343557947899875
24.994,0.712,28.48,0.552077439280758,0.304789498962799
25.012,0.647,25.88,0.409260659730011,0.167494287602644
25.029,0.712,28.48,0.552077439280758,0.304789498962799
25.029,0.66,26.4,0.434510224171572,0.18879913490963
25.047,0.544,21.76,0.254683025258504,0.064863443354824
25.065,0.673,26.92,0.46131757456038,0.212813904598272
25.065,0.569,22.76,0.285759054337495,0.0816582371358593
25.084,0.544,21.76,0.254683025258504,0.064863443354824
25.102,0.595,23.8,0.322106879128344,0.103752841581801
25.102,0.388,15.52,0.124165230759241,0.0154170045294956
25.12,0.453,18.12,0.167494287602644,0.0280543363795172
25.139,0.44,17.6,0.157761126969935,0.0248885731828239
25.139,0.362,14.48,0.110153930954142,0.0121338885046498
25.157,0.595,23.8,0.322106879128344,0.103752841581801
25.175,0.233,9.32,0.0608135001278718,0.00369828179780267
25.175,0.556,22.24,0.269153480392692,0.0724435960074991
25.194,0.207,8.28,0.0539510622515128,0.00291071711806661
25.211,0.531,21.24,0.239883291901949,0.0575439937337158
25.211,0.66,26.4,0.434510224171572,0.18879913490963
25.229,0.492,19.68,0.200447202736516,0.040179081084894
25.247,0.647,25.88,0.409260659730011,0.167494287602644
25.248,0.712,28.48,0.552077439280758,0.304789498962799
25.266,0.608,24.32,0.341979442513709,0.116949939101987
25.284,0.686,27.44,0.489778819368447,0.239883291901949
25.284,0.725,29,0.586138164514029,0.343557947899875
25.302,0.673,26.92,0.46131757456038,0.212813904598272
25.32,0.712,28.48,0.552077439280758,0.304789498962799
25.32,0.712,28.48,0.552077439280758,0.304789498962799
25.339,0.699,27.96,0.519995996533516,0.270395836410885
25.339,0.712,28.48,0.552077439280758,0.304789498962799
25.358,0.686,27.44,0.489778819368447,0.239883291901949
25.378,0.725,29,0.586138164514029,0.343557947899875
25.378,0.686,27.44,0.489778819368447,0.239883291901949
25.396,0.634,25.36,0.385478357665772,0.148593564228701
25.415,0.699,27.96,0.519995996533516,0.270395836410885
25.415,0.647,25.88,0.409260659730011,0.167494287602644
25.433,0.518,20.72,0.225943577022098,0.0510504999975407
25.452,0.66,26.4,0.434510224171572,0.18879913490963
25.452,0.544,21.76,0.254683025258504,0.064863443354824
25.47,0.259,10.36,0.0685488226452662,0.00469894108605216
25.47,0.582,23.28,0.303389118419427,0.0920449571753172
25.489,0.349,13.96,0.103752841581801,0.0107646521362984
25.507,0.569,22.76,0.285759054337495,0.0816582371358593
25.508,0.427,17.08,0.148593564228701,0.022080047330189
25.525,0.285,11.4,0.0772680585095703,0.00597035286583838
25.544,0.544,21.76,0.254683025258504,0.064863443354824
25.544,0.181,7.24,0.0478630092322639,0.00229086765276777
25.562,0.518,20.72,0.225943577022098,0.0510504999975407
25.58,0.634,25.36,0.385478357665772,0.148593564228701
25.58,0.479,19.16,0.188799134909629,0.0356451133426244
25.599,0.725,29,0.586138164514029,0.343557947899875
25.617,0.453,18.12,0.167494287602644,0.0280543363795172
25.617,0.608,24.32,0.341979442513709,0.116949939101987
25.635,0.673,26.92,0.46131757456038,0.212813904598272
25.653,0.582,23.28,0.303389118419427,0.0920449571753172
25.653,0.673,26.92,0.46131757456038,0.212813904598272
25.672,0.699,27.96,0.519995996533516,0.270395836410885
25.672,0.66,26.4,0.434510224171572,0.18879913490963
25.69,0.699,27.96,0.519995996533516,0.270395836410885
25.71,0.712,28.48,0.552077439280758,0.304789498962799
25.71,0.699,27.96,0.519995996533516,0.270395836410885
25.728,0.712,28.48,0.552077439280758,0.304789498962799
25.747,0.686,27.44,0.489778819368447,0.239883291901949
25.747,0.712,28.48,0.552077439280758,0.304789498962799
25.766,0.699,27.96,0.519995996533516,0.270395836410885
25.785,0.647,25.88,0.409260659730011,0.167494287602644
25.785,0.712,28.48,0.552077439280758,0.304789498962799
25.804,0.699,27.96,0.519995996533516,0.270395836410885
25.804,0.556,22.24,0.269153480392692,0.0724435960074991
25.822,0.673,26.92,0.46131757456038,0.212813904598272
25.841,0.582,23.28,0.303389118419427,0.0920449571753172
25.841,0.349,13.96,0.103752841581801,0.0107646521362984
25.859,0.621,24.84,0.363078054770102,0.131825673855641
25.879,0.44,17.6,0.157761126969935,0.0248885731828239
25.879,0.349,13.96,0.103752841581801,0.0107646521362984
25.897,0.492,19.68,0.200447202736516,0.040179081084894
25.916,0.582,23.28,0.303389118419427,0.0920449571753172
25.916,0.556,22.24,0.269153480392692,0.0724435960074991
25.935,0.207,8.28,0.0539510622515128,0.00291071711806661
25.935,0.518,20.72,0.225943577022098,0.0510504999975407
25.954,0.66,26.4,0.434510224171572,0.18879913490963
25.972,0.492,19.68,0.200447202736516,0.040179081084894
25.972,0.647,25.88,0.409260659730011,0.167494287602644
25.99,0.427,17.08,0.148593564228701,0.022080047330189
26.01,0.634,25.36,0.385478357665772,0.148593564228701
26.01,0.699,27.96,0.519995996533516,0.270395836410885
26.029,0.621,24.84,0.363078054770102,0.131825673855641
26.046,0.699,27.96,0.519995996533516,0.270395836410885
26.047,0.738,29.52,0.62230028516916,0.387257644921618
26.065,0.699,27.96,0.519995996533516,0.270395836410885
26.085,0.751,30.04,0.660693448007596,0.436515832240167
26.085,0.751,30.04,0.660693448007596,0.436515832240167
26.103,0.738,29.52,0.62230028516916,0.387257644921618
26.103,0.764,30.56,0.701455298419972,0.492039535681452
26.122,0.751,30.04,0.660693448007596,0.436515832240167
26.14,0.776,31.04,0.741310241300918,0.549540873857625
26.14,0.764,30.56,0.701455298419972,0.492039535681452
26.158,0.725,29,0.586138164514029,0.343557947899875
26.177,0.776,31.04,0.741310241300918,0.549540873857625
26.177,0.738,29.52,0.62230028516916,0.387257644921618
26.195,0.647,25.88,0.409260659730011,0.167494287602644
26.215,0.764,30.56,0.701455298419972,0.492039535681452
26.215,0.686,27.44,0.489778819368447,0.239883291901949
26.232,0.492,19.68,0.200447202736516,0.040179081084894
26.232,0.725,29,0.586138164514029,0.343557947899875
26.25,0.556,22.24,0.269153480392692,0.0724435960074991
26.269,0.336,13.44,0.0977237220955811,0.00954992586021437
26.27,0.608,24.32,0.341979442513709,0.116949939101987
26.288,0.168,6.72,0.0450816704541461,0.00203235701093622
26.307,0.634,25.36,0.385478357665772,0.148593564228701
26.307,0.349,13.96,0.103752841581801,0.0107646521362984
26.326,0.595,23.8,0.322106879128344,0.103752841581801
26.344,0.738,29.52,0.62230028516916,0.387257644921618
26.344,0.531,21.24,0.239883291901949,0.0575439937337158
26.362,0.725,29,0.586138164514029,0.343557947899875
26.38,0.479,19.16,0.188799134909629,0.0356451133426244
26.38,0.712,28.48,0.552077439280758,0.304789498962799
26.399,0.776,31.04,0.741310241300918,0.549540873857625
26.399,0.673,26.92,0.46131757456038,0.212813904598272
26.417,0.764,30.56,0.701455298419972,0.492039535681452
26.437,0.815,32.6,0.887156012037961,0.787045789695099
26.437,0.764,30.56,0.701455298419972,0.492039535681452
26.455,0.815,32.6,0.887156012037961,0.787045789695099
26.473,0.828,33.12,0.941889596522842,0.887156012037962
26.473,0.802,32.08,0.835603018231248,0.698232404077172
26.492,0.815,32.6,0.887156012037961,0.787045789695099
26.511,0.802,32.08,0.835603018231248,0.698232404077172
26.511,0.815,32.6,0.887156012037961,0.787045789695099
26.529,0.815,32.6,0.887156012037961,0.787045789695099
26.529,0.764,30.56,0.701455298419972,0.492039535681452
26.548,0.815,32.6,0.887156012037961,0.787045789695099
26.566,0.789,31.56,0.787045789695099,0.619441075076782
26.566,0.699,27.96,0.519995996533516,0.270395836410885
26.584,0.789,31.56,0.787045789695099,0.619441075076782
26.602,0.712,28.48,0.552077439280758,0.304789498962799
26.602,0.544,21.76,0.254683025258504,0.064863443354824
26.621,0.738,29.52,0.62230028516916,0.387257644921618
26.639,0.595,23.8,0.322106879128344,0.103752841581801
26.639,0.272,10.88,0.0727779804536825,0.00529663443891659
26.657,0.634,25.36,0.385478357665772,0.148593564228701
26.675,0.142,5.68,0.0399944749761098,0.00159955802861467
26.675,0.621,24.84,0.363078054770102,0.131825673855641
26.694,0.311,12.44,0.0870963589956081,0.00758577575029184
26.712,0.569,22.76,0.285759054337495,0.0816582371358593
26.712,0.725,29,0.586138164514029,0.343557947899875
26.73,0.518,20.72,0.225943577022098,0.0510504999975407
26.749,0.712,28.48,0.552077439280758,0.304789498962799
26.749,0.414,16.56,0.139958732257262,0.0195884467350599
26.767,0.699,27.96,0.519995996533516,0.270395836410885
26.785,0.764,30.56,0.701455298419972,0.492039535681452
26.785,0.647,25.88,0.409260659730011,0.167494287602644
26.804,0.751,30.04,0.660693448007596,0.436515832240167
26.804,0.802,32.08,0.835603018231248,0.698232404077172
26.822,0.751,30.04,0.660693448007596,0.436515832240167
26.841,0.802,32.08,0.835603018231248,0.698232404077172
26.841,0.815,32.6,0.887156012037961,0.787045789695099
26.858,0.789,31.56,0.787045789695099,0.619441075076782
26.877,0.815,32.6,0.887156012037961,0.787045789695099
26.877,0.802,32.08,0.835603018231248,0.698232404077172
26.894,0.802,32.08,0.835603018231248,0.698232404077172
26.913,0.815,32.6,0.887156012037961,0.787045789695099
26.913,0.764,30.56,0.701455298419972,0.492039535681452
26.931,0.802,32.08,0.835603018231248,0.698232404077172
26.948,0.776,31.04,0.741310241300918,0.549540873857625
26.948,0.699,27.96,0.519995996533516,0.270395836410885
26.966,0.789,31.56,0.787045789695099,0.619441075076782
26.985,0.712,28.48,0.552077439280758,0.304789498962799
26.985,0.556,22.24,0.269153480392692,0.0724435960074991
27.003,0.738,29.52,0.62230028516916,0.387257644921618
27.021,0.608,24.32,0.341979442513709,0.116949939101987
27.021,0.168,6.72,0.0450816704541461,0.00203235701093622
27.039,0.634,25.36,0.385478357665772,0.148593564228701
27.058,0.259,10.36,0.0685488226452662,0.00469894108605216
27.058,0.582,23.28,0.303389118419427,0.0920449571753172
27.075,0.375,15,0.116949939101987,0.0136772882559585
27.093,0.531,21.24,0.239883291901949,0.0575439937337158
27.093,0.712,28.48,0.552077439280758,0.304789498962799
27.112,0.453,18.12,0.167494287602644,0.0280543363795172
27.129,0.66,26.4,0.434510224171572,0.18879913490963
27.129,0.595,23.8,0.322106879128344,0.103752841581801
27.147,0.634,25.36,0.385478357665772,0.148593564228701
27.166,0.725,29,0.586138164514029,0.343557947899875
27.166,0.582,23.28,0.303389118419427,0.0920449571753172
27.184,0.712,28.48,0.552077439280758,0.304789498962799
27.202,0.751,30.04,0.660693448007596,0.436515832240167
27.202,0.686,27.44,0.489778819368447,0.239883291901949
27.22,0.738,29.52,0.62230028516916,0.387257644921618
27.239,0.751,30.04,0.660693448007596,0.436515832240167
27.239,0.725,29,0.586138164514029,0.343557947899875
27.256,0.751,30.04,0.660693448007596,0.436515832240167
27.256,0.725,29,0.586138164514029,0.343557947899875
27.275,0.725,29,0.586138164514029,0.343557947899875
27.295,0.738,29.52,0.62230028516916,0.387257644921618
27.295,0.699,27.96,0.519995996533516,0.270395836410885
27.312,0.725,29,0.586138164514029,0.343557947899875
27.329,0.686,27.44,0.489778819368447,0.239883291901949
27.329,0.621,24.84,0.363078054770102,0.131825673855641
27.348,0.699,27.96,0.519995996533516,0.270395836410885
27.367,0.647,25.88,0.409260659730011,0.167494287602644
27.367,0.479,19.16,0.188799134909629,0.0356451133426244
27.385,0.647,25.88,0.409260659730011,0.167494287602644
27.405,0.531,21.24,0.239883291901949,0.0575439937337158
27.405,0.168,6.72,0.0450816704541461,0.00203235701093622
27.425,0.556,22.24,0.269153480392692,0.0724435960074991
27.425,0.233,9.32,0.0608135001278718,0.00369828179780267
27.448,0.466,18.64,0.177827941003892,0.0316227766016838
27.448,0.336,13.44,0.0977237220955811,0.00954992586021437
27.468,0.414,16.56,0.139958732257262,0.0195884467350599
27.488,0.595,23.8,0.322106879128344,0.103752841581801
27.488,0.336,13.44,0.0977237220955811,0.00954992586021437
27.508,0.569,22.76,0.285759054337495,0.0816582371358593
27.508,0.207,8.28,0.0539510622515128,0.00291071711806661
27.527,0.544,21.76,0.254683025258504,0.064863443354824
27.546,0.647,25.88,0.409260659730011,0.167494287602644
27.546,0.505,20.2,0.212813904598271,0.0452897579903621
27.563,0.634,25.36,0.385478357665772,0.148593564228701
27.581,0.686,27.44,0.489778819368447,0.239883291901949
27.581,0.621,24.84,0.363078054770102,0.131825673855641
27.599,0.673,26.92,0.46131757456038,0.212813904598272
27.618,0.699,27.96,0.519995996533516,0.270395836410885
27.619,0.673,26.92,0.46131757456038,0.212813904598272
27.637,0.699,27.96,0.519995996533516,0.270395836410885
27.637,0.725,29,0.586138164514029,0.343557947899875
27.656,0.699,27.96,0.519995996533516,0.270395836410885
27.674,0.699,27.96,0.519995996533516,0.270395836410885
27.674,0.673,26.92,0.46131757456038,0.212813904598272
27.693,0.699,27.96,0.519995996533516,0.270395836410885
27.712,0.686,27.44,0.489778819368447,0.239883291901949
27.712,0.621,24.84,0.363078054770102,0.131825673855641
27.73,0.686,27.44,0.489778819368447,0.239883291901949
27.75,0.634,25.36,0.385478357665772,0.148593564228701
27.75,0.492,19.68,0.200447202736516,0.040179081084894
27.767,0.647,25.88,0.409260659730011,0.167494287602644
27.785,0.544,21.76,0.254683025258504,0.064863443354824
27.785,0.181,7.24,0.0478630092322639,0.00229086765276777
27.804,0.569,22.76,0.285759054337495,0.0816582371358593
27.804,0.298,11.92,0.0820351544329818,0.00672976656284318
27.822,0.466,18.64,0.177827941003892,0.0316227766016838
27.839,0.414,16.56,0.139958732257262,0.0195884467350599
27.839,0.518,20.72,0.225943577022098,0.0510504999975407
27.858,0.608,24.32,0.341979442513709,0.116949939101987
27.875,0.298,11.92,0.0820351544329818,0.00672976656284318
27.875,0.582,23.28,0.303389118419427,0.0920449571753172
27.894,0.168,6.72,0.0450816704541461,0.00203235701093622
27.912,0.544,21.76,0.254683025258504,0.064863443354824
27.912,0.673,26.92,0.46131757456038,0.212813904598272
27.93,0.505,20.2,0.212813904598271,0.0452897579903621
27.948,0.66,26.4,0.434510224171572,0.18879913490963
27.948,0.725,29,0.586138164514029,0.343557947899875
27.966,0.66,26.4,0.434510224171572,0.18879913490963
27.984,0.725,29,0.586138164514029,0.343557947899875
27.984,0.751,30.04,0.660693448007596,0.436515832240167
28.003,0.725,29,0.586138164514029,0.343557947899875
28.021,0.764,30.56,0.701455298419972,0.492039535681452
28.021,0.764,30.56,0.701455298419972,0.492039535681452
28.039,0.764,30.56,0.701455298419972,0.492039535681452
28.057,0.776,31.04,0.741310241300918,0.549540873857625
28.057,0.751,30.04,0.660693448007596,0.436515832240167
28.076,0.776,31.04,0.741310241300918,0.549540873857625
28.093,0.764,30.56,0.701455298419972,0.492039535681452
28.093,0.699,27.96,0.519995996533516,0.270395836410885
28.114,0.776,31.04,0.741310241300918,0.549540873857625
28.114,0.725,29,0.586138164514029,0.343557947899875
28.133,0.595,23.8,0.322106879128344,0.103752841581801
28.151,0.738,29.52,0.62230028516916,0.387257644921618
28.151,0.647,25.88,0.409260659730011,0.167494287602644
28.169,0.466,18.64,0.177827941003892,0.0316227766016838
28.187,0.686,27.44,0.489778819368447,0.239883291901949
28.187,0.453,18.12,0.167494287602644,0.0280543363795172
28.204,0.492,19.68,0.200447202736516,0.040179081084894
28.222,0.531,21.24,0.239883291901949,0.0575439937337158
28.222,0.414,16.56,0.139958732257262,0.0195884467350599
28.239,0.686,27.44,0.489778819368447,0.239883291901949
28.257,0.311,12.44,0.0870963589956081,0.00758577575029184
28.257,0.66,26.4,0.434510224171572,0.18879913490963
28.275,0.738,29.52,0.62230028516916,0.387257644921618
28.292,0.621,24.84,0.363078054770102,0.131825673855641
28.293,0.751,30.04,0.660693448007596,0.436515832240167
28.311,0.569,22.76,0.285759054337495,0.0816582371358593
28.327,0.738,29.52,0.62230028516916,0.387257644921618
28.328,0.802,32.08,0.835603018231248,0.698232404077172
28.345,0.712,28.48,0.552077439280758,0.304789498962799
28.364,0.789,31.56,0.787045789695099,0.619441075076782
28.364,0.815,32.6,0.887156012037961,0.787045789695099
28.381,0.776,31.04,0.741310241300918,0.549540873857625
28.399,0.815,32.6,0.887156012037961,0.787045789695099
28.417,0.802,32.08,0.835603018231248,0.698232404077172
28.417,0.802,32.08,0.835603018231248,0.698232404077172
28.434,0.815,32.6,0.887156012037961,0.787045789695099
28.452,0.789,31.56,0.787045789695099,0.619441075076782
28.452,0.802,32.08,0.835603018231248,0.698232404077172
28.469,0.789,31.56,0.787045789695099,0.619441075076782
28.488,0.738,29.52,0.62230028516916,0.387257644921618
28.488,0.802,32.08,0.835603018231248,0.698232404077172
28.507,0.738,29.52,0.62230028516916,0.387257644921618
28.507,0.621,24.84,0.363078054770102,0.131825673855641
28.524,0.738,29.52,0.62230028516916,0.387257644921618
28.541,0.647,25.88,0.409260659730011,0.167494287602644
28.559,0.362,14.48,0.110153930954142,0.0121338885046498
28.559,0.673,26.92,0.46131757456038,0.212813904598272
28.577,0.453,18.12,0.167494287602644,0.0280543363795172
28.595,0.44,17.6,0.157761126969935,0.0248885731828239
28.595,0.505,20.2,0.212813904598271,0.0452897579903621
28.614,0.324,12.96,0.0924698173938223,0.00855066712884685
28.614,0.608,24.32,0.341979442513709,0.116949939101987
28.631,0.155,6.2,0.0424619563946313,0.00180301774085957
28.649,0.556,22.24,0.269153480392692,0.0724435960074991
28.649,0.686,27.44,0.489778819368447,0.239883291901949
28.667,0.621,24.84,0.363078054770102,0.131825673855641
28.685,0.634,25.36,0.385478357665772,0.148593564228701
28.685,0.427,17.08,0.148593564228701,0.022080047330189
28.704,0.608,24.32,0.341979442513709,0.116949939101987
28.722,0.66,26.4,0.434510224171572,0.18879913490963
28.722,0.569,22.76,0.285759054337495,0.0816582371358593
28.739,0.634,25.36,0.385478357665772,0.148593564228701
28.757,0.66,26.4,0.434510224171572,0.18879913490963
28.757,0.595,23.8,0.322106879128344,0.103752841581801
28.775,0.634,25.36,0.385478357665772,0.148593564228701
28.792,0.634,25.36,0.385478357665772,0.148593564228701
28.81,0.608,24.32,0.341979442513709,0.116949939101987
28.81,0.595,23.8,0.322106879128344,0.103752841581801
28.828,0.569,22.76,0.285759054337495,0.0816582371358593
28.828,0.582,23.28,0.303389118419427,0.0920449571753172
28.846,0.544,21.76,0.254683025258504,0.064863443354824
28.865,0.492,19.68,0.200447202736516,0.040179081084894
28.865,0.556,22.24,0.269153480392692,0.0724435960074991
28.883,0.492,19.68,0.200447202736516,0.040179081084894
28.901,0.362,14.48,0.110153930954142,0.0121338885046498
28.901,0.479,19.16,0.188799134909629,0.0356451133426244
28.919,0.375,15,0.116949939101987,0.0136772882559585
28.936,0.194,7.76,0.0508159442560561,0.0025822601906346
28.936,0.388,15.52,0.124165230759241,0.0154170045294956
28.954,0.233,9.32,0.0608135001278718,0.00369828179780267
28.972,0.194,7.76,0.0508159442560561,0.0025822601906346
28.972,0.285,11.4,0.0772680585095703,0.00597035286583838
28.989,0.194,7.76,0.0508159442560561,0.0025822601906346
29.008,0.375,15,0.116949939101987,0.0136772882559585
29.008,0.181,7.24,0.0478630092322639,0.00229086765276777
29.026,0.349,13.96,0.103752841581801,0.0107646521362984
29.045,0.479,19.16,0.188799134909629,0.0356451133426244
29.045,0.349,13.96,0.103752841581801,0.0107646521362984
29.062,0.492,19.68,0.200447202736516,0.040179081084894
29.08,0.324,12.96,0.0924698173938223,0.00855066712884685
29.08,0.556,22.24,0.269153480392692,0.0724435960074991
29.097,0.595,23.8,0.322106879128344,0.103752841581801
29.116,0.492,19.68,0.200447202736516,0.040179081084894
29.116,0.595,23.8,0.322106879128344,0.103752841581801
29.135,0.66,26.4,0.434510224171572,0.18879913490963
29.153,0.595,23.8,0.322106879128344,0.103752841581801
29.153,0.66,26.4,0.434510224171572,0.18879913490963
29.172,0.686,27.44,0.489778819368447,0.239883291901949
29.19,0.673,26.92,0.46131757456038,0.212813904598272
29.19,0.699,27.96,0.519995996533516,0.270395836410885
29.208,0.673,26.92,0.46131757456038,0.212813904598272
29.225,0.699,27.96,0.519995996533516,0.270395836410885
29.225,0.699,27.96,0.519995996533516,0.270395836410885
29.243,0.66,26.4,0.434510224171572,0.18879913490963
29.261,0.712,28.48,0.552077439280758,0.304789498962799
29.261,0.673,26.92,0.46131757456038,0.212813904598272
29.279,0.582,23.28,0.303389118419427,0.0920449571753172
29.296,0.686,27.44,0.489778819368447,0.239883291901949
29.296,0.621,24.84,0.363078054770102,0.131825673855641
29.314,0.414,16.56,0.139958732257262,0.0195884467350599
29.331,0.634,25.36,0.385478357665772,0.148593564228701
29.331,0.479,19.16,0.188799134909629,0.0356451133426244
29.349,0.285,11.4,0.0772680585095703,0.00597035286583838
29.367,0.544,21.76,0.254683025258504,0.064863443354824
29.367,0.155,6.2,0.0424619563946313,0.00180301774085957
29.386,0.569,22.76,0.285759054337495,0.0816582371358593
29.403,0.168,6.72,0.0450816704541461,0.00203235701093622
29.403,0.544,21.76,0.254683025258504,0.064863443354824
29.421,0.673,26.92,0.46131757456038,0.212813904598272
29.439,0.492,19.68,0.200447202736516,0.040179081084894
29.439,0.66,26.4,0.434510224171572,0.18879913490963
29.456,0.427,17.08,0.148593564228701,0.022080047330189
29.474,0.647,25.88,0.409260659730011,0.167494287602644
29.474,0.725,29,0.586138164514029,0.343557947899875
29.492,0.634,25.36,0.385478357665772,0.148593564228701
29.511,0.725,29,0.586138164514029,0.343557947899875
29.511,0.751,30.04,0.660693448007596,0.436515832240167
29.528,0.699,27.96,0.519995996533516,0.270395836410885
29.547,0.764,30.56,0.701455298419972,0.492039535681452
29.547,0.776,31.04,0.741310241300918,0.549540873857625
29.564,0.751,30.04,0.660693448007596,0.436515832240167
29.581,0.776,31.04,0.741310241300918,0.549540873857625
29.581,0.764,30.56,0.701455298419972,0.492039535681452
29.6,0.776,31.04,0.741310241300918,0.549540873857625
29.618,0.764,30.56,0.701455298419972,0.492039535681452
29.618,0.738,29.52,0.62230028516916,0.387257644921618
29.636,0.776,31.04,0.741310241300918,0.549540873857625
29.654,0.751,30.04,0.660693448007596,0.436515832240167
29.654,0.66,26.4,0.434510224171572,0.18879913490963
29.672,0.751,30.04,0.660693448007596,0.436515832240167
29.69,0.699,27.96,0.519995996533516,0.270395836410885
29.69,0.569,22.76,0.285759054337495,0.0816582371358593
29.708,0.712,28.48,0.552077439280758,0.304789498962799
29.727,0.556,22.24,0.269153480392692,0.0724435960074991
29.727,0.246,9.84,0.0645654229034656,0.00416869383470336
29.746,0.608,24.32,0.341979442513709,0.116949939101987
29.746,0.181,7.24,0.0478630092322639,0.00229086765276777
29.763,0.595,23.8,0.322106879128344,0.103752841581801
29.781,0.298,11.92,0.0820351544329818,0.00672976656284318
29.799,0.556,22.24,0.269153480392692,0.0724435960074991
29.799,0.712,28.48,0.552077439280758,0.304789498962799
29.817,0.492,19.68,0.200447202736516,0.040179081084894
29.817,0.699,27.96,0.519995996533516,0.270395836410885
29.834,0.414,16.56,0.139958732257262,0.0195884467350599
29.853,0.673,26.92,0.46131757456038,0.212813904598272
29.853,0.764,30.56,0.701455298419972,0.492039535681452
29.871,0.647,25.88,0.409260659730011,0.167494287602644
29.89,0.764,30.56,0.701455298419972,0.492039535681452
29.89,0.802,32.08,0.835603018231248,0.698232404077172
29.908,0.751,30.04,0.660693448007596,0.436515832240167
29.927,0.789,31.56,0.787045789695099,0.619441075076782
29.927,0.815,32.6,0.887156012037961,0.787045789695099
29.944,0.789,31.56,0.787045789695099,0.619441075076782
29.962,0.828,33.12,0.941889596522842,0.887156012037962
29.962,0.815,32.6,0.887156012037961,0.787045789695099
29.981,0.815,32.6,0.887156012037961,0.787045789695099
29.999,0.815,32.6,0.887156012037961,0.787045789695099
29.999,0.776,31.04,0.741310241300918,0.549540873857625
30.017,0.815,32.6,0.887156012037961,0.787045789695099
30.035,0.789,31.56,0.787045789695099,0.619441075076782
30.035,0.725,29,0.586138164514029,0.343557947899875
30.053,0.802,32.08,0.835603018231248,0.698232404077172
30.071,0.738,29.52,0.62230028516916,0.387257644921618
30.071,0.582,23.28,0.303389118419427,0.0920449571753172
30.089,0.751,30.04,0.660693448007596,0.436515832240167
30.106,0.621,24.84,0.363078054770102,0.131825673855641
30.107,0.181,7.24,0.0478630092322639,0.00229086765276777
30.125,0.66,26.4,0.434510224171572,0.18879913490963
30.143,0.259,10.36,0.0685488226452662,0.00469894108605216
30.144,0.608,24.32,0.341979442513709,0.116949939101987
30.162,0.375,15,0.116949939101987,0.0136772882559585
30.162,0.556,22.24,0.269153480392692,0.0724435960074991
30.18,0.725,29,0.586138164514029,0.343557947899875
30.199,0.492,19.68,0.200447202736516,0.040179081084894
30.199,0.725,29,0.586138164514029,0.343557947899875
30.218,0.388,15.52,0.124165230759241,0.0154170045294956
30.236,0.673,26.92,0.46131757456038,0.212813904598272
30.236,0.764,30.56,0.701455298419972,0.492039535681452
30.254,0.634,25.36,0.385478357665772,0.148593564228701
30.273,0.751,30.04,0.660693448007596,0.436515832240167
30.273,0.802,32.08,0.835603018231248,0.698232404077172
30.291,0.738,29.52,0.62230028516916,0.387257644921618
30.31,0.789,31.56,0.787045789695099,0.619441075076782
30.31,0.802,32.08,0.835603018231248,0.698232404077172
30.329,0.776,31.04,0.741310241300918,0.549540873857625
30.329,0.802,32.08,0.835603018231248,0.698232404077172
30.348,0.789,31.56,0.787045789695099,0.619441075076782
30.365,0.802,32.08,0.835603018231248,0.698232404077172
30.365,0.789,31.56,0.787045789695099,0.619441075076782
30.384,0.751,30.04,0.660693448007596,0.436515832240167
30.402,0.802,32.08,0.835603018231248,0.698232404077172
30.402,0.751,30.04,0.660693448007596,0.436515832240167
30.421,0.699,27.96,0.519995996533516,0.270395836410885
30.439,0.776,31.04,0.741310241300918,0.549540873857625
30.439,0.712,28.48,0.552077439280758,0.304789498962799
30.457,0.544,21.76,0.254683025258504,0.064863443354824
30.476,0.712,28.48,0.552077439280758,0.304789498962799
30.476,0.582,23.28,0.303389118419427,0.0920449571753172
30.494,0.142,5.68,0.0399944749761098,0.00159955802861467
30.512,0.621,24.84,0.363078054770102,0.131825673855641
30.512,0.272,10.88,0.0727779804536825,0.00529663443891659
30.529,0.518,20.72,0.225943577022098,0.0510504999975407
30.548,0.388,15.52,0.124165230759241,0.0154170045294956
30.548,0.44,17.6,0.157761126969935,0.0248885731828239
30.566,0.634,25.36,0.385478357665772,0.148593564228701
30.585,0.349,13.96,0.103752841581801,0.0107646521362984
30.585,0.595,23.8,0.322106879128344,0.103752841581801
30.603,0.246,9.84,0.0645654229034656,0.00416869383470336
30.603,0.544,21.76,0.254683025258504,0.064863443354824
30.622,0.66,26.4,0.434510224171572,0.18879913490963
30.639,0.505,20.2,0.212813904598271,0.0452897579903621
30.639,0.621,24.84,0.363078054770102,0.131825673855641
30.658,0.673,26.92,0.46131757456038,0.212813904598272
30.675,0.595,23.8,0.322106879128344,0.103752841581801
30.675,0.647,25.88,0.409260659730011,0.167494287602644
30.693,0.673,26.92,0.46131757456038,0.212813904598272
30.712,0.621,24.84,0.363078054770102,0.131825673855641
30.712,0.66,26.4,0.434510224171572,0.18879913490963
30.73,0.647,25.88,0.409260659730011,0.167494287602644
30.749,0.634,25.36,0.385478357665772,0.148593564228701
30.749,0.634,25.36,0.385478357665772,0.148593564228701
30.767,0.595,23.8,0.322106879128344,0.103752841581801
30.784,0.608,24.32,0.341979442513709,0.116949939101987
30.785,0.595,23.8,0.322106879128344,0.103752841581801
30.804,0.518,20.72,0.225943577022098,0.0510504999975407
30.822,0.582,23.28,0.303389118419427,0.0920449571753172
30.822,0.518,20.72,0.225943577022098,0.0510504999975407
30.84,0.375,15,0.116949939101987,0.0136772882559585
30.84,0.518,20.72,0.225943577022098,0.0510504999975407
30.859,0.401,16.04,0.131825673855641,0.0173780082874938
30.876,0.194,7.76,0.0508159442560561,0.0025822601906346
30.876,0.414,16.56,0.139958732257262,0.0195884467350599
30.895,0.181,7.24,0.0478630092322639,0.00229086765276777
30.913,0.285,11.4,0.0772680585095703,0.00597035286583838
30.913,0.634,25.36,0.385478357665772,0.148593564228701
30.932,0.233,9.32,0.0608135001278718,0.00369828179780267
30.949,0.401,16.04,0.131825673855641,0.0173780082874938
30.949,0.194,7.76,0.0508159442560561,0.0025822601906346
30.967,0.375,15,0.116949939101987,0.0136772882559585
30.986,0.155,6.2,0.0424619563946313,0.00180301774085957
30.986,0.336,13.44,0.0977237220955811,0.00954992586021437
31.005,0.453,18.12,0.167494287602644,0.0280543363795172
31.025,0.324,12.96,0.0924698173938223,0.00855066712884685
31.025,0.427,17.08,0.148593564228701,0.022080047330189
31.045,0.492,19.68,0.200447202736516,0.040179081084894
31.045,0.427,17.08,0.148593564228701,0.022080047330189
31.063,0.505,20.2,0.212813904598271,0.0452897579903621
31.081,0.531,21.24,0.239883291901949,0.0575439937337158
31.081,0.518,20.72,0.225943577022098,0.0510504999975407
31.1,0.556,22.24,0.269153480392692,0.0724435960074991
31.119,0.556,22.24,0.269153480392692,0.0724435960074991
31.119,0.569,22.76,0.285759054337495,0.0816582371358593
31.137,0.582,23.28,0.303389118419427,0.0920449571753172
31.157,0.556,22.24,0.269153480392692,0.0724435960074991
31.157,0.608,24.32,0.341979442513709,0.116949939101987
31.176,0.569,22.76,0.285759054337495,0.0816582371358593
31.176,0.531,21.24,0.239883291901949,0.0575439937337158
31.193,0.595,23.8,0.322106879128344,0.103752841581801
31.211,0.556,22.24,0.269153480392692,0.0724435960074991
31.211,0.453,18.12,0.167494287602644,0.0280543363795172
31.23,0.582,23.28,0.303389118419427,0.0920449571753172
31.249,0.505,20.2,0.212813904598271,0.0452897579903621
31.249,0.22,8.8,0.057279603098583,0.00328095293113119
31.267,0.544,21.76,0.254683025258504,0.064863443354824
31.285,0.324,12.96,0.0924698173938223,0.00855066712884685
31.285,0.388,15.52,0.124165230759241,0.0154170045294956
31.306,0.401,16.04,0.131825673855641,0.0173780082874938
31.306,0.324,12.96,0.0924698173938223,0.00855066712884685
31.327,0.582,23.28,0.303389118419427,0.0920449571753172
31.348,0.207,8.28,0.0539510622515128,0.00291071711806661
31.348,0.556,22.24,0.269153480392692,0.0724435960074991
31.368,0.673,26.92,0.46131757456038,0.212813904598272
31.368,0.531,21.24,0.239883291901949,0.0575439937337158
31.388,0.647,25.88,0.409260659730011,0.167494287602644
31.407,0.479,19.16,0.188799134909629,0.0356451133426244
31.407,0.66,26.4,0.434510224171572,0.18879913490963
31.428,0.725,29,0.586138164514029,0.343557947899875
31.428,0.647,25.88,0.409260659730011,0.167494287602644
31.448,0.725,29,0.586138164514029,0.343557947899875
31.467,0.751,30.04,0.660693448007596,0.436515832240167
31.467,0.712,28.48,0.552077439280758,0.304789498962799
31.487,0.751,30.04,0.660693448007596,0.436515832240167
31.488,0.764,30.56,0.701455298419972,0.492039535681452
31.508,0.764,30.56,0.701455298419972,0.492039535681452
31.508,0.764,30.56,0.701455298419972,0.492039535681452
31.529,0.738,29.52,0.62230028516916,0.387257644921618
31.549,0.764,30.56,0.701455298419972,0.492039535681452
31.55,0.751,30.04,0.660693448007596,0.436515832240167
31.57,0.699,27.96,0.519995996533516,0.270395836410885
31.57,0.764,30.56,0.701455298419972,0.492039535681452
31.589,0.712,28.48,0.552077439280758,0.304789498962799
31.608,0.621,24.84,0.363078054770102,0.131825673855641
31.609,0.738,29.52,0.62230028516916,0.387257644921618
31.63,0.634,25.36,0.385478357665772,0.148593564228701
31.63,0.401,16.04,0.131825673855641,0.0173780082874938
31.65,0.673,26.92,0.46131757456038,0.212813904598272
31.65,0.479,19.16,0.188799134909629,0.0356451133426244
31.673,0.44,17.6,0.157761126969935,0.0248885731828239
31.693,0.544,21.76,0.254683025258504,0.064863443354824
31.693,0.324,12.96,0.0924698173938223,0.00855066712884685
31.714,0.647,25.88,0.409260659730011,0.167494287602644
31.714,0.168,6.72,0.0450816704541461,0.00203235701093622
31.735,0.621,24.84,0.363078054770102,0.131825673855641
31.735,0.738,29.52,0.62230028516916,0.387257644921618
31.753,0.595,23.8,0.322106879128344,0.103752841581801
31.772,0.738,29.52,0.62230028516916,0.387257644921618
31.772,0.531,21.24,0.239883291901949,0.0575439937337158
31.79,0.712,28.48,0.552077439280758,0.304789498962799
31.809,0.776,31.04,0.741310241300918,0.549540873857625
31.809,0.686,27.44,0.489778819368447,0.239883291901949
31.827,0.776,31.04,0.741310241300918,0.549540873857625
31.845,0.815,32.6,0.887156012037961,0.787045789695099
31.845,0.764,30.56,0.701455298419972,0.492039535681452
31.863,0.802,32.08,0.835603018231248,0.698232404077172
31.881,0.828,33.12,0.941889596522842,0.887156012037962
31.881,0.802,32.08,0.835603018231248,0.698232404077172
31.901,0.828,33.12,0.941889596522842,0.887156012037962
31.901,0.802,32.08,0.835603018231248,0.698232404077172
31.918,0.828,33.12,0.941889596522842,0.887156012037962
31.936,0.802,32.08,0.835603018231248,0.698232404077172
31.954,0.764,30.56,0.701455298419972,0.492039535681452
31.954,0.815,32.6,0.887156012037961,0.787045789695099
31.972,0.776,31.04,0.741310241300918,0.549540873857625
31.99,0.673,26.92,0.46131757456038,0.212813904598272
31.99,0.789,31.56,0.787045789695099,0.619441075076782
32.009,0.699,27.96,0.519995996533516,0.270395836410885
32.009,0.466,18.64,0.177827941003892,0.0316227766016838
32.027,0.725,29,0.586138164514029,0.343557947899875
32.045,0.531,21.24,0.239883291901949,0.0575439937337158
32.045,0.44,17.6,0.157761126969935,0.0248885731828239
32.064,0.595,23.8,0.322106879128344,0.103752841581801
32.082,0.298,11.92,0.0820351544329818,0.00672976656284318
32.082,0.647,25.88,0.409260659730011,0.167494287602644
32.1,0.194,7.76,0.0508159442560561,0.0025822601906346
32.119,0.634,25.36,0.385478357665772,0.148593564228701
32.119,0.751,30.04,0.660693448007596,0.436515832240167
32.136,0.582,23.28,0.303389118419427,0.0920449571753172
32.155,0.725,29,0.586138164514029,0.343557947899875
32.155,0.531,21.24,0.239883291901949,0.0575439937337158
32.174,0.712,28.48,0.552077439280758,0.304789498962799
32.192,0.789,31.56,0.787045789695099,0.619441075076782
32.192,0.699,27.96,0.519995996533516,0.270395836410885
32.209,0.776,31.04,0.741310241300918,0.549540873857625
32.228,0.815,32.6,0.887156012037961,0.787045789695099
32.228,0.764,30.56,0.701455298419972,0.492039535681452
32.246,0.802,32.08,0.835603018231248,0.698232404077172
32.246,0.802,32.08,0.835603018231248,0.698232404077172
32.264,0.802,32.08,0.835603018231248,0.698232404077172
32.281,0.815,32.6,0.887156012037961,0.787045789695099
32.281,0.789,31.56,0.787045789695099,0.619441075076782
32.299,0.802,32.08,0.835603018231248,0.698232404077172
32.317,0.789,31.56,0.787045789695099,0.619441075076782
32.335,0.751,30.04,0.660693448007596,0.436515832240167
32.335,0.789,31.56,0.787045789695099,0.619441075076782
32.355,0.751,30.04,0.660693448007596,0.436515832240167
32.355,0.673,26.92,0.46131757456038,0.212813904598272
32.372,0.764,30.56,0.701455298419972,0.492039535681452
32.39,0.686,27.44,0.489778819368447,0.239883291901949
32.39,0.479,19.16,0.188799134909629,0.0356451133426244
32.407,0.686,27.44,0.489778819368447,0.239883291901949
32.426,0.531,21.24,0.239883291901949,0.0575439937337158
32.426,0.311,12.44,0.0870963589956081,0.00758577575029184
32.444,0.569,22.76,0.285759054337495,0.0816582371358593
32.462,0.207,8.28,0.0539510622515128,0.00291071711806661
32.462,0.595,23.8,0.322106879128344,0.103752841581801
32.48,0.22,8.8,0.057279603098583,0.00328095293113119
32.499,0.531,21.24,0.239883291901949,0.0575439937337158
32.499,0.686,27.44,0.489778819368447,0.239883291901949
32.516,0.479,19.16,0.188799134909629,0.0356451133426244
32.534,0.66,26.4,0.434510224171572,0.18879913490963
32.534,0.414,16.56,0.139958732257262,0.0195884467350599
32.552,0.634,25.36,0.385478357665772,0.148593564228701
32.57,0.725,29,0.586138164514029,0.343557947899875
32.57,0.595,23.8,0.322106879128344,0.103752841581801
32.589,0.699,27.96,0.519995996533516,0.270395836410885
32.607,0.751,30.04,0.660693448007596,0.436515832240167
32.607,0.686,27.44,0.489778819368447,0.239883291901949
32.624,0.738,29.52,0.62230028516916,0.387257644921618
32.643,0.725,29,0.586138164514029,0.343557947899875
32.643,0.725,29,0.586138164514029,0.343557947899875
32.66,0.738,29.52,0.62230028516916,0.387257644921618
32.678,0.712,28.48,0.552077439280758,0.304789498962799
32.678,0.725,29,0.586138164514029,0.343557947899875
32.696,0.725,29,0.586138164514029,0.343557947899875
32.714,0.673,26.92,0.46131757456038,0.212813904598272
32.714,0.712,28.48,0.552077439280758,0.304789498962799
32.732,0.673,26.92,0.46131757456038,0.212813904598272
32.75,0.582,23.28,0.303389118419427,0.0920449571753172
32.75,0.673,26.92,0.46131757456038,0.212813904598272
32.768,0.686,27.44,0.489778819368447,0.239883291901949
32.787,0.414,16.56,0.139958732257262,0.0195884467350599
32.787,0.634,25.36,0.385478357665772,0.148593564228701
32.805,0.466,18.64,0.177827941003892,0.0316227766016838
32.824,0.233,9.32,0.0608135001278718,0.00369828179780267
32.824,0.518,20.72,0.225943577022098,0.0510504999975407
32.845,0.168,6.72,0.0450816704541461,0.00203235701093622
32.845,0.492,19.68,0.200447202736516,0.040179081084894
32.866,0.22,8.8,0.057279603098583,0.00328095293113119
32.866,0.44,17.6,0.157761126969935,0.0248885731828239
32.886,0.595,23.8,0.322106879128344,0.103752841581801
32.906,0.388,15.52,0.124165230759241,0.0154170045294956
32.906,0.582,23.28,0.303389118419427,0.0920449571753172
32.927,0.298,11.92,0.0820351544329818,0.00672976656284318
32.927,0.556,22.24,0.269153480392692,0.0724435960074991
32.947,0.647,25.88,0.409260659730011,0.167494287602644
32.968,0.518,20.72,0.225943577022098,0.0510504999975407
32.968,0.647,25.88,0.409260659730011,0.167494287602644
32.986,0.66,26.4,0.434510224171572,0.18879913490963
32.986,0.595,23.8,0.322106879128344,0.103752841581801
33.005,0.66,26.4,0.434510224171572,0.18879913490963
33.023,0.673,26.92,0.46131757456038,0.212813904598272
33.023,0.647,25.88,0.409260659730011,0.167494287602644
33.042,0.673,26.92,0.46131757456038,0.212813904598272
33.06,0.66,26.4,0.434510224171572,0.18879913490963
33.06,0.673,26.92,0.46131757456038,0.212813904598272
33.08,0.673,26.92,0.46131757456038,0.212813904598272
33.098,0.621,24.84,0.363078054770102,0.131825673855641
33.098,0.647,25.88,0.409260659730011,0.167494287602644
33.116,0.621,24.84,0.363078054770102,0.131825673855641
33.116,0.544,21.76,0.254683025258504,0.064863443354824
33.136,0.621,24.84,0.363078054770102,0.131825673855641
33.155,0.556,22.24,0.269153480392692,0.0724435960074991
33.155,0.401,16.04,0.131825673855641,0.0173780082874938
33.175,0.569,22.76,0.285759054337495,0.0816582371358593
33.175,0.44,17.6,0.157761126969935,0.0248885731828239
33.195,0.181,7.24,0.0478630092322639,0.00229086765276777
33.213,0.479,19.16,0.188799134909629,0.0356451133426244
33.213,0.259,10.36,0.0685488226452662,0.00469894108605216
33.23,0.414,16.56,0.139958732257262,0.0195884467350599
33.25,0.298,11.92,0.0820351544329818,0.00672976656284318
33.25,0.349,13.96,0.103752841581801,0.0107646521362984
33.267,0.518,20.72,0.225943577022098,0.0510504999975407
33.286,0.285,11.4,0.0772680585095703,0.00597035286583838
33.286,0.492,19.68,0.200447202736516,0.040179081084894
33.303,0.246,9.84,0.0645654229034656,0.00416869383470336
33.323,0.466,18.64,0.177827941003892,0.0316227766016838
33.323,0.569,22.76,0.285759054337495,0.0816582371358593
33.341,0.44,17.6,0.157761126969935,0.0248885731828239
33.359,0.556,22.24,0.269153480392692,0.0724435960074991
33.359,0.608,24.32,0.341979442513709,0.116949939101987
33.377,0.531,21.24,0.239883291901949,0.0575439937337158
33.395,0.595,23.8,0.322106879128344,0.103752841581801
33.395,0.608,24.32,0.341979442513709,0.116949939101987
33.412,0.582,23.28,0.303389118419427,0.0920449571753172
33.43,0.621,24.84,0.363078054770102,0.131825673855641
33.43,0.608,24.32,0.341979442513709,0.116949939101987
33.449,0.608,24.32,0.341979442513709,0.116949939101987
33.466,0.608,24.32,0.341979442513709,0.116949939101987
33.466,0.569,22.76,0.285759054337495,0.0816582371358593
33.484,0.608,24.32,0.341979442513709,0.116949939101987
33.502,0.582,23.28,0.303389118419427,0.0920449571753172
33.502,0.492,19.68,0.200447202736516,0.040179081084894
33.521,0.595,23.8,0.322106879128344,0.103752841581801
33.521,0.518,20.72,0.225943577022098,0.0510504999975407
33.54,0.479,19.16,0.188799134909629,0.0356451133426244
33.558,0.531,21.24,0.239883291901949,0.0575439937337158
33.558,0.414,16.56,0.139958732257262,0.0195884467350599
33.577,0.233,9.32,0.0608135001278718,0.00369828179780267
33.594,0.44,17.6,0.157761126969935,0.0248885731828239
33.594,0.285,11.4,0.0772680585095703,0.00597035286583838
33.612,0.349,13.96,0.103752841581801,0.0107646521362984
33.63,0.233,9.32,0.0608135001278718,0.00369828179780267
33.631,0.311,12.44,0.0870963589956081,0.00758577575029184
33.65,0.479,19.16,0.188799134909629,0.0356451133426244
33.668,0.259,10.36,0.0685488226452662,0.00469894108605216
33.668,0.44,17.6,0.157761126969935,0.0248885731828239
33.685,0.181,7.24,0.0478630092322639,0.00229086765276777
33.704,0.414,16.56,0.139958732257262,0.0195884467350599
33.704,0.531,21.24,0.239883291901949,0.0575439937337158
33.721,0.388,15.52,0.124165230759241,0.0154170045294956
33.74,0.505,20.2,0.212813904598271,0.0452897579903621
33.74,0.556,22.24,0.269153480392692,0.0724435960074991
33.758,0.479,19.16,0.188799134909629,0.0356451133426244
33.779,0.556,22.24,0.269153480392692,0.0724435960074991
33.779,0.569,22.76,0.285759054337495,0.0816582371358593
33.797,0.544,21.76,0.254683025258504,0.064863443354824
33.797,0.582,23.28,0.303389118419427,0.0920449571753172
33.815,0.556,22.24,0.269153480392692,0.0724435960074991
33.833,0.556,22.24,0.269153480392692,0.0724435960074991
33.833,0.556,22.24,0.269153480392692,0.0724435960074991
33.851,0.544,21.76,0.254683025258504,0.064863443354824
33.869,0.569,22.76,0.285759054337495,0.0816582371358593
33.869,0.544,21.76,0.254683025258504,0.064863443354824
33.888,0.479,19.16,0.188799134909629,0.0356451133426244
33.905,0.544,21.76,0.254683025258504,0.064863443354824
33.905,0.492,19.68,0.200447202736516,0.040179081084894
33.924,0.375,15,0.116949939101987,0.0136772882559585
33.941,0.505,20.2,0.212813904598271,0.0452897579903621
33.942,0.401,16.04,0.131825673855641,0.0173780082874938
33.96,0.233,9.32,0.0608135001278718,0.00369828179780267
33.979,0.44,17.6,0.157761126969935,0.0248885731828239
33.979,0.259,10.36,0.0685488226452662,0.00469894108605216
33.996,0.634,25.36,0.385478357665772,0.148593564228701
34.014,0.272,10.88,0.0727779804536825,0.00529663443891659
34.014,0.246,9.84,0.0645654229034656,0.00416869383470336
34.033,0.466,18.64,0.177827941003892,0.0316227766016838
34.033,0.207,8.28,0.0539510622515128,0.00291071711806661
34.052,0.427,17.08,0.148593564228701,0.022080047330189
34.07,0.233,9.32,0.0608135001278718,0.00369828179780267
34.07,0.414,16.56,0.139958732257262,0.0195884467350599
34.088,0.531,21.24,0.239883291901949,0.0575439937337158
34.106,0.388,15.52,0.124165230759241,0.0154170045294956
34.106,0.518,20.72,0.225943577022098,0.0510504999975407
34.124,0.582,23.28,0.303389118419427,0.0920449571753172
34.141,0.518,20.72,0.225943577022098,0.0510504999975407
34.141,0.582,23.28,0.303389118419427,0.0920449571753172
34.16,0.608,24.32,0.341979442513709,0.116949939101987
34.178,0.582,23.28,0.303389118419427,0.0920449571753172
34.178,0.621,24.84,0.363078054770102,0.131825673855641
34.198,0.621,24.84,0.363078054770102,0.131825673855641
34.217,0.608,24.32,0.341979442513709,0.116949939101987
34.217,0.621,24.84,0.363078054770102,0.131825673855641
34.235,0.595,23.8,0.322106879128344,0.103752841581801
34.236,0.621,24.84,0.363078054770102,0.131825673855641
34.253,0.595,23.8,0.322106879128344,0.103752841581801
34.271,0.544,21.76,0.254683025258504,0.064863443354824
34.271,0.608,24.32,0.341979442513709,0.116949939101987
34.29,0.556,22.24,0.269153480392692,0.0724435960074991
34.307,0.44,17.6,0.157761126969935,0.0248885731828239
34.307,0.556,22.24,0.269153480392692,0.0724435960074991
34.325,0.466,18.64,0.177827941003892,0.0316227766016838
34.343,0.22,8.8,0.057279603098583,0.00328095293113119
34.343,0.479,19.16,0.188799134909629,0.0356451133426244
34.362,0.272,10.88,0.0727779804536825,0.00529663443891659
34.379,0.285,11.4,0.0772680585095703,0.00597035286583838
34.379,0.336,13.44,0.0977237220955811,0.00954992586021437
34.397,0.259,10.36,0.0685488226452662,0.00469894108605216
34.416,0.492,19.68,0.200447202736516,0.040179081084894
34.416,0.207,8.28,0.0539510622515128,0.00291071711806661
34.434,0.453,18.12,0.167494287602644,0.0280543363795172
34.452,0.544,21.76,0.254683025258504,0.064863443354824
34.452,0.414,16.56,0.139958732257262,0.0195884467350599
34.469,0.544,21.76,0.254683025258504,0.064863443354824
34.487,0.375,15,0.116949939101987,0.0136772882559585
34.487,0.531,21.24,0.239883291901949,0.0575439937337158
34.505,0.595,23.8,0.322106879128344,0.103752841581801
34.523,0.505,20.2,0.212813904598271,0.0452897579903621
34.523,0.582,23.28,0.303389118419427,0.0920449571753172
34.541,0.621,24.84,0.363078054770102,0.131825673855641
34.561,0.569,22.76,0.285759054337495,0.0816582371358593
34.561,0.608,24.32,0.341979442513709,0.116949939101987
34.579,0.621,24.84,0.363078054770102,0.131825673855641
34.598,0.608,24.32,0.341979442513709,0.116949939101987
34.598,0.621,24.84,0.363078054770102,0.131825673855641
34.617,0.595,23.8,0.322106879128344,0.103752841581801
34.617,0.608,24.32,0.341979442513709,0.116949939101987
34.635,0.608,24.32,0.341979442513709,0.116949939101987
34.655,0.544,21.76,0.254683025258504,0.064863443354824
34.655,0.608,24.32,0.341979442513709,0.116949939101987
34.673,0.569,22.76,0.285759054337495,0.0816582371358593
34.692,0.466,18.64,0.177827941003892,0.0316227766016838
34.692,0.582,23.28,0.303389118419427,0.0920449571753172
34.711,0.492,19.68,0.200447202736516,0.040179081084894
34.73,0.246,9.84,0.0645654229034656,0.00416869383470336
34.73,0.531,21.24,0.239883291901949,0.0575439937337158
34.749,0.324,12.96,0.0924698173938223,0.00855066712884685
34.749,0.324,12.96,0.0924698173938223,0.00855066712884685
34.768,0.401,16.04,0.131825673855641,0.0173780082874938
34.787,0.233,9.32,0.0608135001278718,0.00369828179780267
34.787,0.505,20.2,0.212813904598271,0.0452897579903621
34.805,0.181,7.24,0.0478630092322639,0.00229086765276777
34.824,0.479,19.16,0.188799134909629,0.0356451133426244
34.824,0.582,23.28,0.303389118419427,0.0920449571753172
34.842,0.44,17.6,0.157761126969935,0.0248885731828239
34.842,0.569,22.76,0.285759054337495,0.0816582371358593
34.861,0.388,15.52,0.124165230759241,0.0154170045294956
34.879,0.544,21.76,0.254683025258504,0.064863443354824
34.879,0.621,24.84,0.363078054770102,0.131825673855641
34.898,0.531,21.24,0.239883291901949,0.0575439937337158
34.916,0.608,24.32,0.341979442513709,0.116949939101987
34.916,0.647,25.88,0.409260659730011,0.167494287602644
34.933,0.595,23.8,0.322106879128344,0.103752841581801
34.951,0.647,25.88,0.409260659730011,0.167494287602644
34.951,0.647,25.88,0.409260659730011,0.167494287602644
34.97,0.621,24.84,0.363078054770102,0.131825673855641
34.987,0.647,25.88,0.409260659730011,0.167494287602644
34.987,0.621,24.84,0.363078054770102,0.131825673855641
35.005,0.647,25.88,0.409260659730011,0.167494287602644
35.024,0.634,25.36,0.385478357665772,0.148593564228701
35.024,0.582,23.28,0.303389118419427,0.0920449571753172
35.041,0.634,25.36,0.385478357665772,0.148593564228701
35.059,0.595,23.8,0.322106879128344,0.103752841581801
35.059,0.518,20.72,0.225943577022098,0.0510504999975407
35.077,0.621,24.84,0.363078054770102,0.131825673855641
35.096,0.518,20.72,0.225943577022098,0.0510504999975407
35.096,0.324,12.96,0.0924698173938223,0.00855066712884685
35.113,0.556,22.24,0.269153480392692,0.0724435960074991
35.131,0.388,15.52,0.124165230759241,0.0154170045294956
35.131,0.259,10.36,0.0685488226452662,0.00469894108605216
35.149,0.427,17.08,0.148593564228701,0.022080047330189
35.167,0.246,9.84,0.0645654229034656,0.00416869383470336
35.167,0.479,19.16,0.188799134909629,0.0356451133426244
35.186,0.155,6.2,0.0424619563946313,0.00180301774085957
35.205,0.427,17.08,0.148593564228701,0.022080047330189
35.205,0.582,23.28,0.303389118419427,0.0920449571753172
35.223,0.401,16.04,0.131825673855641,0.0173780082874938
35.224,0.556,22.24,0.269153480392692,0.0724435960074991
35.242,0.336,13.44,0.0977237220955811,0.00954992586021437
35.259,0.544,21.76,0.254683025258504,0.064863443354824
35.259,0.621,24.84,0.363078054770102,0.131825673855641
35.279,0.531,21.24,0.239883291901949,0.0575439937337158
35.297,0.634,25.36,0.385478357665772,0.148593564228701
35.297,0.673,26.92,0.46131757456038,0.212813904598272
35.314,0.621,24.84,0.363078054770102,0.131825673855641
35.332,0.673,26.92,0.46131757456038,0.212813904598272
35.332,0.686,27.44,0.489778819368447,0.239883291901949
35.35,0.673,26.92,0.46131757456038,0.212813904598272
35.368,0.699,27.96,0.519995996533516,0.270395836410885
35.368,0.686,27.44,0.489778819368447,0.239883291901949
35.386,0.712,28.48,0.552077439280758,0.304789498962799
35.405,0.699,27.96,0.519995996533516,0.270395836410885
35.405,0.647,25.88,0.409260659730011,0.167494287602644
35.422,0.712,28.48,0.552077439280758,0.304789498962799
35.439,0.673,26.92,0.46131757456038,0.212813904598272
35.439,0.582,23.28,0.303389118419427,0.0920449571753172
35.457,0.699,27.96,0.519995996533516,0.270395836410885
35.475,0.621,24.84,0.363078054770102,0.131825673855641
35.475,0.427,17.08,0.148593564228701,0.022080047330189
35.493,0.66,26.4,0.434510224171572,0.18879913490963
35.511,0.505,20.2,0.212813904598271,0.0452897579903621
35.511,0.298,11.92,0.0820351544329818,0.00672976656284318
35.528,0.569,22.76,0.285759054337495,0.0816582371358593
35.545,0.207,8.28,0.0539510622515128,0.00291071711806661
35.545,0.582,23.28,0.303389118419427,0.0920449571753172
35.563,0.233,9.32,0.0608135001278718,0.00369828179780267
35.581,0.556,22.24,0.269153480392692,0.0724435960074991
35.581,0.712,28.48,0.552077439280758,0.304789498962799
35.6,0.505,20.2,0.212813904598271,0.0452897579903621
35.618,0.699,27.96,0.519995996533516,0.270395836410885
35.618,0.453,18.12,0.167494287602644,0.0280543363795172
35.636,0.686,27.44,0.489778819368447,0.239883291901949
35.654,0.764,30.56,0.701455298419972,0.492039535681452
35.654,0.66,26.4,0.434510224171572,0.18879913490963
35.672,0.751,30.04,0.660693448007596,0.436515832240167
35.69,0.789,31.56,0.787045789695099,0.619441075076782
35.69,0.738,29.52,0.62230028516916,0.387257644921618
35.709,0.789,31.56,0.787045789695099,0.619441075076782
35.727,0.802,32.08,0.835603018231248,0.698232404077172
35.727,0.776,31.04,0.741310241300918,0.549540873857625
35.745,0.802,32.08,0.835603018231248,0.698232404077172
35.762,0.789,31.56,0.787045789695099,0.619441075076782
35.762,0.802,32.08,0.835603018231248,0.698232404077172
35.781,0.789,31.56,0.787045789695099,0.619441075076782
35.798,0.751,30.04,0.660693448007596,0.436515832240167
35.798,0.802,32.08,0.835603018231248,0.698232404077172
35.816,0.764,30.56,0.701455298419972,0.492039535681452
35.833,0.673,26.92,0.46131757456038,0.212813904598272
35.833,0.776,31.04,0.741310241300918,0.549540873857625
35.851,0.699,27.96,0.519995996533516,0.270395836410885
35.869,0.531,21.24,0.239883291901949,0.0575439937337158
35.869,0.725,29,0.586138164514029,0.343557947899875
35.888,0.569,22.76,0.285759054337495,0.0816582371358593
35.905,0.285,11.4,0.0772680585095703,0.00597035286583838
35.905,0.621,24.84,0.363078054770102,0.131825673855641
35.922,0.194,7.76,0.0508159442560561,0.0025822601906346
35.94,0.595,23.8,0.322106879128344,0.103752841581801
35.94,0.349,13.96,0.103752841581801,0.0107646521362984
35.957,0.544,21.76,0.254683025258504,0.064863443354824
35.976,0.712,28.48,0.552077439280758,0.304789498962799
35.976,0.479,19.16,0.188799134909629,0.0356451133426244
35.994,0.686,27.44,0.489778819368447,0.239883291901949
36.012,0.375,15,0.116949939101987,0.0136772882559585
36.012,0.66,26.4,0.434510224171572,0.18879913490963
36.03,0.751,30.04,0.660693448007596,0.436515832240167
36.047,0.621,24.84,0.363078054770102,0.131825673855641
36.048,0.725,29,0.586138164514029,0.343557947899875
36.066,0.789,31.56,0.787045789695099,0.619441075076782
36.084,0.712,28.48,0.552077439280758,0.304789498962799
36.084,0.764,30.56,0.701455298419972,0.492039535681452
36.102,0.776,31.04,0.741310241300918,0.549540873857625
36.12,0.764,30.56,0.701455298419972,0.492039535681452
36.12,0.776,31.04,0.741310241300918,0.549540873857625
36.137,0.751,30.04,0.660693448007596,0.436515832240167
36.156,0.764,30.56,0.701455298419972,0.492039535681452
36.156,0.751,30.04,0.660693448007596,0.436515832240167
36.174,0.725,29,0.586138164514029,0.343557947899875
36.191,0.764,30.56,0.701455298419972,0.492039535681452
36.191,0.725,29,0.586138164514029,0.343557947899875
36.209,0.647,25.88,0.409260659730011,0.167494287602644
36.226,0.725,29,0.586138164514029,0.343557947899875
36.227,0.66,26.4,0.434510224171572,0.18879913490963
36.245,0.492,19.68,0.200447202736516,0.040179081084894
36.263,0.66,26.4,0.434510224171572,0.18879913490963
36.263,0.531,21.24,0.239883291901949,0.0575439937337158
36.28,0.181,7.24,0.0478630092322639,0.00229086765276777
36.298,0.556,22.24,0.269153480392692,0.0724435960074991
36.298,0.259,10.36,0.0685488226452662,0.00469894108605216
36.316,0.492,19.68,0.200447202736516,0.040179081084894
36.334,0.336,13.44,0.0977237220955811,0.00954992586021437
36.335,0.414,16.56,0.139958732257262,0.0195884467350599
36.352,0.634,25.36,0.385478357665772,0.148593564228701
36.369,0.362,14.48,0.110153930954142,0.0121338885046498
36.369,0.582,23.28,0.303389118419427,0.0920449571753172
36.387,0.298,11.92,0.0820351544329818,0.00672976656284318
36.405,0.544,21.76,0.254683025258504,0.064863443354824
36.405,0.647,25.88,0.409260659730011,0.167494287602644
36.423,0.518,20.72,0.225943577022098,0.0510504999975407
36.44,0.634,25.36,0.385478357665772,0.148593564228701
36.441,0.686,27.44,0.489778819368447,0.239883291901949
36.459,0.608,24.32,0.341979442513709,0.116949939101987
36.476,0.673,26.92,0.46131757456038,0.212813904598272
36.476,0.686,27.44,0.489778819368447,0.239883291901949
36.494,0.634,25.36,0.385478357665772,0.148593564228701
36.512,0.686,27.44,0.489778819368447,0.239883291901949
36.512,0.66,26.4,0.434510224171572,0.18879913490963
36.529,0.647,25.88,0.409260659730011,0.167494287602644
36.546,0.647,25.88,0.409260659730011,0.167494287602644
36.546,0.621,24.84,0.363078054770102,0.131825673855641
36.564,0.634,25.36,0.385478357665772,0.148593564228701
36.582,0.608,24.32,0.341979442513709,0.116949939101987
36.582,0.531,21.24,0.239883291901949,0.0575439937337158
36.6,0.595,23.8,0.322106879128344,0.103752841581801
36.618,0.531,21.24,0.239883291901949,0.0575439937337158
36.619,0.414,16.56,0.139958732257262,0.0195884467350599
36.636,0.531,21.24,0.239883291901949,0.0575439937337158
36.654,0.414,16.56,0.139958732257262,0.0195884467350599
36.654,0.194,7.76,0.0508159442560561,0.0025822601906346
36.673,0.453,18.12,0.167494287602644,0.0280543363795172
36.692,0.246,9.84,0.0645654229034656,0.00416869383470336
36.692,0.336,13.44,0.0977237220955811,0.00954992586021437
36.71,0.272,10.88,0.0727779804536825,0.00529663443891659
36.728,0.272,10.88,0.0727779804536825,0.00529663443891659
36.728,0.466,18.64,0.177827941003892,0.0316227766016838
36.746,0.22,8.8,0.057279603098583,0.00328095293113119
36.764,0.66,26.4,0.434510224171572,0.18879913490963
36.764,0.194,7.76,0.0508159442560561,0.0025822601906346
36.781,0.388,15.52,0.124165230759241,0.0154170045294956
36.8,0.505,20.2,0.212813904598271,0.0452897579903621
36.8,0.375,15,0.116949939101987,0.0136772882559585
36.818,0.479,19.16,0.188799134909629,0.0356451133426244
36.836,0.544,21.76,0.254683025258504,0.064863443354824
36.836,0.466,18.64,0.177827941003892,0.0316227766016838
36.854,0.544,21.76,0.254683025258504,0.064863443354824
36.872,0.569,22.76,0.285759054337495,0.0816582371358593
36.872,0.531,21.24,0.239883291901949,0.0575439937337158
36.891,0.544,21.76,0.254683025258504,0.064863443354824
36.908,0.556,22.24,0.269153480392692,0.0724435960074991
36.908,0.556,22.24,0.269153480392692,0.0724435960074991
36.926,0.556,22.24,0.269153480392692,0.0724435960074991
36.945,0.531,21.24,0.239883291901949,0.0575439937337158
36.945,0.582,23.28,0.303389118419427,0.0920449571753172
36.963,0.544,21.76,0.254683025258504,0.064863443354824
36.963,0.492,19.68,0.200447202736516,0.040179081084894
36.981,0.556,22.24,0.269153480392692,0.0724435960074991
36.998,0.505,20.2,0.212813904598271,0.0452897579903621
36.999,0.388,15.52,0.124165230759241,0.0154170045294956
37.017,0.518,20.72,0.225943577022098,0.0510504999975407
37.034,0.414,16.56,0.139958732257262,0.0195884467350599
37.034,0.22,8.8,0.057279603098583,0.00328095293113119
37.052,0.44,17.6,0.157761126969935,0.0248885731828239
37.07,0.556,22.24,0.269153480392692,0.0724435960074991
37.07,0.298,11.92,0.0820351544329818,0.00672976656284318
37.089,0.311,12.44,0.0870963589956081,0.00758577575029184
37.107,0.272,10.88,0.0727779804536825,0.00529663443891659
37.107,0.453,18.12,0.167494287602644,0.0280543363795172
37.125,0.246,9.84,0.0645654229034656,0.00416869383470336
37.143,0.414,16.56,0.139958732257262,0.0195884467350599
37.143,0.233,9.32,0.0608135001278718,0.00369828179780267
37.16,0.388,15.52,0.124165230759241,0.0154170045294956
37.178,0.505,20.2,0.212813904598271,0.0452897579903621
37.178,0.336,13.44,0.0977237220955811,0.00954992586021437
37.197,0.492,19.68,0.200447202736516,0.040179081084894
37.214,0.544,21.76,0.254683025258504,0.064863443354824
37.214,0.466,18.64,0.177827941003892,0.0316227766016838
37.234,0.544,21.76,0.254683025258504,0.064863443354824
37.251,0.569,22.76,0.285759054337495,0.0816582371358593
37.252,0.544,21.76,0.254683025258504,0.064863443354824
37.269,0.621,24.84,0.363078054770102,0.131825673855641
37.287,0.569,22.76,0.285759054337495,0.0816582371358593
37.287,0.569,22.76,0.285759054337495,0.0816582371358593
37.304,0.582,23.28,0.303389118419427,0.0920449571753172
37.322,0.569,22.76,0.285759054337495,0.0816582371358593
37.322,0.582,23.28,0.303389118419427,0.0920449571753172
37.341,0.582,23.28,0.303389118419427,0.0920449571753172
37.359,0.544,21.76,0.254683025258504,0.064863443354824
37.359,0.595,23.8,0.322106879128344,0.103752841581801
37.376,0.569,22.76,0.285759054337495,0.0816582371358593
37.394,0.466,18.64,0.177827941003892,0.0316227766016838
37.394,0.595,23.8,0.322106879128344,0.103752841581801
37.413,0.518,20.72,0.225943577022098,0.0510504999975407
37.43,0.246,9.84,0.0645654229034656,0.00416869383470336
37.43,0.556,22.24,0.269153480392692,0.0724435960074991
37.448,0.336,13.44,0.0977237220955811,0.00954992586021437
37.466,0.375,15,0.116949939101987,0.0136772882559585
37.466,0.44,17.6,0.157761126969935,0.0248885731828239
37.484,0.298,11.92,0.0820351544329818,0.00672976656284318
37.502,0.582,23.28,0.303389118419427,0.0920449571753172
37.502,0.22,8.8,0.057279603098583,0.00328095293113119
37.52,0.569,22.76,0.285759054337495,0.0816582371358593
37.538,0.686,27.44,0.489778819368447,0.239883291901949
37.538,0.544,21.76,0.254683025258504,0.064863443354824
37.556,0.699,27.96,0.519995996533516,0.270395836410885
37.573,0.518,20.72,0.225943577022098,0.0510504999975407
37.573,0.725,29,0.586138164514029,0.343557947899875
37.591,0.764,30.56,0.701455298419972,0.492039535681452
37.609,0.673,26.92,0.46131757456038,0.212813904598272
37.609,0.764,30.56,0.701455298419972,0.492039535681452
37.628,0.802,32.08,0.835603018231248,0.698232404077172
37.646,0.764,30.56,0.701455298419972,0.492039535681452
37.646,0.802,32.08,0.835603018231248,0.698232404077172
37.664,0.802,32.08,0.835603018231248,0.698232404077172
37.682,0.815,32.6,0.887156012037961,0.787045789695099
37.682,0.815,32.6,0.887156012037961,0.787045789695099
37.699,0.802,32.08,0.835603018231248,0.698232404077172
37.717,0.815,32.6,0.887156012037961,0.787045789695099
37.717,0.802,32.08,0.835603018231248,0.698232404077172
37.735,0.738,29.52,0.62230028516916,0.387257644921618
37.754,0.802,32.08,0.835603018231248,0.698232404077172
37.754,0.751,30.04,0.660693448007596,0.436515832240167
37.772,0.634,25.36,0.385478357665772,0.148593564228701
37.789,0.751,30.04,0.660693448007596,0.436515832240167
37.789,0.647,25.88,0.409260659730011,0.167494287602644
37.808,0.401,16.04,0.131825673855641,0.0173780082874938
37.808,0.621,24.84,0.363078054770102,0.131825673855641
37.826,0.44,17.6,0.157761126969935,0.0248885731828239
37.844,0.311,12.44,0.0870963589956081,0.00758577575029184
37.845,0.44,17.6,0.157761126969935,0.0248885731828239
37.862,0.207,8.28,0.0539510622515128,0.00291071711806661
37.881,0.453,18.12,0.167494287602644,0.0280543363795172
37.881,0.608,24.32,0.341979442513709,0.116949939101987
37.901,0.362,14.48,0.110153930954142,0.0121338885046498
37.919,0.453,18.12,0.167494287602644,0.0280543363795172
37.919,0.311,12.44,0.0870963589956081,0.00758577575029184
37.937,0.479,19.16,0.188799134909629,0.0356451133426244
37.956,0.324,12.96,0.0924698173938223,0.00855066712884685
37.956,0.531,21.24,0.239883291901949,0.0575439937337158
37.973,0.634,25.36,0.385478357665772,0.148593564228701
37.992,0.569,22.76,0.285759054337495,0.0816582371358593
37.992,0.686,27.44,0.489778819368447,0.239883291901949
38.01,0.738,29.52,0.62230028516916,0.387257644921618
38.028,0.712,28.48,0.552077439280758,0.304789498962799
38.028,0.764,30.56,0.701455298419972,0.492039535681452
38.045,0.789,31.56,0.787045789695099,0.619441075076782
38.046,0.789,31.56,0.787045789695099,0.619441075076782
38.064,0.815,32.6,0.887156012037961,0.787045789695099
38.082,0.802,32.08,0.835603018231248,0.698232404077172
38.082,0.828,33.12,0.941889596522842,0.887156012037962
38.101,0.815,32.6,0.887156012037961,0.787045789695099
38.119,0.764,30.56,0.701455298419972,0.492039535681452
38.119,0.828,33.12,0.941889596522842,0.887156012037962
38.137,0.789,31.56,0.787045789695099,0.619441075076782
38.156,0.699,27.96,0.519995996533516,0.270395836410885
38.156,0.789,31.56,0.787045789695099,0.619441075076782
38.173,0.712,28.48,0.552077439280758,0.304789498962799
38.191,0.492,19.68,0.200447202736516,0.040179081084894
38.192,0.725,29,0.586138164514029,0.343557947899875
38.211,0.556,22.24,0.269153480392692,0.0724435960074991
38.231,0.388,15.52,0.124165230759241,0.0154170045294956
38.231,0.608,24.32,0.341979442513709,0.116949939101987
38.249,0.207,8.28,0.0539510622515128,0.00291071711806661
38.249,0.66,26.4,0.434510224171572,0.18879913490963
38.267,0.168,6.72,0.0450816704541461,0.00203235701093622
38.287,0.608,24.32,0.341979442513709,0.116949939101987
38.287,0.738,29.52,0.62230028516916,0.387257644921618
38.306,0.544,21.76,0.254683025258504,0.064863443354824
38.325,0.686,27.44,0.489778819368447,0.239883291901949
38.325,0.479,19.16,0.188799134909629,0.0356451133426244
38.346,0.699,27.96,0.519995996533516,0.270395836410885
38.346,0.764,30.56,0.701455298419972,0.492039535681452
38.366,0.673,26.92,0.46131757456038,0.212813904598272
38.386,0.751,30.04,0.660693448007596,0.436515832240167
38.386,0.789,31.56,0.787045789695099,0.619441075076782
38.406,0.738,29.52,0.62230028516916,0.387257644921618
38.406,0.776,31.04,0.741310241300918,0.549540873857625
38.425,0.802,32.08,0.835603018231248,0.698232404077172
38.444,0.776,31.04,0.741310241300918,0.549540873857625
38.444,0.789,31.56,0.787045789695099,0.619441075076782
38.462,0.776,31.04,0.741310241300918,0.549540873857625
38.462,0.789,31.56,0.787045789695099,0.619441075076782
38.481,0.776,31.04,0.741310241300918,0.549540873857625
38.498,0.738,29.52,0.62230028516916,0.387257644921618
38.498,0.776,31.04,0.741310241300918,0.549540873857625
38.517,0.738,29.52,0.62230028516916,0.387257644921618
38.534,0.647,25.88,0.409260659730011,0.167494287602644
38.534,0.751,30.04,0.660693448007596,0.436515832240167
38.553,0.673,26.92,0.46131757456038,0.212813904598272
38.573,0.479,19.16,0.188799134909629,0.0356451133426244
38.573,0.686,27.44,0.489778819368447,0.239883291901949
38.592,0.544,21.76,0.254683025258504,0.064863443354824
38.61,0.595,23.8,0.322106879128344,0.103752841581801
38.61,0.582,23.28,0.303389118419427,0.0920449571753172
38.629,0.181,7.24,0.0478630092322639,0.00229086765276777
38.648,0.582,23.28,0.303389118419427,0.0920449571753172
38.649,0.285,11.4,0.0772680585095703,0.00597035286583838
38.667,0.531,21.24,0.239883291901949,0.0575439937337158
38.667,0.699,27.96,0.519995996533516,0.270395836410885
38.686,0.479,19.16,0.188799134909629,0.0356451133426244
38.705,0.673,26.92,0.46131757456038,0.212813904598272
38.705,0.401,16.04,0.131825673855641,0.0173780082874938
38.723,0.66,26.4,0.434510224171572,0.18879913490963
38.741,0.738,29.52,0.62230028516916,0.387257644921618
38.741,0.608,24.32,0.341979442513709,0.116949939101987
38.759,0.738,29.52,0.62230028516916,0.387257644921618
38.778,0.764,30.56,0.701455298419972,0.492039535681452
38.778,0.712,28.48,0.552077439280758,0.304789498962799
38.795,0.764,30.56,0.701455298419972,0.492039535681452
38.813,0.776,31.04,0.741310241300918,0.549540873857625
38.813,0.751,30.04,0.660693448007596,0.436515832240167
38.831,0.776,31.04,0.741310241300918,0.549540873857625
38.849,0.764,30.56,0.701455298419972,0.492039535681452
38.849,0.764,30.56,0.701455298419972,0.492039535681452
38.866,0.751,30.04,0.660693448007596,0.436515832240167
38.884,0.725,29,0.586138164514029,0.343557947899875
38.884,0.776,31.04,0.741310241300918,0.549540873857625
38.903,0.751,30.04,0.660693448007596,0.436515832240167
38.921,0.66,26.4,0.434510224171572,0.18879913490963
38.921,0.738,29.52,0.62230028516916,0.387257644921618
38.938,0.673,26.92,0.46131757456038,0.212813904598272
38.956,0.518,20.72,0.225943577022098,0.0510504999975407
38.956,0.699,27.96,0.519995996533516,0.270395836410885
38.975,0.556,22.24,0.269153480392692,0.0724435960074991
38.975,0.181,7.24,0.0478630092322639,0.00229086765276777
38.993,0.595,23.8,0.322106879128344,0.103752841581801
39.011,0.207,8.28,0.0539510622515128,0.00291071711806661
39.011,0.569,22.76,0.285759054337495,0.0816582371358593
39.028,0.349,13.96,0.103752841581801,0.0107646521362984
39.047,0.505,20.2,0.212813904598271,0.0452897579903621
39.047,0.686,27.44,0.489778819368447,0.239883291901949
39.065,0.453,18.12,0.167494287602644,0.0280543363795172
39.084,0.673,26.92,0.46131757456038,0.212813904598272
39.084,0.349,13.96,0.103752841581801,0.0107646521362984
39.104,0.647,25.88,0.409260659730011,0.167494287602644
39.122,0.751,30.04,0.660693448007596,0.436515832240167
39.122,0.621,24.84,0.363078054770102,0.131825673855641
39.141,0.738,29.52,0.62230028516916,0.387257644921618
39.158,0.776,31.04,0.741310241300918,0.549540873857625
39.158,0.725,29,0.586138164514029,0.343557947899875
39.176,0.776,31.04,0.741310241300918,0.549540873857625
39.194,0.802,32.08,0.835603018231248,0.698232404077172
39.194,0.776,31.04,0.741310241300918,0.549540873857625
39.213,0.802,32.08,0.835603018231248,0.698232404077172
39.213,0.802,32.08,0.835603018231248,0.698232404077172
39.231,0.802,32.08,0.835603018231248,0.698232404077172
39.249,0.815,32.6,0.887156012037961,0.787045789695099
39.249,0.776,31.04,0.741310241300918,0.549540873857625
39.267,0.815,32.6,0.887156012037961,0.787045789695099
39.285,0.776,31.04,0.741310241300918,0.549540873857625
39.285,0.712,28.48,0.552077439280758,0.304789498962799
39.303,0.789,31.56,0.787045789695099,0.619441075076782
39.321,0.725,29,0.586138164514029,0.343557947899875
39.321,0.582,23.28,0.303389118419427,0.0920449571753172
39.339,0.751,30.04,0.660693448007596,0.436515832240167
39.356,0.621,24.84,0.363078054770102,0.131825673855641
39.356,0.142,5.68,0.0399944749761098,0.00159955802861467
39.375,0.66,26.4,0.434510224171572,0.18879913490963
39.392,0.298,11.92,0.0820351544329818,0.00672976656284318
39.392,0.595,23.8,0.322106879128344,0.103752841581801
39.411,0.453,18.12,0.167494287602644,0.0280543363795172
39.428,0.531,21.24,0.239883291901949,0.0575439937337158
39.428,0.712,28.48,0.552077439280758,0.304789498962799
39.447,0.453,18.12,0.167494287602644,0.0280543363795172
39.465,0.699,27.96,0.519995996533516,0.270395836410885
39.465,0.311,12.44,0.0870963589956081,0.00758577575029184
39.484,0.673,26.92,0.46131757456038,0.212813904598272
39.502,0.764,30.56,0.701455298419972,0.492039535681452
39.502,0.634,25.36,0.385478357665772,0.148593564228701
39.52,0.764,30.56,0.701455298419972,0.492039535681452
39.538,0.815,32.6,0.887156012037961,0.787045789695099
39.538,0.751,30.04,0.660693448007596,0.436515832240167
39.556,0.815,32.6,0.887156012037961,0.787045789695099
39.574,0.828,33.12,0.941889596522842,0.887156012037962
39.574,0.802,32.08,0.835603018231248,0.698232404077172
39.592,0.828,33.12,0.941889596522842,0.887156012037962
39.61,0.828,33.12,0.941889596522842,0.887156012037962
39.61,0.828,33.12,0.941889596522842,0.887156012037962
39.628,0.828,33.12,0.941889596522842,0.887156012037962
39.646,0.802,32.08,0.835603018231248,0.698232404077172
39.646,0.828,33.12,0.941889596522842,0.887156012037962
39.664,0.815,32.6,0.887156012037961,0.787045789695099
39.682,0.738,29.52,0.62230028516916,0.387257644921618
39.682,0.815,32.6,0.887156012037961,0.787045789695099
39.701,0.764,30.56,0.701455298419972,0.492039535681452
39.719,0.634,25.36,0.385478357665772,0.148593564228701
39.719,0.776,31.04,0.741310241300918,0.549540873857625
39.736,0.712,28.48,0.552077439280758,0.304789498962799
39.755,0.259,10.36,0.0685488226452662,0.00469894108605216
39.755,0.699,27.96,0.519995996533516,0.270395836410885
39.772,0.427,17.08,0.148593564228701,0.022080047330189
39.791,0.556,22.24,0.269153480392692,0.0724435960074991
39.791,0.518,20.72,0.225943577022098,0.0510504999975407
39.811,0.466,18.64,0.177827941003892,0.0316227766016838
39.811,0.712,28.48,0.552077439280758,0.304789498962799
39.828,0.634,25.36,0.385478357665772,0.148593564228701
39.846,0.686,27.44,0.489778819368447,0.239883291901949
39.846,0.207,8.28,0.0539510622515128,0.00291071711806661
39.864,0.66,26.4,0.434510224171572,0.18879913490963
39.881,0.776,31.04,0.741310241300918,0.549540873857625
39.881,0.621,24.84,0.363078054770102,0.131825673855641
39.901,0.764,30.56,0.701455298419972,0.492039535681452
39.92,0.815,32.6,0.887156012037961,0.787045789695099
39.92,0.738,29.52,0.62230028516916,0.387257644921618
39.937,0.802,32.08,0.835603018231248,0.698232404077172
39.955,0.841,33.64,1,1
39.955,0.789,31.56,0.787045789695099,0.619441075076782
39.973,0.828,33.12,0.941889596522842,0.887156012037962
39.992,0.828,33.12,0.941889596522842,0.887156012037962
39.992,0.828,33.12,0.941889596522842,0.887156012037962
40.01,0.828,33.12,0.941889596522842,0.887156012037962
40.028,0.802,32.08,0.835603018231248,0.698232404077172
40.028,0.828,33.12,0.941889596522842,0.887156012037962
40.046,0.802,32.08,0.835603018231248,0.698232404077172
40.065,0.738,29.52,0.62230028516916,0.387257644921618
40.065,0.815,32.6,0.887156012037961,0.787045789695099
40.082,0.764,30.56,0.701455298419972,0.492039535681452
40.1,0.634,25.36,0.385478357665772,0.148593564228701
40.1,0.776,31.04,0.741310241300918,0.549540873857625
40.118,0.673,26.92,0.46131757456038,0.212813904598272
40.118,0.324,12.96,0.0924698173938223,0.00855066712884685
40.136,0.699,27.96,0.519995996533516,0.270395836410885
40.154,0.453,18.12,0.167494287602644,0.0280543363795172
40.154,0.505,20.2,0.212813904598271,0.0452897579903621
40.173,0.531,21.24,0.239883291901949,0.0575439937337158
40.19,0.427,17.08,0.148593564228701,0.022080047330189
40.19,0.686,27.44,0.489778819368447,0.239883291901949
40.209,0.285,11.4,0.0772680585095703,0.00597035286583838
40.227,0.647,25.88,0.409260659730011,0.167494287602644
40.227,0.336,13.44,0.0977237220955811,0.00954992586021437
40.245,0.634,25.36,0.385478357665772,0.148593564228701
40.264,0.738,29.52,0.62230028516916,0.387257644921618
40.264,0.569,22.76,0.285759054337495,0.0816582371358593
40.283,0.725,29,0.586138164514029,0.343557947899875
40.301,0.776,31.04,0.741310241300918,0.549540873857625
40.301,0.712,28.48,0.552077439280758,0.304789498962799
40.32,0.764,30.56,0.701455298419972,0.492039535681452
40.337,0.802,32.08,0.835603018231248,0.698232404077172
40.337,0.764,30.56,0.701455298419972,0.492039535681452
40.354,0.789,31.56,0.787045789695099,0.619441075076782
40.372,0.802,32.08,0.835603018231248,0.698232404077172
40.372,0.789,31.56,0.787045789695099,0.619441075076782
40.39,0.789,31.56,0.787045789695099,0.619441075076782
40.409,0.776,31.04,0.741310241300918,0.549540873857625
40.409,0.802,32.08,0.835603018231248,0.698232404077172
40.427,0.764,30.56,0.701455298419972,0.492039535681452
40.445,0.712,28.48,0.552077439280758,0.304789498962799
40.445,0.776,31.04,0.741310241300918,0.549540873857625
40.463,0.725,29,0.586138164514029,0.343557947899875
40.48,0.621,24.84,0.363078054770102,0.131825673855641
40.48,0.738,29.52,0.62230028516916,0.387257644921618
40.498,0.634,25.36,0.385478357665772,0.148593564228701
40.516,0.362,14.48,0.110153930954142,0.0121338885046498
40.516,0.66,26.4,0.434510224171572,0.18879913490963
40.534,0.466,18.64,0.177827941003892,0.0316227766016838
40.552,0.427,17.08,0.148593564228701,0.022080047330189
40.552,0.518,20.72,0.225943577022098,0.0510504999975407
40.57,0.311,12.44,0.0870963589956081,0.00758577575029184
40.588,0.621,24.84,0.363078054770102,0.131825673855641
40.588,0.168,6.72,0.0450816704541461,0.00203235701093622
40.606,0.582,23.28,0.303389118419427,0.0920449571753172
40.606,0.686,27.44,0.489778819368447,0.239883291901949
40.625,0.531,21.24,0.239883291901949,0.0575439937337158
40.643,0.673,26.92,0.46131757456038,0.212813904598272
40.643,0.479,19.16,0.188799134909629,0.0356451133426244
40.66,0.647,25.88,0.409260659730011,0.167494287602644
40.677,0.712,28.48,0.552077439280758,0.304789498962799
40.696,0.621,24.84,0.363078054770102,0.131825673855641
40.696,0.699,27.96,0.519995996533516,0.270395836410885
40.714,0.738,29.52,0.62230028516916,0.387257644921618
40.714,0.699,27.96,0.519995996533516,0.270395836410885
40.733,0.725,29,0.586138164514029,0.343557947899875
40.751,0.738,29.52,0.62230028516916,0.387257644921618
40.751,0.712,28.48,0.552077439280758,0.304789498962799
40.768,0.725,29,0.586138164514029,0.343557947899875
40.786,0.712,28.48,0.552077439280758,0.304789498962799
40.786,0.712,28.48,0.552077439280758,0.304789498962799
40.803,0.699,27.96,0.519995996533516,0.270395836410885
40.822,0.647,25.88,0.409260659730011,0.167494287602644
40.822,0.699,27.96,0.519995996533516,0.270395836410885
40.84,0.66,26.4,0.434510224171572,0.18879913490963
40.858,0.544,21.76,0.254683025258504,0.064863443354824
40.858,0.66,26.4,0.434510224171572,0.18879913490963
40.875,0.569,22.76,0.285759054337495,0.0816582371358593
40.893,0.362,14.48,0.110153930954142,0.0121338885046498
40.893,0.595,23.8,0.322106879128344,0.103752841581801
40.912,0.401,16.04,0.131825673855641,0.0173780082874938
40.93,0.311,12.44,0.0870963589956081,0.00758577575029184
40.93,0.44,17.6,0.157761126969935,0.0248885731828239
40.949,0.207,8.28,0.0539510622515128,0.00291071711806661
40.967,0.518,20.72,0.225943577022098,0.0510504999975407
40.967,0.233,9.32,0.0608135001278718,0.00369828179780267
40.985,0.466,18.64,0.177827941003892,0.0316227766016838
41.003,0.582,23.28,0.303389118419427,0.0920449571753172
41.003,0.414,16.56,0.139958732257262,0.0195884467350599
41.021,0.569,22.76,0.285759054337495,0.0816582371358593
41.039,0.349,13.96,0.103752841581801,0.0107646521362984
41.039,0.531,21.24,0.239883291901949,0.0575439937337158
41.058,0.621,24.84,0.363078054770102,0.131825673855641
41.076,0.505,20.2,0.212813904598271,0.0452897579903621
41.076,0.595,23.8,0.322106879128344,0.103752841581801
41.093,0.621,24.84,0.363078054770102,0.131825673855641
41.111,0.556,22.24,0.269153480392692,0.0724435960074991
41.111,0.608,24.32,0.341979442513709,0.116949939101987
41.129,0.608,24.32,0.341979442513709,0.116949939101987
41.148,0.582,23.28,0.303389118419427,0.0920449571753172
41.148,0.608,24.32,0.341979442513709,0.116949939101987
41.166,0.608,24.32,0.341979442513709,0.116949939101987
41.183,0.595,23.8,0.322106879128344,0.103752841581801
41.183,0.569,22.76,0.285759054337495,0.0816582371358593
41.201,0.505,20.2,0.212813904598271,0.0452897579903621
41.219,0.556,22.24,0.269153480392692,0.0724435960074991
41.219,0.518,20.72,0.225943577022098,0.0510504999975407
41.238,0.414,16.56,0.139958732257262,0.0195884467350599
41.255,0.492,19.68,0.200447202736516,0.040179081084894
41.255,0.414,16.56,0.139958732257262,0.0195884467350599
41.276,0.259,10.36,0.0685488226452662,0.00469894108605216
41.276,0.44,17.6,0.157761126969935,0.0248885731828239
41.294,0.298,11.92,0.0820351544329818,0.00672976656284318
41.311,0.207,8.28,0.0539510622515128,0.00291071711806661
41.311,0.311,12.44,0.0870963589956081,0.00758577575029184
41.329,0.168,6.72,0.0450816704541461,0.00203235701093622
41.347,0.311,12.44,0.0870963589956081,0.00758577575029184
41.347,0.22,8.8,0.057279603098583,0.00328095293113119
41.365,0.427,17.08,0.148593564228701,0.022080047330189
41.382,0.401,16.04,0.131825673855641,0.0173780082874938
41.382,0.233,9.32,0.0608135001278718,0.00369828179780267
41.4,0.388,15.52,0.124165230759241,0.0154170045294956
41.418,0.246,9.84,0.0645654229034656,0.00416869383470336
41.418,0.349,13.96,0.103752841581801,0.0107646521362984
41.436,0.453,18.12,0.167494287602644,0.0280543363795172
41.454,0.336,13.44,0.0977237220955811,0.00954992586021437
41.454,0.44,17.6,0.157761126969935,0.0248885731828239
41.472,0.479,19.16,0.188799134909629,0.0356451133426244
41.489,0.505,20.2,0.212813904598271,0.0452897579903621
41.489,0.479,19.16,0.188799134909629,0.0356451133426244
41.507,0.492,19.68,0.200447202736516,0.040179081084894
41.527,0.479,19.16,0.188799134909629,0.0356451133426244
41.527,0.505,20.2,0.212813904598271,0.0452897579903621
41.543,0.492,19.68,0.200447202736516,0.040179081084894
41.562,0.505,20.2,0.212813904598271,0.0452897579903621
41.562,0.505,20.2,0.212813904598271,0.0452897579903621
41.578,0.466,18.64,0.177827941003892,0.0316227766016838
41.597,0.518,20.72,0.225943577022098,0.0510504999975407
41.597,0.492,19.68,0.200447202736516,0.040179081084894
41.614,0.401,16.04,0.131825673855641,0.0173780082874938
41.632,0.505,20.2,0.212813904598271,0.0452897579903621
41.632,0.44,17.6,0.157761126969935,0.0248885731828239
41.65,0.285,11.4,0.0772680585095703,0.00597035286583838
41.669,0.479,19.16,0.188799134909629,0.0356451133426244
41.669,0.324,12.96,0.0924698173938223,0.00855066712884685
41.687,0.194,7.76,0.0508159442560561,0.0025822601906346
41.705,0.388,15.52,0.124165230759241,0.0154170045294956
41.705,0.233,9.32,0.0608135001278718,0.00369828179780267
41.723,0.362,14.48,0.110153930954142,0.0121338885046498
41.74,0.233,9.32,0.0608135001278718,0.00369828179780267
41.74,0.336,13.44,0.0977237220955811,0.00954992586021437
41.76,0.492,19.68,0.200447202736516,0.040179081084894
41.777,0.298,11.92,0.0820351544329818,0.00672976656284318
41.777,0.479,19.16,0.188799134909629,0.0356451133426244
41.795,0.259,10.36,0.0685488226452662,0.00469894108605216
41.812,0.466,18.64,0.177827941003892,0.0316227766016838
41.812,0.556,22.24,0.269153480392692,0.0724435960074991
41.83,0.44,17.6,0.157761126969935,0.0248885731828239
41.848,0.556,22.24,0.269153480392692,0.0724435960074991
41.848,0.595,23.8,0.322106879128344,0.103752841581801
41.866,0.556,22.24,0.269153480392692,0.0724435960074991
41.884,0.673,26.92,0.46131757456038,0.212813904598272
41.884,0.647,25.88,0.409260659730011,0.167494287602644
41.902,0.621,24.84,0.363078054770102,0.131825673855641
41.919,0.634,25.36,0.385478357665772,0.148593564228701
41.919,0.647,25.88,0.409260659730011,0.167494287602644
41.937,0.647,25.88,0.409260659730011,0.167494287602644
41.954,0.647,25.88,0.409260659730011,0.167494287602644
41.954,0.621,24.84,0.363078054770102,0.131825673855641
41.972,0.673,26.92,0.46131757456038,0.212813904598272
41.99,0.647,25.88,0.409260659730011,0.167494287602644
41.99,0.544,21.76,0.254683025258504,0.064863443354824
42.007,0.647,25.88,0.409260659730011,0.167494287602644
42.025,0.582,23.28,0.303389118419427,0.0920449571753172
42.025,0.44,17.6,0.157761126969935,0.0248885731828239
42.043,0.608,24.32,0.341979442513709,0.116949939101987
42.061,0.466,18.64,0.177827941003892,0.0316227766016838
42.061,0.233,9.32,0.0608135001278718,0.00369828179780267
42.078,0.531,21.24,0.239883291901949,0.0575439937337158
42.096,0.272,10.88,0.0727779804536825,0.00529663443891659
42.097,0.634,25.36,0.385478357665772,0.148593564228701
42.114,0.311,12.44,0.0870963589956081,0.00758577575029184
42.133,0.44,17.6,0.157761126969935,0.0248885731828239
42.133,0.608,24.32,0.341979442513709,0.116949939101987
42.151,0.362,14.48,0.110153930954142,0.0121338885046498
42.168,0.595,23.8,0.322106879128344,0.103752841581801
42.168,0.285,11.4,0.0772680585095703,0.00597035286583838
42.186,0.634,25.36,0.385478357665772,0.148593564228701
42.203,0.673,26.92,0.46131757456038,0.212813904598272
42.203,0.531,21.24,0.239883291901949,0.0575439937337158
42.221,0.66,26.4,0.434510224171572,0.18879913490963
42.241,0.699,27.96,0.519995996533516,0.270395836410885
42.241,0.647,25.88,0.409260659730011,0.167494287602644
42.258,0.712,28.48,0.552077439280758,0.304789498962799
42.276,0.738,29.52,0.62230028516916,0.387257644921618
42.276,0.712,28.48,0.552077439280758,0.304789498962799
42.295,0.738,29.52,0.62230028516916,0.387257644921618
42.313,0.738,29.52,0.62230028516916,0.387257644921618
42.313,0.738,29.52,0.62230028516916,0.387257644921618
42.331,0.738,29.52,0.62230028516916,0.387257644921618
42.348,0.699,27.96,0.519995996533516,0.270395836410885
42.348,0.751,30.04,0.660693448007596,0.436515832240167
42.366,0.725,29,0.586138164514029,0.343557947899875
42.384,0.66,26.4,0.434510224171572,0.18879913490963
42.384,0.738,29.52,0.62230028516916,0.387257644921618
42.401,0.686,27.44,0.489778819368447,0.239883291901949
42.418,0.544,21.76,0.254683025258504,0.064863443354824
42.419,0.686,27.44,0.489778819368447,0.239883291901949
42.438,0.595,23.8,0.322106879128344,0.103752841581801
42.455,0.207,8.28,0.0539510622515128,0.00291071711806661
42.455,0.621,24.84,0.363078054770102,0.131825673855641
42.472,0.349,13.96,0.103752841581801,0.0107646521362984
42.49,0.492,19.68,0.200447202736516,0.040179081084894
42.49,0.686,27.44,0.489778819368447,0.239883291901949
42.509,0.427,17.08,0.148593564228701,0.022080047330189
42.525,0.66,26.4,0.434510224171572,0.18879913490963
42.525,0.336,13.44,0.0977237220955811,0.00954992586021437
42.544,0.647,25.88,0.409260659730011,0.167494287602644
42.562,0.246,9.84,0.0645654229034656,0.00416869383470336
42.562,0.608,24.32,0.341979442513709,0.116949939101987
42.58,0.725,29,0.586138164514029,0.343557947899875
42.597,0.569,22.76,0.285759054337495,0.0816582371358593
42.597,0.712,28.48,0.552077439280758,0.304789498962799
42.614,0.776,31.04,0.741310241300918,0.549540873857625
42.632,0.686,27.44,0.489778819368447,0.239883291901949
42.632,0.764,30.56,0.701455298419972,0.492039535681452
42.65,0.789,31.56,0.787045789695099,0.619441075076782
42.668,0.764,30.56,0.701455298419972,0.492039535681452
42.668,0.789,31.56,0.787045789695099,0.619441075076782
42.686,0.789,31.56,0.787045789695099,0.619441075076782
42.703,0.789,31.56,0.787045789695099,0.619441075076782
42.703,0.802,32.08,0.835603018231248,0.698232404077172
42.72,0.751,30.04,0.660693448007596,0.436515832240167
42.739,0.789,31.56,0.787045789695099,0.619441075076782
42.739,0.776,31.04,0.741310241300918,0.549540873857625
42.756,0.712,28.48,0.552077439280758,0.304789498962799
42.774,0.789,31.56,0.787045789695099,0.619441075076782
42.774,0.738,29.52,0.62230028516916,0.387257644921618
42.792,0.608,24.32,0.341979442513709,0.116949939101987
42.811,0.751,30.04,0.660693448007596,0.436515832240167
42.811,0.634,25.36,0.385478357665772,0.148593564228701
42.829,0.285,11.4,0.0772680585095703,0.00597035286583838
42.848,0.673,26.92,0.46131757456038,0.212813904598272
42.848,0.427,17.08,0.148593564228701,0.022080047330189
42.865,0.505,20.2,0.212813904598271,0.0452897579903621
42.883,0.505,20.2,0.212813904598271,0.0452897579903621
42.883,0.453,18.12,0.167494287602644,0.0280543363795172
42.902,0.686,27.44,0.489778819368447,0.239883291901949
42.919,0.349,13.96,0.103752841581801,0.0107646521362984
42.919,0.66,26.4,0.434510224171572,0.18879913490963
42.938,0.207,8.28,0.0539510622515128,0.00291071711806661
42.956,0.634,25.36,0.385478357665772,0.148593564228701
42.956,0.738,29.52,0.62230028516916,0.387257644921618
42.972,0.595,23.8,0.322106879128344,0.103752841581801
42.991,0.725,29,0.586138164514029,0.343557947899875
42.991,0.789,31.56,0.787045789695099,0.619441075076782
43.01,0.712,28.48,0.552077439280758,0.304789498962799
43.028,0.789,31.56,0.787045789695099,0.619441075076782
43.028,0.815,32.6,0.887156012037961,0.787045789695099
43.046,0.776,31.04,0.741310241300918,0.549540873857625
43.064,0.802,32.08,0.835603018231248,0.698232404077172
43.064,0.815,32.6,0.887156012037961,0.787045789695099
43.082,0.802,32.08,0.835603018231248,0.698232404077172
43.101,0.815,32.6,0.887156012037961,0.787045789695099
43.101,0.802,32.08,0.835603018231248,0.698232404077172
43.118,0.828,33.12,0.941889596522842,0.887156012037962
43.137,0.802,32.08,0.835603018231248,0.698232404077172
43.137,0.751,30.04,0.660693448007596,0.436515832240167
43.156,0.802,32.08,0.835603018231248,0.698232404077172
43.156,0.764,30.56,0.701455298419972,0.492039535681452
43.174,0.647,25.88,0.409260659730011,0.167494287602644
43.191,0.764,30.56,0.701455298419972,0.492039535681452
43.191,0.686,27.44,0.489778819368447,0.239883291901949
43.209,0.388,15.52,0.124165230759241,0.0154170045294956
43.226,0.712,28.48,0.552077439280758,0.304789498962799
43.244,0.492,19.68,0.200447202736516,0.040179081084894
43.245,0.492,19.68,0.200447202736516,0.040179081084894
43.263,0.556,22.24,0.269153480392692,0.0724435960074991
43.263,0.388,15.52,0.124165230759241,0.0154170045294956
43.281,0.699,27.96,0.519995996533516,0.270395836410885
43.301,0.207,8.28,0.0539510622515128,0.00291071711806661
43.301,0.66,26.4,0.434510224171572,0.18879913490963
43.32,0.764,30.56,0.701455298419972,0.492039535681452
43.339,0.608,24.32,0.341979442513709,0.116949939101987
43.339,0.751,30.04,0.660693448007596,0.436515832240167
43.359,0.544,21.76,0.254683025258504,0.064863443354824
43.359,0.738,29.52,0.62230028516916,0.387257644921618
43.379,0.789,31.56,0.787045789695099,0.619441075076782
43.397,0.712,28.48,0.552077439280758,0.304789498962799
43.397,0.802,32.08,0.835603018231248,0.698232404077172
43.418,0.815,32.6,0.887156012037961,0.787045789695099
43.418,0.776,31.04,0.741310241300918,0.549540873857625
43.438,0.815,32.6,0.887156012037961,0.787045789695099
43.457,0.815,32.6,0.887156012037961,0.787045789695099
43.457,0.815,32.6,0.887156012037961,0.787045789695099
43.476,0.815,32.6,0.887156012037961,0.787045789695099
43.493,0.802,32.08,0.835603018231248,0.698232404077172
43.493,0.828,33.12,0.941889596522842,0.887156012037962
43.511,0.802,32.08,0.835603018231248,0.698232404077172
43.529,0.751,30.04,0.660693448007596,0.436515832240167
43.529,0.815,32.6,0.887156012037961,0.787045789695099
43.548,0.776,31.04,0.741310241300918,0.549540873857625
43.566,0.66,26.4,0.434510224171572,0.18879913490963
43.566,0.776,31.04,0.741310241300918,0.549540873857625
43.584,0.699,27.96,0.519995996533516,0.270395836410885
43.584,0.44,17.6,0.157761126969935,0.0248885731828239
43.602,0.712,28.48,0.552077439280758,0.304789498962799
43.619,0.518,20.72,0.225943577022098,0.0510504999975407
43.619,0.44,17.6,0.157761126969935,0.0248885731828239
43.637,0.569,22.76,0.285759054337495,0.0816582371358593
43.655,0.298,11.92,0.0820351544329818,0.00672976656284318
43.655,0.673,26.92,0.46131757456038,0.212813904598272
43.674,0.194,7.76,0.0508159442560561,0.0025822601906346
43.691,0.608,24.32,0.341979442513709,0.116949939101987
43.691,0.738,29.52,0.62230028516916,0.387257644921618
43.71,0.569,22.76,0.285759054337495,0.0816582371358593
43.727,0.738,29.52,0.62230028516916,0.387257644921618
43.727,0.518,20.72,0.225943577022098,0.0510504999975407
43.745,0.712,28.48,0.552077439280758,0.304789498962799
43.763,0.789,31.56,0.787045789695099,0.619441075076782
43.763,0.686,27.44,0.489778819368447,0.239883291901949
43.781,0.776,31.04,0.741310241300918,0.549540873857625
43.8,0.815,32.6,0.887156012037961,0.787045789695099
43.8,0.764,30.56,0.701455298419972,0.492039535681452
43.82,0.802,32.08,0.835603018231248,0.698232404077172
43.839,0.815,32.6,0.887156012037961,0.787045789695099
43.839,0.802,32.08,0.835603018231248,0.698232404077172
43.859,0.815,32.6,0.887156012037961,0.787045789695099
43.859,0.789,31.56,0.787045789695099,0.619441075076782
43.878,0.815,32.6,0.887156012037961,0.787045789695099
43.897,0.802,32.08,0.835603018231248,0.698232404077172
43.898,0.764,30.56,0.701455298419972,0.492039535681452
43.917,0.815,32.6,0.887156012037961,0.787045789695099
43.936,0.764,30.56,0.701455298419972,0.492039535681452
43.936,0.673,26.92,0.46131757456038,0.212813904598272
43.955,0.789,31.56,0.787045789695099,0.619441075076782
43.955,0.699,27.96,0.519995996533516,0.270395836410885
43.973,0.479,19.16,0.188799134909629,0.0356451133426244
43.992,0.699,27.96,0.519995996533516,0.270395836410885
43.992,0.544,21.76,0.254683025258504,0.064863443354824
44.011,0.375,15,0.116949939101987,0.0136772882559585
44.03,0.595,23.8,0.322106879128344,0.103752841581801
44.03,0.22,8.8,0.057279603098583,0.00328095293113119
44.05,0.621,24.84,0.363078054770102,0.131825673855641
44.05,0.259,10.36,0.0685488226452662,0.00469894108605216
44.07,0.595,23.8,0.322106879128344,0.103752841581801
44.09,0.738,29.52,0.62230028516916,0.387257644921618
44.09,0.544,21.76,0.254683025258504,0.064863443354824
44.108,0.699,27.96,0.519995996533516,0.270395836410885
44.108,0.479,19.16,0.188799134909629,0.0356451133426244
44.128,0.699,27.96,0.519995996533516,0.270395836410885
44.148,0.764,30.56,0.701455298419972,0.492039535681452
44.148,0.66,26.4,0.434510224171572,0.18879913490963
44.168,0.751,30.04,0.660693448007596,0.436515832240167
44.168,0.789,31.56,0.787045789695099,0.619441075076782
44.186,0.738,29.52,0.62230028516916,0.387257644921618
44.205,0.789,31.56,0.787045789695099,0.619441075076782
44.205,0.789,31.56,0.787045789695099,0.619441075076782
44.224,0.789,31.56,0.787045789695099,0.619441075076782
44.244,0.802,32.08,0.835603018231248,0.698232404077172
44.244,0.776,31.04,0.741310241300918,0.549540873857625
44.265,0.802,32.08,0.835603018231248,0.698232404077172
44.265,0.789,31.56,0.787045789695099,0.619441075076782
44.282,0.738,29.52,0.62230028516916,0.387257644921618
44.301,0.789,31.56,0.787045789695099,0.619441075076782
44.301,0.738,29.52,0.62230028516916,0.387257644921618
44.32,0.673,26.92,0.46131757456038,0.212813904598272
44.339,0.764,30.56,0.701455298419972,0.492039535681452
44.339,0.686,27.44,0.489778819368447,0.239883291901949
44.357,0.518,20.72,0.225943577022098,0.0510504999975407
44.375,0.712,28.48,0.552077439280758,0.304789498962799
44.375,0.556,22.24,0.269153480392692,0.0724435960074991
44.393,0.246,9.84,0.0645654229034656,0.00416869383470336
44.411,0.595,23.8,0.322106879128344,0.103752841581801
44.411,0.207,8.28,0.0539510622515128,0.00291071711806661
44.43,0.582,23.28,0.303389118419427,0.0920449571753172
44.447,0.453,18.12,0.167494287602644,0.0280543363795172
44.447,0.544,21.76,0.254683025258504,0.064863443354824
44.464,0.699,27.96,0.519995996533516,0.270395836410885
44.482,0.492,19.68,0.200447202736516,0.040179081084894
44.482,0.686,27.44,0.489778819368447,0.239883291901949
44.5,0.414,16.56,0.139958732257262,0.0195884467350599
44.519,0.66,26.4,0.434510224171572,0.18879913490963
44.519,0.738,29.52,0.62230028516916,0.387257644921618
44.538,0.621,24.84,0.363078054770102,0.131825673855641
44.538,0.725,29,0.586138164514029,0.343557947899875
44.556,0.789,31.56,0.787045789695099,0.619441075076782
44.574,0.712,28.48,0.552077439280758,0.304789498962799
44.574,0.764,30.56,0.701455298419972,0.492039535681452
44.591,0.776,31.04,0.741310241300918,0.549540873857625
44.61,0.751,30.04,0.660693448007596,0.436515832240167
44.61,0.789,31.56,0.787045789695099,0.619441075076782
44.627,0.764,30.56,0.701455298419972,0.492039535681452
44.645,0.776,31.04,0.741310241300918,0.549540873857625
44.646,0.776,31.04,0.741310241300918,0.549540873857625
44.664,0.738,29.52,0.62230028516916,0.387257644921618
44.682,0.776,31.04,0.741310241300918,0.549540873857625
44.682,0.751,30.04,0.660693448007596,0.436515832240167
44.701,0.66,26.4,0.434510224171572,0.18879913490963
44.719,0.751,30.04,0.660693448007596,0.436515832240167
44.719,0.686,27.44,0.489778819368447,0.239883291901949
44.74,0.505,20.2,0.212813904598271,0.0452897579903621
44.74,0.699,27.96,0.519995996533516,0.270395836410885
44.759,0.582,23.28,0.303389118419427,0.0920449571753172
44.779,0.181,7.24,0.0478630092322639,0.00229086765276777
44.779,0.608,24.32,0.341979442513709,0.116949939101987
44.797,0.22,8.8,0.057279603098583,0.00328095293113119
44.815,0.544,21.76,0.254683025258504,0.064863443354824
44.815,0.349,13.96,0.103752841581801,0.0107646521362984
44.832,0.505,20.2,0.212813904598271,0.0452897579903621
44.851,0.686,27.44,0.489778819368447,0.239883291901949
44.851,0.621,24.84,0.363078054770102,0.131825673855641
44.869,0.647,25.88,0.409260659730011,0.167494287602644
44.887,0.336,13.44,0.0977237220955811,0.00954992586021437
44.887,0.621,24.84,0.363078054770102,0.131825673855641
44.904,0.725,29,0.586138164514029,0.343557947899875
44.923,0.608,24.32,0.341979442513709,0.116949939101987
44.923,0.699,27.96,0.519995996533516,0.270395836410885
44.941,0.764,30.56,0.701455298419972,0.492039535681452
44.96,0.686,27.44,0.489778819368447,0.239883291901949
44.96,0.738,29.52,0.62230028516916,0.387257644921618
44.979,0.764,30.56,0.701455298419972,0.492039535681452
44.979,0.738,29.52,0.62230028516916,0.387257644921618
44.997,0.764,30.56,0.701455298419972,0.492039535681452
45.015,0.764,30.56,0.701455298419972,0.492039535681452
45.015,0.764,30.56,0.701455298419972,0.492039535681452
45.032,0.764,30.56,0.701455298419972,0.492039535681452
45.051,0.725,29,0.586138164514029,0.343557947899875
45.052,0.764,30.56,0.701455298419972,0.492039535681452
45.071,0.738,29.52,0.62230028516916,0.387257644921618
45.088,0.66,26.4,0.434510224171572,0.18879913490963
45.088,0.738,29.52,0.62230028516916,0.387257644921618
45.106,0.686,27.44,0.489778819368447,0.239883291901949
45.123,0.544,21.76,0.254683025258504,0.064863443354824
45.123,0.699,27.96,0.519995996533516,0.270395836410885
45.141,0.569,22.76,0.285759054337495,0.0816582371358593
45.16,0.207,8.28,0.0539510622515128,0.00291071711806661
45.16,0.608,24.32,0.341979442513709,0.116949939101987
45.178,0.298,11.92,0.0820351544329818,0.00672976656284318
45.197,0.518,20.72,0.225943577022098,0.0510504999975407
45.197,0.414,16.56,0.139958732257262,0.0195884467350599
45.215,0.453,18.12,0.167494287602644,0.0280543363795172
45.233,0.647,25.88,0.409260659730011,0.167494287602644
45.233,0.362,14.48,0.110153930954142,0.0121338885046498
45.251,0.634,25.36,0.385478357665772,0.148593564228701
45.269,0.233,9.32,0.0608135001278718,0.00369828179780267
45.269,0.595,23.8,0.322106879128344,0.103752841581801
45.287,0.712,28.48,0.552077439280758,0.304789498962799
45.287,0.556,22.24,0.269153480392692,0.0724435960074991
45.306,0.699,27.96,0.519995996533516,0.270395836410885
45.324,0.751,30.04,0.660693448007596,0.436515832240167
45.324,0.673,26.92,0.46131757456038,0.212813904598272
45.344,0.738,29.52,0.62230028516916,0.387257644921618
45.364,0.764,30.56,0.701455298419972,0.492039535681452
45.364,0.738,29.52,0.62230028516916,0.387257644921618
45.381,0.764,30.56,0.701455298419972,0.492039535681452
45.4,0.764,30.56,0.701455298419972,0.492039535681452
45.4,0.764,30.56,0.701455298419972,0.492039535681452
45.418,0.764,30.56,0.701455298419972,0.492039535681452
45.436,0.725,29,0.586138164514029,0.343557947899875
45.436,0.764,30.56,0.701455298419972,0.492039535681452
45.453,0.751,30.04,0.660693448007596,0.436515832240167
45.453,0.673,26.92,0.46131757456038,0.212813904598272
45.472,0.738,29.52,0.62230028516916,0.387257644921618
45.489,0.686,27.44,0.489778819368447,0.239883291901949
45.508,0.556,22.24,0.269153480392692,0.0724435960074991
45.508,0.712,28.48,0.552077439280758,0.304789498962799
45.526,0.582,23.28,0.303389118419427,0.0920449571753172
45.526,0.22,8.8,0.057279603098583,0.00328095293113119
45.543,0.621,24.84,0.363078054770102,0.131825673855641
45.562,0.349,13.96,0.103752841581801,0.0107646521362984
45.562,0.466,18.64,0.177827941003892,0.0316227766016838
45.58,0.44,17.6,0.157761126969935,0.0248885731828239
45.598,0.401,16.04,0.131825673855641,0.0173780082874938
45.598,0.634,25.36,0.385478357665772,0.148593564228701
45.617,0.285,11.4,0.0772680585095703,0.00597035286583838
45.635,0.608,24.32,0.341979442513709,0.116949939101987
45.635,0.207,8.28,0.0539510622515128,0.00291071711806661
45.653,0.569,22.76,0.285759054337495,0.0816582371358593
45.672,0.699,27.96,0.519995996533516,0.270395836410885
45.672,0.531,21.24,0.239883291901949,0.0575439937337158
45.69,0.673,26.92,0.46131757456038,0.212813904598272
45.708,0.738,29.52,0.62230028516916,0.387257644921618
45.708,0.66,26.4,0.434510224171572,0.18879913490963
45.726,0.725,29,0.586138164514029,0.343557947899875
45.745,0.751,30.04,0.660693448007596,0.436515832240167
45.745,0.725,29,0.586138164514029,0.343557947899875
45.764,0.751,30.04,0.660693448007596,0.436515832240167
45.764,0.751,30.04,0.660693448007596,0.436515832240167
45.783,0.738,29.52,0.62230028516916,0.387257644921618
45.801,0.751,30.04,0.660693448007596,0.436515832240167
45.801,0.738,29.52,0.62230028516916,0.387257644921618
45.819,0.764,30.56,0.701455298419972,0.492039535681452
45.838,0.751,30.04,0.660693448007596,0.436515832240167
45.838,0.686,27.44,0.489778819368447,0.239883291901949
45.856,0.738,29.52,0.62230028516916,0.387257644921618
45.874,0.699,27.96,0.519995996533516,0.270395836410885
45.874,0.647,25.88,0.409260659730011,0.167494287602644
45.892,0.712,28.48,0.552077439280758,0.304789498962799
45.909,0.608,24.32,0.341979442513709,0.116949939101987
45.91,0.311,12.44,0.0870963589956081,0.00758577575029184
45.928,0.634,25.36,0.385478357665772,0.148593564228701
45.946,0.414,16.56,0.139958732257262,0.0195884467350599
45.946,0.44,17.6,0.157761126969935,0.0248885731828239
45.964,0.492,19.68,0.200447202736516,0.040179081084894
45.982,0.349,13.96,0.103752841581801,0.0107646521362984
45.982,0.621,24.84,0.363078054770102,0.131825673855641
46.001,0.22,8.8,0.057279603098583,0.00328095293113119
46.018,0.595,23.8,0.322106879128344,0.103752841581801
46.018,0.699,27.96,0.519995996533516,0.270395836410885
46.036,0.556,22.24,0.269153480392692,0.0724435960074991
46.054,0.686,27.44,0.489778819368447,0.239883291901949
46.055,0.505,20.2,0.212813904598271,0.0452897579903621
46.074,0.66,26.4,0.434510224171572,0.18879913490963
46.074,0.738,29.52,0.62230028516916,0.387257644921618
46.091,0.647,25.88,0.409260659730011,0.167494287602644
46.111,0.725,29,0.586138164514029,0.343557947899875
46.111,0.751,30.04,0.660693448007596,0.436515832240167
46.128,0.712,28.48,0.552077439280758,0.304789498962799
46.146,0.751,30.04,0.660693448007596,0.436515832240167
46.146,0.751,30.04,0.660693448007596,0.436515832240167
46.164,0.751,30.04,0.660693448007596,0.436515832240167
46.181,0.764,30.56,0.701455298419972,0.492039535681452
46.181,0.738,29.52,0.62230028516916,0.387257644921618
46.2,0.764,30.56,0.701455298419972,0.492039535681452
46.217,0.738,29.52,0.62230028516916,0.387257644921618
46.217,0.686,27.44,0.489778819368447,0.239883291901949
46.237,0.764,30.56,0.701455298419972,0.492039535681452
46.254,0.699,27.96,0.519995996533516,0.270395836410885
46.254,0.582,23.28,0.303389118419427,0.0920449571753172
46.275,0.699,27.96,0.519995996533516,0.270395836410885
46.293,0.647,25.88,0.409260659730011,0.167494287602644
46.293,0.362,14.48,0.110153930954142,0.0121338885046498
46.311,0.634,25.36,0.385478357665772,0.148593564228701
46.329,0.44,17.6,0.157761126969935,0.0248885731828239
46.329,0.375,15,0.116949939101987,0.0136772882559585
46.349,0.492,19.68,0.200447202736516,0.040179081084894
46.349,0.259,10.36,0.0685488226452662,0.00469894108605216
46.369,0.582,23.28,0.303389118419427,0.0920449571753172
46.387,0.207,8.28,0.0539510622515128,0.00291071711806661
46.387,0.569,22.76,0.285759054337495,0.0816582371358593
46.404,0.686,27.44,0.489778819368447,0.239883291901949
46.423,0.518,20.72,0.225943577022098,0.0510504999975407
46.423,0.673,26.92,0.46131757456038,0.212813904598272
46.441,0.466,18.64,0.177827941003892,0.0316227766016838
46.459,0.647,25.88,0.409260659730011,0.167494287602644
46.459,0.725,29,0.586138164514029,0.343557947899875
46.477,0.621,24.84,0.363078054770102,0.131825673855641
46.477,0.712,28.48,0.552077439280758,0.304789498962799
46.496,0.751,30.04,0.660693448007596,0.436515832240167
46.513,0.699,27.96,0.519995996533516,0.270395836410885
46.513,0.738,29.52,0.62230028516916,0.387257644921618
46.531,0.751,30.04,0.660693448007596,0.436515832240167
46.551,0.738,29.52,0.62230028516916,0.387257644921618
46.551,0.738,29.52,0.62230028516916,0.387257644921618
46.569,0.725,29,0.586138164514029,0.343557947899875
46.588,0.738,29.52,0.62230028516916,0.387257644921618
46.588,0.738,29.52,0.62230028516916,0.387257644921618
46.607,0.673,26.92,0.46131757456038,0.212813904598272
46.624,0.738,29.52,0.62230028516916,0.387257644921618
46.624,0.686,27.44,0.489778819368447,0.239883291901949
46.643,0.595,23.8,0.322106879128344,0.103752841581801
46.66,0.699,27.96,0.519995996533516,0.270395836410885
46.66,0.621,24.84,0.363078054770102,0.131825673855641
46.678,0.44,17.6,0.157761126969935,0.0248885731828239
46.697,0.647,25.88,0.409260659730011,0.167494287602644
46.697,0.466,18.64,0.177827941003892,0.0316227766016838
46.714,0.336,13.44,0.0977237220955811,0.00954992586021437
46.733,0.518,20.72,0.225943577022098,0.0510504999975407
46.733,0.207,8.28,0.0539510622515128,0.00291071711806661
46.75,0.569,22.76,0.285759054337495,0.0816582371358593
46.768,0.207,8.28,0.0539510622515128,0.00291071711806661
46.769,0.518,20.72,0.225943577022098,0.0510504999975407
46.786,0.66,26.4,0.434510224171572,0.18879913490963
46.804,0.479,19.16,0.188799134909629,0.0356451133426244
46.804,0.634,25.36,0.385478357665772,0.148593564228701
46.824,0.401,16.04,0.131825673855641,0.0173780082874938
46.824,0.621,24.84,0.363078054770102,0.131825673855641
46.841,0.686,27.44,0.489778819368447,0.239883291901949
46.861,0.582,23.28,0.303389118419427,0.0920449571753172
46.861,0.673,26.92,0.46131757456038,0.212813904598272
46.88,0.725,29,0.586138164514029,0.343557947899875
46.9,0.673,26.92,0.46131757456038,0.212813904598272
46.9,0.725,29,0.586138164514029,0.343557947899875
46.92,0.725,29,0.586138164514029,0.343557947899875
46.92,0.712,28.48,0.552077439280758,0.304789498962799
46.94,0.725,29,0.586138164514029,0.343557947899875
46.96,0.712,28.48,0.552077439280758,0.304789498962799
46.96,0.738,29.52,0.62230028516916,0.387257644921618
46.983,0.725,29,0.586138164514029,0.343557947899875
46.983,0.673,26.92,0.46131757456038,0.212813904598272
47.004,0.725,29,0.586138164514029,0.343557947899875
47.004,0.686,27.44,0.489778819368447,0.239883291901949
47.024,0.582,23.28,0.303389118419427,0.0920449571753172
47.052,0.686,27.44,0.489778819368447,0.239883291901949
47.052,0.621,24.84,0.363078054770102,0.131825673855641
47.052,0.427,17.08,0.148593564228701,0.022080047330189
47.074,0.634,25.36,0.385478357665772,0.148593564228701
47.074,0.479,19.16,0.188799134909629,0.0356451133426244
47.094,0.246,9.84,0.0645654229034656,0.00416869383470336
47.112,0.531,21.24,0.239883291901949,0.0575439937337158
47.112,0.168,6.72,0.0450816704541461,0.00203235701093622
47.133,0.518,20.72,0.225943577022098,0.0510504999975407
47.153,0.246,9.84,0.0645654229034656,0.00416869383470336
47.153,0.466,18.64,0.177827941003892,0.0316227766016838
47.173,0.621,24.84,0.363078054770102,0.131825673855641
47.173,0.414,16.56,0.139958732257262,0.0195884467350599
47.193,0.608,24.32,0.341979442513709,0.116949939101987
47.193,0.349,13.96,0.103752841581801,0.0107646521362984
47.211,0.569,22.76,0.285759054337495,0.0816582371358593
47.23,0.673,26.92,0.46131757456038,0.212813904598272
47.23,0.544,21.76,0.254683025258504,0.064863443354824
47.25,0.647,25.88,0.409260659730011,0.167494287602644
47.268,0.699,27.96,0.519995996533516,0.270395836410885
47.268,0.634,25.36,0.385478357665772,0.148593564228701
47.289,0.699,27.96,0.519995996533516,0.270395836410885
47.289,0.712,28.48,0.552077439280758,0.304789498962799
47.309,0.699,27.96,0.519995996533516,0.270395836410885
47.328,0.712,28.48,0.552077439280758,0.304789498962799
47.328,0.712,28.48,0.552077439280758,0.304789498962799
47.348,0.712,28.48,0.552077439280758,0.304789498962799
47.348,0.712,28.48,0.552077439280758,0.304789498962799
47.371,0.673,26.92,0.46131757456038,0.212813904598272
47.391,0.725,29,0.586138164514029,0.343557947899875
47.392,0.686,27.44,0.489778819368447,0.239883291901949
47.415,0.595,23.8,0.322106879128344,0.103752841581801
47.415,0.738,29.52,0.62230028516916,0.387257644921618
47.438,0.634,25.36,0.385478357665772,0.148593564228701
47.438,0.479,19.16,0.188799134909629,0.0356451133426244
47.463,0.647,25.88,0.409260659730011,0.167494287602644
47.464,0.505,20.2,0.212813904598271,0.0452897579903621
47.486,0.518,20.72,0.225943577022098,0.0510504999975407
47.486,0.556,22.24,0.269153480392692,0.0724435960074991
47.507,0.207,8.28,0.0539510622515128,0.00291071711806661
47.507,0.505,20.2,0.212813904598271,0.0452897579903621
47.528,0.324,12.96,0.0924698173938223,0.00855066712884685
47.528,0.479,19.16,0.188799134909629,0.0356451133426244
47.547,0.634,25.36,0.385478357665772,0.148593564228701
47.568,0.414,16.56,0.139958732257262,0.0195884467350599
47.568,0.621,24.84,0.363078054770102,0.131825673855641
47.59,0.311,12.44,0.0870963589956081,0.00758577575029184
47.59,0.582,23.28,0.303389118419427,0.0920449571753172
47.609,0.686,27.44,0.489778819368447,0.239883291901949
47.609,0.556,22.24,0.269153480392692,0.0724435960074991
47.628,0.673,26.92,0.46131757456038,0.212813904598272
47.646,0.725,29,0.586138164514029,0.343557947899875
47.646,0.647,25.88,0.409260659730011,0.167494287602644
47.665,0.712,28.48,0.552077439280758,0.304789498962799
47.683,0.725,29,0.586138164514029,0.343557947899875
47.683,0.712,28.48,0.552077439280758,0.304789498962799
47.702,0.725,29,0.586138164514029,0.343557947899875
47.721,0.725,29,0.586138164514029,0.343557947899875
47.721,0.725,29,0.586138164514029,0.343557947899875
47.74,0.725,29,0.586138164514029,0.343557947899875
47.758,0.686,27.44,0.489778819368447,0.239883291901949
47.758,0.725,29,0.586138164514029,0.343557947899875
47.777,0.699,27.96,0.519995996533516,0.270395836410885
47.778,0.608,24.32,0.341979442513709,0.116949939101987
47.795,0.699,27.96,0.519995996533516,0.270395836410885
47.814,0.621,24.84,0.363078054770102,0.131825673855641
47.814,0.479,19.16,0.188799134909629,0.0356451133426244
47.833,0.634,25.36,0.385478357665772,0.148593564228701
47.852,0.505,20.2,0.212813904598271,0.0452897579903621
47.852,0.207,8.28,0.0539510622515128,0.00291071711806661
47.873,0.544,21.76,0.254683025258504,0.064863443354824
47.873,0.246,9.84,0.0645654229034656,0.00416869383470336
47.891,0.44,17.6,0.157761126969935,0.0248885731828239
47.91,0.324,12.96,0.0924698173938223,0.00855066712884685
47.91,0.375,15,0.116949939101987,0.0136772882559585
47.929,0.569,22.76,0.285759054337495,0.0816582371358593
47.947,0.298,11.92,0.0820351544329818,0.00672976656284318
47.947,0.556,22.24,0.269153480392692,0.0724435960074991
47.966,0.233,9.32,0.0608135001278718,0.00369828179780267
47.984,0.531,21.24,0.239883291901949,0.0575439937337158
47.984,0.66,26.4,0.434510224171572,0.18879913490963
48.004,0.505,20.2,0.212813904598271,0.0452897579903621
48.004,0.66,26.4,0.434510224171572,0.18879913490963
48.021,0.725,29,0.586138164514029,0.343557947899875
48.04,0.634,25.36,0.385478357665772,0.148593564228701
48.04,0.712,28.48,0.552077439280758,0.304789498962799
48.059,0.738,29.52,0.62230028516916,0.387257644921618
48.077,0.712,28.48,0.552077439280758,0.304789498962799
48.077,0.751,30.04,0.660693448007596,0.436515832240167
48.096,0.738,29.52,0.62230028516916,0.387257644921618
48.114,0.725,29,0.586138164514029,0.343557947899875
48.114,0.725,29,0.586138164514029,0.343557947899875
48.132,0.699,27.96,0.519995996533516,0.270395836410885
48.151,0.725,29,0.586138164514029,0.343557947899875
48.151,0.686,27.44,0.489778819368447,0.239883291901949
48.169,0.621,24.84,0.363078054770102,0.131825673855641
48.169,0.699,27.96,0.519995996533516,0.270395836410885
48.188,0.647,25.88,0.409260659730011,0.167494287602644
48.207,0.518,20.72,0.225943577022098,0.0510504999975407
48.207,0.673,26.92,0.46131757456038,0.212813904598272
48.227,0.556,22.24,0.269153480392692,0.0724435960074991
48.244,0.233,9.32,0.0608135001278718,0.00369828179780267
48.244,0.595,23.8,0.322106879128344,0.103752841581801
48.263,0.324,12.96,0.0924698173938223,0.00855066712884685
48.28,0.466,18.64,0.177827941003892,0.0316227766016838
48.28,0.401,16.04,0.131825673855641,0.0173780082874938
48.298,0.401,16.04,0.131825673855641,0.0173780082874938
48.316,0.608,24.32,0.341979442513709,0.116949939101987
48.316,0.298,11.92,0.0820351544329818,0.00672976656284318
48.335,0.582,23.28,0.303389118419427,0.0920449571753172
48.354,0.181,7.24,0.0478630092322639,0.00229086765276777
48.354,0.531,21.24,0.239883291901949,0.0575439937337158
48.373,0.66,26.4,0.434510224171572,0.18879913490963
48.373,0.505,20.2,0.212813904598271,0.0452897579903621
48.393,0.647,25.88,0.409260659730011,0.167494287602644
48.412,0.712,28.48,0.552077439280758,0.304789498962799
48.412,0.634,25.36,0.385478357665772,0.148593564228701
48.43,0.686,27.44,0.489778819368447,0.239883291901949
48.448,0.712,28.48,0.552077439280758,0.304789498962799
48.448,0.686,27.44,0.489778819368447,0.239883291901949
48.466,0.725,29,0.586138164514029,0.343557947899875
48.485,0.725,29,0.586138164514029,0.343557947899875
48.485,0.725,29,0.586138164514029,0.343557947899875
48.504,0.725,29,0.586138164514029,0.343557947899875
48.504,0.699,27.96,0.519995996533516,0.270395836410885
48.522,0.725,29,0.586138164514029,0.343557947899875
48.539,0.699,27.96,0.519995996533516,0.270395836410885
48.54,0.66,26.4,0.434510224171572,0.18879913490963
48.557,0.712,28.48,0.552077439280758,0.304789498962799
48.575,0.66,26.4,0.434510224171572,0.18879913490963
48.576,0.544,21.76,0.254683025258504,0.064863443354824
48.595,0.686,27.44,0.489778819368447,0.239883291901949
48.613,0.569,22.76,0.285759054337495,0.0816582371358593
48.613,0.259,10.36,0.0685488226452662,0.00469894108605216
48.63,0.595,23.8,0.322106879128344,0.103752841581801
48.649,0.375,15,0.116949939101987,0.0136772882559585
48.649,0.427,17.08,0.148593564228701,0.022080047330189
48.666,0.44,17.6,0.157761126969935,0.0248885731828239
48.685,0.324,12.96,0.0924698173938223,0.00855066712884685
48.685,0.582,23.28,0.303389118419427,0.0920449571753172
48.702,0.194,7.76,0.0508159442560561,0.0025822601906346
48.721,0.569,22.76,0.285759054337495,0.0816582371358593
48.721,0.246,9.84,0.0645654229034656,0.00416869383470336
48.738,0.518,20.72,0.225943577022098,0.0510504999975407
48.757,0.66,26.4,0.434510224171572,0.18879913490963
48.757,0.479,19.16,0.188799134909629,0.0356451133426244
48.776,0.634,25.36,0.385478357665772,0.148593564228701
48.794,0.699,27.96,0.519995996533516,0.270395836410885
48.794,0.621,24.84,0.363078054770102,0.131825673855641
48.812,0.699,27.96,0.519995996533516,0.270395836410885
48.812,0.725,29,0.586138164514029,0.343557947899875
48.829,0.673,26.92,0.46131757456038,0.212813904598272
48.848,0.725,29,0.586138164514029,0.343557947899875
48.866,0.751,30.04,0.660693448007596,0.436515832240167
48.866,0.725,29,0.586138164514029,0.343557947899875
48.884,0.725,29,0.586138164514029,0.343557947899875
48.884,0.699,27.96,0.519995996533516,0.270395836410885
48.904,0.738,29.52,0.62230028516916,0.387257644921618
48.921,0.699,27.96,0.519995996533516,0.270395836410885
48.921,0.647,25.88,0.409260659730011,0.167494287602644
48.938,0.725,29,0.586138164514029,0.343557947899875
48.956,0.66,26.4,0.434510224171572,0.18879913490963
48.956,0.544,21.76,0.254683025258504,0.064863443354824
48.975,0.673,26.92,0.46131757456038,0.212813904598272
48.992,0.595,23.8,0.322106879128344,0.103752841581801
48.992,0.479,19.16,0.188799134909629,0.0356451133426244
49.011,0.608,24.32,0.341979442513709,0.116949939101987
49.03,0.414,16.56,0.139958732257262,0.0195884467350599
49.031,0.375,15,0.116949939101987,0.0136772882559585
49.048,0.544,21.76,0.254683025258504,0.064863443354824
49.067,0.285,11.4,0.0772680585095703,0.00597035286583838
49.067,0.582,23.28,0.303389118419427,0.0920449571753172
49.084,0.194,7.76,0.0508159442560561,0.0025822601906346
49.102,0.544,21.76,0.254683025258504,0.064863443354824
49.102,0.66,26.4,0.434510224171572,0.18879913490963
49.121,0.518,20.72,0.225943577022098,0.0510504999975407
49.139,0.647,25.88,0.409260659730011,0.167494287602644
49.139,0.466,18.64,0.177827941003892,0.0316227766016838
49.157,0.634,25.36,0.385478357665772,0.148593564228701
49.175,0.699,27.96,0.519995996533516,0.270395836410885
49.175,0.608,24.32,0.341979442513709,0.116949939101987
49.192,0.699,27.96,0.519995996533516,0.270395836410885
49.21,0.725,29,0.586138164514029,0.343557947899875
49.21,0.686,27.44,0.489778819368447,0.239883291901949
49.229,0.725,29,0.586138164514029,0.343557947899875
49.229,0.725,29,0.586138164514029,0.343557947899875
49.248,0.712,28.48,0.552077439280758,0.304789498962799
49.266,0.725,29,0.586138164514029,0.343557947899875
49.266,0.712,28.48,0.552077439280758,0.304789498962799
49.286,0.725,29,0.586138164514029,0.343557947899875
49.305,0.712,28.48,0.552077439280758,0.304789498962799
49.305,0.673,26.92,0.46131757456038,0.212813904598272
49.326,0.712,28.48,0.552077439280758,0.304789498962799
49.326,0.673,26.92,0.46131757456038,0.212813904598272
49.345,0.582,23.28,0.303389118419427,0.0920449571753172
49.365,0.699,27.96,0.519995996533516,0.270395836410885
49.365,0.608,24.32,0.341979442513709,0.116949939101987
49.384,0.349,13.96,0.103752841581801,0.0107646521362984
49.384,0.621,24.84,0.363078054770102,0.131825673855641
49.404,0.44,17.6,0.157761126969935,0.0248885731828239
49.422,0.362,14.48,0.110153930954142,0.0121338885046498
49.422,0.505,20.2,0.212813904598271,0.0452897579903621
49.441,0.233,9.32,0.0608135001278718,0.00369828179780267
49.46,0.569,22.76,0.285759054337495,0.0816582371358593
49.46,0.556,22.24,0.269153480392692,0.0724435960074991
49.477,0.518,20.72,0.225943577022098,0.0510504999975407
49.497,0.673,26.92,0.46131757456038,0.212813904598272
49.497,0.492,19.68,0.200447202736516,0.040179081084894
49.516,0.647,25.88,0.409260659730011,0.167494287602644
49.516,0.427,17.08,0.148593564228701,0.022080047330189
49.535,0.621,24.84,0.363078054770102,0.131825673855641
49.554,0.699,27.96,0.519995996533516,0.270395836410885
49.554,0.595,23.8,0.322106879128344,0.103752841581801
49.574,0.686,27.44,0.489778819368447,0.239883291901949
49.593,0.725,29,0.586138164514029,0.343557947899875
49.593,0.673,26.92,0.46131757456038,0.212813904598272
49.612,0.712,28.48,0.552077439280758,0.304789498962799
49.612,0.725,29,0.586138164514029,0.343557947899875
49.63,0.712,28.48,0.552077439280758,0.304789498962799
49.649,0.738,29.52,0.62230028516916,0.387257644921618
49.649,0.725,29,0.586138164514029,0.343557947899875
49.667,0.725,29,0.586138164514029,0.343557947899875
49.685,0.712,28.48,0.552077439280758,0.304789498962799
49.685,0.66,26.4,0.434510224171572,0.18879913490963
49.703,0.725,29,0.586138164514029,0.343557947899875
49.721,0.673,26.92,0.46131757456038,0.212813904598272
49.722,0.595,23.8,0.322106879128344,0.103752841581801
49.738,0.686,27.44,0.489778819368447,0.239883291901949
49.756,0.621,24.84,0.363078054770102,0.131825673855641
49.756,0.414,16.56,0.139958732257262,0.0195884467350599
49.775,0.634,25.36,0.385478357665772,0.148593564228701
49.792,0.466,18.64,0.177827941003892,0.0316227766016838
49.793,0.272,10.88,0.0727779804536825,0.00529663443891659
49.811,0.518,20.72,0.225943577022098,0.0510504999975407
49.828,0.155,6.2,0.0424619563946313,0.00180301774085957
49.828,0.544,21.76,0.254683025258504,0.064863443354824
49.846,0.207,8.28,0.0539510622515128,0.00291071711806661
49.865,0.505,20.2,0.212813904598271,0.0452897579903621
49.865,0.647,25.88,0.409260659730011,0.167494287602644
49.883,0.453,18.12,0.167494287602644,0.0280543363795172
49.901,0.634,25.36,0.385478357665772,0.148593564228701
49.901,0.401,16.04,0.131825673855641,0.0173780082874938
49.92,0.608,24.32,0.341979442513709,0.116949939101987
49.937,0.699,27.96,0.519995996533516,0.270395836410885
49.937,0.569,22.76,0.285759054337495,0.0816582371358593
49.955,0.673,26.92,0.46131757456038,0.212813904598272
49.973,0.712,28.48,0.552077439280758,0.304789498962799
49.973,0.66,26.4,0.434510224171572,0.18879913490963
49.992,0.712,28.48,0.552077439280758,0.304789498962799
49.992,0.725,29,0.586138164514029,0.343557947899875
50.011,0.712,28.48,0.552077439280758,0.304789498962799
50.03,0.725,29,0.586138164514029,0.343557947899875
50.03,0.712,28.48,0.552077439280758,0.304789498962799
50.048,0.712,28.48,0.552077439280758,0.304789498962799
50.067,0.725,29,0.586138164514029,0.343557947899875
50.067,0.686,27.44,0.489778819368447,0.239883291901949
50.087,0.712,28.48,0.552077439280758,0.304789498962799
50.087,0.686,27.44,0.489778819368447,0.239883291901949
50.104,0.595,23.8,0.322106879128344,0.103752841581801
50.123,0.699,27.96,0.519995996533516,0.270395836410885
50.123,0.608,24.32,0.341979442513709,0.116949939101987
50.141,0.427,17.08,0.148593564228701,0.022080047330189
50.159,0.634,25.36,0.385478357665772,0.148593564228701
50.159,0.479,19.16,0.188799134909629,0.0356451133426244
50.176,0.246,9.84,0.0645654229034656,0.00416869383470336
50.195,0.531,21.24,0.239883291901949,0.0575439937337158
50.195,0.142,5.68,0.0399944749761098,0.00159955802861467
50.213,0.531,21.24,0.239883291901949,0.0575439937337158
50.231,0.259,10.36,0.0685488226452662,0.00469894108605216
50.231,0.479,19.16,0.188799134909629,0.0356451133426244
50.249,0.621,24.84,0.363078054770102,0.131825673855641
50.266,0.414,16.56,0.139958732257262,0.0195884467350599
50.266,0.621,24.84,0.363078054770102,0.131825673855641
50.283,0.349,13.96,0.103752841581801,0.0107646521362984
50.302,0.595,23.8,0.322106879128344,0.103752841581801
50.302,0.686,27.44,0.489778819368447,0.239883291901949
50.32,0.569,22.76,0.285759054337495,0.0816582371358593
50.337,0.673,26.92,0.46131757456038,0.212813904598272
50.337,0.712,28.48,0.552077439280758,0.304789498962799
50.356,0.66,26.4,0.434510224171572,0.18879913490963
50.374,0.712,28.48,0.552077439280758,0.304789498962799
50.374,0.712,28.48,0.552077439280758,0.304789498962799
50.391,0.699,27.96,0.519995996533516,0.270395836410885
50.413,0.725,29,0.586138164514029,0.343557947899875
50.413,0.712,28.48,0.552077439280758,0.304789498962799
50.431,0.725,29,0.586138164514029,0.343557947899875
50.448,0.712,28.48,0.552077439280758,0.304789498962799
50.448,0.686,27.44,0.489778819368447,0.239883291901949
50.465,0.712,28.48,0.552077439280758,0.304789498962799
50.482,0.686,27.44,0.489778819368447,0.239883291901949
50.482,0.608,24.32,0.341979442513709,0.116949939101987
50.5,0.699,27.96,0.519995996533516,0.270395836410885
50.518,0.634,25.36,0.385478357665772,0.148593564228701
50.518,0.479,19.16,0.188799134909629,0.0356451133426244
50.536,0.647,25.88,0.409260659730011,0.167494287602644
50.555,0.518,20.72,0.225943577022098,0.0510504999975407
50.555,0.168,6.72,0.0450816704541461,0.00203235701093622
50.572,0.556,22.24,0.269153480392692,0.0724435960074991
50.589,0.427,17.08,0.148593564228701,0.022080047330189
50.589,0.505,20.2,0.212813904598271,0.0452897579903621
50.608,0.311,12.44,0.0870963589956081,0.00758577575029184
50.626,0.453,18.12,0.167494287602644,0.0280543363795172
50.626,0.634,25.36,0.385478357665772,0.148593564228701
50.644,0.375,15,0.116949939101987,0.0136772882559585
50.662,0.608,24.32,0.341979442513709,0.116949939101987
50.662,0.285,11.4,0.0772680585095703,0.00597035286583838
50.68,0.582,23.28,0.303389118419427,0.0920449571753172
50.697,0.686,27.44,0.489778819368447,0.239883291901949
50.697,0.544,21.76,0.254683025258504,0.064863443354824
50.716,0.66,26.4,0.434510224171572,0.18879913490963
50.734,0.712,28.48,0.552077439280758,0.304789498962799
50.734,0.647,25.88,0.409260659730011,0.167494287602644
50.751,0.712,28.48,0.552077439280758,0.304789498962799
50.769,0.725,29,0.586138164514029,0.343557947899875
50.769,0.699,27.96,0.519995996533516,0.270395836410885
50.788,0.725,29,0.586138164514029,0.343557947899875
50.806,0.712,28.48,0.552077439280758,0.304789498962799
50.806,0.725,29,0.586138164514029,0.343557947899875
50.823,0.725,29,0.586138164514029,0.343557947899875
50.841,0.686,27.44,0.489778819368447,0.239883291901949
50.841,0.738,29.52,0.62230028516916,0.387257644921618
50.858,0.699,27.96,0.519995996533516,0.270395836410885
50.875,0.608,24.32,0.341979442513709,0.116949939101987
50.875,0.712,28.48,0.552077439280758,0.304789498962799
50.893,0.634,25.36,0.385478357665772,0.148593564228701
50.91,0.492,19.68,0.200447202736516,0.040179081084894
50.91,0.66,26.4,0.434510224171572,0.18879913490963
50.928,0.531,21.24,0.239883291901949,0.0575439937337158
50.947,0.181,7.24,0.0478630092322639,0.00229086765276777
50.947,0.569,22.76,0.285759054337495,0.0816582371358593
50.965,0.246,9.84,0.0645654229034656,0.00416869383470336
50.983,0.466,18.64,0.177827941003892,0.0316227766016838
50.983,0.362,14.48,0.110153930954142,0.0121338885046498
51.001,0.466,18.64,0.177827941003892,0.0316227766016838
51.017,0.621,24.84,0.363078054770102,0.131825673855641
51.017,0.362,14.48,0.110153930954142,0.0121338885046498
51.036,0.595,23.8,0.322106879128344,0.103752841581801
51.053,0.259,10.36,0.0685488226452662,0.00469894108605216
51.053,0.556,22.24,0.269153480392692,0.0724435960074991
51.071,0.66,26.4,0.434510224171572,0.18879913490963
51.089,0.531,21.24,0.239883291901949,0.0575439937337158
51.089,0.66,26.4,0.434510224171572,0.18879913490963
51.106,0.699,27.96,0.519995996533516,0.270395836410885
51.123,0.634,25.36,0.385478357665772,0.148593564228701
51.123,0.699,27.96,0.519995996533516,0.270395836410885
51.141,0.712,28.48,0.552077439280758,0.304789498962799
51.159,0.686,27.44,0.489778819368447,0.239883291901949
51.159,0.712,28.48,0.552077439280758,0.304789498962799
51.176,0.725,29,0.586138164514029,0.343557947899875
51.194,0.712,28.48,0.552077439280758,0.304789498962799
51.194,0.725,29,0.586138164514029,0.343557947899875
51.211,0.686,27.44,0.489778819368447,0.239883291901949
51.23,0.725,29,0.586138164514029,0.343557947899875
51.247,0.699,27.96,0.519995996533516,0.270395836410885
51.247,0.634,25.36,0.385478357665772,0.148593564228701
51.264,0.712,28.48,0.552077439280758,0.304789498962799
51.282,0.66,26.4,0.434510224171572,0.18879913490963
51.282,0.518,20.72,0.225943577022098,0.0510504999975407
51.3,0.66,26.4,0.434510224171572,0.18879913490963
51.318,0.556,22.24,0.269153480392692,0.0724435960074991
51.318,0.194,7.76,0.0508159442560561,0.0025822601906346
51.336,0.582,23.28,0.303389118419427,0.0920449571753172
51.354,0.324,12.96,0.0924698173938223,0.00855066712884685
51.354,0.453,18.12,0.167494287602644,0.0280543363795172
51.372,0.414,16.56,0.139958732257262,0.0195884467350599
51.39,0.388,15.52,0.124165230759241,0.0154170045294956
51.391,0.608,24.32,0.341979442513709,0.116949939101987
51.409,0.272,10.88,0.0727779804536825,0.00529663443891659
51.409,0.556,22.24,0.269153480392692,0.0724435960074991
51.428,0.194,7.76,0.0508159442560561,0.0025822601906346
51.446,0.531,21.24,0.239883291901949,0.0575439937337158
51.446,0.66,26.4,0.434510224171572,0.18879913490963
51.466,0.492,19.68,0.200447202736516,0.040179081084894
51.485,0.647,25.88,0.409260659730011,0.167494287602644
51.485,0.712,28.48,0.552077439280758,0.304789498962799
51.505,0.621,24.84,0.363078054770102,0.131825673855641
51.505,0.699,27.96,0.519995996533516,0.270395836410885
51.524,0.725,29,0.586138164514029,0.343557947899875
51.544,0.673,26.92,0.46131757456038,0.212813904598272
51.544,0.725,29,0.586138164514029,0.343557947899875
51.563,0.712,28.48,0.552077439280758,0.304789498962799
51.583,0.712,28.48,0.552077439280758,0.304789498962799
51.583,0.725,29,0.586138164514029,0.343557947899875
51.605,0.686,27.44,0.489778819368447,0.239883291901949
51.605,0.725,29,0.586138164514029,0.343557947899875
51.627,0.699,27.96,0.519995996533516,0.270395836410885
51.627,0.634,25.36,0.385478357665772,0.148593564228701
51.647,0.712,28.48,0.552077439280758,0.304789498962799
51.647,0.647,25.88,0.409260659730011,0.167494287602644
51.668,0.544,21.76,0.254683025258504,0.064863443354824
51.687,0.686,27.44,0.489778819368447,0.239883291901949
51.687,0.556,22.24,0.269153480392692,0.0724435960074991
51.706,0.272,10.88,0.0727779804536825,0.00529663443891659
51.706,0.595,23.8,0.322106879128344,0.103752841581801
51.73,0.375,15,0.116949939101987,0.0136772882559585
51.73,0.427,17.08,0.148593564228701,0.022080047330189
51.751,0.427,17.08,0.148593564228701,0.022080047330189
51.771,0.349,13.96,0.103752841581801,0.0107646521362984
51.771,0.582,23.28,0.303389118419427,0.0920449571753172
51.793,0.233,9.32,0.0608135001278718,0.00369828179780267
51.793,0.556,22.24,0.269153480392692,0.0724435960074991
51.812,0.673,26.92,0.46131757456038,0.212813904598272
51.833,0.518,20.72,0.225943577022098,0.0510504999975407
51.833,0.66,26.4,0.434510224171572,0.18879913490963
51.854,0.479,19.16,0.188799134909629,0.0356451133426244
51.854,0.647,25.88,0.409260659730011,0.167494287602644
51.874,0.699,27.96,0.519995996533516,0.270395836410885
51.874,0.608,24.32,0.341979442513709,0.116949939101987
51.894,0.686,27.44,0.489778819368447,0.239883291901949
51.914,0.712,28.48,0.552077439280758,0.304789498962799
51.915,0.686,27.44,0.489778819368447,0.239883291901949
51.934,0.725,29,0.586138164514029,0.343557947899875
51.934,0.725,29,0.586138164514029,0.343557947899875
51.952,0.712,28.48,0.552077439280758,0.304789498962799
51.97,0.725,29,0.586138164514029,0.343557947899875
51.97,0.712,28.48,0.552077439280758,0.304789498962799
51.987,0.738,29.52,0.62230028516916,0.387257644921618
52.005,0.699,27.96,0.519995996533516,0.270395836410885
52.005,0.647,25.88,0.409260659730011,0.167494287602644
52.022,0.712,28.48,0.552077439280758,0.304789498962799
52.042,0.66,26.4,0.434510224171572,0.18879913490963
52.042,0.556,22.24,0.269153480392692,0.0724435960074991
52.06,0.673,26.92,0.46131757456038,0.212813904598272
52.078,0.569,22.76,0.285759054337495,0.0816582371358593
52.078,0.298,11.92,0.0820351544329818,0.00672976656284318
52.095,0.608,24.32,0.341979442513709,0.116949939101987
52.112,0.414,16.56,0.139958732257262,0.0195884467350599
52.112,0.388,15.52,0.124165230759241,0.0154170045294956
52.131,0.466,18.64,0.177827941003892,0.0316227766016838
52.148,0.285,11.4,0.0772680585095703,0.00597035286583838
52.148,0.582,23.28,0.303389118419427,0.0920449571753172
52.166,0.168,6.72,0.0450816704541461,0.00203235701093622
52.183,0.544,21.76,0.254683025258504,0.064863443354824
52.183,0.66,26.4,0.434510224171572,0.18879913490963
52.202,0.505,20.2,0.212813904598271,0.0452897579903621
52.219,0.647,25.88,0.409260659730011,0.167494287602644
52.219,0.453,18.12,0.167494287602644,0.0280543363795172
52.237,0.634,25.36,0.385478357665772,0.148593564228701
52.255,0.699,27.96,0.519995996533516,0.270395836410885
52.255,0.595,23.8,0.322106879128344,0.103752841581801
52.273,0.699,27.96,0.519995996533516,0.270395836410885
52.291,0.725,29,0.586138164514029,0.343557947899875
52.291,0.673,26.92,0.46131757456038,0.212813904598272
52.308,0.712,28.48,0.552077439280758,0.304789498962799
52.326,0.725,29,0.586138164514029,0.343557947899875
52.326,0.725,29,0.586138164514029,0.343557947899875
52.343,0.725,29,0.586138164514029,0.343557947899875
52.361,0.699,27.96,0.519995996533516,0.270395836410885
52.378,0.725,29,0.586138164514029,0.343557947899875
52.378,0.712,28.48,0.552077439280758,0.304789498962799
52.395,0.66,26.4,0.434510224171572,0.18879913490963
52.414,0.699,27.96,0.519995996533516,0.270395836410885
52.414,0.673,26.92,0.46131757456038,0.212813904598272
52.434,0.582,23.28,0.303389118419427,0.0920449571753172
52.434,0.686,27.44,0.489778819368447,0.239883291901949
52.451,0.595,23.8,0.322106879128344,0.103752841581801
52.468,0.375,15,0.116949939101987,0.0136772882559585
52.468,0.621,24.84,0.363078054770102,0.131825673855641
52.487,0.466,18.64,0.177827941003892,0.0316227766016838
52.505,0.388,15.52,0.124165230759241,0.0154170045294956
52.505,0.492,19.68,0.200447202736516,0.040179081084894
52.523,0.194,7.76,0.0508159442560561,0.0025822601906346
52.541,0.569,22.76,0.285759054337495,0.0816582371358593
52.541,0.168,6.72,0.0450816704541461,0.00203235701093622
52.558,0.518,20.72,0.225943577022098,0.0510504999975407
52.576,0.647,25.88,0.409260659730011,0.167494287602644
52.576,0.479,19.16,0.188799134909629,0.0356451133426244
52.595,0.621,24.84,0.363078054770102,0.131825673855641
52.613,0.621,24.84,0.363078054770102,0.131825673855641
52.613,0.608,24.32,0.341979442513709,0.116949939101987
52.632,0.699,27.96,0.519995996533516,0.270395836410885
52.651,0.608,24.32,0.341979442513709,0.116949939101987
52.651,0.673,26.92,0.46131757456038,0.212813904598272
52.669,0.725,29,0.586138164514029,0.343557947899875
52.687,0.673,26.92,0.46131757456038,0.212813904598272
52.687,0.712,28.48,0.552077439280758,0.304789498962799
52.705,0.725,29,0.586138164514029,0.343557947899875
52.725,0.712,28.48,0.552077439280758,0.304789498962799
52.725,0.725,29,0.586138164514029,0.343557947899875
52.744,0.699,27.96,0.519995996533516,0.270395836410885
52.744,0.725,29,0.586138164514029,0.343557947899875
52.761,0.725,29,0.586138164514029,0.343557947899875
52.779,0.673,26.92,0.46131757456038,0.212813904598272
52.779,0.725,29,0.586138164514029,0.343557947899875
52.798,0.673,26.92,0.46131757456038,0.212813904598272
52.814,0.582,23.28,0.303389118419427,0.0920449571753172
52.814,0.699,27.96,0.519995996533516,0.270395836410885
52.834,0.621,24.84,0.363078054770102,0.131825673855641
52.852,0.388,15.52,0.124165230759241,0.0154170045294956
52.852,0.647,25.88,0.409260659730011,0.167494287602644
52.87,0.466,18.64,0.177827941003892,0.0316227766016838
52.887,0.298,11.92,0.0820351544329818,0.00672976656284318
52.887,0.505,20.2,0.212813904598271,0.0452897579903621
52.905,0.336,13.44,0.0977237220955811,0.00954992586021437
52.924,0.531,21.24,0.239883291901949,0.0575439937337158
52.924,0.181,7.24,0.0478630092322639,0.00229086765276777
52.942,0.505,20.2,0.212813904598271,0.0452897579903621
52.96,0.647,25.88,0.409260659730011,0.167494287602644
52.96,0.453,18.12,0.167494287602644,0.0280543363795172
52.978,0.634,25.36,0.385478357665772,0.148593564228701
52.999,0.375,15,0.116949939101987,0.0136772882559585
52.999,0.608,24.32,0.341979442513709,0.116949939101987
53.018,0.686,27.44,0.489778819368447,0.239883291901949
53.018,0.582,23.28,0.303389118419427,0.0920449571753172
53.036,0.686,27.44,0.489778819368447,0.239883291901949
53.054,0.712,28.48,0.552077439280758,0.304789498962799
53.054,0.673,26.92,0.46131757456038,0.212813904598272
53.073,0.712,28.48,0.552077439280758,0.304789498962799
53.091,0.725,29,0.586138164514029,0.343557947899875
53.091,0.712,28.48,0.552077439280758,0.304789498962799
53.11,0.725,29,0.586138164514029,0.343557947899875
53.128,0.712,28.48,0.552077439280758,0.304789498962799
53.128,0.725,29,0.586138164514029,0.343557947899875
53.146,0.712,28.48,0.552077439280758,0.304789498962799
53.164,0.673,26.92,0.46131757456038,0.212813904598272
53.164,0.712,28.48,0.552077439280758,0.304789498962799
53.181,0.686,27.44,0.489778819368447,0.239883291901949
53.198,0.595,23.8,0.322106879128344,0.103752841581801
53.198,0.699,27.96,0.519995996533516,0.270395836410885
53.218,0.634,25.36,0.385478357665772,0.148593564228701
53.235,0.466,18.64,0.177827941003892,0.0316227766016838
53.235,0.634,25.36,0.385478357665772,0.148593564228701
53.255,0.505,20.2,0.212813904598271,0.0452897579903621
53.255,0.181,7.24,0.0478630092322639,0.00229086765276777
53.272,0.556,22.24,0.269153480392692,0.0724435960074991
53.29,0.155,6.2,0.0424619563946313,0.00180301774085957
53.29,0.518,20.72,0.225943577022098,0.0510504999975407
53.307,0.259,10.36,0.0685488226452662,0.00469894108605216
53.325,0.479,19.16,0.188799134909629,0.0356451133426244
53.344,0.647,25.88,0.409260659730011,0.167494287602644
53.344,0.518,20.72,0.225943577022098,0.0510504999975407
53.362,0.621,24.84,0.363078054770102,0.131825673855641
53.362,0.324,12.96,0.0924698173938223,0.00855066712884685
53.379,0.595,23.8,0.322106879128344,0.103752841581801
53.398,0.686,27.44,0.489778819368447,0.239883291901949
53.398,0.556,22.24,0.269153480392692,0.0724435960074991
53.417,0.673,26.92,0.46131757456038,0.212813904598272
53.435,0.712,28.48,0.552077439280758,0.304789498962799
53.435,0.66,26.4,0.434510224171572,0.18879913490963
53.454,0.712,28.48,0.552077439280758,0.304789498962799
53.472,0.725,29,0.586138164514029,0.343557947899875
53.472,0.699,27.96,0.519995996533516,0.270395836410885
53.491,0.725,29,0.586138164514029,0.343557947899875
53.508,0.725,29,0.586138164514029,0.343557947899875
53.508,0.725,29,0.586138164514029,0.343557947899875
53.527,0.712,28.48,0.552077439280758,0.304789498962799
53.546,0.673,26.92,0.46131757456038,0.212813904598272
53.546,0.725,29,0.586138164514029,0.343557947899875
53.564,0.699,27.96,0.519995996533516,0.270395836410885
53.564,0.608,24.32,0.341979442513709,0.116949939101987
53.584,0.699,27.96,0.519995996533516,0.270395836410885
53.602,0.621,24.84,0.363078054770102,0.131825673855641
53.602,0.466,18.64,0.177827941003892,0.0316227766016838
53.62,0.647,25.88,0.409260659730011,0.167494287602644
53.637,0.518,20.72,0.225943577022098,0.0510504999975407
53.638,0.168,6.72,0.0450816704541461,0.00203235701093622
53.655,0.569,22.76,0.285759054337495,0.0816582371358593
53.674,0.181,7.24,0.0478630092322639,0.00229086765276777
53.674,0.492,19.68,0.200447202736516,0.040179081084894
53.692,0.311,12.44,0.0870963589956081,0.00758577575029184
53.71,0.453,18.12,0.167494287602644,0.0280543363795172
53.71,0.621,24.84,0.363078054770102,0.131825673855641
53.727,0.401,16.04,0.131825673855641,0.0173780082874938
53.745,0.608,24.32,0.341979442513709,0.116949939101987
53.745,0.388,15.52,0.124165230759241,0.0154170045294956
53.763,0.582,23.28,0.303389118419427,0.0920449571753172
53.78,0.673,26.92,0.46131757456038,0.212813904598272
53.78,0.531,21.24,0.239883291901949,0.0575439937337158
53.798,0.66,26.4,0.434510224171572,0.18879913490963
53.816,0.712,28.48,0.552077439280758,0.304789498962799
53.816,0.647,25.88,0.409260659730011,0.167494287602644
53.833,0.699,27.96,0.519995996533516,0.270395836410885
53.852,0.725,29,0.586138164514029,0.343557947899875
53.852,0.699,27.96,0.519995996533516,0.270395836410885
53.868,0.712,28.48,0.552077439280758,0.304789498962799
53.886,0.712,28.48,0.552077439280758,0.304789498962799
53.886,0.712,28.48,0.552077439280758,0.304789498962799
53.904,0.712,28.48,0.552077439280758,0.304789498962799
53.922,0.686,27.44,0.489778819368447,0.239883291901949
53.922,0.712,28.48,0.552077439280758,0.304789498962799
53.94,0.699,27.96,0.519995996533516,0.270395836410885
53.957,0.621,24.84,0.363078054770102,0.131825673855641
53.957,0.712,28.48,0.552077439280758,0.304789498962799
53.975,0.634,25.36,0.385478357665772,0.148593564228701
53.993,0.492,19.68,0.200447202736516,0.040179081084894
53.993,0.66,26.4,0.434510224171572,0.18879913490963
54.011,0.544,21.76,0.254683025258504,0.064863443354824
54.029,0.155,6.2,0.0424619563946313,0.00180301774085957
54.029,0.582,23.28,0.303389118419427,0.0920449571753172
54.049,0.272,10.88,0.0727779804536825,0.00529663443891659
54.067,0.479,19.16,0.188799134909629,0.0356451133426244
54.067,0.388,15.52,0.124165230759241,0.0154170045294956
54.085,0.414,16.56,0.139958732257262,0.0195884467350599
54.104,0.608,24.32,0.341979442513709,0.116949939101987
54.104,0.324,12.96,0.0924698173938223,0.00855066712884685
54.121,0.582,23.28,0.303389118419427,0.0920449571753172
54.14,0.181,7.24,0.0478630092322639,0.00229086765276777
54.14,0.556,22.24,0.269153480392692,0.0724435960074991
54.158,0.673,26.92,0.46131757456038,0.212813904598272
54.177,0.531,21.24,0.239883291901949,0.0575439937337158
54.177,0.66,26.4,0.434510224171572,0.18879913490963
54.194,0.712,28.48,0.552077439280758,0.304789498962799
54.211,0.634,25.36,0.385478357665772,0.148593564228701
54.211,0.699,27.96,0.519995996533516,0.270395836410885
54.23,0.725,29,0.586138164514029,0.343557947899875
54.248,0.686,27.44,0.489778819368447,0.239883291901949
54.248,0.725,29,0.586138164514029,0.343557947899875
54.266,0.725,29,0.586138164514029,0.343557947899875
54.266,0.712,28.48,0.552077439280758,0.304789498962799
54.284,0.712,28.48,0.552077439280758,0.304789498962799
54.301,0.686,27.44,0.489778819368447,0.239883291901949
54.318,0.725,29,0.586138164514029,0.343557947899875
54.319,0.699,27.96,0.519995996533516,0.270395836410885
54.336,0.634,25.36,0.385478357665772,0.148593564228701
54.354,0.712,28.48,0.552077439280758,0.304789498962799
54.354,0.647,25.88,0.409260659730011,0.167494287602644
54.371,0.582,23.28,0.303389118419427,0.0920449571753172
54.389,0.66,26.4,0.434510224171572,0.18879913490963
54.389,0.556,22.24,0.269153480392692,0.0724435960074991
54.408,0.233,9.32,0.0608135001278718,0.00369828179780267
54.426,0.582,23.28,0.303389118419427,0.0920449571753172
54.426,0.298,11.92,0.0820351544329818,0.00672976656284318
54.443,0.44,17.6,0.157761126969935,0.0248885731828239
54.462,0.401,16.04,0.131825673855641,0.0173780082874938
54.462,0.388,15.52,0.124165230759241,0.0154170045294956
54.479,0.608,24.32,0.341979442513709,0.116949939101987
54.497,0.272,10.88,0.0727779804536825,0.00529663443891659
54.497,0.569,22.76,0.285759054337495,0.0816582371358593
54.515,0.181,7.24,0.0478630092322639,0.00229086765276777
54.532,0.531,21.24,0.239883291901949,0.0575439937337158
54.532,0.66,26.4,0.434510224171572,0.18879913490963
54.55,0.492,19.68,0.200447202736516,0.040179081084894
54.567,0.634,25.36,0.385478357665772,0.148593564228701
54.567,0.712,28.48,0.552077439280758,0.304789498962799
54.585,0.621,24.84,0.363078054770102,0.131825673855641
54.602,0.699,27.96,0.519995996533516,0.270395836410885
54.602,0.725,29,0.586138164514029,0.343557947899875
54.62,0.686,27.44,0.489778819368447,0.239883291901949
54.638,0.712,28.48,0.552077439280758,0.304789498962799
54.639,0.725,29,0.586138164514029,0.343557947899875
54.657,0.712,28.48,0.552077439280758,0.304789498962799
54.675,0.725,29,0.586138164514029,0.343557947899875
54.675,0.699,27.96,0.519995996533516,0.270395836410885
54.695,0.725,29,0.586138164514029,0.343557947899875
54.695,0.699,27.96,0.519995996533516,0.270395836410885
54.715,0.66,26.4,0.434510224171572,0.18879913490963
54.735,0.712,28.48,0.552077439280758,0.304789498962799
54.735,0.66,26.4,0.434510224171572,0.18879913490963
54.756,0.544,21.76,0.254683025258504,0.064863443354824
54.756,0.673,26.92,0.46131757456038,0.212813904598272
54.778,0.569,22.76,0.285759054337495,0.0816582371358593
54.799,0.246,9.84,0.0645654229034656,0.00416869383470336
54.799,0.608,24.32,0.341979442513709,0.116949939101987
54.817,0.375,15,0.116949939101987,0.0136772882559585
54.817,0.401,16.04,0.131825673855641,0.0173780082874938
54.835,0.44,17.6,0.157761126969935,0.0248885731828239
54.853,0.349,13.96,0.103752841581801,0.0107646521362984
54.853,0.595,23.8,0.322106879128344,0.103752841581801
54.871,0.233,9.32,0.0608135001278718,0.00369828179780267
54.889,0.556,22.24,0.269153480392692,0.0724435960074991
54.889,0.66,26.4,0.434510224171572,0.18879913490963
54.907,0.531,21.24,0.239883291901949,0.0575439937337158
54.926,0.66,26.4,0.434510224171572,0.18879913490963
54.926,0.479,19.16,0.188799134909629,0.0356451133426244
54.947,0.634,25.36,0.385478357665772,0.148593564228701
54.947,0.699,27.96,0.519995996533516,0.270395836410885
54.967,0.621,24.84,0.363078054770102,0.131825673855641
54.988,0.699,27.96,0.519995996533516,0.270395836410885
54.988,0.712,28.48,0.552077439280758,0.304789498962799
55.007,0.686,27.44,0.489778819368447,0.239883291901949
55.007,0.712,28.48,0.552077439280758,0.304789498962799
55.026,0.712,28.48,0.552077439280758,0.304789498962799
55.046,0.712,28.48,0.552077439280758,0.304789498962799
55.046,0.725,29,0.586138164514029,0.343557947899875
55.065,0.699,27.96,0.519995996533516,0.270395836410885
55.065,0.725,29,0.586138164514029,0.343557947899875
55.085,0.699,27.96,0.519995996533516,0.270395836410885
55.104,0.647,25.88,0.409260659730011,0.167494287602644
55.104,0.712,28.48,0.552077439280758,0.304789498962799
55.122,0.66,26.4,0.434510224171572,0.18879913490963
55.14,0.556,22.24,0.269153480392692,0.0724435960074991
55.14,0.686,27.44,0.489778819368447,0.239883291901949
55.158,0.582,23.28,0.303389118419427,0.0920449571753172
55.175,0.324,12.96,0.0924698173938223,0.00855066712884685
55.175,0.608,24.32,0.341979442513709,0.116949939101987
55.193,0.531,21.24,0.239883291901949,0.0575439937337158
55.211,0.362,14.48,0.110153930954142,0.0121338885046498
55.212,0.466,18.64,0.177827941003892,0.0316227766016838
55.229,0.246,9.84,0.0645654229034656,0.00416869383470336
55.246,0.569,22.76,0.285759054337495,0.0816582371358593
55.246,0.168,6.72,0.0450816704541461,0.00203235701093622
55.265,0.531,21.24,0.239883291901949,0.0575439937337158
55.283,0.66,26.4,0.434510224171572,0.18879913490963
55.283,0.492,19.68,0.200447202736516,0.040179081084894
55.3,0.647,25.88,0.409260659730011,0.167494287602644
55.319,0.44,17.6,0.157761126969935,0.0248885731828239
55.319,0.621,24.84,0.363078054770102,0.131825673855641
55.338,0.712,28.48,0.552077439280758,0.304789498962799
55.356,0.582,23.28,0.303389118419427,0.0920449571753172
55.356,0.686,27.44,0.489778819368447,0.239883291901949
55.376,0.725,29,0.586138164514029,0.343557947899875
55.376,0.686,27.44,0.489778819368447,0.239883291901949
55.396,0.725,29,0.586138164514029,0.343557947899875
55.414,0.725,29,0.586138164514029,0.343557947899875
55.414,0.712,28.48,0.552077439280758,0.304789498962799
55.433,0.738,29.52,0.62230028516916,0.387257644921618
55.451,0.712,28.48,0.552077439280758,0.304789498962799
55.451,0.725,29,0.586138164514029,0.343557947899875
55.473,0.712,28.48,0.552077439280758,0.304789498962799
55.473,0.66,26.4,0.434510224171572,0.18879913490963
55.493,0.725,29,0.586138164514029,0.343557947899875
55.51,0.686,27.44,0.489778819368447,0.239883291901949
55.51,0.582,23.28,0.303389118419427,0.0920449571753172
55.528,0.699,27.96,0.519995996533516,0.270395836410885
55.546,0.595,23.8,0.322106879128344,0.103752841581801
55.546,0.375,15,0.116949939101987,0.0136772882559585
55.564,0.634,25.36,0.385478357665772,0.148593564228701
55.581,0.453,18.12,0.167494287602644,0.0280543363795172
55.581,0.324,12.96,0.0924698173938223,0.00855066712884685
55.599,0.492,19.68,0.200447202736516,0.040179081084894
55.617,0.349,13.96,0.103752841581801,0.0107646521362984
55.617,0.556,22.24,0.269153480392692,0.0724435960074991
55.635,0.181,7.24,0.0478630092322639,0.00229086765276777
55.653,0.531,21.24,0.239883291901949,0.0575439937337158
55.653,0.647,25.88,0.409260659730011,0.167494287602644
55.672,0.479,19.16,0.188799134909629,0.0356451133426244
55.689,0.621,24.84,0.363078054770102,0.131825673855641
55.689,0.414,16.56,0.139958732257262,0.0195884467350599
55.707,0.621,24.84,0.363078054770102,0.131825673855641
55.726,0.699,27.96,0.519995996533516,0.270395836410885
55.726,0.582,23.28,0.303389118419427,0.0920449571753172
55.743,0.686,27.44,0.489778819368447,0.239883291901949
55.743,0.712,28.48,0.552077439280758,0.304789498962799
55.763,0.66,26.4,0.434510224171572,0.18879913490963
55.781,0.712,28.48,0.552077439280758,0.304789498962799
55.781,0.725,29,0.586138164514029,0.343557947899875
55.799,0.712,28.48,0.552077439280758,0.304789498962799
55.818,0.725,29,0.586138164514029,0.343557947899875
55.818,0.712,28.48,0.552077439280758,0.304789498962799
55.835,0.725,29,0.586138164514029,0.343557947899875
55.854,0.712,28.48,0.552077439280758,0.304789498962799
55.854,0.673,26.92,0.46131757456038,0.212813904598272
55.873,0.712,28.48,0.552077439280758,0.304789498962799
55.89,0.673,26.92,0.46131757456038,0.212813904598272
55.89,0.582,23.28,0.303389118419427,0.0920449571753172
55.907,0.686,27.44,0.489778819368447,0.239883291901949
55.926,0.608,24.32,0.341979442513709,0.116949939101987
55.926,0.427,17.08,0.148593564228701,0.022080047330189
55.944,0.634,25.36,0.385478357665772,0.148593564228701
55.962,0.479,19.16,0.188799134909629,0.0356451133426244
55.962,0.259,10.36,0.0685488226452662,0.00469894108605216
55.981,0.518,20.72,0.225943577022098,0.0510504999975407
55.999,0.207,8.28,0.0539510622515128,0.00291071711806661
55.999,0.544,21.76,0.254683025258504,0.064863443354824
56.017,0.673,26.92,0.46131757456038,0.212813904598272
56.035,0.492,19.68,0.200447202736516,0.040179081084894
56.035,0.647,25.88,0.409260659730011,0.167494287602644
56.054,0.44,17.6,0.157761126969935,0.0248885731828239
56.054,0.621,24.84,0.363078054770102,0.131825673855641
56.073,0.362,14.48,0.110153930954142,0.0121338885046498
56.091,0.608,24.32,0.341979442513709,0.116949939101987
56.092,0.686,27.44,0.489778819368447,0.239883291901949
56.11,0.569,22.76,0.285759054337495,0.0816582371358593
56.127,0.686,27.44,0.489778819368447,0.239883291901949
56.127,0.712,28.48,0.552077439280758,0.304789498962799
56.145,0.66,26.4,0.434510224171572,0.18879913490963
56.163,0.725,29,0.586138164514029,0.343557947899875
56.163,0.712,28.48,0.552077439280758,0.304789498962799
56.182,0.712,28.48,0.552077439280758,0.304789498962799
56.2,0.725,29,0.586138164514029,0.343557947899875
56.2,0.712,28.48,0.552077439280758,0.304789498962799
56.217,0.725,29,0.586138164514029,0.343557947899875
56.235,0.712,28.48,0.552077439280758,0.304789498962799
56.235,0.673,26.92,0.46131757456038,0.212813904598272
56.253,0.725,29,0.586138164514029,0.343557947899875
56.271,0.686,27.44,0.489778819368447,0.239883291901949
56.271,0.595,23.8,0.322106879128344,0.103752841581801
56.29,0.699,27.96,0.519995996533516,0.270395836410885
56.307,0.608,24.32,0.341979442513709,0.116949939101987
56.307,0.453,18.12,0.167494287602644,0.0280543363795172
56.326,0.647,25.88,0.409260659730011,0.167494287602644
56.344,0.505,20.2,0.212813904598271,0.0452897579903621
56.344,0.194,7.76,0.0508159442560561,0.0025822601906346
56.362,0.531,21.24,0.239883291901949,0.0575439937337158
56.38,0.22,8.8,0.057279603098583,0.00328095293113119
56.38,0.505,20.2,0.212813904598271,0.0452897579903621
56.399,0.259,10.36,0.0685488226452662,0.00469894108605216
56.399,0.466,18.64,0.177827941003892,0.0316227766016838
56.418,0.634,25.36,0.385478357665772,0.148593564228701
56.435,0.401,16.04,0.131825673855641,0.0173780082874938
56.435,0.608,24.32,0.341979442513709,0.116949939101987
56.452,0.324,12.96,0.0924698173938223,0.00855066712884685
56.472,0.569,22.76,0.285759054337495,0.0816582371358593
56.472,0.673,26.92,0.46131757456038,0.212813904598272
56.49,0.556,22.24,0.269153480392692,0.0724435960074991
56.509,0.66,26.4,0.434510224171572,0.18879913490963
56.509,0.699,27.96,0.519995996533516,0.270395836410885
56.527,0.647,25.88,0.409260659730011,0.167494287602644
56.546,0.699,27.96,0.519995996533516,0.270395836410885
56.546,0.725,29,0.586138164514029,0.343557947899875
56.564,0.699,27.96,0.519995996533516,0.270395836410885
56.581,0.712,28.48,0.552077439280758,0.304789498962799
56.581,0.712,28.48,0.552077439280758,0.304789498962799
56.599,0.725,29,0.586138164514029,0.343557947899875
56.617,0.712,28.48,0.552077439280758,0.304789498962799
56.617,0.673,26.92,0.46131757456038,0.212813904598272
56.635,0.712,28.48,0.552077439280758,0.304789498962799
56.652,0.699,27.96,0.519995996533516,0.270395836410885
56.653,0.621,24.84,0.363078054770102,0.131825673855641
56.67,0.699,27.96,0.519995996533516,0.270395836410885
56.688,0.634,25.36,0.385478357665772,0.148593564228701
56.688,0.492,19.68,0.200447202736516,0.040179081084894
56.705,0.66,26.4,0.434510224171572,0.18879913490963
56.723,0.518,20.72,0.225943577022098,0.0510504999975407
56.723,0.388,15.52,0.124165230759241,0.0154170045294956
56.742,0.556,22.24,0.269153480392692,0.0724435960074991
56.76,0.233,9.32,0.0608135001278718,0.00369828179780267
56.76,0.492,19.68,0.200447202736516,0.040179081084894
56.777,0.401,16.04,0.131825673855641,0.0173780082874938
56.797,0.44,17.6,0.157761126969935,0.0248885731828239
56.797,0.621,24.84,0.363078054770102,0.131825673855641
56.814,0.375,15,0.116949939101987,0.0136772882559585
56.832,0.608,24.32,0.341979442513709,0.116949939101987
56.832,0.272,10.88,0.0727779804536825,0.00529663443891659
56.851,0.569,22.76,0.285759054337495,0.0816582371358593
56.868,0.673,26.92,0.46131757456038,0.212813904598272
56.868,0.544,21.76,0.254683025258504,0.064863443354824
56.886,0.66,26.4,0.434510224171572,0.18879913490963
56.886,0.712,28.48,0.552077439280758,0.304789498962799
56.905,0.647,25.88,0.409260659730011,0.167494287602644
56.923,0.699,27.96,0.519995996533516,0.270395836410885
56.923,0.725,29,0.586138164514029,0.343557947899875
56.942,0.686,27.44,0.489778819368447,0.239883291901949
56.959,0.725,29,0.586138164514029,0.343557947899875
56.959,0.725,29,0.586138164514029,0.343557947899875
56.977,0.725,29,0.586138164514029,0.343557947899875
56.995,0.725,29,0.586138164514029,0.343557947899875
56.995,0.686,27.44,0.489778819368447,0.239883291901949
57.013,0.738,29.52,0.62230028516916,0.387257644921618
57.031,0.699,27.96,0.519995996533516,0.270395836410885
57.031,0.621,24.84,0.363078054770102,0.131825673855641
57.049,0.712,28.48,0.552077439280758,0.304789498962799
57.067,0.647,25.88,0.409260659730011,0.167494287602644
57.067,0.505,20.2,0.212813904598271,0.0452897579903621
57.087,0.66,26.4,0.434510224171572,0.18879913490963
57.105,0.531,21.24,0.239883291901949,0.0575439937337158
57.105,0.207,8.28,0.0539510622515128,0.00291071711806661
57.122,0.569,22.76,0.285759054337495,0.0816582371358593
57.139,0.272,10.88,0.0727779804536825,0.00529663443891659
57.139,0.466,18.64,0.177827941003892,0.0316227766016838
57.157,0.388,15.52,0.124165230759241,0.0154170045294956
57.176,0.388,15.52,0.124165230759241,0.0154170045294956
57.176,0.608,24.32,0.341979442513709,0.116949939101987
57.194,0.311,12.44,0.0870963589956081,0.00758577575029184
57.213,0.582,23.28,0.303389118419427,0.0920449571753172
57.213,0.22,8.8,0.057279603098583,0.00328095293113119
57.231,0.556,22.24,0.269153480392692,0.0724435960074991
57.248,0.673,26.92,0.46131757456038,0.212813904598272
57.248,0.518,20.72,0.225943577022098,0.0510504999975407
57.267,0.647,25.88,0.409260659730011,0.167494287602644
57.285,0.712,28.48,0.552077439280758,0.304789498962799
57.285,0.621,24.84,0.363078054770102,0.131825673855641
57.303,0.699,27.96,0.519995996533516,0.270395836410885
57.303,0.725,29,0.586138164514029,0.343557947899875
57.321,0.699,27.96,0.519995996533516,0.270395836410885
57.339,0.725,29,0.586138164514029,0.343557947899875
57.358,0.725,29,0.586138164514029,0.343557947899875
57.358,0.712,28.48,0.552077439280758,0.304789498962799
57.375,0.712,28.48,0.552077439280758,0.304789498962799
57.376,0.699,27.96,0.519995996533516,0.270395836410885
57.393,0.738,29.52,0.62230028516916,0.387257644921618
57.411,0.699,27.96,0.519995996533516,0.270395836410885
57.411,0.634,25.36,0.385478357665772,0.148593564228701
57.428,0.699,27.96,0.519995996533516,0.270395836410885
57.447,0.647,25.88,0.409260659730011,0.167494287602644
57.447,0.518,20.72,0.225943577022098,0.0510504999975407
57.464,0.673,26.92,0.46131757456038,0.212813904598272
57.482,0.556,22.24,0.269153480392692,0.0724435960074991
57.482,0.246,9.84,0.0645654229034656,0.00416869383470336
57.502,0.595,23.8,0.322106879128344,0.103752841581801
57.52,0.479,19.16,0.188799134909629,0.0356451133426244
57.52,0.453,18.12,0.167494287602644,0.0280543363795172
57.539,0.414,16.56,0.139958732257262,0.0195884467350599
57.556,0.375,15,0.116949939101987,0.0136772882559585
57.558,0.595,23.8,0.322106879128344,0.103752841581801
57.575,0.259,10.36,0.0685488226452662,0.00469894108605216
57.593,0.569,22.76,0.285759054337495,0.0816582371358593
57.593,0.22,8.8,0.057279603098583,0.00328095293113119
57.612,0.544,21.76,0.254683025258504,0.064863443354824
57.63,0.66,26.4,0.434510224171572,0.18879913490963
57.63,0.492,19.68,0.200447202736516,0.040179081084894
57.65,0.634,25.36,0.385478357665772,0.148593564228701
57.65,0.699,27.96,0.519995996533516,0.270395836410885
57.667,0.621,24.84,0.363078054770102,0.131825673855641
57.685,0.699,27.96,0.519995996533516,0.270395836410885
57.685,0.712,28.48,0.552077439280758,0.304789498962799
57.704,0.686,27.44,0.489778819368447,0.239883291901949
57.721,0.712,28.48,0.552077439280758,0.304789498962799
57.721,0.712,28.48,0.552077439280758,0.304789498962799
57.739,0.712,28.48,0.552077439280758,0.304789498962799
57.758,0.712,28.48,0.552077439280758,0.304789498962799
57.758,0.686,27.44,0.489778819368447,0.239883291901949
57.776,0.725,29,0.586138164514029,0.343557947899875
57.794,0.699,27.96,0.519995996533516,0.270395836410885
57.794,0.647,25.88,0.409260659730011,0.167494287602644
57.811,0.699,27.96,0.519995996533516,0.270395836410885
57.829,0.66,26.4,0.434510224171572,0.18879913490963
57.829,0.556,22.24,0.269153480392692,0.0724435960074991
57.846,0.673,26.92,0.46131757456038,0.212813904598272
57.865,0.569,22.76,0.285759054337495,0.0816582371358593
57.865,0.298,11.92,0.0820351544329818,0.00672976656284318
57.882,0.608,24.32,0.341979442513709,0.116949939101987
57.901,0.388,15.52,0.124165230759241,0.0154170045294956
57.901,0.388,15.52,0.124165230759241,0.0154170045294956
57.918,0.466,18.64,0.177827941003892,0.0316227766016838
57.936,0.272,10.88,0.0727779804536825,0.00529663443891659
57.936,0.582,23.28,0.303389118419427,0.0920449571753172
57.954,0.194,7.76,0.0508159442560561,0.0025822601906346
57.972,0.556,22.24,0.269153480392692,0.0724435960074991
57.972,0.66,26.4,0.434510224171572,0.18879913490963
57.991,0.505,20.2,0.212813904598271,0.0452897579903621
58.009,0.647,25.88,0.409260659730011,0.167494287602644
58.009,0.466,18.64,0.177827941003892,0.0316227766016838
58.027,0.634,25.36,0.385478357665772,0.148593564228701
58.046,0.699,27.96,0.519995996533516,0.270395836410885
58.046,0.608,24.32,0.341979442513709,0.116949939101987
58.065,0.686,27.44,0.489778819368447,0.239883291901949
58.082,0.725,29,0.586138164514029,0.343557947899875
58.082,0.686,27.44,0.489778819368447,0.239883291901949
58.1,0.725,29,0.586138164514029,0.343557947899875
58.119,0.725,29,0.586138164514029,0.343557947899875
58.119,0.699,27.96,0.519995996533516,0.270395836410885
58.138,0.725,29,0.586138164514029,0.343557947899875
58.138,0.686,27.44,0.489778819368447,0.239883291901949
58.156,0.725,29,0.586138164514029,0.343557947899875
58.174,0.712,28.48,0.552077439280758,0.304789498962799
58.174,0.66,26.4,0.434510224171572,0.18879913490963
58.191,0.712,28.48,0.552077439280758,0.304789498962799
58.21,0.673,26.92,0.46131757456038,0.212813904598272
58.21,0.556,22.24,0.269153480392692,0.0724435960074991
58.227,0.673,26.92,0.46131757456038,0.212813904598272
58.245,0.595,23.8,0.322106879128344,0.103752841581801
58.245,0.349,13.96,0.103752841581801,0.0107646521362984
58.262,0.634,25.36,0.385478357665772,0.148593564228701
58.279,0.414,16.56,0.139958732257262,0.0195884467350599
58.298,0.349,13.96,0.103752841581801,0.0107646521362984
58.298,0.479,19.16,0.188799134909629,0.0356451133426244
58.316,0.285,11.4,0.0772680585095703,0.00597035286583838
58.316,0.556,22.24,0.269153480392692,0.0724435960074991
58.334,0.336,13.44,0.0977237220955811,0.00954992586021437
58.353,0.531,21.24,0.239883291901949,0.0575439937337158
58.353,0.66,26.4,0.434510224171572,0.18879913490963
58.37,0.492,19.68,0.200447202736516,0.040179081084894
58.388,0.647,25.88,0.409260659730011,0.167494287602644
58.388,0.453,18.12,0.167494287602644,0.0280543363795172
58.406,0.621,24.84,0.363078054770102,0.131825673855641
58.425,0.686,27.44,0.489778819368447,0.239883291901949
58.425,0.595,23.8,0.322106879128344,0.103752841581801
58.443,0.686,27.44,0.489778819368447,0.239883291901949
58.461,0.712,28.48,0.552077439280758,0.304789498962799
58.461,0.673,26.92,0.46131757456038,0.212813904598272
58.479,0.699,27.96,0.519995996533516,0.270395836410885
58.497,0.725,29,0.586138164514029,0.343557947899875
58.497,0.712,28.48,0.552077439280758,0.304789498962799
58.516,0.712,28.48,0.552077439280758,0.304789498962799
58.533,0.699,27.96,0.519995996533516,0.270395836410885
58.533,0.725,29,0.586138164514029,0.343557947899875
58.552,0.712,28.48,0.552077439280758,0.304789498962799
58.57,0.673,26.92,0.46131757456038,0.212813904598272
58.571,0.725,29,0.586138164514029,0.343557947899875
58.589,0.673,26.92,0.46131757456038,0.212813904598272
58.607,0.569,22.76,0.285759054337495,0.0816582371358593
58.608,0.686,27.44,0.489778819368447,0.239883291901949
58.626,0.608,24.32,0.341979442513709,0.116949939101987
58.626,0.388,15.52,0.124165230759241,0.0154170045294956
58.643,0.621,24.84,0.363078054770102,0.131825673855641
58.661,0.466,18.64,0.177827941003892,0.0316227766016838
58.679,0.311,12.44,0.0870963589956081,0.00758577575029184
58.679,0.505,20.2,0.212813904598271,0.0452897579903621
58.697,0.207,8.28,0.0539510622515128,0.00291071711806661
58.697,0.544,21.76,0.254683025258504,0.064863443354824
58.716,0.194,7.76,0.0508159442560561,0.0025822601906346
58.734,0.505,20.2,0.212813904598271,0.0452897579903621
58.734,0.647,25.88,0.409260659730011,0.167494287602644
58.753,0.466,18.64,0.177827941003892,0.0316227766016838
58.77,0.634,25.36,0.385478357665772,0.148593564228701
58.77,0.44,17.6,0.157761126969935,0.0248885731828239
58.788,0.608,24.32,0.341979442513709,0.116949939101987
58.807,0.699,27.96,0.519995996533516,0.270395836410885
58.807,0.582,23.28,0.303389118419427,0.0920449571753172
58.824,0.673,26.92,0.46131757456038,0.212813904598272
58.843,0.712,28.48,0.552077439280758,0.304789498962799
58.843,0.673,26.92,0.46131757456038,0.212813904598272
58.861,0.699,27.96,0.519995996533516,0.270395836410885
58.879,0.725,29,0.586138164514029,0.343557947899875
58.879,0.712,28.48,0.552077439280758,0.304789498962799
58.898,0.738,29.52,0.62230028516916,0.387257644921618
58.915,0.712,28.48,0.552077439280758,0.304789498962799
58.915,0.738,29.52,0.62230028516916,0.387257644921618
58.933,0.725,29,0.586138164514029,0.343557947899875
58.95,0.673,26.92,0.46131757456038,0.212813904598272
58.95,0.712,28.48,0.552077439280758,0.304789498962799
58.969,0.673,26.92,0.46131757456038,0.212813904598272
58.986,0.582,23.28,0.303389118419427,0.0920449571753172
58.986,0.686,27.44,0.489778819368447,0.239883291901949
59.005,0.608,24.32,0.341979442513709,0.116949939101987
59.023,0.427,17.08,0.148593564228701,0.022080047330189
59.023,0.647,25.88,0.409260659730011,0.167494287602644
59.04,0.492,19.68,0.200447202736516,0.040179081084894
59.058,0.233,9.32,0.0608135001278718,0.00369828179780267
59.058,0.518,20.72,0.225943577022098,0.0510504999975407
59.076,0.194,7.76,0.0508159442560561,0.0025822601906346
59.094,0.531,21.24,0.239883291901949,0.0575439937337158
59.094,0.401,16.04,0.131825673855641,0.0173780082874938
59.112,0.492,19.68,0.200447202736516,0.040179081084894
59.131,0.647,25.88,0.409260659730011,0.167494287602644
59.131,0.427,17.08,0.148593564228701,0.022080047330189
59.149,0.608,24.32,0.341979442513709,0.116949939101987
59.166,0.362,14.48,0.110153930954142,0.0121338885046498
59.166,0.582,23.28,0.303389118419427,0.0920449571753172
59.184,0.686,27.44,0.489778819368447,0.239883291901949
59.203,0.556,22.24,0.269153480392692,0.0724435960074991
59.203,0.66,26.4,0.434510224171572,0.18879913490963
59.221,0.712,28.48,0.552077439280758,0.304789498962799
59.221,0.647,25.88,0.409260659730011,0.167494287602644
59.239,0.712,28.48,0.552077439280758,0.304789498962799
59.256,0.725,29,0.586138164514029,0.343557947899875
59.274,0.699,27.96,0.519995996533516,0.270395836410885
59.274,0.738,29.52,0.62230028516916,0.387257644921618
59.292,0.712,28.48,0.552077439280758,0.304789498962799
59.31,0.725,29,0.586138164514029,0.343557947899875
59.31,0.725,29,0.586138164514029,0.343557947899875
59.328,0.686,27.44,0.489778819368447,0.239883291901949
59.328,0.725,29,0.586138164514029,0.343557947899875
59.346,0.699,27.96,0.519995996533516,0.270395836410885
59.363,0.608,24.32,0.341979442513709,0.116949939101987
59.382,0.686,27.44,0.489778819368447,0.239883291901949
59.382,0.634,25.36,0.385478357665772,0.148593564228701
59.4,0.492,19.68,0.200447202736516,0.040179081084894
59.4,0.647,25.88,0.409260659730011,0.167494287602644
59.417,0.518,20.72,0.225943577022098,0.0510504999975407
59.435,0.233,9.32,0.0608135001278718,0.00369828179780267
59.435,0.556,22.24,0.269153480392692,0.0724435960074991
59.453,0.207,8.28,0.0539510622515128,0.00291071711806661
59.472,0.505,20.2,0.212813904598271,0.0452897579903621
59.472,0.311,12.44,0.0870963589956081,0.00758577575029184
59.489,0.466,18.64,0.177827941003892,0.0316227766016838
59.509,0.634,25.36,0.385478357665772,0.148593564228701
59.51,0.401,16.04,0.131825673855641,0.0173780082874938
59.527,0.608,24.32,0.341979442513709,0.116949939101987
59.545,0.285,11.4,0.0772680585095703,0.00597035286583838
59.545,0.582,23.28,0.303389118419427,0.0920449571753172
59.563,0.686,27.44,0.489778819368447,0.239883291901949
59.581,0.556,22.24,0.269153480392692,0.0724435960074991
59.581,0.673,26.92,0.46131757456038,0.212813904598272
59.599,0.712,28.48,0.552077439280758,0.304789498962799
59.617,0.647,25.88,0.409260659730011,0.167494287602644
59.617,0.712,28.48,0.552077439280758,0.304789498962799
59.635,0.725,29,0.586138164514029,0.343557947899875
59.653,0.686,27.44,0.489778819368447,0.239883291901949
59.653,0.725,29,0.586138164514029,0.343557947899875
59.671,0.712,28.48,0.552077439280758,0.304789498962799
59.688,0.725,29,0.586138164514029,0.343557947899875
59.688,0.725,29,0.586138164514029,0.343557947899875
59.707,0.686,27.44,0.489778819368447,0.239883291901949
59.725,0.725,29,0.586138164514029,0.343557947899875
59.725,0.686,27.44,0.489778819368447,0.239883291901949
59.743,0.621,24.84,0.363078054770102,0.131825673855641
59.76,0.699,27.96,0.519995996533516,0.270395836410885
59.76,0.634,25.36,0.385478357665772,0.148593564228701
59.78,0.479,19.16,0.188799134909629,0.0356451133426244
59.797,0.647,25.88,0.409260659730011,0.167494287602644
59.797,0.531,21.24,0.239883291901949,0.0575439937337158
59.815,0.207,8.28,0.0539510622515128,0.00291071711806661
59.832,0.556,22.24,0.269153480392692,0.0724435960074991
59.832,0.259,10.36,0.0685488226452662,0.00469894108605216
59.85,0.479,19.16,0.188799134909629,0.0356451133426244
59.869,0.362,14.48,0.110153930954142,0.0121338885046498
59.869,0.414,16.56,0.139958732257262,0.0195884467350599
59.887,0.621,24.84,0.363078054770102,0.131825673855641
59.905,0.349,13.96,0.103752841581801,0.0107646521362984
59.905,0.595,23.8,0.322106879128344,0.103752841581801
59.922,0.233,9.32,0.0608135001278718,0.00369828179780267
59.941,0.556,22.24,0.269153480392692,0.0724435960074991
59.941,0.673,26.92,0.46131757456038,0.212813904598272
59.958,0.531,21.24,0.239883291901949,0.0575439937337158
59.976,0.647,25.88,0.409260659730011,0.167494287602644
59.976,0.699,27.96,0.519995996533516,0.270395836410885
59.994,0.634,25.36,0.385478357665772,0.148593564228701
60.013,0.699,27.96,0.519995996533516,0.270395836410885
60.013,0.712,28.48,0.552077439280758,0.304789498962799
60.032,0.686,27.44,0.489778819368447,0.239883291901949
60.032,0.738,29.52,0.62230028516916,0.387257644921618
60.051,0.725,29,0.586138164514029,0.343557947899875
60.069,0.725,29,0.586138164514029,0.343557947899875
60.069,0.712,28.48,0.552077439280758,0.304789498962799
60.087,0.699,27.96,0.519995996533516,0.270395836410885
60.105,0.725,29,0.586138164514029,0.343557947899875
60.105,0.699,27.96,0.519995996533516,0.270395836410885
60.125,0.621,24.84,0.363078054770102,0.131825673855641
60.143,0.712,28.48,0.552077439280758,0.304789498962799
60.143,0.647,25.88,0.409260659730011,0.167494287602644
60.164,0.518,20.72,0.225943577022098,0.0510504999975407
60.164,0.673,26.92,0.46131757456038,0.212813904598272
60.183,0.544,21.76,0.254683025258504,0.064863443354824
60.202,0.194,7.76,0.0508159442560561,0.0025822601906346
60.202,0.582,23.28,0.303389118419427,0.0920449571753172
60.222,0.324,12.96,0.0924698173938223,0.00855066712884685
60.222,0.466,18.64,0.177827941003892,0.0316227766016838
60.241,0.401,16.04,0.131825673855641,0.0173780082874938
60.261,0.401,16.04,0.131825673855641,0.0173780082874938
60.261,0.608,24.32,0.341979442513709,0.116949939101987
60.279,0.298,11.92,0.0820351544329818,0.00672976656284318
60.297,0.582,23.28,0.303389118419427,0.0920449571753172
60.298,0.168,6.72,0.0450816704541461,0.00203235701093622
60.315,0.544,21.76,0.254683025258504,0.064863443354824
60.334,0.66,26.4,0.434510224171572,0.18879913490963
60.334,0.505,20.2,0.212813904598271,0.0452897579903621
60.351,0.647,25.88,0.409260659730011,0.167494287602644
60.372,0.699,27.96,0.519995996533516,0.270395836410885
60.372,0.621,24.84,0.363078054770102,0.131825673855641
60.391,0.686,27.44,0.489778819368447,0.239883291901949
60.391,0.725,29,0.586138164514029,0.343557947899875
60.41,0.686,27.44,0.489778819368447,0.239883291901949
60.429,0.725,29,0.586138164514029,0.343557947899875
60.43,0.712,28.48,0.552077439280758,0.304789498962799
60.449,0.712,28.48,0.552077439280758,0.304789498962799
60.449,0.712,28.48,0.552077439280758,0.304789498962799
60.468,0.699,27.96,0.519995996533516,0.270395836410885
60.487,0.725,29,0.586138164514029,0.343557947899875
60.487,0.699,27.96,0.519995996533516,0.270395836410885
60.505,0.647,25.88,0.409260659730011,0.167494287602644
60.526,0.712,28.48,0.552077439280758,0.304789498962799
60.527,0.686,27.44,0.489778819368447,0.239883291901949
60.544,0.531,21.24,0.239883291901949,0.0575439937337158
60.544,0.673,26.92,0.46131757456038,0.212813904598272
60.562,0.569,22.76,0.285759054337495,0.0816582371358593
60.58,0.285,11.4,0.0772680585095703,0.00597035286583838
60.581,0.608,24.32,0.341979442513709,0.116949939101987
60.598,0.466,18.64,0.177827941003892,0.0316227766016838
60.616,0.414,16.56,0.139958732257262,0.0195884467350599
60.616,0.453,18.12,0.167494287602644,0.0280543363795172
60.634,0.324,12.96,0.0924698173938223,0.00855066712884685
60.652,0.595,23.8,0.322106879128344,0.103752841581801
60.653,0.233,9.32,0.0608135001278718,0.00369828179780267
60.67,0.556,22.24,0.269153480392692,0.0724435960074991
60.688,0.634,25.36,0.385478357665772,0.148593564228701
60.688,0.544,21.76,0.254683025258504,0.064863443354824
60.706,0.66,26.4,0.434510224171572,0.18879913490963
60.725,0.479,19.16,0.188799134909629,0.0356451133426244
60.725,0.634,25.36,0.385478357665772,0.148593564228701
60.742,0.712,28.48,0.552077439280758,0.304789498962799
60.761,0.608,24.32,0.341979442513709,0.116949939101987
60.761,0.686,27.44,0.489778819368447,0.239883291901949
60.779,0.725,29,0.586138164514029,0.343557947899875
60.797,0.686,27.44,0.489778819368447,0.239883291901949
60.798,0.725,29,0.586138164514029,0.343557947899875
60.816,0.725,29,0.586138164514029,0.343557947899875
60.833,0.712,28.48,0.552077439280758,0.304789498962799
60.833,0.725,29,0.586138164514029,0.343557947899875
60.851,0.699,27.96,0.519995996533516,0.270395836410885
60.869,0.712,28.48,0.552077439280758,0.304789498962799
60.869,0.712,28.48,0.552077439280758,0.304789498962799
60.887,0.647,25.88,0.409260659730011,0.167494287602644
60.905,0.725,29,0.586138164514029,0.343557947899875
60.905,0.673,26.92,0.46131757456038,0.212813904598272
60.923,0.544,21.76,0.254683025258504,0.064863443354824
60.942,0.686,27.44,0.489778819368447,0.239883291901949
60.942,0.595,23.8,0.322106879128344,0.103752841581801
60.959,0.324,12.96,0.0924698173938223,0.00855066712884685
60.96,0.595,23.8,0.322106879128344,0.103752841581801
60.977,0.388,15.52,0.124165230759241,0.0154170045294956
60.995,0.375,15,0.116949939101987,0.0136772882559585
61.012,0.453,18.12,0.167494287602644,0.0280543363795172
61.012,0.285,11.4,0.0772680585095703,0.00597035286583838
61.03,0.569,22.76,0.285759054337495,0.0816582371358593
61.048,0.194,7.76,0.0508159442560561,0.0025822601906346
61.048,0.531,21.24,0.239883291901949,0.0575439937337158
61.067,0.66,26.4,0.434510224171572,0.18879913490963
61.067,0.492,19.68,0.200447202736516,0.040179081084894
61.085,0.634,25.36,0.385478357665772,0.148593564228701
61.103,0.453,18.12,0.167494287602644,0.0280543363795172
61.103,0.621,24.84,0.363078054770102,0.131825673855641
61.122,0.699,27.96,0.519995996533516,0.270395836410885
61.141,0.608,24.32,0.341979442513709,0.116949939101987
61.141,0.699,27.96,0.519995996533516,0.270395836410885
61.158,0.712,28.48,0.552077439280758,0.304789498962799
61.175,0.673,26.92,0.46131757456038,0.212813904598272
61.175,0.725,29,0.586138164514029,0.343557947899875
61.193,0.725,29,0.586138164514029,0.343557947899875
61.212,0.712,28.48,0.552077439280758,0.304789498962799
61.212,0.725,29,0.586138164514029,0.343557947899875
61.229,0.699,27.96,0.519995996533516,0.270395836410885
61.247,0.725,29,0.586138164514029,0.343557947899875
61.247,0.712,28.48,0.552077439280758,0.304789498962799
61.266,0.647,25.88,0.409260659730011,0.167494287602644
61.283,0.725,29,0.586138164514029,0.343557947899875
61.283,0.686,27.44,0.489778819368447,0.239883291901949
61.301,0.582,23.28,0.303389118419427,0.0920449571753172
61.321,0.699,27.96,0.519995996533516,0.270395836410885
61.322,0.608,24.32,0.341979442513709,0.116949939101987
61.34,0.375,15,0.116949939101987,0.0136772882559585
61.357,0.634,25.36,0.385478357665772,0.148593564228701
61.357,0.453,18.12,0.167494287602644,0.0280543363795172
61.375,0.324,12.96,0.0924698173938223,0.00855066712884685
61.393,0.518,20.72,0.225943577022098,0.0510504999975407
61.393,0.207,8.28,0.0539510622515128,0.00291071711806661
61.41,0.556,22.24,0.269153480392692,0.0724435960074991
61.429,0.168,6.72,0.0450816704541461,0.00203235701093622
61.429,0.518,20.72,0.225943577022098,0.0510504999975407
61.447,0.647,25.88,0.409260659730011,0.167494287602644
61.465,0.453,18.12,0.167494287602644,0.0280543363795172
61.465,0.634,25.36,0.385478357665772,0.148593564228701
61.482,0.414,16.56,0.139958732257262,0.0195884467350599
61.499,0.608,24.32,0.341979442513709,0.116949939101987
61.499,0.699,27.96,0.519995996533516,0.270395836410885
61.518,0.582,23.28,0.303389118419427,0.0920449571753172
61.536,0.686,27.44,0.489778819368447,0.239883291901949
61.536,0.725,29,0.586138164514029,0.343557947899875
61.555,0.673,26.92,0.46131757456038,0.212813904598272
61.556,0.725,29,0.586138164514029,0.343557947899875
61.574,0.738,29.52,0.62230028516916,0.387257644921618
61.591,0.725,29,0.586138164514029,0.343557947899875
61.591,0.738,29.52,0.62230028516916,0.387257644921618
61.609,0.712,28.48,0.552077439280758,0.304789498962799
61.628,0.738,29.52,0.62230028516916,0.387257644921618
61.628,0.725,29,0.586138164514029,0.343557947899875
61.645,0.673,26.92,0.46131757456038,0.212813904598272
61.663,0.738,29.52,0.62230028516916,0.387257644921618
61.663,0.686,27.44,0.489778819368447,0.239883291901949
61.682,0.569,22.76,0.285759054337495,0.0816582371358593
61.7,0.686,27.44,0.489778819368447,0.239883291901949
61.7,0.608,24.32,0.341979442513709,0.116949939101987
61.717,0.414,16.56,0.139958732257262,0.0195884467350599
61.735,0.634,25.36,0.385478357665772,0.148593564228701
61.735,0.479,19.16,0.188799134909629,0.0356451133426244
61.753,0.285,11.4,0.0772680585095703,0.00597035286583838
61.771,0.518,20.72,0.225943577022098,0.0510504999975407
61.771,0.181,7.24,0.0478630092322639,0.00229086765276777
61.788,0.531,21.24,0.239883291901949,0.0575439937337158
61.807,0.194,7.76,0.0508159442560561,0.0025822601906346
61.807,0.492,19.68,0.200447202736516,0.040179081084894
61.824,0.634,25.36,0.385478357665772,0.148593564228701
61.843,0.44,17.6,0.157761126969935,0.0248885731828239
61.844,0.634,25.36,0.385478357665772,0.148593564228701
61.862,0.401,16.04,0.131825673855641,0.0173780082874938
61.88,0.608,24.32,0.341979442513709,0.116949939101987
61.88,0.686,27.44,0.489778819368447,0.239883291901949
61.898,0.569,22.76,0.285759054337495,0.0816582371358593
61.916,0.673,26.92,0.46131757456038,0.212813904598272
61.917,0.712,28.48,0.552077439280758,0.304789498962799
61.935,0.66,26.4,0.434510224171572,0.18879913490963
61.953,0.712,28.48,0.552077439280758,0.304789498962799
61.953,0.738,29.52,0.62230028516916,0.387257644921618
61.97,0.712,28.48,0.552077439280758,0.304789498962799
61.987,0.738,29.52,0.62230028516916,0.387257644921618
61.987,0.725,29,0.586138164514029,0.343557947899875
62.005,0.725,29,0.586138164514029,0.343557947899875
62.024,0.725,29,0.586138164514029,0.343557947899875
62.024,0.673,26.92,0.46131757456038,0.212813904598272
62.042,0.725,29,0.586138164514029,0.343557947899875
62.06,0.686,27.44,0.489778819368447,0.239883291901949
62.06,0.608,24.32,0.341979442513709,0.116949939101987
62.079,0.699,27.96,0.519995996533516,0.270395836410885
62.096,0.621,24.84,0.363078054770102,0.131825673855641
62.096,0.453,18.12,0.167494287602644,0.0280543363795172
62.114,0.647,25.88,0.409260659730011,0.167494287602644
62.133,0.518,20.72,0.225943577022098,0.0510504999975407
62.133,0.207,8.28,0.0539510622515128,0.00291071711806661
62.151,0.544,21.76,0.254683025258504,0.064863443354824
62.151,0.155,6.2,0.0424619563946313,0.00180301774085957
62.17,0.518,20.72,0.225943577022098,0.0510504999975407
62.187,0.272,10.88,0.0727779804536825,0.00529663443891659
62.187,0.453,18.12,0.167494287602644,0.0280543363795172
62.205,0.621,24.84,0.363078054770102,0.131825673855641
62.222,0.388,15.52,0.124165230759241,0.0154170045294956
62.222,0.595,23.8,0.322106879128344,0.103752841581801
62.24,0.298,11.92,0.0820351544329818,0.00672976656284318
62.258,0.569,22.76,0.285759054337495,0.0816582371358593
62.258,0.647,25.88,0.409260659730011,0.167494287602644
62.276,0.531,21.24,0.239883291901949,0.0575439937337158
62.294,0.66,26.4,0.434510224171572,0.18879913490963
62.294,0.699,27.96,0.519995996533516,0.270395836410885
62.313,0.647,25.88,0.409260659730011,0.167494287602644
62.33,0.712,28.48,0.552077439280758,0.304789498962799
62.33,0.738,29.52,0.62230028516916,0.387257644921618
62.348,0.725,29,0.586138164514029,0.343557947899875
62.366,0.751,30.04,0.660693448007596,0.436515832240167
62.366,0.725,29,0.586138164514029,0.343557947899875
62.385,0.738,29.52,0.62230028516916,0.387257644921618
62.403,0.738,29.52,0.62230028516916,0.387257644921618
62.403,0.699,27.96,0.519995996533516,0.270395836410885
62.421,0.751,30.04,0.660693448007596,0.436515832240167
62.44,0.712,28.48,0.552077439280758,0.304789498962799
62.44,0.634,25.36,0.385478357665772,0.148593564228701
62.457,0.712,28.48,0.552077439280758,0.304789498962799
62.474,0.647,25.88,0.409260659730011,0.167494287602644
62.474,0.492,19.68,0.200447202736516,0.040179081084894
62.493,0.66,26.4,0.434510224171572,0.18879913490963
62.51,0.544,21.76,0.254683025258504,0.064863443354824
62.51,0.129,5.16,0.0376703798983909,0.00141905752168909
62.529,0.569,22.76,0.285759054337495,0.0816582371358593
62.547,0.246,9.84,0.0645654229034656,0.00416869383470336
62.547,0.492,19.68,0.200447202736516,0.040179081084894
62.566,0.349,13.96,0.103752841581801,0.0107646521362984
62.584,0.427,17.08,0.148593564228701,0.022080047330189
62.584,0.634,25.36,0.385478357665772,0.148593564228701
62.603,0.375,15,0.116949939101987,0.0136772882559585
62.62,0.608,24.32,0.341979442513709,0.116949939101987
62.62,0.272,10.88,0.0727779804536825,0.00529663443891659
62.64,0.569,22.76,0.285759054337495,0.0816582371358593
62.641,0.673,26.92,0.46131757456038,0.212813904598272
62.659,0.531,21.24,0.239883291901949,0.0575439937337158
62.677,0.66,26.4,0.434510224171572,0.18879913490963
62.677,0.699,27.96,0.519995996533516,0.270395836410885
62.695,0.621,24.84,0.363078054770102,0.131825673855641
62.713,0.699,27.96,0.519995996533516,0.270395836410885
62.713,0.712,28.48,0.552077439280758,0.304789498962799
62.732,0.673,26.92,0.46131757456038,0.212813904598272
62.75,0.699,27.96,0.519995996533516,0.270395836410885
62.75,0.699,27.96,0.519995996533516,0.270395836410885
62.768,0.699,27.96,0.519995996533516,0.270395836410885
62.786,0.686,27.44,0.489778819368447,0.239883291901949
62.786,0.66,26.4,0.434510224171572,0.18879913490963
62.804,0.673,26.92,0.46131757456038,0.212813904598272
62.821,0.66,26.4,0.434510224171572,0.18879913490963
62.821,0.569,22.76,0.285759054337495,0.0816582371358593
62.84,0.66,26.4,0.434510224171572,0.18879913490963
62.858,0.595,23.8,0.322106879128344,0.103752841581801
62.858,0.453,18.12,0.167494287602644,0.0280543363795172
62.876,0.608,24.32,0.341979442513709,0.116949939101987
62.893,0.556,22.24,0.269153480392692,0.0724435960074991
62.894,0.207,8.28,0.0539510622515128,0.00291071711806661
62.913,0.531,21.24,0.239883291901949,0.0575439937337158
62.913,0.22,8.8,0.057279603098583,0.00328095293113119
62.932,0.427,17.08,0.148593564228701,0.022080047330189
62.952,0.336,13.44,0.0977237220955811,0.00954992586021437
62.952,0.349,13.96,0.103752841581801,0.0107646521362984
62.97,0.556,22.24,0.269153480392692,0.0724435960074991
62.989,0.285,11.4,0.0772680585095703,0.00597035286583838
62.989,0.531,21.24,0.239883291901949,0.0575439937337158
63.008,0.194,7.76,0.0508159442560561,0.0025822601906346
63.026,0.505,20.2,0.212813904598271,0.0452897579903621
63.026,0.595,23.8,0.322106879128344,0.103752841581801
63.045,0.453,18.12,0.167494287602644,0.0280543363795172
63.045,0.582,23.28,0.303389118419427,0.0920449571753172
63.064,0.634,25.36,0.385478357665772,0.148593564228701
63.083,0.556,22.24,0.269153480392692,0.0724435960074991
63.083,0.621,24.84,0.363078054770102,0.131825673855641
63.101,0.647,25.88,0.409260659730011,0.167494287602644
63.121,0.608,24.32,0.341979442513709,0.116949939101987
63.121,0.647,25.88,0.409260659730011,0.167494287602644
63.139,0.634,25.36,0.385478357665772,0.148593564228701
63.139,0.634,25.36,0.385478357665772,0.148593564228701
63.158,0.647,25.88,0.409260659730011,0.167494287602644
63.176,0.608,24.32,0.341979442513709,0.116949939101987
63.176,0.634,25.36,0.385478357665772,0.148593564228701
63.193,0.608,24.32,0.341979442513709,0.116949939101987
63.211,0.544,21.76,0.254683025258504,0.064863443354824
63.211,0.621,24.84,0.363078054770102,0.131825673855641
63.229,0.556,22.24,0.269153480392692,0.0724435960074991
63.246,0.44,17.6,0.157761126969935,0.0248885731828239
63.246,0.569,22.76,0.285759054337495,0.0816582371358593
63.265,0.466,18.64,0.177827941003892,0.0316227766016838
63.282,0.22,8.8,0.057279603098583,0.00328095293113119
63.282,0.492,19.68,0.200447202736516,0.040179081084894
63.3,0.298,11.92,0.0820351544329818,0.00672976656284318
63.318,0.336,13.44,0.0977237220955811,0.00954992586021437
63.318,0.324,12.96,0.0924698173938223,0.00855066712884685
63.336,0.285,11.4,0.0772680585095703,0.00597035286583838
63.355,0.505,20.2,0.212813904598271,0.0452897579903621
63.355,0.22,8.8,0.057279603098583,0.00328095293113119
63.373,0.466,18.64,0.177827941003892,0.0316227766016838
63.39,0.349,13.96,0.103752841581801,0.0107646521362984
63.39,0.44,17.6,0.157761126969935,0.0248885731828239
63.409,0.569,22.76,0.285759054337495,0.0816582371358593
63.426,0.414,16.56,0.139958732257262,0.0195884467350599
63.426,0.556,22.24,0.269153480392692,0.0724435960074991
63.445,0.634,25.36,0.385478357665772,0.148593564228701
63.464,0.544,21.76,0.254683025258504,0.064863443354824
63.464,0.621,24.84,0.363078054770102,0.131825673855641
63.481,0.647,25.88,0.409260659730011,0.167494287602644
63.5,0.608,24.32,0.341979442513709,0.116949939101987
63.5,0.66,26.4,0.434510224171572,0.18879913490963
63.518,0.66,26.4,0.434510224171572,0.18879913490963
63.538,0.647,25.88,0.409260659730011,0.167494287602644
63.538,0.66,26.4,0.434510224171572,0.18879913490963
63.556,0.634,25.36,0.385478357665772,0.148593564228701
63.556,0.647,25.88,0.409260659730011,0.167494287602644
63.576,0.647,25.88,0.409260659730011,0.167494287602644
63.593,0.569,22.76,0.285759054337495,0.0816582371358593
63.593,0.647,25.88,0.409260659730011,0.167494287602644
63.612,0.595,23.8,0.322106879128344,0.103752841581801
63.629,0.479,19.16,0.188799134909629,0.0356451133426244
63.63,0.582,23.28,0.303389118419427,0.0920449571753172
63.648,0.505,20.2,0.212813904598271,0.0452897579903621
63.665,0.259,10.36,0.0685488226452662,0.00469894108605216
63.665,0.544,21.76,0.254683025258504,0.064863443354824
63.683,0.336,13.44,0.0977237220955811,0.00954992586021437
63.702,0.453,18.12,0.167494287602644,0.0280543363795172
63.702,0.388,15.52,0.124165230759241,0.0154170045294956
63.721,0.272,10.88,0.0727779804536825,0.00529663443891659
63.739,0.505,20.2,0.212813904598271,0.0452897579903621
63.739,0.233,9.32,0.0608135001278718,0.00369828179780267
63.758,0.479,19.16,0.188799134909629,0.0356451133426244
63.776,0.582,23.28,0.303389118419427,0.0920449571753172
63.776,0.44,17.6,0.157761126969935,0.0248885731828239
63.794,0.569,22.76,0.285759054337495,0.0816582371358593
63.811,0.414,16.56,0.139958732257262,0.0195884467350599
63.811,0.556,22.24,0.269153480392692,0.0724435960074991
63.829,0.634,25.36,0.385478357665772,0.148593564228701
63.847,0.544,21.76,0.254683025258504,0.064863443354824
63.847,0.621,24.84,0.363078054770102,0.131825673855641
63.864,0.647,25.88,0.409260659730011,0.167494287602644
63.882,0.608,24.32,0.341979442513709,0.116949939101987
63.882,0.634,25.36,0.385478357665772,0.148593564228701
63.901,0.647,25.88,0.409260659730011,0.167494287602644
63.918,0.634,25.36,0.385478357665772,0.148593564228701
63.918,0.647,25.88,0.409260659730011,0.167494287602644
63.937,0.621,24.84,0.363078054770102,0.131825673855641
63.954,0.647,25.88,0.409260659730011,0.167494287602644
63.954,0.621,24.84,0.363078054770102,0.131825673855641
63.972,0.569,22.76,0.285759054337495,0.0816582371358593
63.99,0.634,25.36,0.385478357665772,0.148593564228701
63.99,0.582,23.28,0.303389118419427,0.0920449571753172
64.008,0.505,20.2,0.212813904598271,0.0452897579903621
64.027,0.608,24.32,0.341979442513709,0.116949939101987
64.027,0.518,20.72,0.225943577022098,0.0510504999975407
64.046,0.298,11.92,0.0820351544329818,0.00672976656284318
64.046,0.544,21.76,0.254683025258504,0.064863443354824
64.063,0.362,14.48,0.110153930954142,0.0121338885046498
64.081,0.298,11.92,0.0820351544329818,0.00672976656284318
64.082,0.44,17.6,0.157761126969935,0.0248885731828239
64.099,0.44,17.6,0.157761126969935,0.0248885731828239
64.117,0.492,19.68,0.200447202736516,0.040179081084894
64.117,0.194,7.76,0.0508159442560561,0.0025822601906346
64.135,0.479,19.16,0.188799134909629,0.0356451133426244
64.153,0.608,24.32,0.341979442513709,0.116949939101987
64.153,0.44,17.6,0.157761126969935,0.0248885731828239
64.172,0.595,23.8,0.322106879128344,0.103752841581801
64.189,0.388,15.52,0.124165230759241,0.0154170045294956
64.189,0.582,23.28,0.303389118419427,0.0920449571753172
64.208,0.66,26.4,0.434510224171572,0.18879913490963
64.225,0.544,21.76,0.254683025258504,0.064863443354824
64.225,0.634,25.36,0.385478357665772,0.148593564228701
64.245,0.673,26.92,0.46131757456038,0.212813904598272
64.265,0.621,24.84,0.363078054770102,0.131825673855641
64.265,0.673,26.92,0.46131757456038,0.212813904598272
64.282,0.673,26.92,0.46131757456038,0.212813904598272
64.282,0.647,25.88,0.409260659730011,0.167494287602644
64.3,0.673,26.92,0.46131757456038,0.212813904598272
64.318,0.647,25.88,0.409260659730011,0.167494287602644
64.335,0.66,26.4,0.434510224171572,0.18879913490963
64.335,0.647,25.88,0.409260659730011,0.167494287602644
64.354,0.595,23.8,0.322106879128344,0.103752841581801
64.373,0.647,25.88,0.409260659730011,0.167494287602644
64.373,0.608,24.32,0.341979442513709,0.116949939101987
64.389,0.518,20.72,0.225943577022098,0.0510504999975407
64.407,0.621,24.84,0.363078054770102,0.131825673855641
64.407,0.556,22.24,0.269153480392692,0.0724435960074991
64.424,0.492,19.68,0.200447202736516,0.040179081084894
64.442,0.582,23.28,0.303389118419427,0.0920449571753172
64.442,0.401,16.04,0.131825673855641,0.0173780082874938
64.461,0.259,10.36,0.0685488226452662,0.00469894108605216
64.461,0.453,18.12,0.167494287602644,0.0280543363795172
64.48,0.194,7.76,0.0508159442560561,0.0025822601906346
64.498,0.492,19.68,0.200447202736516,0.040179081084894
64.498,0.22,8.8,0.057279603098583,0.00328095293113119
64.516,0.531,21.24,0.239883291901949,0.0575439937337158
64.533,0.595,23.8,0.322106879128344,0.103752841581801
64.533,0.414,16.56,0.139958732257262,0.0195884467350599
64.552,0.582,23.28,0.303389118419427,0.0920449571753172
64.57,0.349,13.96,0.103752841581801,0.0107646521362984
64.57,0.544,21.76,0.254683025258504,0.064863443354824
64.59,0.621,24.84,0.363078054770102,0.131825673855641
64.608,0.505,20.2,0.212813904598271,0.0452897579903621
64.609,0.608,24.32,0.341979442513709,0.116949939101987
64.626,0.647,25.88,0.409260659730011,0.167494287602644
64.645,0.582,23.28,0.303389118419427,0.0920449571753172
64.645,0.634,25.36,0.385478357665772,0.148593564228701
64.662,0.647,25.88,0.409260659730011,0.167494287602644
64.681,0.634,25.36,0.385478357665772,0.148593564228701
64.681,0.634,25.36,0.385478357665772,0.148593564228701
64.7,0.621,24.84,0.363078054770102,0.131825673855641
64.7,0.647,25.88,0.409260659730011,0.167494287602644
64.719,0.621,24.84,0.363078054770102,0.131825673855641
64.738,0.582,23.28,0.303389118419427,0.0920449571753172
64.738,0.621,24.84,0.363078054770102,0.131825673855641
64.758,0.595,23.8,0.322106879128344,0.103752841581801
64.777,0.518,20.72,0.225943577022098,0.0510504999975407
64.777,0.608,24.32,0.341979442513709,0.116949939101987
64.796,0.531,21.24,0.239883291901949,0.0575439937337158
64.796,0.349,13.96,0.103752841581801,0.0107646521362984
64.815,0.556,22.24,0.269153480392692,0.0724435960074991
64.833,0.414,16.56,0.139958732257262,0.0195884467350599
64.834,0.233,9.32,0.0608135001278718,0.00369828179780267
64.851,0.453,18.12,0.167494287602644,0.0280543363795172
64.87,0.168,6.72,0.0450816704541461,0.00203235701093622
64.87,0.453,18.12,0.167494287602644,0.0280543363795172
64.887,0.22,8.8,0.057279603098583,0.00328095293113119
64.906,0.401,16.04,0.131825673855641,0.0173780082874938
64.906,0.544,21.76,0.254683025258504,0.064863443354824
64.924,0.505,20.2,0.212813904598271,0.0452897579903621
64.941,0.531,21.24,0.239883291901949,0.0575439937337158
64.941,0.285,11.4,0.0772680585095703,0.00597035286583838
64.959,0.518,20.72,0.225943577022098,0.0510504999975407
64.979,0.595,23.8,0.322106879128344,0.103752841581801
64.979,0.466,18.64,0.177827941003892,0.0316227766016838
64.997,0.582,23.28,0.303389118419427,0.0920449571753172
65.014,0.634,25.36,0.385478357665772,0.148593564228701
65.015,0.595,23.8,0.322106879128344,0.103752841581801
65.033,0.634,25.36,0.385478357665772,0.148593564228701
65.033,0.647,25.88,0.409260659730011,0.167494287602644
65.052,0.621,24.84,0.363078054770102,0.131825673855641
65.069,0.66,26.4,0.434510224171572,0.18879913490963
65.069,0.647,25.88,0.409260659730011,0.167494287602644
65.088,0.66,26.4,0.434510224171572,0.18879913490963
65.107,0.647,25.88,0.409260659730011,0.167494287602644
65.107,0.608,24.32,0.341979442513709,0.116949939101987
65.126,0.647,25.88,0.409260659730011,0.167494287602644
65.144,0.634,25.36,0.385478357665772,0.148593564228701
65.144,0.544,21.76,0.254683025258504,0.064863443354824
65.164,0.634,25.36,0.385478357665772,0.148593564228701
65.165,0.569,22.76,0.285759054337495,0.0816582371358593
65.183,0.401,16.04,0.131825673855641,0.0173780082874938
65.202,0.569,22.76,0.285759054337495,0.0816582371358593
65.202,0.453,18.12,0.167494287602644,0.0280543363795172
65.221,0.207,8.28,0.0539510622515128,0.00291071711806661
65.24,0.479,19.16,0.188799134909629,0.0356451133426244
65.24,0.207,8.28,0.0539510622515128,0.00291071711806661
65.258,0.427,17.08,0.148593564228701,0.022080047330189
65.277,0.272,10.88,0.0727779804536825,0.00529663443891659
65.277,0.388,15.52,0.124165230759241,0.0154170045294956
65.296,0.544,21.76,0.254683025258504,0.064863443354824
65.297,0.324,12.96,0.0924698173938223,0.00855066712884685
65.314,0.531,21.24,0.239883291901949,0.0575439937337158
65.332,0.259,10.36,0.0685488226452662,0.00469894108605216
65.333,0.505,20.2,0.212813904598271,0.0452897579903621
65.351,0.595,23.8,0.322106879128344,0.103752841581801
65.369,0.466,18.64,0.177827941003892,0.0316227766016838
65.369,0.569,22.76,0.285759054337495,0.0816582371358593
65.388,0.621,24.84,0.363078054770102,0.131825673855641
65.406,0.569,22.76,0.285759054337495,0.0816582371358593
65.406,0.634,25.36,0.385478357665772,0.148593564228701
65.423,0.647,25.88,0.409260659730011,0.167494287602644
65.441,0.634,25.36,0.385478357665772,0.148593564228701
65.441,0.647,25.88,0.409260659730011,0.167494287602644
65.458,0.647,25.88,0.409260659730011,0.167494287602644
65.475,0.647,25.88,0.409260659730011,0.167494287602644
65.475,0.634,25.36,0.385478357665772,0.148593564228701
65.494,0.621,24.84,0.363078054770102,0.131825673855641
65.511,0.66,26.4,0.434510224171572,0.18879913490963
65.511,0.634,25.36,0.385478357665772,0.148593564228701
65.53,0.556,22.24,0.269153480392692,0.0724435960074991
65.549,0.621,24.84,0.363078054770102,0.131825673855641
65.549,0.556,22.24,0.269153480392692,0.0724435960074991
65.567,0.414,16.56,0.139958732257262,0.0195884467350599
65.586,0.582,23.28,0.303389118419427,0.0920449571753172
65.586,0.466,18.64,0.177827941003892,0.0316227766016838
65.609,0.142,5.68,0.0399944749761098,0.00159955802861467
65.609,0.492,19.68,0.200447202736516,0.040179081084894
65.628,0.207,8.28,0.0539510622515128,0.00291071711806661
65.645,0.414,16.56,0.139958732257262,0.0195884467350599
65.646,0.336,13.44,0.0977237220955811,0.00954992586021437
65.666,0.349,13.96,0.103752841581801,0.0107646521362984
65.666,0.544,21.76,0.254683025258504,0.064863443354824
65.688,0.259,10.36,0.0685488226452662,0.00469894108605216
65.688,0.518,20.72,0.225943577022098,0.0510504999975407
65.707,0.22,8.8,0.057279603098583,0.00328095293113119
65.724,0.492,19.68,0.200447202736516,0.040179081084894
65.725,0.582,23.28,0.303389118419427,0.0920449571753172
65.743,0.453,18.12,0.167494287602644,0.0280543363795172
65.761,0.582,23.28,0.303389118419427,0.0920449571753172
65.761,0.634,25.36,0.385478357665772,0.148593564228701
65.781,0.556,22.24,0.269153480392692,0.0724435960074991
65.802,0.621,24.84,0.363078054770102,0.131825673855641
65.802,0.647,25.88,0.409260659730011,0.167494287602644
65.821,0.621,24.84,0.363078054770102,0.131825673855641
65.821,0.647,25.88,0.409260659730011,0.167494287602644
65.84,0.673,26.92,0.46131757456038,0.212813904598272
65.859,0.647,25.88,0.409260659730011,0.167494287602644
65.859,0.647,25.88,0.409260659730011,0.167494287602644
65.88,0.621,24.84,0.363078054770102,0.131825673855641
65.88,0.66,26.4,0.434510224171572,0.18879913490963
65.899,0.621,24.84,0.363078054770102,0.131825673855641
65.918,0.569,22.76,0.285759054337495,0.0816582371358593
65.918,0.634,25.36,0.385478357665772,0.148593564228701
65.938,0.569,22.76,0.285759054337495,0.0816582371358593
65.938,0.453,18.12,0.167494287602644,0.0280543363795172
65.956,0.595,23.8,0.322106879128344,0.103752841581801
65.975,0.479,19.16,0.188799134909629,0.0356451133426244
65.975,0.168,6.72,0.0450816704541461,0.00203235701093622
65.993,0.518,20.72,0.225943577022098,0.0510504999975407
66.013,0.272,10.88,0.0727779804536825,0.00529663443891659
66.013,0.362,14.48,0.110153930954142,0.0121338885046498
66.031,0.349,13.96,0.103752841581801,0.0107646521362984
66.051,0.311,12.44,0.0870963589956081,0.00758577575029184
66.051,0.531,21.24,0.239883291901949,0.0575439937337158
66.07,0.207,8.28,0.0539510622515128,0.00291071711806661
66.07,0.492,19.68,0.200447202736516,0.040179081084894
66.089,0.207,8.28,0.0539510622515128,0.00291071711806661
66.107,0.466,18.64,0.177827941003892,0.0316227766016838
66.107,0.582,23.28,0.303389118419427,0.0920449571753172
66.125,0.414,16.56,0.139958732257262,0.0195884467350599
66.142,0.556,22.24,0.269153480392692,0.0724435960074991
66.142,0.621,24.84,0.363078054770102,0.131825673855641
66.162,0.544,21.76,0.254683025258504,0.064863443354824
66.18,0.621,24.84,0.363078054770102,0.131825673855641
66.18,0.66,26.4,0.434510224171572,0.18879913490963
66.199,0.621,24.84,0.363078054770102,0.131825673855641
66.217,0.647,25.88,0.409260659730011,0.167494287602644
66.217,0.647,25.88,0.409260659730011,0.167494287602644
66.235,0.647,25.88,0.409260659730011,0.167494287602644
66.253,0.66,26.4,0.434510224171572,0.18879913490963
66.253,0.634,25.36,0.385478357665772,0.148593564228701
66.271,0.66,26.4,0.434510224171572,0.18879913490963
66.289,0.634,25.36,0.385478357665772,0.148593564228701
66.289,0.582,23.28,0.303389118419427,0.0920449571753172
66.308,0.647,25.88,0.409260659730011,0.167494287602644
66.308,0.595,23.8,0.322106879128344,0.103752841581801
66.326,0.466,18.64,0.177827941003892,0.0316227766016838
66.344,0.608,24.32,0.341979442513709,0.116949939101987
66.344,0.621,24.84,0.363078054770102,0.131825673855641
66.362,0.246,9.84,0.0645654229034656,0.00416869383470336
66.381,0.531,21.24,0.239883291901949,0.0575439937337158
66.381,0.324,12.96,0.0924698173938223,0.00855066712884685
66.398,0.349,13.96,0.103752841581801,0.0107646521362984
66.417,0.388,15.52,0.124165230759241,0.0154170045294956
66.417,0.259,10.36,0.0685488226452662,0.00469894108605216
66.435,0.531,21.24,0.239883291901949,0.0575439937337158
66.452,0.207,8.28,0.0539510622515128,0.00291071711806661
66.452,0.505,20.2,0.212813904598271,0.0452897579903621
66.471,0.608,24.32,0.341979442513709,0.116949939101987
66.489,0.479,19.16,0.188799134909629,0.0356451133426244
66.489,0.608,24.32,0.341979442513709,0.116949939101987
66.507,0.427,17.08,0.148593564228701,0.022080047330189
66.525,0.582,23.28,0.303389118419427,0.0920449571753172
66.525,0.647,25.88,0.409260659730011,0.167494287602644
66.542,0.556,22.24,0.269153480392692,0.0724435960074991
66.561,0.634,25.36,0.385478357665772,0.148593564228701
66.561,0.673,26.92,0.46131757456038,0.212813904598272
66.58,0.621,24.84,0.363078054770102,0.131825673855641
66.598,0.66,26.4,0.434510224171572,0.18879913490963
66.599,0.66,26.4,0.434510224171572,0.18879913490963
66.619,0.66,26.4,0.434510224171572,0.18879913490963
66.619,0.673,26.92,0.46131757456038,0.212813904598272
66.638,0.647,25.88,0.409260659730011,0.167494287602644
66.658,0.66,26.4,0.434510224171572,0.18879913490963
66.658,0.66,26.4,0.434510224171572,0.18879913490963
66.675,0.608,24.32,0.341979442513709,0.116949939101987
66.693,0.66,26.4,0.434510224171572,0.18879913490963
66.693,0.621,24.84,0.363078054770102,0.131825673855641
66.713,0.505,20.2,0.212813904598271,0.0452897579903621
66.713,0.634,25.36,0.385478357665772,0.148593564228701
66.733,0.544,21.76,0.254683025258504,0.064863443354824
66.751,0.298,11.92,0.0820351544329818,0.00672976656284318
66.751,0.569,22.76,0.285759054337495,0.0816582371358593
66.77,0.388,15.52,0.124165230759241,0.0154170045294956
66.79,0.324,12.96,0.0924698173938223,0.00855066712884685
66.79,0.44,17.6,0.157761126969935,0.0248885731828239
66.807,0.22,8.8,0.057279603098583,0.00328095293113119
66.807,0.518,20.72,0.225943577022098,0.0510504999975407
66.825,0.207,8.28,0.0539510622515128,0.00291071711806661
66.844,0.492,19.68,0.200447202736516,0.040179081084894
66.844,0.608,24.32,0.341979442513709,0.116949939101987
66.863,0.544,21.76,0.254683025258504,0.064863443354824
66.882,0.595,23.8,0.322106879128344,0.103752841581801
66.882,0.388,15.52,0.124165230759241,0.0154170045294956
66.901,0.582,23.28,0.303389118419427,0.0920449571753172
66.919,0.66,26.4,0.434510224171572,0.18879913490963
66.919,0.569,22.76,0.285759054337495,0.0816582371358593
66.937,0.647,25.88,0.409260659730011,0.167494287602644
66.962,0.686,27.44,0.489778819368447,0.239883291901949
66.962,0.647,25.88,0.409260659730011,0.167494287602644
66.962,0.686,27.44,0.489778819368447,0.239883291901949
66.984,0.699,27.96,0.519995996533516,0.270395836410885
67.003,0.686,27.44,0.489778819368447,0.239883291901949
67.003,0.699,27.96,0.519995996533516,0.270395836410885
67.023,0.673,26.92,0.46131757456038,0.212813904598272
67.023,0.699,27.96,0.519995996533516,0.270395836410885
67.041,0.699,27.96,0.519995996533516,0.270395836410885
67.06,0.647,25.88,0.409260659730011,0.167494287602644
67.06,0.712,28.48,0.552077439280758,0.304789498962799
67.08,0.66,26.4,0.434510224171572,0.18879913490963
67.098,0.569,22.76,0.285759054337495,0.0816582371358593
67.098,0.673,26.92,0.46131757456038,0.212813904598272
67.116,0.595,23.8,0.322106879128344,0.103752841581801
67.134,0.401,16.04,0.131825673855641,0.0173780082874938
67.136,0.634,25.36,0.385478357665772,0.148593564228701
67.154,0.466,18.64,0.177827941003892,0.0316227766016838
67.154,0.298,11.92,0.0820351544329818,0.00672976656284318
67.173,0.556,22.24,0.269153480392692,0.0724435960074991
67.192,0.155,6.2,0.0424619563946313,0.00180301774085957
67.192,0.569,22.76,0.285759054337495,0.0816582371358593
67.21,0.129,5.16,0.0376703798983909,0.00141905752168909
67.229,0.531,21.24,0.239883291901949,0.0575439937337158
67.229,0.66,26.4,0.434510224171572,0.18879913490963
67.248,0.466,18.64,0.177827941003892,0.0316227766016838
67.248,0.634,25.36,0.385478357665772,0.148593564228701
67.266,0.544,21.76,0.254683025258504,0.064863443354824
67.285,0.608,24.32,0.341979442513709,0.116949939101987
67.285,0.699,27.96,0.519995996533516,0.270395836410885
67.304,0.582,23.28,0.303389118419427,0.0920449571753172
67.323,0.673,26.92,0.46131757456038,0.212813904598272
67.323,0.738,29.52,0.62230028516916,0.387257644921618
67.342,0.673,26.92,0.46131757456038,0.212813904598272
67.36,0.712,28.48,0.552077439280758,0.304789498962799
67.36,0.725,29,0.586138164514029,0.343557947899875
67.379,0.725,29,0.586138164514029,0.343557947899875
67.379,0.738,29.52,0.62230028516916,0.387257644921618
67.399,0.725,29,0.586138164514029,0.343557947899875
67.417,0.725,29,0.586138164514029,0.343557947899875
67.417,0.725,29,0.586138164514029,0.343557947899875
67.435,0.686,27.44,0.489778819368447,0.239883291901949
67.453,0.725,29,0.586138164514029,0.343557947899875
67.453,0.699,27.96,0.519995996533516,0.270395836410885
67.472,0.595,23.8,0.322106879128344,0.103752841581801
67.49,0.699,27.96,0.519995996533516,0.270395836410885
67.49,0.634,25.36,0.385478357665772,0.148593564228701
67.509,0.44,17.6,0.157761126969935,0.0248885731828239
67.527,0.647,25.88,0.409260659730011,0.167494287602644
67.527,0.505,20.2,0.212813904598271,0.0452897579903621
67.547,0.233,9.32,0.0608135001278718,0.00369828179780267
67.547,0.544,21.76,0.254683025258504,0.064863443354824
67.565,0.116,4.64,0.0354813389233576,0.00125892541179417
67.584,0.544,21.76,0.254683025258504,0.064863443354824
67.584,0.298,11.92,0.0820351544329818,0.00672976656284318
67.603,0.505,20.2,0.212813904598271,0.0452897579903621
67.622,0.66,26.4,0.434510224171572,0.18879913490963
67.622,0.453,18.12,0.167494287602644,0.0280543363795172
67.639,0.634,25.36,0.385478357665772,0.148593564228701
67.658,0.375,15,0.116949939101987,0.0136772882559585
67.658,0.621,24.84,0.363078054770102,0.131825673855641
67.676,0.712,28.48,0.552077439280758,0.304789498962799
67.694,0.647,25.88,0.409260659730011,0.167494287602644
67.694,0.712,28.48,0.552077439280758,0.304789498962799
67.712,0.764,30.56,0.701455298419972,0.492039535681452
67.73,0.712,28.48,0.552077439280758,0.304789498962799
67.73,0.764,30.56,0.701455298419972,0.492039535681452
67.748,0.802,32.08,0.835603018231248,0.698232404077172
67.765,0.776,31.04,0.741310241300918,0.549540873857625
67.765,0.802,32.08,0.835603018231248,0.698232404077172
67.784,0.802,32.08,0.835603018231248,0.698232404077172
67.784,0.815,32.6,0.887156012037961,0.787045789695099
67.802,0.802,32.08,0.835603018231248,0.698232404077172
67.821,0.776,31.04,0.741310241300918,0.549540873857625
67.821,0.815,32.6,0.887156012037961,0.787045789695099
67.838,0.764,30.56,0.701455298419972,0.492039535681452
67.857,0.686,27.44,0.489778819368447,0.239883291901949
67.857,0.776,31.04,0.741310241300918,0.549540873857625
67.874,0.699,27.96,0.519995996533516,0.270395836410885
67.893,0.569,22.76,0.285759054337495,0.0816582371358593
67.893,0.686,27.44,0.489778819368447,0.239883291901949
67.911,0.544,21.76,0.254683025258504,0.064863443354824
67.929,0.155,6.2,0.0424619563946313,0.00180301774085957
67.929,0.569,22.76,0.285759054337495,0.0816582371358593
67.947,0.22,8.8,0.057279603098583,0.00328095293113119
67.965,0.492,19.68,0.200447202736516,0.040179081084894
67.965,0.285,11.4,0.0772680585095703,0.00597035286583838
67.985,0.414,16.56,0.139958732257262,0.0195884467350599
68.002,0.569,22.76,0.285759054337495,0.0816582371358593
68.002,0.311,12.44,0.0870963589956081,0.00758577575029184
68.02,0.505,20.2,0.212813904598271,0.0452897579903621
68.038,0.233,9.32,0.0608135001278718,0.00369828179780267
68.038,0.44,17.6,0.157761126969935,0.0248885731828239
68.057,0.505,20.2,0.212813904598271,0.0452897579903621
68.075,0.362,14.48,0.110153930954142,0.0121338885046498
68.075,0.453,18.12,0.167494287602644,0.0280543363795172
68.093,0.479,19.16,0.188799134909629,0.0356451133426244
68.11,0.712,28.48,0.552077439280758,0.304789498962799
68.111,0.479,19.16,0.188799134909629,0.0356451133426244
68.128,0.531,21.24,0.239883291901949,0.0575439937337158
68.147,0.544,21.76,0.254683025258504,0.064863443354824
68.147,0.608,24.32,0.341979442513709,0.116949939101987
68.164,0.634,25.36,0.385478357665772,0.148593564228701
68.183,0.673,26.92,0.46131757456038,0.212813904598272
68.183,0.699,27.96,0.519995996533516,0.270395836410885
68.2,0.686,27.44,0.489778819368447,0.239883291901949
68.219,0.738,29.52,0.62230028516916,0.387257644921618
68.219,0.725,29,0.586138164514029,0.343557947899875
68.237,0.673,26.92,0.46131757456038,0.212813904598272
68.237,0.751,30.04,0.660693448007596,0.436515832240167
68.254,0.712,28.48,0.552077439280758,0.304789498962799
68.273,0.569,22.76,0.285759054337495,0.0816582371358593
68.273,0.751,30.04,0.660693448007596,0.436515832240167
68.291,0.621,24.84,0.363078054770102,0.131825673855641
68.309,0.142,5.68,0.0399944749761098,0.00159955802861467
68.309,0.673,26.92,0.46131757456038,0.212813904598272
68.327,0.336,13.44,0.0977237220955811,0.00954992586021437
68.345,0.582,23.28,0.303389118419427,0.0920449571753172
68.345,0.479,19.16,0.188799134909629,0.0356451133426244
68.363,0.544,21.76,0.254683025258504,0.064863443354824
68.383,0.738,29.52,0.62230028516916,0.387257644921618
68.383,0.479,19.16,0.188799134909629,0.0356451133426244
68.401,0.725,29,0.586138164514029,0.343557947899875
68.418,0.336,13.44,0.0977237220955811,0.00954992586021437
68.418,0.673,26.92,0.46131757456038,0.212813904598272
68.436,0.789,31.56,0.787045789695099,0.619441075076782
68.455,0.647,25.88,0.409260659730011,0.167494287602644
68.455,0.764,30.56,0.701455298419972,0.492039535681452
68.473,0.815,32.6,0.887156012037961,0.787045789695099
68.491,0.751,30.04,0.660693448007596,0.436515832240167
68.492,0.802,32.08,0.835603018231248,0.698232404077172
68.511,0.828,33.12,0.941889596522842,0.887156012037962
68.511,0.789,31.56,0.787045789695099,0.619441075076782
68.528,0.828,33.12,0.941889596522842,0.887156012037962
68.546,0.828,33.12,0.941889596522842,0.887156012037962
68.546,0.841,33.64,1,1
68.564,0.815,32.6,0.887156012037961,0.787045789695099
68.582,0.789,31.56,0.787045789695099,0.619441075076782
68.582,0.815,32.6,0.887156012037961,0.787045789695099
68.601,0.789,31.56,0.787045789695099,0.619441075076782
68.619,0.725,29,0.586138164514029,0.343557947899875
68.619,0.789,31.56,0.787045789695099,0.619441075076782
68.637,0.738,29.52,0.62230028516916,0.387257644921618
68.655,0.608,24.32,0.341979442513709,0.116949939101987
68.655,0.751,30.04,0.660693448007596,0.436515832240167
68.672,0.634,25.36,0.385478357665772,0.148593564228701
68.69,0.22,8.8,0.057279603098583,0.00328095293113119
68.69,0.66,26.4,0.434510224171572,0.18879913490963
68.708,0.634,25.36,0.385478357665772,0.148593564228701
68.726,0.505,20.2,0.212813904598271,0.0452897579903621
68.726,0.44,17.6,0.157761126969935,0.0248885731828239
68.744,0.427,17.08,0.148593564228701,0.022080047330189
68.762,0.647,25.88,0.409260659730011,0.167494287602644
68.762,0.298,11.92,0.0820351544329818,0.00672976656284318
68.779,0.595,23.8,0.322106879128344,0.103752841581801
68.797,0.194,7.76,0.0508159442560561,0.0025822601906346
68.797,0.569,22.76,0.285759054337495,0.0816582371358593
68.815,0.686,27.44,0.489778819368447,0.239883291901949
68.832,0.531,21.24,0.239883291901949,0.0575439937337158
68.832,0.673,26.92,0.46131757456038,0.212813904598272
68.85,0.725,29,0.586138164514029,0.343557947899875
68.869,0.647,25.88,0.409260659730011,0.167494287602644
68.869,0.712,28.48,0.552077439280758,0.304789498962799
68.886,0.738,29.52,0.62230028516916,0.387257644921618
68.904,0.712,28.48,0.552077439280758,0.304789498962799
68.904,0.738,29.52,0.62230028516916,0.387257644921618
68.923,0.738,29.52,0.62230028516916,0.387257644921618
68.94,0.751,30.04,0.660693448007596,0.436515832240167
68.94,0.751,30.04,0.660693448007596,0.436515832240167
68.958,0.699,27.96,0.519995996533516,0.270395836410885
68.976,0.751,30.04,0.660693448007596,0.436515832240167
68.976,0.725,29,0.586138164514029,0.343557947899875
68.994,0.673,26.92,0.46131757456038,0.212813904598272
69.013,0.738,29.52,0.62230028516916,0.387257644921618
69.013,0.673,26.92,0.46131757456038,0.212813904598272
69.031,0.569,22.76,0.285759054337495,0.0816582371358593
69.049,0.699,27.96,0.519995996533516,0.270395836410885
69.049,0.582,23.28,0.303389118419427,0.0920449571753172
69.068,0.259,10.36,0.0685488226452662,0.00469894108605216
69.086,0.634,25.36,0.385478357665772,0.148593564228701
69.086,0.375,15,0.116949939101987,0.0136772882559585
69.104,0.453,18.12,0.167494287602644,0.0280543363795172
69.123,0.466,18.64,0.177827941003892,0.0316227766016838
69.123,0.556,22.24,0.269153480392692,0.0724435960074991
69.142,0.621,24.84,0.363078054770102,0.131825673855641
69.142,0.259,10.36,0.0685488226452662,0.00469894108605216
69.16,0.608,24.32,0.341979442513709,0.116949939101987
69.178,0.712,28.48,0.552077439280758,0.304789498962799
69.178,0.569,22.76,0.285759054337495,0.0816582371358593
69.197,0.699,27.96,0.519995996533516,0.270395836410885
69.215,0.544,21.76,0.254683025258504,0.064863443354824
69.215,0.686,27.44,0.489778819368447,0.239883291901949
69.233,0.751,30.04,0.660693448007596,0.436515832240167
69.25,0.673,26.92,0.46131757456038,0.212813904598272
69.25,0.751,30.04,0.660693448007596,0.436515832240167
69.268,0.776,31.04,0.741310241300918,0.549540873857625
69.286,0.725,29,0.586138164514029,0.343557947899875
69.286,0.776,31.04,0.741310241300918,0.549540873857625
69.305,0.776,31.04,0.741310241300918,0.549540873857625
69.322,0.751,30.04,0.660693448007596,0.436515832240167
69.322,0.776,31.04,0.741310241300918,0.549540873857625
69.34,0.764,30.56,0.701455298419972,0.492039535681452
69.357,0.789,31.56,0.787045789695099,0.619441075076782
69.357,0.764,30.56,0.701455298419972,0.492039535681452
69.375,0.712,28.48,0.552077439280758,0.304789498962799
69.395,0.789,31.56,0.787045789695099,0.619441075076782
69.395,0.738,29.52,0.62230028516916,0.387257644921618
69.414,0.634,25.36,0.385478357665772,0.148593564228701
69.432,0.764,30.56,0.701455298419972,0.492039535681452
69.432,0.686,27.44,0.489778819368447,0.239883291901949
69.45,0.388,15.52,0.124165230759241,0.0154170045294956
69.468,0.686,27.44,0.489778819368447,0.239883291901949
69.468,0.492,19.68,0.200447202736516,0.040179081084894
69.487,0.466,18.64,0.177827941003892,0.0316227766016838
69.505,0.544,21.76,0.254683025258504,0.064863443354824
69.505,0.336,13.44,0.0977237220955811,0.00954992586021437
69.522,0.66,26.4,0.434510224171572,0.18879913490963
69.522,0.155,6.2,0.0424619563946313,0.00180301774085957
69.54,0.634,25.36,0.385478357665772,0.148593564228701
69.559,0.751,30.04,0.660693448007596,0.436515832240167
69.559,0.595,23.8,0.322106879128344,0.103752841581801
69.577,0.738,29.52,0.62230028516916,0.387257644921618
69.597,0.531,21.24,0.239883291901949,0.0575439937337158
69.597,0.725,29,0.586138164514029,0.343557947899875
69.615,0.776,31.04,0.741310241300918,0.549540873857625
69.635,0.699,27.96,0.519995996533516,0.270395836410885
69.636,0.776,31.04,0.741310241300918,0.549540873857625
69.656,0.828,33.12,0.941889596522842,0.887156012037962
69.656,0.764,30.56,0.701455298419972,0.492039535681452
69.674,0.802,32.08,0.835603018231248,0.698232404077172
69.692,0.815,32.6,0.887156012037961,0.787045789695099
69.692,0.802,32.08,0.835603018231248,0.698232404077172
69.711,0.815,32.6,0.887156012037961,0.787045789695099
69.729,0.802,32.08,0.835603018231248,0.698232404077172
69.729,0.828,33.12,0.941889596522842,0.887156012037962
69.748,0.815,32.6,0.887156012037961,0.787045789695099
69.766,0.751,30.04,0.660693448007596,0.436515832240167
69.766,0.815,32.6,0.887156012037961,0.787045789695099
69.783,0.764,30.56,0.701455298419972,0.492039535681452
69.801,0.673,26.92,0.46131757456038,0.212813904598272
69.802,0.789,31.56,0.787045789695099,0.619441075076782
69.82,0.699,27.96,0.519995996533516,0.270395836410885
69.838,0.466,18.64,0.177827941003892,0.0316227766016838
69.838,0.725,29,0.586138164514029,0.343557947899875
69.857,0.544,21.76,0.254683025258504,0.064863443354824
69.857,0.427,17.08,0.148593564228701,0.022080047330189
69.876,0.608,24.32,0.341979442513709,0.116949939101987
69.894,0.272,10.88,0.0727779804536825,0.00529663443891659
69.894,0.66,26.4,0.434510224171572,0.18879913490963
69.912,0.142,5.68,0.0399944749761098,0.00159955802861467
69.932,0.634,25.36,0.385478357665772,0.148593564228701
69.932,0.776,31.04,0.741310241300918,0.549540873857625
69.949,0.595,23.8,0.322106879128344,0.103752841581801
69.968,0.751,30.04,0.660693448007596,0.436515832240167
69.968,0.544,21.76,0.254683025258504,0.064863443354824
69.986,0.725,29,0.586138164514029,0.343557947899875
70.005,0.802,32.08,0.835603018231248,0.698232404077172
70.005,0.712,28.48,0.552077439280758,0.304789498962799
70.025,0.789,31.56,0.787045789695099,0.619441075076782
70.025,0.841,33.64,1,1
70.043,0.776,31.04,0.741310241300918,0.549540873857625
70.062,0.828,33.12,0.941889596522842,0.887156012037962
70.062,0.828,33.12,0.941889596522842,0.887156012037962
70.081,0.815,32.6,0.887156012037961,0.787045789695099
70.101,0.841,33.64,1,1
70.101,0.828,33.12,0.941889596522842,0.887156012037962
70.121,0.828,33.12,0.941889596522842,0.887156012037962
70.121,0.828,33.12,0.941889596522842,0.887156012037962
70.14,0.776,31.04,0.741310241300918,0.549540873857625
70.159,0.828,33.12,0.941889596522842,0.887156012037962
70.16,0.789,31.56,0.787045789695099,0.619441075076782
70.179,0.686,27.44,0.489778819368447,0.239883291901949
70.179,0.802,32.08,0.835603018231248,0.698232404077172
70.198,0.725,29,0.586138164514029,0.343557947899875
70.219,0.505,20.2,0.212813904598271,0.0452897579903621
70.219,0.751,30.04,0.660693448007596,0.436515832240167
70.239,0.569,22.76,0.285759054337495,0.0816582371358593
70.239,0.608,24.32,0.341979442513709,0.116949939101987
70.259,0.621,24.84,0.363078054770102,0.131825673855641
70.278,0.22,8.8,0.057279603098583,0.00328095293113119
70.278,0.66,26.4,0.434510224171572,0.18879913490963
70.297,0.22,8.8,0.057279603098583,0.00328095293113119
70.297,0.621,24.84,0.363078054770102,0.131825673855641
70.318,0.751,30.04,0.660693448007596,0.436515832240167
70.338,0.569,22.76,0.285759054337495,0.0816582371358593
70.338,0.738,29.52,0.62230028516916,0.387257644921618
70.358,0.492,19.68,0.200447202736516,0.040179081084894
70.358,0.712,28.48,0.552077439280758,0.304789498962799
70.377,0.789,31.56,0.787045789695099,0.619441075076782
70.396,0.686,27.44,0.489778819368447,0.239883291901949
70.396,0.789,31.56,0.787045789695099,0.619441075076782
70.415,0.815,32.6,0.887156012037961,0.787045789695099
70.434,0.789,31.56,0.787045789695099,0.619441075076782
70.434,0.802,32.08,0.835603018231248,0.698232404077172
70.454,0.828,33.12,0.941889596522842,0.887156012037962
70.454,0.815,32.6,0.887156012037961,0.787045789695099
70.474,0.828,33.12,0.941889596522842,0.887156012037962
70.494,0.815,32.6,0.887156012037961,0.787045789695099
70.495,0.828,33.12,0.941889596522842,0.887156012037962
70.514,0.815,32.6,0.887156012037961,0.787045789695099
70.514,0.776,31.04,0.741310241300918,0.549540873857625
70.533,0.815,32.6,0.887156012037961,0.787045789695099
70.552,0.776,31.04,0.741310241300918,0.549540873857625
70.554,0.725,29,0.586138164514029,0.343557947899875
70.573,0.789,31.56,0.787045789695099,0.619441075076782
70.573,0.712,28.48,0.552077439280758,0.304789498962799
70.592,0.544,21.76,0.254683025258504,0.064863443354824
70.611,0.725,29,0.586138164514029,0.343557947899875
70.611,0.595,23.8,0.322106879128344,0.103752841581801
70.63,0.298,11.92,0.0820351544329818,0.00672976656284318
70.63,0.621,24.84,0.363078054770102,0.131825673855641
70.65,0.181,7.24,0.0478630092322639,0.00229086765276777
70.67,0.621,24.84,0.363078054770102,0.131825673855641
70.67,0.324,12.96,0.0924698173938223,0.00855066712884685
70.689,0.569,22.76,0.285759054337495,0.0816582371358593
70.708,0.725,29,0.586138164514029,0.343557947899875
70.708,0.492,19.68,0.200447202736516,0.040179081084894
70.729,0.699,27.96,0.519995996533516,0.270395836410885
70.729,0.414,16.56,0.139958732257262,0.0195884467350599
70.748,0.673,26.92,0.46131757456038,0.212813904598272
70.767,0.764,30.56,0.701455298419972,0.492039535681452
70.767,0.634,25.36,0.385478357665772,0.148593564228701
70.786,0.751,30.04,0.660693448007596,0.436515832240167
70.786,0.802,32.08,0.835603018231248,0.698232404077172
70.806,0.725,29,0.586138164514029,0.343557947899875
70.824,0.789,31.56,0.787045789695099,0.619441075076782
70.824,0.802,32.08,0.835603018231248,0.698232404077172
70.843,0.776,31.04,0.741310241300918,0.549540873857625
70.862,0.789,31.56,0.787045789695099,0.619441075076782
70.862,0.789,31.56,0.787045789695099,0.619441075076782
70.88,0.789,31.56,0.787045789695099,0.619441075076782
70.88,0.789,31.56,0.787045789695099,0.619441075076782
70.899,0.738,29.52,0.62230028516916,0.387257644921618
70.918,0.802,32.08,0.835603018231248,0.698232404077172
70.918,0.764,30.56,0.701455298419972,0.492039535681452
70.938,0.673,26.92,0.46131757456038,0.212813904598272
70.958,0.764,30.56,0.701455298419972,0.492039535681452
70.958,0.686,27.44,0.489778819368447,0.239883291901949
70.978,0.531,21.24,0.239883291901949,0.0575439937337158
70.978,0.712,28.48,0.552077439280758,0.304789498962799
70.999,0.582,23.28,0.303389118419427,0.0920449571753172
71.019,0.181,7.24,0.0478630092322639,0.00229086765276777
71.019,0.608,24.32,0.341979442513709,0.116949939101987
71.04,0.233,9.32,0.0608135001278718,0.00369828179780267
71.042,0.556,22.24,0.269153480392692,0.0724435960074991
71.063,0.336,13.44,0.0977237220955811,0.00954992586021437
71.063,0.505,20.2,0.212813904598271,0.0452897579903621
71.085,0.686,27.44,0.489778819368447,0.239883291901949
71.085,0.427,17.08,0.148593564228701,0.022080047330189
71.108,0.66,26.4,0.434510224171572,0.18879913490963
71.108,0.336,13.44,0.0977237220955811,0.00954992586021437
71.127,0.621,24.84,0.363078054770102,0.131825673855641
71.147,0.725,29,0.586138164514029,0.343557947899875
71.147,0.595,23.8,0.322106879128344,0.103752841581801
71.166,0.699,27.96,0.519995996533516,0.270395836410885
71.166,0.751,30.04,0.660693448007596,0.436515832240167
71.186,0.673,26.92,0.46131757456038,0.212813904598272
71.206,0.738,29.52,0.62230028516916,0.387257644921618
71.206,0.751,30.04,0.660693448007596,0.436515832240167
71.227,0.725,29,0.586138164514029,0.343557947899875
71.227,0.751,30.04,0.660693448007596,0.436515832240167
71.247,0.738,29.52,0.62230028516916,0.387257644921618
71.268,0.751,30.04,0.660693448007596,0.436515832240167
71.268,0.738,29.52,0.62230028516916,0.387257644921618
71.288,0.699,27.96,0.519995996533516,0.270395836410885
71.288,0.738,29.52,0.62230028516916,0.387257644921618
71.309,0.712,28.48,0.552077439280758,0.304789498962799
71.309,0.634,25.36,0.385478357665772,0.148593564228701
71.331,0.725,29,0.586138164514029,0.343557947899875
71.351,0.647,25.88,0.409260659730011,0.167494287602644
71.351,0.492,19.68,0.200447202736516,0.040179081084894
71.371,0.66,26.4,0.434510224171572,0.18879913490963
71.371,0.531,21.24,0.239883291901949,0.0575439937337158
71.39,0.22,8.8,0.057279603098583,0.00328095293113119
71.41,0.569,22.76,0.285759054337495,0.0816582371358593
71.41,0.259,10.36,0.0685488226452662,0.00469894108605216
71.429,0.479,19.16,0.188799134909629,0.0356451133426244
71.429,0.349,13.96,0.103752841581801,0.0107646521362984
71.448,0.414,16.56,0.139958732257262,0.0195884467350599
71.468,0.608,24.32,0.341979442513709,0.116949939101987
71.468,0.595,23.8,0.322106879128344,0.103752841581801
71.487,0.569,22.76,0.285759054337495,0.0816582371358593
71.506,0.22,8.8,0.057279603098583,0.00328095293113119
71.506,0.531,21.24,0.239883291901949,0.0575439937337158
71.525,0.634,25.36,0.385478357665772,0.148593564228701
71.525,0.492,19.68,0.200447202736516,0.040179081084894
71.546,0.621,24.84,0.363078054770102,0.131825673855641
71.566,0.66,26.4,0.434510224171572,0.18879913490963
71.566,0.595,23.8,0.322106879128344,0.103752841581801
71.585,0.66,26.4,0.434510224171572,0.18879913490963
71.585,0.673,26.92,0.46131757456038,0.212813904598272
71.605,0.634,25.36,0.385478357665772,0.148593564228701
71.624,0.66,26.4,0.434510224171572,0.18879913490963
71.624,0.66,26.4,0.434510224171572,0.18879913490963
71.645,0.647,25.88,0.409260659730011,0.167494287602644
71.645,0.66,26.4,0.434510224171572,0.18879913490963
71.664,0.621,24.84,0.363078054770102,0.131825673855641
71.684,0.647,25.88,0.409260659730011,0.167494287602644
71.685,0.621,24.84,0.363078054770102,0.131825673855641
71.704,0.544,21.76,0.254683025258504,0.064863443354824
71.704,0.621,24.84,0.363078054770102,0.131825673855641
71.724,0.556,22.24,0.269153480392692,0.0724435960074991
71.744,0.427,17.08,0.148593564228701,0.022080047330189
71.744,0.569,22.76,0.285759054337495,0.0816582371358593
71.764,0.453,18.12,0.167494287602644,0.0280543363795172
71.764,0.194,7.76,0.0508159442560561,0.0025822601906346
71.783,0.479,19.16,0.188799134909629,0.0356451133426244
71.804,0.621,24.84,0.363078054770102,0.131825673855641
71.805,0.362,14.48,0.110153930954142,0.0121338885046498
71.824,0.285,11.4,0.0772680585095703,0.00597035286583838
71.824,0.311,12.44,0.0870963589956081,0.00758577575029184
71.845,0.479,19.16,0.188799134909629,0.0356451133426244
71.864,0.233,9.32,0.0608135001278718,0.00369828179780267
71.864,0.427,17.08,0.148593564228701,0.022080047330189
71.884,0.155,6.2,0.0424619563946313,0.00180301774085957
71.884,0.388,15.52,0.124165230759241,0.0154170045294956
71.904,0.492,19.68,0.200447202736516,0.040179081084894
71.924,0.336,13.44,0.0977237220955811,0.00954992586021437
71.924,0.466,18.64,0.177827941003892,0.0316227766016838
71.945,0.531,21.24,0.239883291901949,0.0575439937337158
71.945,0.453,18.12,0.167494287602644,0.0280543363795172
71.964,0.505,20.2,0.212813904598271,0.0452897579903621
71.983,0.544,21.76,0.254683025258504,0.064863443354824
71.983,0.492,19.68,0.200447202736516,0.040179081084894
72.001,0.518,20.72,0.225943577022098,0.0510504999975407
72.001,0.518,20.72,0.225943577022098,0.0510504999975407
72.02,0.505,20.2,0.212813904598271,0.0452897579903621
72.039,0.518,20.72,0.225943577022098,0.0510504999975407
72.039,0.466,18.64,0.177827941003892,0.0316227766016838
72.059,0.505,20.2,0.212813904598271,0.0452897579903621
72.059,0.479,19.16,0.188799134909629,0.0356451133426244
72.078,0.414,16.56,0.139958732257262,0.0195884467350599
72.096,0.479,19.16,0.188799134909629,0.0356451133426244
72.096,0.44,17.6,0.157761126969935,0.0248885731828239
72.116,0.324,12.96,0.0924698173938223,0.00855066712884685
72.134,0.427,17.08,0.148593564228701,0.022080047330189
72.134,0.401,16.04,0.131825673855641,0.0173780082874938
72.154,0.207,8.28,0.0539510622515128,0.00291071711806661
72.172,0.375,15,0.116949939101987,0.0136772882559585
72.172,0.272,10.88,0.0727779804536825,0.00529663443891659
72.192,0.233,9.32,0.0608135001278718,0.00369828179780267
72.193,0.311,12.44,0.0870963589956081,0.00758577575029184
72.211,0.22,8.8,0.057279603098583,0.00328095293113119
72.23,0.388,15.52,0.124165230759241,0.0154170045294956
72.23,0.207,8.28,0.0539510622515128,0.00291071711806661
72.25,0.375,15,0.116949939101987,0.0136772882559585
72.267,0.479,19.16,0.188799134909629,0.0356451133426244
72.267,0.336,13.44,0.0977237220955811,0.00954992586021437
72.287,0.479,19.16,0.188799134909629,0.0356451133426244
72.287,0.595,23.8,0.322106879128344,0.103752841581801
72.307,0.466,18.64,0.177827941003892,0.0316227766016838
72.326,0.544,21.76,0.254683025258504,0.064863443354824
72.326,0.453,18.12,0.167494287602644,0.0280543363795172
72.345,0.544,21.76,0.254683025258504,0.064863443354824
72.364,0.569,22.76,0.285759054337495,0.0816582371358593
72.364,0.531,21.24,0.239883291901949,0.0575439937337158
72.383,0.569,22.76,0.285759054337495,0.0816582371358593
72.383,0.582,23.28,0.303389118419427,0.0920449571753172
72.401,0.582,23.28,0.303389118419427,0.0920449571753172
72.42,0.595,23.8,0.322106879128344,0.103752841581801
72.42,0.569,22.76,0.285759054337495,0.0816582371358593
72.44,0.608,24.32,0.341979442513709,0.116949939101987
72.459,0.595,23.8,0.322106879128344,0.103752841581801
72.459,0.531,21.24,0.239883291901949,0.0575439937337158
72.478,0.608,24.32,0.341979442513709,0.116949939101987
72.478,0.569,22.76,0.285759054337495,0.0816582371358593
72.496,0.453,18.12,0.167494287602644,0.0280543363795172
72.516,0.595,23.8,0.322106879128344,0.103752841581801
72.516,0.492,19.68,0.200447202736516,0.040179081084894
72.536,0.259,10.36,0.0685488226452662,0.00469894108605216
72.536,0.518,20.72,0.225943577022098,0.0510504999975407
72.556,0.324,12.96,0.0924698173938223,0.00855066712884685
72.575,0.311,12.44,0.0870963589956081,0.00758577575029184
72.575,0.388,15.52,0.124165230759241,0.0154170045294956
72.596,0.259,10.36,0.0685488226452662,0.00469894108605216
72.596,0.556,22.24,0.269153480392692,0.0724435960074991
72.615,0.207,8.28,0.0539510622515128,0.00291071711806661
72.635,0.466,18.64,0.177827941003892,0.0316227766016838
72.635,0.595,23.8,0.322106879128344,0.103752841581801
72.655,0.44,17.6,0.157761126969935,0.0248885731828239
72.655,0.569,22.76,0.285759054337495,0.0816582371358593
72.673,0.401,16.04,0.131825673855641,0.0173780082874938
72.693,0.569,22.76,0.285759054337495,0.0816582371358593
72.693,0.66,26.4,0.434510224171572,0.18879913490963
72.713,0.556,22.24,0.269153480392692,0.0724435960074991
72.732,0.647,25.88,0.409260659730011,0.167494287602644
72.732,0.686,27.44,0.489778819368447,0.239883291901949
72.752,0.634,25.36,0.385478357665772,0.148593564228701
72.752,0.686,27.44,0.489778819368447,0.239883291901949
72.771,0.699,27.96,0.519995996533516,0.270395836410885
72.789,0.673,26.92,0.46131757456038,0.212813904598272
72.789,0.686,27.44,0.489778819368447,0.239883291901949
72.809,0.712,28.48,0.552077439280758,0.304789498962799
72.827,0.712,28.48,0.552077439280758,0.304789498962799
72.827,0.699,27.96,0.519995996533516,0.270395836410885
72.847,0.634,25.36,0.385478357665772,0.148593564228701
72.847,0.699,27.96,0.519995996533516,0.270395836410885
72.865,0.647,25.88,0.409260659730011,0.167494287602644
72.884,0.544,21.76,0.254683025258504,0.064863443354824
72.884,0.673,26.92,0.46131757456038,0.212813904598272
72.902,0.582,23.28,0.303389118419427,0.0920449571753172
72.921,0.349,13.96,0.103752841581801,0.0107646521362984
72.921,0.621,24.84,0.363078054770102,0.131825673855641
72.94,0.44,17.6,0.157761126969935,0.0248885731828239
72.958,0.336,13.44,0.0977237220955811,0.00954992586021437
72.958,0.505,20.2,0.212813904598271,0.0452897579903621
72.977,0.569,22.76,0.285759054337495,0.0816582371358593
72.977,0.556,22.24,0.269153480392692,0.0724435960074991
72.997,0.22,8.8,0.057279603098583,0.00328095293113119
73.016,0.686,27.44,0.489778819368447,0.239883291901949
73.016,0.647,25.88,0.409260659730011,0.167494287602644
73.035,0.492,19.68,0.200447202736516,0.040179081084894
73.054,0.647,25.88,0.409260659730011,0.167494287602644
73.054,0.44,17.6,0.157761126969935,0.0248885731828239
73.073,0.621,24.84,0.363078054770102,0.131825673855641
73.073,0.699,27.96,0.519995996533516,0.270395836410885
73.091,0.608,24.32,0.341979442513709,0.116949939101987
73.11,0.699,27.96,0.519995996533516,0.270395836410885
73.11,0.725,29,0.586138164514029,0.343557947899875
73.132,0.686,27.44,0.489778819368447,0.239883291901949
73.132,0.725,29,0.586138164514029,0.343557947899875
73.153,0.738,29.52,0.62230028516916,0.387257644921618
73.174,0.725,29,0.586138164514029,0.343557947899875
73.174,0.738,29.52,0.62230028516916,0.387257644921618
73.193,0.725,29,0.586138164514029,0.343557947899875
73.193,0.751,30.04,0.660693448007596,0.436515832240167
73.212,0.751,30.04,0.660693448007596,0.436515832240167
73.23,0.699,27.96,0.519995996533516,0.270395836410885
73.23,0.738,29.52,0.62230028516916,0.387257644921618
73.249,0.699,27.96,0.519995996533516,0.270395836410885
73.268,0.608,24.32,0.341979442513709,0.116949939101987
73.268,0.725,29,0.586138164514029,0.343557947899875
73.287,0.647,25.88,0.409260659730011,0.167494287602644
73.287,0.466,18.64,0.177827941003892,0.0316227766016838
73.305,0.673,26.92,0.46131757456038,0.212813904598272
73.324,0.66,26.4,0.434510224171572,0.18879913490963
73.324,0.285,11.4,0.0772680585095703,0.00597035286583838
73.343,0.556,22.24,0.269153480392692,0.0724435960074991
73.361,0.155,6.2,0.0424619563946313,0.00180301774085957
73.361,0.569,22.76,0.285759054337495,0.0816582371358593
73.38,0.246,9.84,0.0645654229034656,0.00416869383470336
73.4,0.531,21.24,0.239883291901949,0.0575439937337158
73.4,0.686,27.44,0.489778819368447,0.239883291901949
73.419,0.492,19.68,0.200447202736516,0.040179081084894
73.419,0.673,26.92,0.46131757456038,0.212813904598272
73.437,0.414,16.56,0.139958732257262,0.0195884467350599
73.456,0.647,25.88,0.409260659730011,0.167494287602644
73.457,0.725,29,0.586138164514029,0.343557947899875
73.476,0.621,24.84,0.363078054770102,0.131825673855641
73.495,0.725,29,0.586138164514029,0.343557947899875
73.495,0.764,30.56,0.701455298419972,0.492039535681452
73.513,0.699,27.96,0.519995996533516,0.270395836410885
73.513,0.751,30.04,0.660693448007596,0.436515832240167
73.532,0.764,30.56,0.701455298419972,0.492039535681452
73.552,0.751,30.04,0.660693448007596,0.436515832240167
73.552,0.789,31.56,0.787045789695099,0.619441075076782
73.57,0.764,30.56,0.701455298419972,0.492039535681452
73.588,0.776,31.04,0.741310241300918,0.549540873857625
73.588,0.764,30.56,0.701455298419972,0.492039535681452
73.608,0.738,29.52,0.62230028516916,0.387257644921618
73.608,0.776,31.04,0.741310241300918,0.549540873857625
73.626,0.738,29.52,0.62230028516916,0.387257644921618
73.644,0.647,25.88,0.409260659730011,0.167494287602644
73.644,0.751,30.04,0.660693448007596,0.436515832240167
73.665,0.686,27.44,0.489778819368447,0.239883291901949
73.683,0.492,19.68,0.200447202736516,0.040179081084894
73.683,0.699,27.96,0.519995996533516,0.270395836410885
73.702,0.544,21.76,0.254683025258504,0.064863443354824
73.721,0.259,10.36,0.0685488226452662,0.00469894108605216
73.722,0.608,24.32,0.341979442513709,0.116949939101987
73.739,0.349,13.96,0.103752841581801,0.0107646521362984
73.739,0.569,22.76,0.285759054337495,0.0816582371358593
73.758,0.311,12.44,0.0870963589956081,0.00758577575029184
73.777,0.544,21.76,0.254683025258504,0.064863443354824
73.777,0.699,27.96,0.519995996533516,0.270395836410885
73.795,0.492,19.68,0.200447202736516,0.040179081084894
73.813,0.686,27.44,0.489778819368447,0.239883291901949
73.813,0.414,16.56,0.139958732257262,0.0195884467350599
73.831,0.66,26.4,0.434510224171572,0.18879913490963
73.849,0.751,30.04,0.660693448007596,0.436515832240167
73.849,0.634,25.36,0.385478357665772,0.148593564228701
73.867,0.738,29.52,0.62230028516916,0.387257644921618
73.884,0.776,31.04,0.741310241300918,0.549540873857625
73.884,0.725,29,0.586138164514029,0.343557947899875
73.903,0.776,31.04,0.741310241300918,0.549540873857625
73.92,0.802,32.08,0.835603018231248,0.698232404077172
73.92,0.764,30.56,0.701455298419972,0.492039535681452
73.938,0.789,31.56,0.787045789695099,0.619441075076782
73.956,0.789,31.56,0.787045789695099,0.619441075076782
73.956,0.802,32.08,0.835603018231248,0.698232404077172
73.975,0.789,31.56,0.787045789695099,0.619441075076782
73.993,0.751,30.04,0.660693448007596,0.436515832240167
73.993,0.802,32.08,0.835603018231248,0.698232404077172
74.015,0.764,30.56,0.701455298419972,0.492039535681452
74.015,0.686,27.44,0.489778819368447,0.239883291901949
74.035,0.776,31.04,0.741310241300918,0.549540873857625
74.056,0.712,28.48,0.552077439280758,0.304789498962799
74.056,0.544,21.76,0.254683025258504,0.064863443354824
74.075,0.725,29,0.586138164514029,0.343557947899875
74.075,0.608,24.32,0.341979442513709,0.116949939101987
74.094,0.155,6.2,0.0424619563946313,0.00180301774085957
74.114,0.634,25.36,0.385478357665772,0.148593564228701
74.114,0.259,10.36,0.0685488226452662,0.00469894108605216
74.133,0.582,23.28,0.303389118419427,0.0920449571753172
74.133,0.401,16.04,0.131825673855641,0.0173780082874938
74.157,0.518,20.72,0.225943577022098,0.0510504999975407
74.157,0.712,28.48,0.552077439280758,0.304789498962799
74.182,0.44,17.6,0.157761126969935,0.0248885731828239
74.182,0.686,27.44,0.489778819368447,0.239883291901949
74.209,0.336,13.44,0.0977237220955811,0.00954992586021437
74.21,0.66,26.4,0.434510224171572,0.18879913490963
74.231,0.764,30.56,0.701455298419972,0.492039535681452
74.231,0.634,25.36,0.385478357665772,0.148593564228701
74.252,0.751,30.04,0.660693448007596,0.436515832240167
74.252,0.789,31.56,0.787045789695099,0.619441075076782
74.274,0.725,29,0.586138164514029,0.343557947899875
74.296,0.789,31.56,0.787045789695099,0.619441075076782
74.296,0.815,32.6,0.887156012037961,0.787045789695099
74.316,0.789,31.56,0.787045789695099,0.619441075076782
74.316,0.815,32.6,0.887156012037961,0.787045789695099
74.335,0.802,32.08,0.835603018231248,0.698232404077172
74.335,0.828,33.12,0.941889596522842,0.887156012037962
74.359,0.815,32.6,0.887156012037961,0.787045789695099
74.359,0.776,31.04,0.741310241300918,0.549540873857625
74.384,0.815,32.6,0.887156012037961,0.787045789695099
74.384,0.789,31.56,0.787045789695099,0.619441075076782
74.405,0.712,28.48,0.552077439280758,0.304789498962799
74.406,0.789,31.56,0.787045789695099,0.619441075076782
74.426,0.738,29.52,0.62230028516916,0.387257644921618
74.447,0.582,23.28,0.303389118419427,0.0920449571753172
74.447,0.764,30.56,0.701455298419972,0.492039535681452
74.469,0.621,24.84,0.363078054770102,0.131825673855641
74.469,0.181,7.24,0.0478630092322639,0.00229086765276777
74.495,0.673,26.92,0.46131757456038,0.212813904598272
74.495,0.336,13.44,0.0977237220955811,0.00954992586021437
74.517,0.556,22.24,0.269153480392692,0.0724435960074991
74.517,0.466,18.64,0.177827941003892,0.0316227766016838
74.535,0.505,20.2,0.212813904598271,0.0452897579903621
74.554,0.699,27.96,0.519995996533516,0.270395836410885
74.554,0.414,16.56,0.139958732257262,0.0195884467350599
74.572,0.686,27.44,0.489778819368447,0.239883291901949
74.59,0.311,12.44,0.0870963589956081,0.00758577575029184
74.59,0.66,26.4,0.434510224171572,0.18879913490963
74.608,0.764,30.56,0.701455298419972,0.492039535681452
74.625,0.621,24.84,0.363078054770102,0.131825673855641
74.625,0.751,30.04,0.660693448007596,0.436515832240167
74.643,0.815,32.6,0.887156012037961,0.787045789695099
74.661,0.738,29.52,0.62230028516916,0.387257644921618
74.661,0.802,32.08,0.835603018231248,0.698232404077172
74.68,0.815,32.6,0.887156012037961,0.787045789695099
74.68,0.789,31.56,0.787045789695099,0.619441075076782
74.701,0.828,33.12,0.941889596522842,0.887156012037962
74.725,0.815,32.6,0.887156012037961,0.787045789695099
74.725,0.815,32.6,0.887156012037961,0.787045789695099
74.744,0.828,33.12,0.941889596522842,0.887156012037962
74.744,0.815,32.6,0.887156012037961,0.787045789695099
74.763,0.828,33.12,0.941889596522842,0.887156012037962
74.763,0.802,32.08,0.835603018231248,0.698232404077172
74.782,0.738,29.52,0.62230028516916,0.387257644921618
74.801,0.802,32.08,0.835603018231248,0.698232404077172
74.802,0.751,30.04,0.660693448007596,0.436515832240167
74.821,0.621,24.84,0.363078054770102,0.131825673855641
74.839,0.764,30.56,0.701455298419972,0.492039535681452
74.839,0.66,26.4,0.434510224171572,0.18879913490963
74.858,0.505,20.2,0.212813904598271,0.0452897579903621
74.875,0.686,27.44,0.489778819368447,0.239883291901949
74.876,0.414,16.56,0.139958732257262,0.0195884467350599
74.894,0.556,22.24,0.269153480392692,0.0724435960074991
74.912,0.518,20.72,0.225943577022098,0.0510504999975407
74.912,0.492,19.68,0.200447202736516,0.040179081084894
74.929,0.699,27.96,0.519995996533516,0.270395836410885
74.929,0.362,14.48,0.110153930954142,0.0121338885046498
74.947,0.673,26.92,0.46131757456038,0.212813904598272
74.965,0.569,22.76,0.285759054337495,0.0816582371358593
74.984,0.647,25.88,0.409260659730011,0.167494287602644
74.984,0.764,30.56,0.701455298419972,0.492039535681452
75.003,0.595,23.8,0.322106879128344,0.103752841581801
75.003,0.751,30.04,0.660693448007596,0.436515832240167
75.021,0.802,32.08,0.835603018231248,0.698232404077172
75.039,0.725,29,0.586138164514029,0.343557947899875
75.04,0.789,31.56,0.787045789695099,0.619441075076782
75.058,0.815,32.6,0.887156012037961,0.787045789695099
75.077,0.789,31.56,0.787045789695099,0.619441075076782
75.077,0.815,32.6,0.887156012037961,0.787045789695099
75.094,0.828,33.12,0.941889596522842,0.887156012037962
75.112,0.815,32.6,0.887156012037961,0.787045789695099
75.112,0.828,33.12,0.941889596522842,0.887156012037962
75.13,0.789,31.56,0.787045789695099,0.619441075076782
75.148,0.828,33.12,0.941889596522842,0.887156012037962
75.148,0.802,32.08,0.835603018231248,0.698232404077172
75.166,0.725,29,0.586138164514029,0.343557947899875
75.183,0.815,32.6,0.887156012037961,0.787045789695099
75.183,0.751,30.04,0.660693448007596,0.436515832240167
75.202,0.647,25.88,0.409260659730011,0.167494287602644
75.219,0.764,30.56,0.701455298419972,0.492039535681452
75.219,0.673,26.92,0.46131757456038,0.212813904598272
75.236,0.388,15.52,0.124165230759241,0.0154170045294956
75.255,0.699,27.96,0.519995996533516,0.270395836410885
75.255,0.479,19.16,0.188799134909629,0.0356451133426244
75.273,0.492,19.68,0.200447202736516,0.040179081084894
75.291,0.556,22.24,0.269153480392692,0.0724435960074991
75.291,0.414,16.56,0.139958732257262,0.0195884467350599
75.309,0.686,27.44,0.489778819368447,0.239883291901949
75.326,0.259,10.36,0.0685488226452662,0.00469894108605216
75.326,0.647,25.88,0.409260659730011,0.167494287602644
75.344,0.764,30.56,0.701455298419972,0.492039535681452
75.362,0.608,24.32,0.341979442513709,0.116949939101987
75.362,0.738,29.52,0.62230028516916,0.387257644921618
75.38,0.569,22.76,0.285759054337495,0.0816582371358593
75.398,0.725,29,0.586138164514029,0.343557947899875
75.398,0.802,32.08,0.835603018231248,0.698232404077172
75.417,0.712,28.48,0.552077439280758,0.304789498962799
75.434,0.776,31.04,0.741310241300918,0.549540873857625
75.434,0.815,32.6,0.887156012037961,0.787045789695099
75.453,0.776,31.04,0.741310241300918,0.549540873857625
75.47,0.815,32.6,0.887156012037961,0.787045789695099
75.47,0.815,32.6,0.887156012037961,0.787045789695099
75.489,0.802,32.08,0.835603018231248,0.698232404077172
75.505,0.815,32.6,0.887156012037961,0.787045789695099
75.505,0.789,31.56,0.787045789695099,0.619441075076782
75.524,0.815,32.6,0.887156012037961,0.787045789695099
75.542,0.802,32.08,0.835603018231248,0.698232404077172
75.542,0.738,29.52,0.62230028516916,0.387257644921618
75.56,0.815,32.6,0.887156012037961,0.787045789695099
75.578,0.751,30.04,0.660693448007596,0.436515832240167
75.578,0.647,25.88,0.409260659730011,0.167494287602644
75.595,0.764,30.56,0.701455298419972,0.492039535681452
75.613,0.673,26.92,0.46131757456038,0.212813904598272
75.613,0.414,16.56,0.139958732257262,0.0195884467350599
75.63,0.712,28.48,0.552077439280758,0.304789498962799
75.648,0.492,19.68,0.200447202736516,0.040179081084894
75.648,0.453,18.12,0.167494287602644,0.0280543363795172
75.666,0.569,22.76,0.285759054337495,0.0816582371358593
75.684,0.336,13.44,0.0977237220955811,0.00954992586021437
75.684,0.66,26.4,0.434510224171572,0.18879913490963
75.701,0.194,7.76,0.0508159442560561,0.0025822601906346
75.72,0.621,24.84,0.363078054770102,0.131825673855641
75.72,0.751,30.04,0.660693448007596,0.436515832240167
75.738,0.582,23.28,0.303389118419427,0.0920449571753172
75.755,0.738,29.52,0.62230028516916,0.387257644921618
75.755,0.531,21.24,0.239883291901949,0.0575439937337158
75.774,0.699,27.96,0.519995996533516,0.270395836410885
75.793,0.776,31.04,0.741310241300918,0.549540873857625
75.793,0.686,27.44,0.489778819368447,0.239883291901949
75.81,0.764,30.56,0.701455298419972,0.492039535681452
75.829,0.802,32.08,0.835603018231248,0.698232404077172
75.829,0.751,30.04,0.660693448007596,0.436515832240167
75.847,0.802,32.08,0.835603018231248,0.698232404077172
75.847,0.802,32.08,0.835603018231248,0.698232404077172
75.865,0.802,32.08,0.835603018231248,0.698232404077172
75.882,0.802,32.08,0.835603018231248,0.698232404077172
75.883,0.776,31.04,0.741310241300918,0.549540873857625
75.901,0.802,32.08,0.835603018231248,0.698232404077172
75.921,0.802,32.08,0.835603018231248,0.698232404077172
75.921,0.725,29,0.586138164514029,0.343557947899875
75.938,0.789,31.56,0.787045789695099,0.619441075076782
75.955,0.764,30.56,0.701455298419972,0.492039535681452
75.955,0.66,26.4,0.434510224171572,0.18879913490963
75.974,0.764,30.56,0.701455298419972,0.492039535681452
75.992,0.686,27.44,0.489778819368447,0.239883291901949
75.992,0.453,18.12,0.167494287602644,0.0280543363795172
76.01,0.699,27.96,0.519995996533516,0.270395836410885
76.028,0.531,21.24,0.239883291901949,0.0575439937337158
76.028,0.375,15,0.116949939101987,0.0136772882559585
76.046,0.582,23.28,0.303389118419427,0.0920449571753172
76.065,0.22,8.8,0.057279603098583,0.00328095293113119
76.065,0.621,24.84,0.363078054770102,0.131825673855641
76.083,0.246,9.84,0.0645654229034656,0.00416869383470336
76.101,0.595,23.8,0.322106879128344,0.103752841581801
76.101,0.725,29,0.586138164514029,0.343557947899875
76.12,0.531,21.24,0.239883291901949,0.0575439937337158
76.137,0.712,28.48,0.552077439280758,0.304789498962799
76.137,0.479,19.16,0.188799134909629,0.0356451133426244
76.155,0.686,27.44,0.489778819368447,0.239883291901949
76.173,0.764,30.56,0.701455298419972,0.492039535681452
76.174,0.66,26.4,0.434510224171572,0.18879913490963
76.192,0.751,30.04,0.660693448007596,0.436515832240167
76.192,0.789,31.56,0.787045789695099,0.619441075076782
76.21,0.725,29,0.586138164514029,0.343557947899875
76.229,0.776,31.04,0.741310241300918,0.549540873857625
76.229,0.789,31.56,0.787045789695099,0.619441075076782
76.249,0.776,31.04,0.741310241300918,0.549540873857625
76.267,0.789,31.56,0.787045789695099,0.619441075076782
76.267,0.764,30.56,0.701455298419972,0.492039535681452
76.287,0.789,31.56,0.787045789695099,0.619441075076782
76.305,0.776,31.04,0.741310241300918,0.549540873857625
76.305,0.725,29,0.586138164514029,0.343557947899875
76.329,0.789,31.56,0.787045789695099,0.619441075076782
76.329,0.738,29.52,0.62230028516916,0.387257644921618
76.351,0.634,25.36,0.385478357665772,0.148593564228701
76.351,0.738,29.52,0.62230028516916,0.387257644921618
76.371,0.66,26.4,0.434510224171572,0.18879913490963
76.371,0.466,18.64,0.177827941003892,0.0316227766016838
76.396,0.699,27.96,0.519995996533516,0.270395836410885
76.396,0.531,21.24,0.239883291901949,0.0575439937337158
76.422,0.298,11.92,0.0820351544329818,0.00672976656284318
76.422,0.582,23.28,0.303389118419427,0.0920449571753172
76.446,0.168,6.72,0.0450816704541461,0.00203235701093622
76.446,0.595,23.8,0.322106879128344,0.103752841581801
76.47,0.233,9.32,0.0608135001278718,0.00369828179780267
76.47,0.556,22.24,0.269153480392692,0.0724435960074991
76.495,0.699,27.96,0.519995996533516,0.270395836410885
76.495,0.505,20.2,0.212813904598271,0.0452897579903621
76.519,0.686,27.44,0.489778819368447,0.239883291901949
76.519,0.427,17.08,0.148593564228701,0.022080047330189
76.543,0.66,26.4,0.434510224171572,0.18879913490963
76.543,0.738,29.52,0.62230028516916,0.387257644921618
76.562,0.634,25.36,0.385478357665772,0.148593564228701
76.562,0.725,29,0.586138164514029,0.343557947899875
76.583,0.764,30.56,0.701455298419972,0.492039535681452
76.605,0.712,28.48,0.552077439280758,0.304789498962799
76.605,0.776,31.04,0.741310241300918,0.549540873857625
76.623,0.776,31.04,0.741310241300918,0.549540873857625
76.624,0.764,30.56,0.701455298419972,0.492039535681452
76.644,0.776,31.04,0.741310241300918,0.549540873857625
76.664,0.764,30.56,0.701455298419972,0.492039535681452
76.664,0.776,31.04,0.741310241300918,0.549540873857625
76.683,0.764,30.56,0.701455298419972,0.492039535681452
76.683,0.725,29,0.586138164514029,0.343557947899875
76.704,0.776,31.04,0.741310241300918,0.549540873857625
76.704,0.751,30.04,0.660693448007596,0.436515832240167
76.728,0.66,26.4,0.434510224171572,0.18879913490963
76.728,0.751,30.04,0.660693448007596,0.436515832240167
76.751,0.686,27.44,0.489778819368447,0.239883291901949
76.778,0.505,20.2,0.212813904598271,0.0452897579903621
76.778,0.699,27.96,0.519995996533516,0.270395836410885
76.778,0.569,22.76,0.285759054337495,0.0816582371358593
76.802,0.233,9.32,0.0608135001278718,0.00369828179780267
76.802,0.595,23.8,0.322106879128344,0.103752841581801
76.832,0.207,8.28,0.0539510622515128,0.00291071711806661
76.832,0.569,22.76,0.285759054337495,0.0816582371358593
76.853,0.336,13.44,0.0977237220955811,0.00954992586021437
76.853,0.518,20.72,0.225943577022098,0.0510504999975407
76.873,0.673,26.92,0.46131757456038,0.212813904598272
76.873,0.453,18.12,0.167494287602644,0.0280543363795172
76.893,0.66,26.4,0.434510224171572,0.18879913490963
76.914,0.621,24.84,0.363078054770102,0.131825673855641
76.914,0.634,25.36,0.385478357665772,0.148593564228701
76.935,0.738,29.52,0.62230028516916,0.387257644921618
76.935,0.595,23.8,0.322106879128344,0.103752841581801
76.955,0.712,28.48,0.552077439280758,0.304789498962799
76.955,0.764,30.56,0.701455298419972,0.492039535681452
76.976,0.699,27.96,0.519995996533516,0.270395836410885
76.995,0.764,30.56,0.701455298419972,0.492039535681452
76.995,0.776,31.04,0.741310241300918,0.549540873857625
77.013,0.751,30.04,0.660693448007596,0.436515832240167
77.032,0.764,30.56,0.701455298419972,0.492039535681452
77.032,0.764,30.56,0.701455298419972,0.492039535681452
77.05,0.751,30.04,0.660693448007596,0.436515832240167
77.05,0.751,30.04,0.660693448007596,0.436515832240167
77.07,0.725,29,0.586138164514029,0.343557947899875
77.09,0.776,31.04,0.741310241300918,0.549540873857625
77.09,0.738,29.52,0.62230028516916,0.387257644921618
77.108,0.66,26.4,0.434510224171572,0.18879913490963
77.127,0.751,30.04,0.660693448007596,0.436515832240167
77.127,0.686,27.44,0.489778819368447,0.239883291901949
77.145,0.531,21.24,0.239883291901949,0.0575439937337158
77.145,0.699,27.96,0.519995996533516,0.270395836410885
77.164,0.582,23.28,0.303389118419427,0.0920449571753172
77.182,0.168,6.72,0.0450816704541461,0.00203235701093622
77.182,0.608,24.32,0.341979442513709,0.116949939101987
77.2,0.246,9.84,0.0645654229034656,0.00416869383470336
77.219,0.634,25.36,0.385478357665772,0.148593564228701
77.219,0.388,15.52,0.124165230759241,0.0154170045294956
77.238,0.479,19.16,0.188799134909629,0.0356451133426244
77.256,0.66,26.4,0.434510224171572,0.18879913490963
77.256,0.388,15.52,0.124165230759241,0.0154170045294956
77.275,0.647,25.88,0.409260659730011,0.167494287602644
77.294,0.311,12.44,0.0870963589956081,0.00758577575029184
77.294,0.621,24.84,0.363078054770102,0.131825673855641
77.313,0.712,28.48,0.552077439280758,0.304789498962799
77.313,0.569,22.76,0.285759054337495,0.0816582371358593
77.331,0.699,27.96,0.519995996533516,0.270395836410885
77.349,0.751,30.04,0.660693448007596,0.436515832240167
77.349,0.673,26.92,0.46131757456038,0.212813904598272
77.368,0.738,29.52,0.62230028516916,0.387257644921618
77.387,0.751,30.04,0.660693448007596,0.436515832240167
77.388,0.725,29,0.586138164514029,0.343557947899875
77.406,0.751,30.04,0.660693448007596,0.436515832240167
77.424,0.764,30.56,0.701455298419972,0.492039535681452
77.424,0.751,30.04,0.660693448007596,0.436515832240167
77.443,0.764,30.56,0.701455298419972,0.492039535681452
77.443,0.725,29,0.586138164514029,0.343557947899875
77.461,0.764,30.56,0.701455298419972,0.492039535681452
77.479,0.738,29.52,0.62230028516916,0.387257644921618
77.479,0.66,26.4,0.434510224171572,0.18879913490963
77.498,0.751,30.04,0.660693448007596,0.436515832240167
77.516,0.686,27.44,0.489778819368447,0.239883291901949
77.516,0.544,21.76,0.254683025258504,0.064863443354824
77.535,0.699,27.96,0.519995996533516,0.270395836410885
77.553,0.582,23.28,0.303389118419427,0.0920449571753172
77.553,0.181,7.24,0.0478630092322639,0.00229086765276777
77.572,0.621,24.84,0.363078054770102,0.131825673855641
77.59,0.324,12.96,0.0924698173938223,0.00855066712884685
77.59,0.505,20.2,0.212813904598271,0.0452897579903621
77.608,0.401,16.04,0.131825673855641,0.0173780082874938
77.628,0.544,21.76,0.254683025258504,0.064863443354824
77.628,0.647,25.88,0.409260659730011,0.167494287602644
77.645,0.362,14.48,0.110153930954142,0.0121338885046498
77.645,0.608,24.32,0.341979442513709,0.116949939101987
77.664,0.207,8.28,0.0539510622515128,0.00291071711806661
77.682,0.582,23.28,0.303389118419427,0.0920449571753172
77.682,0.699,27.96,0.519995996533516,0.270395836410885
77.701,0.544,21.76,0.254683025258504,0.064863443354824
77.721,0.673,26.92,0.46131757456038,0.212813904598272
77.721,0.738,29.52,0.62230028516916,0.387257644921618
77.739,0.725,29,0.586138164514029,0.343557947899875
77.757,0.725,29,0.586138164514029,0.343557947899875
77.757,0.751,30.04,0.660693448007596,0.436515832240167
77.775,0.712,28.48,0.552077439280758,0.304789498962799
77.794,0.751,30.04,0.660693448007596,0.436515832240167
77.794,0.738,29.52,0.62230028516916,0.387257644921618
77.812,0.725,29,0.586138164514029,0.343557947899875
77.812,0.751,30.04,0.660693448007596,0.436515832240167
77.83,0.712,28.48,0.552077439280758,0.304789498962799
77.848,0.751,30.04,0.660693448007596,0.436515832240167
77.848,0.725,29,0.586138164514029,0.343557947899875
77.868,0.673,26.92,0.46131757456038,0.212813904598272
77.887,0.725,29,0.586138164514029,0.343557947899875
77.887,0.673,26.92,0.46131757456038,0.212813904598272
77.905,0.556,22.24,0.269153480392692,0.0724435960074991
77.925,0.699,27.96,0.519995996533516,0.270395836410885
77.925,0.634,25.36,0.385478357665772,0.148593564228701
77.943,0.246,9.84,0.0645654229034656,0.00416869383470336
77.943,0.595,23.8,0.322106879128344,0.103752841581801
77.963,0.349,13.96,0.103752841581801,0.0107646521362984
77.982,0.44,17.6,0.157761126969935,0.0248885731828239
77.982,0.427,17.08,0.148593564228701,0.022080047330189
78.001,0.349,13.96,0.103752841581801,0.0107646521362984
78.019,0.582,23.28,0.303389118419427,0.0920449571753172
78.019,0.233,9.32,0.0608135001278718,0.00369828179780267
78.041,0.531,21.24,0.239883291901949,0.0575439937337158
78.041,0.324,12.96,0.0924698173938223,0.00855066712884685
78.06,0.492,19.68,0.200447202736516,0.040179081084894
78.079,0.621,24.84,0.363078054770102,0.131825673855641
78.079,0.453,18.12,0.167494287602644,0.0280543363795172
78.097,0.608,24.32,0.341979442513709,0.116949939101987
78.115,0.686,27.44,0.489778819368447,0.239883291901949
78.115,0.595,23.8,0.322106879128344,0.103752841581801
78.133,0.673,26.92,0.46131757456038,0.212813904598272
78.151,0.725,29,0.586138164514029,0.343557947899875
78.151,0.686,27.44,0.489778819368447,0.239883291901949
78.17,0.725,29,0.586138164514029,0.343557947899875
78.17,0.725,29,0.586138164514029,0.343557947899875
78.188,0.725,29,0.586138164514029,0.343557947899875
78.206,0.738,29.52,0.62230028516916,0.387257644921618
78.206,0.712,28.48,0.552077439280758,0.304789498962799
78.223,0.738,29.52,0.62230028516916,0.387257644921618
78.242,0.712,28.48,0.552077439280758,0.304789498962799
78.242,0.66,26.4,0.434510224171572,0.18879913490963
78.258,0.712,28.48,0.552077439280758,0.304789498962799
78.276,0.673,26.92,0.46131757456038,0.212813904598272
78.276,0.544,21.76,0.254683025258504,0.064863443354824
78.296,0.673,26.92,0.46131757456038,0.212813904598272
78.314,0.582,23.28,0.303389118419427,0.0920449571753172
78.314,0.298,11.92,0.0820351544329818,0.00672976656284318
78.331,0.608,24.32,0.341979442513709,0.116949939101987
78.349,0.401,16.04,0.131825673855641,0.0173780082874938
78.349,0.401,16.04,0.131825673855641,0.0173780082874938
78.367,0.44,17.6,0.157761126969935,0.0248885731828239
78.385,0.324,12.96,0.0924698173938223,0.00855066712884685
78.385,0.582,23.28,0.303389118419427,0.0920449571753172
78.403,0.207,8.28,0.0539510622515128,0.00291071711806661
78.421,0.556,22.24,0.269153480392692,0.0724435960074991
78.421,0.673,26.92,0.46131757456038,0.212813904598272
78.439,0.518,20.72,0.225943577022098,0.0510504999975407
78.456,0.647,25.88,0.409260659730011,0.167494287602644
78.457,0.466,18.64,0.177827941003892,0.0316227766016838
78.474,0.634,25.36,0.385478357665772,0.148593564228701
78.492,0.699,27.96,0.519995996533516,0.270395836410885
78.492,0.608,24.32,0.341979442513709,0.116949939101987
78.51,0.673,26.92,0.46131757456038,0.212813904598272
78.528,0.712,28.48,0.552077439280758,0.304789498962799
78.528,0.686,27.44,0.489778819368447,0.239883291901949
78.546,0.712,28.48,0.552077439280758,0.304789498962799
78.564,0.712,28.48,0.552077439280758,0.304789498962799
78.564,0.712,28.48,0.552077439280758,0.304789498962799
78.582,0.725,29,0.586138164514029,0.343557947899875
78.599,0.699,27.96,0.519995996533516,0.270395836410885
78.599,0.725,29,0.586138164514029,0.343557947899875
78.618,0.712,28.48,0.552077439280758,0.304789498962799
78.636,0.673,26.92,0.46131757456038,0.212813904598272
78.636,0.725,29,0.586138164514029,0.343557947899875
78.654,0.673,26.92,0.46131757456038,0.212813904598272
78.671,0.569,22.76,0.285759054337495,0.0816582371358593
78.671,0.686,27.44,0.489778819368447,0.239883291901949
78.689,0.595,23.8,0.322106879128344,0.103752841581801
78.71,0.362,14.48,0.110153930954142,0.0121338885046498
78.71,0.621,24.84,0.363078054770102,0.131825673855641
78.728,0.44,17.6,0.157761126969935,0.0248885731828239
78.746,0.362,14.48,0.110153930954142,0.0121338885046498
78.746,0.479,19.16,0.188799134909629,0.0356451133426244
78.766,0.246,9.84,0.0645654229034656,0.00416869383470336
78.766,0.556,22.24,0.269153480392692,0.0724435960074991
78.783,0.168,6.72,0.0450816704541461,0.00203235701093622
78.8,0.518,20.72,0.225943577022098,0.0510504999975407
78.8,0.66,26.4,0.434510224171572,0.18879913490963
78.819,0.479,19.16,0.188799134909629,0.0356451133426244
78.837,0.634,25.36,0.385478357665772,0.148593564228701
78.837,0.414,16.56,0.139958732257262,0.0195884467350599
78.855,0.634,25.36,0.385478357665772,0.148593564228701
78.873,0.699,27.96,0.519995996533516,0.270395836410885
78.873,0.582,23.28,0.303389118419427,0.0920449571753172
78.89,0.699,27.96,0.519995996533516,0.270395836410885
78.908,0.725,29,0.586138164514029,0.343557947899875
78.908,0.673,26.92,0.46131757456038,0.212813904598272
78.926,0.738,29.52,0.62230028516916,0.387257644921618
78.945,0.738,29.52,0.62230028516916,0.387257644921618
78.945,0.712,28.48,0.552077439280758,0.304789498962799
78.963,0.725,29,0.586138164514029,0.343557947899875
78.98,0.712,28.48,0.552077439280758,0.304789498962799
78.98,0.725,29,0.586138164514029,0.343557947899875
78.997,0.712,28.48,0.552077439280758,0.304789498962799
79.016,0.66,26.4,0.434510224171572,0.18879913490963
79.016,0.712,28.48,0.552077439280758,0.304789498962799
79.033,0.686,27.44,0.489778819368447,0.239883291901949
79.051,0.569,22.76,0.285759054337495,0.0816582371358593
79.051,0.699,27.96,0.519995996533516,0.270395836410885
79.068,0.595,23.8,0.322106879128344,0.103752841581801
79.086,0.388,15.52,0.124165230759241,0.0154170045294956
79.086,0.621,24.84,0.363078054770102,0.131825673855641
79.105,0.466,18.64,0.177827941003892,0.0316227766016838
79.123,0.298,11.92,0.0820351544329818,0.00672976656284318
79.123,0.505,20.2,0.212813904598271,0.0452897579903621
79.14,0.194,7.76,0.0508159442560561,0.0025822601906346
79.158,0.544,21.76,0.254683025258504,0.064863443354824
79.158,0.194,7.76,0.0508159442560561,0.0025822601906346
79.175,0.518,20.72,0.225943577022098,0.0510504999975407
79.194,0.647,25.88,0.409260659730011,0.167494287602644
79.194,0.466,18.64,0.177827941003892,0.0316227766016838
79.212,0.621,24.84,0.363078054770102,0.131825673855641
79.23,0.401,16.04,0.131825673855641,0.0173780082874938
79.23,0.608,24.32,0.341979442513709,0.116949939101987
79.247,0.686,27.44,0.489778819368447,0.239883291901949
79.265,0.582,23.28,0.303389118419427,0.0920449571753172
79.265,0.673,26.92,0.46131757456038,0.212813904598272
79.284,0.725,29,0.586138164514029,0.343557947899875
79.301,0.673,26.92,0.46131757456038,0.212813904598272
79.301,0.712,28.48,0.552077439280758,0.304789498962799
79.32,0.725,29,0.586138164514029,0.343557947899875
79.337,0.712,28.48,0.552077439280758,0.304789498962799
79.338,0.725,29,0.586138164514029,0.343557947899875
79.355,0.712,28.48,0.552077439280758,0.304789498962799
79.373,0.712,28.48,0.552077439280758,0.304789498962799
79.373,0.712,28.48,0.552077439280758,0.304789498962799
79.391,0.673,26.92,0.46131757456038,0.212813904598272
79.41,0.712,28.48,0.552077439280758,0.304789498962799
79.41,0.686,27.44,0.489778819368447,0.239883291901949
79.427,0.608,24.32,0.341979442513709,0.116949939101987
79.445,0.699,27.96,0.519995996533516,0.270395836410885
79.445,0.621,24.84,0.363078054770102,0.131825673855641
79.462,0.427,17.08,0.148593564228701,0.022080047330189
79.48,0.634,25.36,0.385478357665772,0.148593564228701
79.481,0.479,19.16,0.188799134909629,0.0356451133426244
79.498,0.246,9.84,0.0645654229034656,0.00416869383470336
79.517,0.531,21.24,0.239883291901949,0.0575439937337158
79.517,0.168,6.72,0.0450816704541461,0.00203235701093622
79.534,0.531,21.24,0.239883291901949,0.0575439937337158
79.552,0.246,9.84,0.0645654229034656,0.00416869383470336
79.552,0.492,19.68,0.200447202736516,0.040179081084894
79.57,0.647,25.88,0.409260659730011,0.167494287602644
79.588,0.427,17.08,0.148593564228701,0.022080047330189
79.588,0.608,24.32,0.341979442513709,0.116949939101987
79.607,0.324,12.96,0.0924698173938223,0.00855066712884685
79.625,0.595,23.8,0.322106879128344,0.103752841581801
79.625,0.686,27.44,0.489778819368447,0.239883291901949
79.644,0.569,22.76,0.285759054337495,0.0816582371358593
79.662,0.673,26.92,0.46131757456038,0.212813904598272
79.662,0.725,29,0.586138164514029,0.343557947899875
79.68,0.66,26.4,0.434510224171572,0.18879913490963
79.697,0.725,29,0.586138164514029,0.343557947899875
79.697,0.725,29,0.586138164514029,0.343557947899875
79.716,0.712,28.48,0.552077439280758,0.304789498962799
79.733,0.738,29.52,0.62230028516916,0.387257644921618
79.733,0.712,28.48,0.552077439280758,0.304789498962799
79.751,0.725,29,0.586138164514029,0.343557947899875
79.771,0.725,29,0.586138164514029,0.343557947899875
79.771,0.673,26.92,0.46131757456038,0.212813904598272
79.788,0.725,29,0.586138164514029,0.343557947899875
79.805,0.686,27.44,0.489778819368447,0.239883291901949
79.806,0.608,24.32,0.341979442513709,0.116949939101987
79.824,0.699,27.96,0.519995996533516,0.270395836410885
79.841,0.634,25.36,0.385478357665772,0.148593564228701
79.841,0.466,18.64,0.177827941003892,0.0316227766016838
79.859,0.647,25.88,0.409260659730011,0.167494287602644
79.876,0.544,21.76,0.254683025258504,0.064863443354824
79.876,0.453,18.12,0.167494287602644,0.0280543363795172
79.895,0.556,22.24,0.269153480392692,0.0724435960074991
79.913,0.207,8.28,0.0539510622515128,0.00291071711806661
79.913,0.505,20.2,0.212813904598271,0.0452897579903621
79.933,0.311,12.44,0.0870963589956081,0.00758577575029184
79.934,0.44,17.6,0.157761126969935,0.0248885731828239
79.951,0.621,24.84,0.363078054770102,0.131825673855641
79.969,0.388,15.52,0.124165230759241,0.0154170045294956
79.969,0.608,24.32,0.341979442513709,0.116949939101987
79.987,0.311,12.44,0.0870963589956081,0.00758577575029184
80.004,0.582,23.28,0.303389118419427,0.0920449571753172
80.004,0.673,26.92,0.46131757456038,0.212813904598272
80.022,0.556,22.24,0.269153480392692,0.0724435960074991
80.04,0.673,26.92,0.46131757456038,0.212813904598272
80.04,0.725,29,0.586138164514029,0.343557947899875
80.058,0.647,25.88,0.409260659730011,0.167494287602644
80.076,0.725,29,0.586138164514029,0.343557947899875
80.076,0.725,29,0.586138164514029,0.343557947899875
80.093,0.699,27.96,0.519995996533516,0.270395836410885
80.11,0.712,28.48,0.552077439280758,0.304789498962799
80.11,0.712,28.48,0.552077439280758,0.304789498962799
80.128,0.712,28.48,0.552077439280758,0.304789498962799
80.146,0.725,29,0.586138164514029,0.343557947899875
80.146,0.686,27.44,0.489778819368447,0.239883291901949
80.164,0.725,29,0.586138164514029,0.343557947899875
80.182,0.699,27.96,0.519995996533516,0.270395836410885
80.182,0.621,24.84,0.363078054770102,0.131825673855641
80.2,0.699,27.96,0.519995996533516,0.270395836410885
80.217,0.647,25.88,0.409260659730011,0.167494287602644
80.217,0.492,19.68,0.200447202736516,0.040179081084894
80.236,0.66,26.4,0.434510224171572,0.18879913490963
80.253,0.531,21.24,0.239883291901949,0.0575439937337158
80.27,0.155,6.2,0.0424619563946313,0.00180301774085957
80.27,0.569,22.76,0.285759054337495,0.0816582371358593
80.288,0.479,19.16,0.188799134909629,0.0356451133426244
80.307,0.492,19.68,0.200447202736516,0.040179081084894
80.307,0.362,14.48,0.110153930954142,0.0121338885046498
80.325,0.427,17.08,0.148593564228701,0.022080047330189
80.325,0.608,24.32,0.341979442513709,0.116949939101987
80.343,0.336,13.44,0.0977237220955811,0.00954992586021437
80.361,0.582,23.28,0.303389118419427,0.0920449571753172
80.361,0.22,8.8,0.057279603098583,0.00328095293113119
80.379,0.582,23.28,0.303389118419427,0.0920449571753172
80.396,0.673,26.92,0.46131757456038,0.212813904598272
80.396,0.518,20.72,0.225943577022098,0.0510504999975407
80.414,0.647,25.88,0.409260659730011,0.167494287602644
80.432,0.712,28.48,0.552077439280758,0.304789498962799
80.432,0.634,25.36,0.385478357665772,0.148593564228701
80.45,0.699,27.96,0.519995996533516,0.270395836410885
80.47,0.712,28.48,0.552077439280758,0.304789498962799
80.47,0.699,27.96,0.519995996533516,0.270395836410885
80.487,0.712,28.48,0.552077439280758,0.304789498962799
80.504,0.712,28.48,0.552077439280758,0.304789498962799
80.504,0.725,29,0.586138164514029,0.343557947899875
80.522,0.725,29,0.586138164514029,0.343557947899875
80.541,0.686,27.44,0.489778819368447,0.239883291901949
80.541,0.725,29,0.586138164514029,0.343557947899875
80.558,0.686,27.44,0.489778819368447,0.239883291901949
80.576,0.621,24.84,0.363078054770102,0.131825673855641
80.576,0.699,27.96,0.519995996533516,0.270395836410885
80.593,0.66,26.4,0.434510224171572,0.18879913490963
80.612,0.518,20.72,0.225943577022098,0.0510504999975407
80.612,0.66,26.4,0.434510224171572,0.18879913490963
80.631,0.556,22.24,0.269153480392692,0.0724435960074991
80.649,0.194,7.76,0.0508159442560561,0.0025822601906346
80.65,0.595,23.8,0.322106879128344,0.103752841581801
80.668,0.544,21.76,0.254683025258504,0.064863443354824
80.684,0.427,17.08,0.148593564228701,0.022080047330189
80.685,0.414,16.56,0.139958732257262,0.0195884467350599
80.703,0.362,14.48,0.110153930954142,0.0121338885046498
80.72,0.608,24.32,0.341979442513709,0.116949939101987
80.72,0.285,11.4,0.0772680585095703,0.00597035286583838
80.738,0.556,22.24,0.269153480392692,0.0724435960074991
80.757,0.505,20.2,0.212813904598271,0.0452897579903621
80.757,0.531,21.24,0.239883291901949,0.0575439937337158
80.774,0.66,26.4,0.434510224171572,0.18879913490963
80.793,0.518,20.72,0.225943577022098,0.0510504999975407
80.793,0.647,25.88,0.409260659730011,0.167494287602644
80.811,0.699,27.96,0.519995996533516,0.270395836410885
80.829,0.621,24.84,0.363078054770102,0.131825673855641
80.829,0.699,27.96,0.519995996533516,0.270395836410885
80.846,0.725,29,0.586138164514029,0.343557947899875
80.864,0.686,27.44,0.489778819368447,0.239883291901949
80.864,0.712,28.48,0.552077439280758,0.304789498962799
80.883,0.712,28.48,0.552077439280758,0.304789498962799
80.901,0.725,29,0.586138164514029,0.343557947899875
80.901,0.712,28.48,0.552077439280758,0.304789498962799
80.919,0.699,27.96,0.519995996533516,0.270395836410885
80.936,0.725,29,0.586138164514029,0.343557947899875
80.936,0.712,28.48,0.552077439280758,0.304789498962799
80.954,0.647,25.88,0.409260659730011,0.167494287602644
80.971,0.699,27.96,0.519995996533516,0.270395836410885
80.971,0.647,25.88,0.409260659730011,0.167494287602644
80.988,0.531,21.24,0.239883291901949,0.0575439937337158
81.006,0.673,26.92,0.46131757456038,0.212813904598272
81.006,0.569,22.76,0.285759054337495,0.0816582371358593
81.025,0.272,10.88,0.0727779804536825,0.00529663443891659
81.042,0.608,24.32,0.341979442513709,0.116949939101987
81.042,0.349,13.96,0.103752841581801,0.0107646521362984
81.059,0.427,17.08,0.148593564228701,0.022080047330189
81.077,0.44,17.6,0.157761126969935,0.0248885731828239
81.077,0.336,13.44,0.0977237220955811,0.00954992586021437
81.095,0.582,23.28,0.303389118419427,0.0920449571753172
81.112,0.22,8.8,0.057279603098583,0.00328095293113119
81.112,0.556,22.24,0.269153480392692,0.0724435960074991
81.13,0.66,26.4,0.434510224171572,0.18879913490963
81.147,0.518,20.72,0.225943577022098,0.0510504999975407
81.148,0.647,25.88,0.409260659730011,0.167494287602644
81.165,0.479,19.16,0.188799134909629,0.0356451133426244
81.183,0.634,25.36,0.385478357665772,0.148593564228701
81.183,0.699,27.96,0.519995996533516,0.270395836410885
81.201,0.621,24.84,0.363078054770102,0.131825673855641
81.22,0.686,27.44,0.489778819368447,0.239883291901949
81.22,0.738,29.52,0.62230028516916,0.387257644921618
81.239,0.686,27.44,0.489778819368447,0.239883291901949
81.256,0.725,29,0.586138164514029,0.343557947899875
81.256,0.712,28.48,0.552077439280758,0.304789498962799
81.273,0.712,28.48,0.552077439280758,0.304789498962799
81.291,0.725,29,0.586138164514029,0.343557947899875
81.291,0.712,28.48,0.552077439280758,0.304789498962799
81.309,0.725,29,0.586138164514029,0.343557947899875
81.329,0.699,27.96,0.519995996533516,0.270395836410885
81.329,0.647,25.88,0.409260659730011,0.167494287602644
81.348,0.725,29,0.586138164514029,0.343557947899875
81.368,0.673,26.92,0.46131757456038,0.212813904598272
81.368,0.556,22.24,0.269153480392692,0.0724435960074991
81.386,0.673,26.92,0.46131757456038,0.212813904598272
81.386,0.595,23.8,0.322106879128344,0.103752841581801
81.405,0.479,19.16,0.188799134909629,0.0356451133426244
81.424,0.608,24.32,0.341979442513709,0.116949939101987
81.424,0.427,17.08,0.148593564228701,0.022080047330189
81.443,0.375,15,0.116949939101987,0.0136772882559585
81.463,0.479,19.16,0.188799134909629,0.0356451133426244
81.463,0.259,10.36,0.0685488226452662,0.00469894108605216
81.481,0.569,22.76,0.285759054337495,0.0816582371358593
81.481,0.194,7.76,0.0508159442560561,0.0025822601906346
81.499,0.531,21.24,0.239883291901949,0.0575439937337158
81.516,0.66,26.4,0.434510224171572,0.18879913490963
81.516,0.479,19.16,0.188799134909629,0.0356451133426244
81.535,0.647,25.88,0.409260659730011,0.167494287602644
81.553,0.44,17.6,0.157761126969935,0.0248885731828239
81.553,0.621,24.84,0.363078054770102,0.131825673855641
81.57,0.699,27.96,0.519995996533516,0.270395836410885
81.589,0.595,23.8,0.322106879128344,0.103752841581801
81.589,0.686,27.44,0.489778819368447,0.239883291901949
81.607,0.725,29,0.586138164514029,0.343557947899875
81.624,0.686,27.44,0.489778819368447,0.239883291901949
81.624,0.712,28.48,0.552077439280758,0.304789498962799
81.642,0.725,29,0.586138164514029,0.343557947899875
81.66,0.712,28.48,0.552077439280758,0.304789498962799
81.66,0.725,29,0.586138164514029,0.343557947899875
81.678,0.712,28.48,0.552077439280758,0.304789498962799
81.695,0.725,29,0.586138164514029,0.343557947899875
81.695,0.712,28.48,0.552077439280758,0.304789498962799
81.713,0.647,25.88,0.409260659730011,0.167494287602644
81.731,0.712,28.48,0.552077439280758,0.304789498962799
81.731,0.673,26.92,0.46131757456038,0.212813904598272
81.748,0.569,22.76,0.285759054337495,0.0816582371358593
81.767,0.686,27.44,0.489778819368447,0.239883291901949
81.767,0.595,23.8,0.322106879128344,0.103752841581801
81.787,0.375,15,0.116949939101987,0.0136772882559585
81.806,0.621,24.84,0.363078054770102,0.131825673855641
81.806,0.453,18.12,0.167494287602644,0.0280543363795172
81.824,0.324,12.96,0.0924698173938223,0.00855066712884685
81.842,0.505,20.2,0.212813904598271,0.0452897579903621
81.842,0.22,8.8,0.057279603098583,0.00328095293113119
81.86,0.556,22.24,0.269153480392692,0.0724435960074991
81.877,0.181,7.24,0.0478630092322639,0.00229086765276777
81.878,0.518,20.72,0.225943577022098,0.0510504999975407
81.899,0.647,25.88,0.409260659730011,0.167494287602644
81.899,0.466,18.64,0.177827941003892,0.0316227766016838
81.917,0.634,25.36,0.385478357665772,0.148593564228701
81.937,0.414,16.56,0.139958732257262,0.0195884467350599
81.937,0.621,24.84,0.363078054770102,0.131825673855641
81.956,0.686,27.44,0.489778819368447,0.239883291901949
81.956,0.595,23.8,0.322106879128344,0.103752841581801
81.976,0.686,27.44,0.489778819368447,0.239883291901949
81.997,0.712,28.48,0.552077439280758,0.304789498962799
81.997,0.673,26.92,0.46131757456038,0.212813904598272
82.017,0.712,28.48,0.552077439280758,0.304789498962799
82.017,0.725,29,0.586138164514029,0.343557947899875
82.037,0.699,27.96,0.519995996533516,0.270395836410885
82.055,0.725,29,0.586138164514029,0.343557947899875
82.056,0.712,28.48,0.552077439280758,0.304789498962799
82.074,0.725,29,0.586138164514029,0.343557947899875
82.091,0.712,28.48,0.552077439280758,0.304789498962799
82.091,0.66,26.4,0.434510224171572,0.18879913490963
82.109,0.712,28.48,0.552077439280758,0.304789498962799
82.127,0.686,27.44,0.489778819368447,0.239883291901949
82.127,0.595,23.8,0.322106879128344,0.103752841581801
82.146,0.699,27.96,0.519995996533516,0.270395836410885
82.165,0.608,24.32,0.341979442513709,0.116949939101987
82.165,0.414,16.56,0.139958732257262,0.0195884467350599
82.183,0.608,24.32,0.341979442513709,0.116949939101987
82.183,0.492,19.68,0.200447202736516,0.040179081084894
82.201,0.259,10.36,0.0685488226452662,0.00469894108605216
82.22,0.518,20.72,0.225943577022098,0.0510504999975407
82.22,0.194,7.76,0.0508159442560561,0.0025822601906346
82.239,0.544,21.76,0.254683025258504,0.064863443354824
82.258,0.233,9.32,0.0608135001278718,0.00369828179780267
82.259,0.492,19.68,0.200447202736516,0.040179081084894
82.278,0.647,25.88,0.409260659730011,0.167494287602644
82.294,0.453,18.12,0.167494287602644,0.0280543363795172
82.294,0.621,24.84,0.363078054770102,0.131825673855641
82.313,0.375,15,0.116949939101987,0.0136772882559585
82.331,0.595,23.8,0.322106879128344,0.103752841581801
82.331,0.686,27.44,0.489778819368447,0.239883291901949
82.348,0.569,22.76,0.285759054337495,0.0816582371358593
82.369,0.673,26.92,0.46131757456038,0.212813904598272
82.369,0.725,29,0.586138164514029,0.343557947899875
82.387,0.66,26.4,0.434510224171572,0.18879913490963
82.387,0.712,28.48,0.552077439280758,0.304789498962799
82.404,0.725,29,0.586138164514029,0.343557947899875
82.421,0.699,27.96,0.519995996533516,0.270395836410885
82.421,0.712,28.48,0.552077439280758,0.304789498962799
82.44,0.712,28.48,0.552077439280758,0.304789498962799
82.458,0.725,29,0.586138164514029,0.343557947899875
82.458,0.712,28.48,0.552077439280758,0.304789498962799
82.475,0.673,26.92,0.46131757456038,0.212813904598272
82.493,0.725,29,0.586138164514029,0.343557947899875
82.493,0.686,27.44,0.489778819368447,0.239883291901949
82.511,0.608,24.32,0.341979442513709,0.116949939101987
82.53,0.699,27.96,0.519995996533516,0.270395836410885
82.53,0.608,24.32,0.341979442513709,0.116949939101987
82.549,0.44,17.6,0.157761126969935,0.0248885731828239
82.568,0.647,25.88,0.409260659730011,0.167494287602644
82.568,0.505,20.2,0.212813904598271,0.0452897579903621
82.586,0.181,7.24,0.0478630092322639,0.00229086765276777
82.605,0.531,21.24,0.239883291901949,0.0575439937337158
82.605,0.168,6.72,0.0450816704541461,0.00203235701093622
82.623,0.518,20.72,0.225943577022098,0.0510504999975407
82.623,0.272,10.88,0.0727779804536825,0.00529663443891659
82.642,0.466,18.64,0.177827941003892,0.0316227766016838
82.661,0.634,25.36,0.385478357665772,0.148593564228701
82.661,0.401,16.04,0.131825673855641,0.0173780082874938
82.682,0.608,24.32,0.341979442513709,0.116949939101987
82.701,0.311,12.44,0.0870963589956081,0.00758577575029184
82.701,0.582,23.28,0.303389118419427,0.0920449571753172
82.72,0.673,26.92,0.46131757456038,0.212813904598272
82.72,0.544,21.76,0.254683025258504,0.064863443354824
82.738,0.66,26.4,0.434510224171572,0.18879913490963
82.756,0.712,28.48,0.552077439280758,0.304789498962799
82.757,0.647,25.88,0.409260659730011,0.167494287602644
82.775,0.699,27.96,0.519995996533516,0.270395836410885
82.793,0.725,29,0.586138164514029,0.343557947899875
82.794,0.699,27.96,0.519995996533516,0.270395836410885
82.813,0.725,29,0.586138164514029,0.343557947899875
82.813,0.712,28.48,0.552077439280758,0.304789498962799
82.833,0.725,29,0.586138164514029,0.343557947899875
82.853,0.725,29,0.586138164514029,0.343557947899875
82.853,0.686,27.44,0.489778819368447,0.239883291901949
82.872,0.712,28.48,0.552077439280758,0.304789498962799
82.89,0.699,27.96,0.519995996533516,0.270395836410885
82.89,0.608,24.32,0.341979442513709,0.116949939101987
82.909,0.699,27.96,0.519995996533516,0.270395836410885
82.909,0.634,25.36,0.385478357665772,0.148593564228701
82.928,0.492,19.68,0.200447202736516,0.040179081084894
82.947,0.66,26.4,0.434510224171572,0.18879913490963
82.947,0.544,21.76,0.254683025258504,0.064863443354824
82.967,0.155,6.2,0.0424619563946313,0.00180301774085957
82.985,0.582,23.28,0.303389118419427,0.0920449571753172
82.985,0.246,9.84,0.0645654229034656,0.00416869383470336
83.004,0.505,20.2,0.212813904598271,0.0452897579903621
83.023,0.324,12.96,0.0924698173938223,0.00855066712884685
83.024,0.44,17.6,0.157761126969935,0.0248885731828239
83.042,0.621,24.84,0.363078054770102,0.131825673855641
83.042,0.362,14.48,0.110153930954142,0.0121338885046498
83.06,0.595,23.8,0.322106879128344,0.103752841581801
83.078,0.246,9.84,0.0645654229034656,0.00416869383470336
83.079,0.569,22.76,0.285759054337495,0.0816582371358593
83.097,0.673,26.92,0.46131757456038,0.212813904598272
83.115,0.531,21.24,0.239883291901949,0.0575439937337158
83.115,0.66,26.4,0.434510224171572,0.18879913490963
83.133,0.712,28.48,0.552077439280758,0.304789498962799
83.151,0.634,25.36,0.385478357665772,0.148593564228701
83.151,0.699,27.96,0.519995996533516,0.270395836410885
83.169,0.725,29,0.586138164514029,0.343557947899875
83.188,0.699,27.96,0.519995996533516,0.270395836410885
83.188,0.725,29,0.586138164514029,0.343557947899875
83.206,0.712,28.48,0.552077439280758,0.304789498962799
83.223,0.725,29,0.586138164514029,0.343557947899875
83.223,0.725,29,0.586138164514029,0.343557947899875
83.241,0.673,26.92,0.46131757456038,0.212813904598272
83.259,0.725,29,0.586138164514029,0.343557947899875
83.259,0.699,27.96,0.519995996533516,0.270395836410885
83.276,0.621,24.84,0.363078054770102,0.131825673855641
83.293,0.699,27.96,0.519995996533516,0.270395836410885
83.293,0.647,25.88,0.409260659730011,0.167494287602644
83.311,0.505,20.2,0.212813904598271,0.0452897579903621
83.33,0.66,26.4,0.434510224171572,0.18879913490963
83.33,0.544,21.76,0.254683025258504,0.064863443354824
83.348,0.207,8.28,0.0539510622515128,0.00291071711806661
83.367,0.569,22.76,0.285759054337495,0.0816582371358593
83.367,0.311,12.44,0.0870963589956081,0.00758577575029184
83.385,0.453,18.12,0.167494287602644,0.0280543363795172
83.402,0.388,15.52,0.124165230759241,0.0154170045294956
83.402,0.375,15,0.116949939101987,0.0136772882559585
83.42,0.608,24.32,0.341979442513709,0.116949939101987
83.438,0.285,11.4,0.0772680585095703,0.00597035286583838
83.438,0.582,23.28,0.303389118419427,0.0920449571753172
83.458,0.414,16.56,0.139958732257262,0.0195884467350599
83.458,0.556,22.24,0.269153480392692,0.0724435960074991
83.475,0.673,26.92,0.46131757456038,0.212813904598272
83.494,0.505,20.2,0.212813904598271,0.0452897579903621
83.494,0.66,26.4,0.434510224171572,0.18879913490963
83.512,0.712,28.48,0.552077439280758,0.304789498962799
83.53,0.621,24.84,0.363078054770102,0.131825673855641
83.53,0.699,27.96,0.519995996533516,0.270395836410885
83.547,0.712,28.48,0.552077439280758,0.304789498962799
83.565,0.686,27.44,0.489778819368447,0.239883291901949
83.565,0.725,29,0.586138164514029,0.343557947899875
83.583,0.725,29,0.586138164514029,0.343557947899875
83.6,0.725,29,0.586138164514029,0.343557947899875
83.6,0.738,29.52,0.62230028516916,0.387257644921618
83.618,0.699,27.96,0.519995996533516,0.270395836410885
83.637,0.725,29,0.586138164514029,0.343557947899875
83.637,0.699,27.96,0.519995996533516,0.270395836410885
83.655,0.647,25.88,0.409260659730011,0.167494287602644
83.673,0.712,28.48,0.552077439280758,0.304789498962799
83.673,0.647,25.88,0.409260659730011,0.167494287602644
83.69,0.531,21.24,0.239883291901949,0.0575439937337158
83.709,0.673,26.92,0.46131757456038,0.212813904598272
83.709,0.556,22.24,0.269153480392692,0.0724435960074991
83.73,0.259,10.36,0.0685488226452662,0.00469894108605216
83.754,0.595,23.8,0.322106879128344,0.103752841581801
83.754,0.349,13.96,0.103752841581801,0.0107646521362984
83.775,0.44,17.6,0.157761126969935,0.0248885731828239
83.775,0.582,23.28,0.303389118419427,0.0920449571753172
83.795,0.362,14.48,0.110153930954142,0.0121338885046498
83.795,0.595,23.8,0.322106879128344,0.103752841581801
83.815,0.259,10.36,0.0685488226452662,0.00469894108605216
83.815,0.569,22.76,0.285759054337495,0.0816582371358593
83.836,0.401,16.04,0.131825673855641,0.0173780082874938
83.856,0.531,21.24,0.239883291901949,0.0575439937337158
83.856,0.66,26.4,0.434510224171572,0.18879913490963
83.876,0.479,19.16,0.188799134909629,0.0356451133426244
83.876,0.647,25.88,0.409260659730011,0.167494287602644
83.899,0.699,27.96,0.519995996533516,0.270395836410885
83.899,0.621,24.84,0.363078054770102,0.131825673855641
83.921,0.699,27.96,0.519995996533516,0.270395836410885
83.921,0.725,29,0.586138164514029,0.343557947899875
83.943,0.699,27.96,0.519995996533516,0.270395836410885
83.964,0.712,28.48,0.552077439280758,0.304789498962799
83.964,0.725,29,0.586138164514029,0.343557947899875
83.984,0.712,28.48,0.552077439280758,0.304789498962799
83.984,0.725,29,0.586138164514029,0.343557947899875
84.004,0.699,27.96,0.519995996533516,0.270395836410885
84.026,0.738,29.52,0.62230028516916,0.387257644921618
84.026,0.712,28.48,0.552077439280758,0.304789498962799
84.046,0.66,26.4,0.434510224171572,0.18879913490963
84.046,0.712,28.48,0.552077439280758,0.304789498962799
84.068,0.66,26.4,0.434510224171572,0.18879913490963
84.068,0.556,22.24,0.269153480392692,0.0724435960074991
84.094,0.686,27.44,0.489778819368447,0.239883291901949
84.094,0.582,23.28,0.303389118419427,0.0920449571753172
84.118,0.285,11.4,0.0772680585095703,0.00597035286583838
84.118,0.608,24.32,0.341979442513709,0.116949939101987
84.138,0.414,16.56,0.139958732257262,0.0195884467350599
84.138,0.388,15.52,0.124165230759241,0.0154170045294956
84.159,0.466,18.64,0.177827941003892,0.0316227766016838
84.159,0.272,10.88,0.0727779804536825,0.00529663443891659
84.18,0.569,22.76,0.285759054337495,0.0816582371358593
84.201,0.194,7.76,0.0508159442560561,0.0025822601906346
84.201,0.556,22.24,0.269153480392692,0.0724435960074991
84.219,0.66,26.4,0.434510224171572,0.18879913490963
84.236,0.505,20.2,0.212813904598271,0.0452897579903621
84.236,0.647,25.88,0.409260659730011,0.167494287602644
84.253,0.466,18.64,0.177827941003892,0.0316227766016838
84.271,0.634,25.36,0.385478357665772,0.148593564228701
84.271,0.686,27.44,0.489778819368447,0.239883291901949
84.29,0.608,24.32,0.341979442513709,0.116949939101987
84.308,0.686,27.44,0.489778819368447,0.239883291901949
84.308,0.725,29,0.586138164514029,0.343557947899875
84.325,0.673,26.92,0.46131757456038,0.212813904598272
84.343,0.712,28.48,0.552077439280758,0.304789498962799
84.343,0.725,29,0.586138164514029,0.343557947899875
84.36,0.712,28.48,0.552077439280758,0.304789498962799
84.379,0.725,29,0.586138164514029,0.343557947899875
84.379,0.699,27.96,0.519995996533516,0.270395836410885
84.397,0.725,29,0.586138164514029,0.343557947899875
84.415,0.712,28.48,0.552077439280758,0.304789498962799
84.415,0.647,25.88,0.409260659730011,0.167494287602644
84.433,0.712,28.48,0.552077439280758,0.304789498962799
84.451,0.673,26.92,0.46131757456038,0.212813904598272
84.451,0.569,22.76,0.285759054337495,0.0816582371358593
84.469,0.686,27.44,0.489778819368447,0.239883291901949
84.486,0.608,24.32,0.341979442513709,0.116949939101987
84.486,0.518,20.72,0.225943577022098,0.0510504999975407
84.504,0.621,24.84,0.363078054770102,0.131825673855641
84.523,0.44,17.6,0.157761126969935,0.0248885731828239
84.523,0.336,13.44,0.0977237220955811,0.00954992586021437
84.54,0.492,19.68,0.200447202736516,0.040179081084894
84.558,0.246,9.84,0.0645654229034656,0.00416869383470336
84.558,0.556,22.24,0.269153480392692,0.0724435960074991
84.576,0.181,7.24,0.0478630092322639,0.00229086765276777
84.593,0.531,21.24,0.239883291901949,0.0575439937337158
84.593,0.66,26.4,0.434510224171572,0.18879913490963
84.611,0.492,19.68,0.200447202736516,0.040179081084894
84.629,0.634,25.36,0.385478357665772,0.148593564228701
84.629,0.414,16.56,0.139958732257262,0.0195884467350599
84.647,0.621,24.84,0.363078054770102,0.131825673855641
84.664,0.686,27.44,0.489778819368447,0.239883291901949
84.664,0.595,23.8,0.322106879128344,0.103752841581801
84.682,0.673,26.92,0.46131757456038,0.212813904598272
84.7,0.712,28.48,0.552077439280758,0.304789498962799
84.7,0.66,26.4,0.434510224171572,0.18879913490963
84.72,0.712,28.48,0.552077439280758,0.304789498962799
84.72,0.725,29,0.586138164514029,0.343557947899875
84.739,0.699,27.96,0.519995996533516,0.270395836410885
84.758,0.725,29,0.586138164514029,0.343557947899875
84.758,0.712,28.48,0.552077439280758,0.304789498962799
84.776,0.725,29,0.586138164514029,0.343557947899875
84.794,0.712,28.48,0.552077439280758,0.304789498962799
84.794,0.673,26.92,0.46131757456038,0.212813904598272
84.814,0.712,28.48,0.552077439280758,0.304789498962799
84.832,0.673,26.92,0.46131757456038,0.212813904598272
84.832,0.582,23.28,0.303389118419427,0.0920449571753172
84.852,0.699,27.96,0.519995996533516,0.270395836410885
84.852,0.621,24.84,0.363078054770102,0.131825673855641
84.87,0.401,16.04,0.131825673855641,0.0173780082874938
84.888,0.621,24.84,0.363078054770102,0.131825673855641
84.888,0.492,19.68,0.200447202736516,0.040179081084894
84.904,0.298,11.92,0.0820351544329818,0.00672976656284318
84.923,0.492,19.68,0.200447202736516,0.040179081084894
84.923,0.194,7.76,0.0508159442560561,0.0025822601906346
84.941,0.544,21.76,0.254683025258504,0.064863443354824
84.959,0.194,7.76,0.0508159442560561,0.0025822601906346
84.959,0.505,20.2,0.212813904598271,0.0452897579903621
84.977,0.634,25.36,0.385478357665772,0.148593564228701
84.995,0.44,17.6,0.157761126969935,0.0248885731828239
84.995,0.634,25.36,0.385478357665772,0.148593564228701
85.013,0.375,15,0.116949939101987,0.0136772882559585
85.03,0.608,24.32,0.341979442513709,0.116949939101987
85.03,0.699,27.96,0.519995996533516,0.270395836410885
85.048,0.582,23.28,0.303389118419427,0.0920449571753172
85.067,0.673,26.92,0.46131757456038,0.212813904598272
85.067,0.725,29,0.586138164514029,0.343557947899875
85.085,0.673,26.92,0.46131757456038,0.212813904598272
85.101,0.712,28.48,0.552077439280758,0.304789498962799
85.101,0.712,28.48,0.552077439280758,0.304789498962799
85.119,0.699,27.96,0.519995996533516,0.270395836410885
85.136,0.725,29,0.586138164514029,0.343557947899875
85.136,0.712,28.48,0.552077439280758,0.304789498962799
85.154,0.725,29,0.586138164514029,0.343557947899875
85.172,0.712,28.48,0.552077439280758,0.304789498962799
85.172,0.673,26.92,0.46131757456038,0.212813904598272
85.191,0.712,28.48,0.552077439280758,0.304789498962799
85.209,0.673,26.92,0.46131757456038,0.212813904598272
85.209,0.595,23.8,0.322106879128344,0.103752841581801
85.226,0.699,27.96,0.519995996533516,0.270395836410885
85.243,0.634,25.36,0.385478357665772,0.148593564228701
85.243,0.453,18.12,0.167494287602644,0.0280543363795172
85.262,0.647,25.88,0.409260659730011,0.167494287602644
85.28,0.505,20.2,0.212813904598271,0.0452897579903621
85.28,0.194,7.76,0.0508159442560561,0.0025822601906346
85.297,0.621,24.84,0.363078054770102,0.131825673855641
85.315,0.466,18.64,0.177827941003892,0.0316227766016838
85.332,0.518,20.72,0.225943577022098,0.0510504999975407
85.332,0.233,9.32,0.0608135001278718,0.00369828179780267
85.349,0.466,18.64,0.177827941003892,0.0316227766016838
85.367,0.634,25.36,0.385478357665772,0.148593564228701
85.367,0.492,19.68,0.200447202736516,0.040179081084894
85.385,0.621,24.84,0.363078054770102,0.131825673855641
85.403,0.349,13.96,0.103752841581801,0.0107646521362984
85.404,0.582,23.28,0.303389118419427,0.0920449571753172
85.421,0.686,27.44,0.489778819368447,0.239883291901949
85.439,0.556,22.24,0.269153480392692,0.0724435960074991
85.439,0.66,26.4,0.434510224171572,0.18879913490963
85.457,0.712,28.48,0.552077439280758,0.304789498962799
85.475,0.647,25.88,0.409260659730011,0.167494287602644
85.476,0.712,28.48,0.552077439280758,0.304789498962799
85.493,0.738,29.52,0.62230028516916,0.387257644921618
85.493,0.699,27.96,0.519995996533516,0.270395836410885
85.511,0.725,29,0.586138164514029,0.343557947899875
85.529,0.725,29,0.586138164514029,0.343557947899875
85.529,0.725,29,0.586138164514029,0.343557947899875
85.548,0.725,29,0.586138164514029,0.343557947899875
85.565,0.686,27.44,0.489778819368447,0.239883291901949
85.565,0.725,29,0.586138164514029,0.343557947899875
85.583,0.699,27.96,0.519995996533516,0.270395836410885
85.602,0.608,24.32,0.341979442513709,0.116949939101987
85.602,0.699,27.96,0.519995996533516,0.270395836410885
85.62,0.634,25.36,0.385478357665772,0.148593564228701
85.636,0.479,19.16,0.188799134909629,0.0356451133426244
85.638,0.647,25.88,0.409260659730011,0.167494287602644
85.655,0.518,20.72,0.225943577022098,0.0510504999975407
85.673,0.194,7.76,0.0508159442560561,0.0025822601906346
85.673,0.569,22.76,0.285759054337495,0.0816582371358593
85.691,0.22,8.8,0.057279603098583,0.00328095293113119
85.708,0.492,19.68,0.200447202736516,0.040179081084894
85.708,0.375,15,0.116949939101987,0.0136772882559585
85.727,0.453,18.12,0.167494287602644,0.0280543363795172
85.746,0.621,24.84,0.363078054770102,0.131825673855641
85.746,0.388,15.52,0.124165230759241,0.0154170045294956
85.763,0.608,24.32,0.341979442513709,0.116949939101987
85.782,0.285,11.4,0.0772680585095703,0.00597035286583838
85.782,0.582,23.28,0.303389118419427,0.0920449571753172
85.801,0.673,26.92,0.46131757456038,0.212813904598272
85.82,0.544,21.76,0.254683025258504,0.064863443354824
85.82,0.66,26.4,0.434510224171572,0.18879913490963
85.837,0.712,28.48,0.552077439280758,0.304789498962799
85.855,0.66,26.4,0.434510224171572,0.18879913490963
85.855,0.712,28.48,0.552077439280758,0.304789498962799
85.873,0.725,29,0.586138164514029,0.343557947899875
85.893,0.699,27.96,0.519995996533516,0.270395836410885
85.893,0.725,29,0.586138164514029,0.343557947899875
85.911,0.712,28.48,0.552077439280758,0.304789498962799
85.911,0.725,29,0.586138164514029,0.343557947899875
85.93,0.725,29,0.586138164514029,0.343557947899875
85.947,0.686,27.44,0.489778819368447,0.239883291901949
85.947,0.725,29,0.586138164514029,0.343557947899875
85.964,0.699,27.96,0.519995996533516,0.270395836410885
85.982,0.621,24.84,0.363078054770102,0.131825673855641
85.982,0.699,27.96,0.519995996533516,0.270395836410885
86,0.647,25.88,0.409260659730011,0.167494287602644
86.017,0.505,20.2,0.212813904598271,0.0452897579903621
86.035,0.647,25.88,0.409260659730011,0.167494287602644
86.036,0.531,21.24,0.239883291901949,0.0575439937337158
86.053,0.168,6.72,0.0450816704541461,0.00203235701093622
86.07,0.569,22.76,0.285759054337495,0.0816582371358593
86.07,0.285,11.4,0.0772680585095703,0.00597035286583838
86.088,0.479,19.16,0.188799134909629,0.0356451133426244
86.105,0.388,15.52,0.124165230759241,0.0154170045294956
86.105,0.388,15.52,0.124165230759241,0.0154170045294956
86.124,0.634,25.36,0.385478357665772,0.148593564228701
86.142,0.298,11.92,0.0820351544329818,0.00672976656284318
86.142,0.595,23.8,0.322106879128344,0.103752841581801
86.16,0.22,8.8,0.057279603098583,0.00328095293113119
86.177,0.556,22.24,0.269153480392692,0.0724435960074991
86.177,0.66,26.4,0.434510224171572,0.18879913490963
86.194,0.518,20.72,0.225943577022098,0.0510504999975407
86.211,0.66,26.4,0.434510224171572,0.18879913490963
86.212,0.725,29,0.586138164514029,0.343557947899875
86.229,0.725,29,0.586138164514029,0.343557947899875
86.247,0.712,28.48,0.552077439280758,0.304789498962799
86.247,0.725,29,0.586138164514029,0.343557947899875
86.265,0.699,27.96,0.519995996533516,0.270395836410885
86.283,0.738,29.52,0.62230028516916,0.387257644921618
86.283,0.725,29,0.586138164514029,0.343557947899875
86.301,0.725,29,0.586138164514029,0.343557947899875
86.318,0.738,29.52,0.62230028516916,0.387257644921618
86.318,0.699,27.96,0.519995996533516,0.270395836410885
86.336,0.738,29.52,0.62230028516916,0.387257644921618
86.354,0.712,28.48,0.552077439280758,0.304789498962799
86.354,0.634,25.36,0.385478357665772,0.148593564228701
86.372,0.712,28.48,0.552077439280758,0.304789498962799
86.39,0.66,26.4,0.434510224171572,0.18879913490963
86.39,0.518,20.72,0.225943577022098,0.0510504999975407
86.409,0.673,26.92,0.46131757456038,0.212813904598272
86.426,0.556,22.24,0.269153480392692,0.0724435960074991
86.426,0.207,8.28,0.0539510622515128,0.00291071711806661
86.445,0.608,24.32,0.341979442513709,0.116949939101987
86.462,0.324,12.96,0.0924698173938223,0.00855066712884685
86.462,0.44,17.6,0.157761126969935,0.0248885731828239
86.483,0.427,17.08,0.148593564228701,0.022080047330189
86.483,0.375,15,0.116949939101987,0.0136772882559585
86.5,0.608,24.32,0.341979442513709,0.116949939101987
86.518,0.259,10.36,0.0685488226452662,0.00469894108605216
86.518,0.569,22.76,0.285759054337495,0.0816582371358593
86.536,0.207,8.28,0.0539510622515128,0.00291071711806661
86.554,0.544,21.76,0.254683025258504,0.064863443354824
86.554,0.66,26.4,0.434510224171572,0.18879913490963
86.572,0.492,19.68,0.200447202736516,0.040179081084894
86.591,0.647,25.88,0.409260659730011,0.167494287602644
86.591,0.699,27.96,0.519995996533516,0.270395836410885
86.608,0.621,24.84,0.363078054770102,0.131825673855641
86.627,0.699,27.96,0.519995996533516,0.270395836410885
86.627,0.712,28.48,0.552077439280758,0.304789498962799
86.644,0.686,27.44,0.489778819368447,0.239883291901949
86.661,0.712,28.48,0.552077439280758,0.304789498962799
86.661,0.725,29,0.586138164514029,0.343557947899875
86.678,0.712,28.48,0.552077439280758,0.304789498962799
86.697,0.725,29,0.586138164514029,0.343557947899875
86.697,0.712,28.48,0.552077439280758,0.304789498962799
86.715,0.725,29,0.586138164514029,0.343557947899875
86.733,0.712,28.48,0.552077439280758,0.304789498962799
86.733,0.647,25.88,0.409260659730011,0.167494287602644
86.75,0.712,28.48,0.552077439280758,0.304789498962799
86.767,0.673,26.92,0.46131757456038,0.212813904598272
86.784,0.556,22.24,0.269153480392692,0.0724435960074991
86.784,0.686,27.44,0.489778819368447,0.239883291901949
86.803,0.582,23.28,0.303389118419427,0.0920449571753172
86.803,0.298,11.92,0.0820351544329818,0.00672976656284318
86.821,0.608,24.32,0.341979442513709,0.116949939101987
86.838,0.738,29.52,0.62230028516916,0.387257644921618
86.856,0.401,16.04,0.131825673855641,0.0173780082874938
86.856,0.466,18.64,0.177827941003892,0.0316227766016838
86.874,0.298,11.92,0.0820351544329818,0.00672976656284318
86.893,0.595,23.8,0.322106879128344,0.103752841581801
86.893,0.181,7.24,0.0478630092322639,0.00229086765276777
86.91,0.569,22.76,0.285759054337495,0.0816582371358593
86.927,0.673,26.92,0.46131757456038,0.212813904598272
86.927,0.531,21.24,0.239883291901949,0.0575439937337158
86.945,0.712,28.48,0.552077439280758,0.304789498962799
86.964,0.466,18.64,0.177827941003892,0.0316227766016838
86.964,0.634,25.36,0.385478357665772,0.148593564228701
86.98,0.699,27.96,0.519995996533516,0.270395836410885
86.998,0.608,24.32,0.341979442513709,0.116949939101987
86.998,0.686,27.44,0.489778819368447,0.239883291901949
87.017,0.738,29.52,0.62230028516916,0.387257644921618
87.034,0.673,26.92,0.46131757456038,0.212813904598272
87.034,0.725,29,0.586138164514029,0.343557947899875
87.051,0.725,29,0.586138164514029,0.343557947899875
87.071,0.712,28.48,0.552077439280758,0.304789498962799
87.071,0.725,29,0.586138164514029,0.343557947899875
87.088,0.712,28.48,0.552077439280758,0.304789498962799
87.106,0.738,29.52,0.62230028516916,0.387257644921618
87.106,0.712,28.48,0.552077439280758,0.304789498962799
87.123,0.673,26.92,0.46131757456038,0.212813904598272
87.14,0.712,28.48,0.552077439280758,0.304789498962799
87.14,0.673,26.92,0.46131757456038,0.212813904598272
87.158,0.569,22.76,0.285759054337495,0.0816582371358593
87.176,0.686,27.44,0.489778819368447,0.239883291901949
87.176,0.608,24.32,0.341979442513709,0.116949939101987
87.193,0.375,15,0.116949939101987,0.0136772882559585
87.212,0.621,24.84,0.363078054770102,0.131825673855641
87.212,0.44,17.6,0.157761126969935,0.0248885731828239
87.23,0.349,13.96,0.103752841581801,0.0107646521362984
87.247,0.492,19.68,0.200447202736516,0.040179081084894
87.247,0.259,10.36,0.0685488226452662,0.00469894108605216
87.266,0.569,22.76,0.285759054337495,0.0816582371358593
87.284,0.181,7.24,0.0478630092322639,0.00229086765276777
87.284,0.544,21.76,0.254683025258504,0.064863443354824
87.303,0.66,26.4,0.434510224171572,0.18879913490963
87.322,0.492,19.68,0.200447202736516,0.040179081084894
87.322,0.647,25.88,0.409260659730011,0.167494287602644
87.34,0.44,17.6,0.157761126969935,0.0248885731828239
87.34,0.634,25.36,0.385478357665772,0.148593564228701
87.359,0.699,27.96,0.519995996533516,0.270395836410885
87.378,0.595,23.8,0.322106879128344,0.103752841581801
87.378,0.673,26.92,0.46131757456038,0.212813904598272
87.397,0.725,29,0.586138164514029,0.343557947899875
87.415,0.673,26.92,0.46131757456038,0.212813904598272
87.415,0.712,28.48,0.552077439280758,0.304789498962799
87.436,0.725,29,0.586138164514029,0.343557947899875
87.436,0.712,28.48,0.552077439280758,0.304789498962799
87.454,0.725,29,0.586138164514029,0.343557947899875
87.473,0.712,28.48,0.552077439280758,0.304789498962799
87.473,0.738,29.52,0.62230028516916,0.387257644921618
87.492,0.725,29,0.586138164514029,0.343557947899875
87.51,0.673,26.92,0.46131757456038,0.212813904598272
87.51,0.725,29,0.586138164514029,0.343557947899875
87.529,0.686,27.44,0.489778819368447,0.239883291901949
87.547,0.595,23.8,0.322106879128344,0.103752841581801
87.547,0.789,31.56,0.787045789695099,0.619441075076782
87.566,0.621,24.84,0.363078054770102,0.131825673855641
87.566,0.401,16.04,0.131825673855641,0.0173780082874938
87.585,0.634,25.36,0.385478357665772,0.148593564228701
87.604,0.44,17.6,0.157761126969935,0.0248885731828239
87.604,0.427,17.08,0.148593564228701,0.022080047330189
87.623,0.518,20.72,0.225943577022098,0.0510504999975407
87.641,0.168,6.72,0.0450816704541461,0.00203235701093622
87.641,0.544,21.76,0.254683025258504,0.064863443354824
87.662,0.22,8.8,0.057279603098583,0.00328095293113119
87.662,0.673,26.92,0.46131757456038,0.212813904598272
87.68,0.66,26.4,0.434510224171572,0.18879913490963
87.7,0.453,18.12,0.167494287602644,0.0280543363795172
87.7,0.634,25.36,0.385478357665772,0.148593564228701
87.718,0.388,15.52,0.124165230759241,0.0154170045294956
87.735,0.621,24.84,0.363078054770102,0.131825673855641
87.735,0.686,27.44,0.489778819368447,0.239883291901949
87.754,0.582,23.28,0.303389118419427,0.0920449571753172
87.773,0.686,27.44,0.489778819368447,0.239883291901949
87.773,0.712,28.48,0.552077439280758,0.304789498962799
87.79,0.66,26.4,0.434510224171572,0.18879913490963
87.809,0.725,29,0.586138164514029,0.343557947899875
87.809,0.738,29.52,0.62230028516916,0.387257644921618
87.827,0.725,29,0.586138164514029,0.343557947899875
87.845,0.725,29,0.586138164514029,0.343557947899875
87.845,0.712,28.48,0.552077439280758,0.304789498962799
87.864,0.738,29.52,0.62230028516916,0.387257644921618
87.864,0.725,29,0.586138164514029,0.343557947899875
87.884,0.673,26.92,0.46131757456038,0.212813904598272
87.903,0.725,29,0.586138164514029,0.343557947899875
87.903,0.673,26.92,0.46131757456038,0.212813904598272
87.921,0.595,23.8,0.322106879128344,0.103752841581801
87.939,0.686,27.44,0.489778819368447,0.239883291901949
87.939,0.621,24.84,0.363078054770102,0.131825673855641
87.957,0.44,17.6,0.157761126969935,0.0248885731828239
87.975,0.647,25.88,0.409260659730011,0.167494287602644
87.975,0.492,19.68,0.200447202736516,0.040179081084894
87.993,0.181,7.24,0.0478630092322639,0.00229086765276777
88.014,0.531,21.24,0.239883291901949,0.0575439937337158
88.014,0.142,5.68,0.0399944749761098,0.00159955802861467
88.031,0.518,20.72,0.225943577022098,0.0510504999975407
88.031,0.246,9.84,0.0645654229034656,0.00416869383470336
88.05,0.492,19.68,0.200447202736516,0.040179081084894
88.067,0.647,25.88,0.409260659730011,0.167494287602644
88.067,0.427,17.08,0.148593564228701,0.022080047330189
88.085,0.621,24.84,0.363078054770102,0.131825673855641
88.103,0.349,13.96,0.103752841581801,0.0107646521362984
88.103,0.582,23.28,0.303389118419427,0.0920449571753172
88.122,0.686,27.44,0.489778819368447,0.239883291901949
88.14,0.556,22.24,0.269153480392692,0.0724435960074991
88.14,0.66,26.4,0.434510224171572,0.18879913490963
88.158,0.725,29,0.586138164514029,0.343557947899875
88.176,0.66,26.4,0.434510224171572,0.18879913490963
88.176,0.712,28.48,0.552077439280758,0.304789498962799
88.194,0.725,29,0.586138164514029,0.343557947899875
88.213,0.699,27.96,0.519995996533516,0.270395836410885
88.213,0.725,29,0.586138164514029,0.343557947899875
88.232,0.699,27.96,0.519995996533516,0.270395836410885
88.25,0.725,29,0.586138164514029,0.343557947899875
88.25,0.725,29,0.586138164514029,0.343557947899875
88.268,0.673,26.92,0.46131757456038,0.212813904598272
88.286,0.738,29.52,0.62230028516916,0.387257644921618
88.286,0.699,27.96,0.519995996533516,0.270395836410885
88.304,0.634,25.36,0.385478357665772,0.148593564228701
88.304,0.712,28.48,0.552077439280758,0.304789498962799
88.324,0.634,25.36,0.385478357665772,0.148593564228701
88.342,0.466,18.64,0.177827941003892,0.0316227766016838
88.342,0.647,25.88,0.409260659730011,0.167494287602644
88.359,0.518,20.72,0.225943577022098,0.0510504999975407
88.376,0.181,7.24,0.0478630092322639,0.00229086765276777
88.376,0.595,23.8,0.322106879128344,0.103752841581801
88.394,0.181,7.24,0.0478630092322639,0.00229086765276777
88.413,0.518,20.72,0.225943577022098,0.0510504999975407
88.413,0.324,12.96,0.0924698173938223,0.00855066712884685
88.431,0.479,19.16,0.188799134909629,0.0356451133426244
88.449,0.634,25.36,0.385478357665772,0.148593564228701
88.449,0.414,16.56,0.139958732257262,0.0195884467350599
88.467,0.608,24.32,0.341979442513709,0.116949939101987
88.485,0.311,12.44,0.0870963589956081,0.00758577575029184
88.485,0.582,23.28,0.303389118419427,0.0920449571753172
88.503,0.673,26.92,0.46131757456038,0.212813904598272
88.521,0.556,22.24,0.269153480392692,0.0724435960074991
88.521,0.673,26.92,0.46131757456038,0.212813904598272
88.54,0.725,29,0.586138164514029,0.343557947899875
88.559,0.66,26.4,0.434510224171572,0.18879913490963
88.559,0.712,28.48,0.552077439280758,0.304789498962799
88.576,0.725,29,0.586138164514029,0.343557947899875
88.595,0.699,27.96,0.519995996533516,0.270395836410885
88.595,0.738,29.52,0.62230028516916,0.387257644921618
88.612,0.725,29,0.586138164514029,0.343557947899875
88.629,0.738,29.52,0.62230028516916,0.387257644921618
88.63,0.725,29,0.586138164514029,0.343557947899875
88.648,0.686,27.44,0.489778819368447,0.239883291901949
88.666,0.738,29.52,0.62230028516916,0.387257644921618
88.666,0.699,27.96,0.519995996533516,0.270395836410885
88.685,0.712,28.48,0.552077439280758,0.304789498962799
88.685,0.712,28.48,0.552077439280758,0.304789498962799
88.703,0.634,25.36,0.385478357665772,0.148593564228701
88.722,0.492,19.68,0.200447202736516,0.040179081084894
88.722,0.66,26.4,0.434510224171572,0.18879913490963
88.741,0.531,21.24,0.239883291901949,0.0575439937337158
88.759,0.155,6.2,0.0424619563946313,0.00180301774085957
88.759,0.569,22.76,0.285759054337495,0.0816582371358593
88.778,0.259,10.36,0.0685488226452662,0.00469894108605216
88.798,0.479,19.16,0.188799134909629,0.0356451133426244
88.798,0.375,15,0.116949939101987,0.0136772882559585
88.815,0.414,16.56,0.139958732257262,0.0195884467350599
88.834,0.621,24.84,0.363078054770102,0.131825673855641
88.834,0.336,13.44,0.0977237220955811,0.00954992586021437
88.852,0.595,23.8,0.322106879128344,0.103752841581801
88.852,0.246,9.84,0.0645654229034656,0.00416869383470336
88.87,0.569,22.76,0.285759054337495,0.0816582371358593
88.887,0.673,26.92,0.46131757456038,0.212813904598272
88.907,0.531,21.24,0.239883291901949,0.0575439937337158
88.907,0.673,26.92,0.46131757456038,0.212813904598272
88.925,0.712,28.48,0.552077439280758,0.304789498962799
88.925,0.647,25.88,0.409260659730011,0.167494287602644
88.944,0.699,27.96,0.519995996533516,0.270395836410885
88.961,0.738,29.52,0.62230028516916,0.387257644921618
88.961,0.699,27.96,0.519995996533516,0.270395836410885
88.979,0.738,29.52,0.62230028516916,0.387257644921618
88.998,0.725,29,0.586138164514029,0.343557947899875
88.998,0.725,29,0.586138164514029,0.343557947899875
89.016,0.725,29,0.586138164514029,0.343557947899875
89.034,0.699,27.96,0.519995996533516,0.270395836410885
89.034,0.738,29.52,0.62230028516916,0.387257644921618
89.052,0.712,28.48,0.552077439280758,0.304789498962799
89.07,0.634,25.36,0.385478357665772,0.148593564228701
89.07,0.725,29,0.586138164514029,0.343557947899875
89.089,0.647,25.88,0.409260659730011,0.167494287602644
89.108,0.505,20.2,0.212813904598271,0.0452897579903621
89.108,0.673,26.92,0.46131757456038,0.212813904598272
89.125,0.556,22.24,0.269153480392692,0.0724435960074991
89.126,0.194,7.76,0.0508159442560561,0.0025822601906346
89.146,0.595,23.8,0.322106879128344,0.103752841581801
89.164,0.285,11.4,0.0772680585095703,0.00597035286583838
89.164,0.479,19.16,0.188799134909629,0.0356451133426244
89.184,0.401,16.04,0.131825673855641,0.0173780082874938
89.202,0.401,16.04,0.131825673855641,0.0173780082874938
89.202,0.608,24.32,0.341979442513709,0.116949939101987
89.221,0.298,11.92,0.0820351544329818,0.00672976656284318
89.221,0.582,23.28,0.303389118419427,0.0920449571753172
89.241,0.181,7.24,0.0478630092322639,0.00229086765276777
89.26,0.556,22.24,0.269153480392692,0.0724435960074991
89.26,0.673,26.92,0.46131757456038,0.212813904598272
89.279,0.505,20.2,0.212813904598271,0.0452897579903621
89.3,0.66,26.4,0.434510224171572,0.18879913490963
89.3,0.712,28.48,0.552077439280758,0.304789498962799
89.318,0.634,25.36,0.385478357665772,0.148593564228701
89.318,0.712,28.48,0.552077439280758,0.304789498962799
89.337,0.738,29.52,0.62230028516916,0.387257644921618
89.354,0.686,27.44,0.489778819368447,0.239883291901949
89.354,0.725,29,0.586138164514029,0.343557947899875
89.372,0.725,29,0.586138164514029,0.343557947899875
89.391,0.725,29,0.586138164514029,0.343557947899875
89.391,0.725,29,0.586138164514029,0.343557947899875
89.408,0.712,28.48,0.552077439280758,0.304789498962799
89.427,0.738,29.52,0.62230028516916,0.387257644921618
89.427,0.712,28.48,0.552077439280758,0.304789498962799
89.445,0.647,25.88,0.409260659730011,0.167494287602644
89.463,0.712,28.48,0.552077439280758,0.304789498962799
89.463,0.66,26.4,0.434510224171572,0.18879913490963
89.481,0.544,21.76,0.254683025258504,0.064863443354824
89.5,0.686,27.44,0.489778819368447,0.239883291901949
89.5,0.582,23.28,0.303389118419427,0.0920449571753172
89.518,0.285,11.4,0.0772680585095703,0.00597035286583838
89.536,0.608,24.32,0.341979442513709,0.116949939101987
89.536,0.375,15,0.116949939101987,0.0136772882559585
89.555,0.44,17.6,0.157761126969935,0.0248885731828239
89.555,0.453,18.12,0.167494287602644,0.0280543363795172
89.576,0.336,13.44,0.0977237220955811,0.00954992586021437
89.595,0.608,24.32,0.341979442513709,0.116949939101987
89.595,0.233,9.32,0.0608135001278718,0.00369828179780267
89.614,0.569,22.76,0.285759054337495,0.0816582371358593
89.633,0.349,13.96,0.103752841581801,0.0107646521362984
89.633,0.531,21.24,0.239883291901949,0.0575439937337158
89.652,0.66,26.4,0.434510224171572,0.18879913490963
89.652,0.492,19.68,0.200447202736516,0.040179081084894
89.672,0.647,25.88,0.409260659730011,0.167494287602644
89.692,0.712,28.48,0.552077439280758,0.304789498962799
89.692,0.634,25.36,0.385478357665772,0.148593564228701
89.71,0.699,27.96,0.519995996533516,0.270395836410885
89.71,0.725,29,0.586138164514029,0.343557947899875
89.728,0.699,27.96,0.519995996533516,0.270395836410885
89.748,0.725,29,0.586138164514029,0.343557947899875
89.748,0.725,29,0.586138164514029,0.343557947899875
89.765,0.725,29,0.586138164514029,0.343557947899875
89.784,0.725,29,0.586138164514029,0.343557947899875
89.784,0.699,27.96,0.519995996533516,0.270395836410885
89.802,0.738,29.52,0.62230028516916,0.387257644921618
89.821,0.712,28.48,0.552077439280758,0.304789498962799
89.821,0.66,26.4,0.434510224171572,0.18879913490963
89.84,0.738,29.52,0.62230028516916,0.387257644921618
89.859,0.673,26.92,0.46131757456038,0.212813904598272
89.859,0.544,21.76,0.254683025258504,0.064863443354824
89.877,0.686,27.44,0.489778819368447,0.239883291901949
89.877,0.582,23.28,0.303389118419427,0.0920449571753172
89.894,0.311,12.44,0.0870963589956081,0.00758577575029184
89.914,0.608,24.32,0.341979442513709,0.116949939101987
89.915,0.582,23.28,0.303389118419427,0.0920449571753172
89.934,0.388,15.52,0.124165230759241,0.0154170045294956
89.952,0.466,18.64,0.177827941003892,0.0316227766016838
89.952,0.298,11.92,0.0820351544329818,0.00672976656284318
89.971,0.582,23.28,0.303389118419427,0.0920449571753172
89.971,0.168,6.72,0.0450816704541461,0.00203235701093622
89.99,0.544,21.76,0.254683025258504,0.064863443354824
90.008,0.673,26.92,0.46131757456038,0.212813904598272
90.008,0.505,20.2,0.212813904598271,0.0452897579903621
90.028,0.647,25.88,0.409260659730011,0.167494287602644
90.047,0.453,18.12,0.167494287602644,0.0280543363795172
90.047,0.634,25.36,0.385478357665772,0.148593564228701
90.065,0.699,27.96,0.519995996533516,0.270395836410885
90.084,0.608,24.32,0.341979442513709,0.116949939101987
90.084,0.699,27.96,0.519995996533516,0.270395836410885
90.102,0.738,29.52,0.62230028516916,0.387257644921618
90.121,0.673,26.92,0.46131757456038,0.212813904598272
90.121,0.725,29,0.586138164514029,0.343557947899875
90.14,0.738,29.52,0.62230028516916,0.387257644921618
90.14,0.725,29,0.586138164514029,0.343557947899875
90.16,0.725,29,0.586138164514029,0.343557947899875
90.178,0.712,28.48,0.552077439280758,0.304789498962799
90.178,0.725,29,0.586138164514029,0.343557947899875
90.196,0.712,28.48,0.552077439280758,0.304789498962799
90.214,0.673,26.92,0.46131757456038,0.212813904598272
90.214,0.712,28.48,0.552077439280758,0.304789498962799
90.233,0.673,26.92,0.46131757456038,0.212813904598272
90.25,0.582,23.28,0.303389118419427,0.0920449571753172
90.25,0.699,27.96,0.519995996533516,0.270395836410885
90.27,0.608,24.32,0.341979442513709,0.116949939101987
90.27,0.362,14.48,0.110153930954142,0.0121338885046498
90.288,0.634,25.36,0.385478357665772,0.148593564228701
90.307,0.44,17.6,0.157761126969935,0.0248885731828239
90.307,0.349,13.96,0.103752841581801,0.0107646521362984
90.325,0.505,20.2,0.212813904598271,0.0452897579903621
90.344,0.207,8.28,0.0539510622515128,0.00291071711806661
90.344,0.582,23.28,0.303389118419427,0.0920449571753172
90.361,0.142,5.68,0.0399944749761098,0.00159955802861467
90.38,0.544,21.76,0.254683025258504,0.064863443354824
90.381,0.66,26.4,0.434510224171572,0.18879913490963
90.399,0.492,19.68,0.200447202736516,0.040179081084894
90.418,0.647,25.88,0.409260659730011,0.167494287602644
90.418,0.44,17.6,0.157761126969935,0.0248885731828239
90.437,0.634,25.36,0.385478357665772,0.148593564228701
90.437,0.699,27.96,0.519995996533516,0.270395836410885
90.455,0.595,23.8,0.322106879128344,0.103752841581801
90.474,0.699,27.96,0.519995996533516,0.270395836410885
90.474,0.738,29.52,0.62230028516916,0.387257644921618
90.493,0.686,27.44,0.489778819368447,0.239883291901949
90.511,0.725,29,0.586138164514029,0.343557947899875
90.511,0.725,29,0.586138164514029,0.343557947899875
90.531,0.712,28.48,0.552077439280758,0.304789498962799
90.55,0.725,29,0.586138164514029,0.343557947899875
90.55,0.712,28.48,0.552077439280758,0.304789498962799
90.568,0.725,29,0.586138164514029,0.343557947899875
90.568,0.725,29,0.586138164514029,0.343557947899875
90.587,0.673,26.92,0.46131757456038,0.212813904598272
90.604,0.712,28.48,0.552077439280758,0.304789498962799
90.605,0.686,27.44,0.489778819368447,0.239883291901949
90.623,0.582,23.28,0.303389118419427,0.0920449571753172
90.642,0.686,27.44,0.489778819368447,0.239883291901949
90.642,0.608,24.32,0.341979442513709,0.116949939101987
90.659,0.414,16.56,0.139958732257262,0.0195884467350599
90.677,0.634,25.36,0.385478357665772,0.148593564228701
90.677,0.453,18.12,0.167494287602644,0.0280543363795172
90.695,0.298,11.92,0.0820351544329818,0.00672976656284318
90.714,0.518,20.72,0.225943577022098,0.0510504999975407
90.714,0.181,7.24,0.0478630092322639,0.00229086765276777
90.733,0.556,22.24,0.269153480392692,0.0724435960074991
90.752,0.194,7.76,0.0508159442560561,0.0025822601906346
90.752,0.505,20.2,0.212813904598271,0.0452897579903621
90.769,0.647,25.88,0.409260659730011,0.167494287602644
90.787,0.44,17.6,0.157761126969935,0.0248885731828239
90.787,0.634,25.36,0.385478357665772,0.148593564228701
90.804,0.401,16.04,0.131825673855641,0.0173780082874938
90.824,0.621,24.84,0.363078054770102,0.131825673855641
90.824,0.699,27.96,0.519995996533516,0.270395836410885
90.844,0.582,23.28,0.303389118419427,0.0920449571753172
90.844,0.673,26.92,0.46131757456038,0.212813904598272
90.862,0.725,29,0.586138164514029,0.343557947899875
90.882,0.66,26.4,0.434510224171572,0.18879913490963
90.882,0.712,28.48,0.552077439280758,0.304789498962799
90.9,0.725,29,0.586138164514029,0.343557947899875
90.9,0.712,28.48,0.552077439280758,0.304789498962799
90.92,0.725,29,0.586138164514029,0.343557947899875
90.939,0.712,28.48,0.552077439280758,0.304789498962799
90.939,0.725,29,0.586138164514029,0.343557947899875
90.957,0.712,28.48,0.552077439280758,0.304789498962799
90.975,0.686,27.44,0.489778819368447,0.239883291901949
90.975,0.725,29,0.586138164514029,0.343557947899875
90.993,0.686,27.44,0.489778819368447,0.239883291901949
91.011,0.608,24.32,0.341979442513709,0.116949939101987
91.011,0.699,27.96,0.519995996533516,0.270395836410885
91.03,0.634,25.36,0.385478357665772,0.148593564228701
91.047,0.531,21.24,0.239883291901949,0.0575439937337158
91.047,0.647,25.88,0.409260659730011,0.167494287602644
91.065,0.505,20.2,0.212813904598271,0.0452897579903621
91.085,0.22,8.8,0.057279603098583,0.00328095293113119
91.085,0.544,21.76,0.254683025258504,0.064863443354824
91.103,0.155,6.2,0.0424619563946313,0.00180301774085957
91.103,0.544,21.76,0.254683025258504,0.064863443354824
91.121,0.246,9.84,0.0645654229034656,0.00416869383470336
91.14,0.531,21.24,0.239883291901949,0.0575439937337158
91.14,0.647,25.88,0.409260659730011,0.167494287602644
91.16,0.44,17.6,0.157761126969935,0.0248885731828239
91.178,0.621,24.84,0.363078054770102,0.131825673855641
91.178,0.349,13.96,0.103752841581801,0.0107646521362984
91.196,0.595,23.8,0.322106879128344,0.103752841581801
91.214,0.686,27.44,0.489778819368447,0.239883291901949
91.214,0.544,21.76,0.254683025258504,0.064863443354824
91.233,0.686,27.44,0.489778819368447,0.239883291901949
91.251,0.712,28.48,0.552077439280758,0.304789498962799
91.251,0.66,26.4,0.434510224171572,0.18879913490963
91.269,0.725,29,0.586138164514029,0.343557947899875
91.269,0.738,29.52,0.62230028516916,0.387257644921618
91.287,0.712,28.48,0.552077439280758,0.304789498962799
91.305,0.725,29,0.586138164514029,0.343557947899875
91.305,0.725,29,0.586138164514029,0.343557947899875
91.324,0.725,29,0.586138164514029,0.343557947899875
91.342,0.712,28.48,0.552077439280758,0.304789498962799
91.342,0.686,27.44,0.489778819368447,0.239883291901949
91.36,0.725,29,0.586138164514029,0.343557947899875
91.378,0.686,27.44,0.489778819368447,0.239883291901949
91.378,0.621,24.84,0.363078054770102,0.131825673855641
91.396,0.699,27.96,0.519995996533516,0.270395836410885
91.414,0.634,25.36,0.385478357665772,0.148593564228701
91.414,0.479,19.16,0.188799134909629,0.0356451133426244
91.433,0.647,25.88,0.409260659730011,0.167494287602644
91.451,0.531,21.24,0.239883291901949,0.0575439937337158
91.451,0.375,15,0.116949939101987,0.0136772882559585
91.47,0.556,22.24,0.269153480392692,0.0724435960074991
91.488,0.207,8.28,0.0539510622515128,0.00291071711806661
91.488,0.505,20.2,0.212813904598271,0.0452897579903621
91.506,0.336,13.44,0.0977237220955811,0.00954992586021437
91.524,0.453,18.12,0.167494287602644,0.0280543363795172
91.524,0.634,25.36,0.385478357665772,0.148593564228701
91.542,0.388,15.52,0.124165230759241,0.0154170045294956
91.56,0.608,24.32,0.341979442513709,0.116949939101987
91.561,0.298,11.92,0.0820351544329818,0.00672976656284318
91.578,0.582,23.28,0.303389118419427,0.0920449571753172
91.596,0.686,27.44,0.489778819368447,0.239883291901949
91.596,0.556,22.24,0.269153480392692,0.0724435960074991
91.616,0.673,26.92,0.46131757456038,0.212813904598272
91.616,0.725,29,0.586138164514029,0.343557947899875
91.633,0.647,25.88,0.409260659730011,0.167494287602644
91.652,0.712,28.48,0.552077439280758,0.304789498962799
91.652,0.725,29,0.586138164514029,0.343557947899875
91.672,0.712,28.48,0.552077439280758,0.304789498962799
91.689,0.725,29,0.586138164514029,0.343557947899875
91.689,0.725,29,0.586138164514029,0.343557947899875
91.708,0.725,29,0.586138164514029,0.343557947899875
91.727,0.725,29,0.586138164514029,0.343557947899875
91.727,0.686,27.44,0.489778819368447,0.239883291901949
91.745,0.725,29,0.586138164514029,0.343557947899875
91.763,0.699,27.96,0.519995996533516,0.270395836410885
91.764,0.608,24.32,0.341979442513709,0.116949939101987
91.781,0.712,28.48,0.552077439280758,0.304789498962799
91.781,0.66,26.4,0.434510224171572,0.18879913490963
91.8,0.492,19.68,0.200447202736516,0.040179081084894
91.818,0.66,26.4,0.434510224171572,0.18879913490963
91.818,0.531,21.24,0.239883291901949,0.0575439937337158
91.836,0.246,9.84,0.0645654229034656,0.00416869383470336
91.855,0.569,22.76,0.285759054337495,0.0816582371358593
91.855,0.272,10.88,0.0727779804536825,0.00529663443891659
91.874,0.492,19.68,0.200447202736516,0.040179081084894
91.894,0.362,14.48,0.110153930954142,0.0121338885046498
91.894,0.427,17.08,0.148593564228701,0.022080047330189
91.912,0.621,24.84,0.363078054770102,0.131825673855641
91.931,0.349,13.96,0.103752841581801,0.0107646521362984
91.931,0.595,23.8,0.322106879128344,0.103752841581801
91.95,0.259,10.36,0.0685488226452662,0.00469894108605216
91.95,0.582,23.28,0.303389118419427,0.0920449571753172
91.97,0.699,27.96,0.519995996533516,0.270395836410885
91.987,0.544,21.76,0.254683025258504,0.064863443354824
91.987,0.673,26.92,0.46131757456038,0.212813904598272
92.005,0.725,29,0.586138164514029,0.343557947899875
92.022,0.647,25.88,0.409260659730011,0.167494287602644
92.022,0.712,28.48,0.552077439280758,0.304789498962799
92.041,0.725,29,0.586138164514029,0.343557947899875
92.059,0.699,27.96,0.519995996533516,0.270395836410885
92.059,0.725,29,0.586138164514029,0.343557947899875
92.077,0.725,29,0.586138164514029,0.343557947899875
92.095,0.725,29,0.586138164514029,0.343557947899875
92.095,0.725,29,0.586138164514029,0.343557947899875
92.113,0.699,27.96,0.519995996533516,0.270395836410885
92.131,0.725,29,0.586138164514029,0.343557947899875
92.131,0.699,27.96,0.519995996533516,0.270395836410885
92.15,0.634,25.36,0.385478357665772,0.148593564228701
92.167,0.699,27.96,0.519995996533516,0.270395836410885
92.167,0.66,26.4,0.434510224171572,0.18879913490963
92.186,0.531,21.24,0.239883291901949,0.0575439937337158
92.203,0.673,26.92,0.46131757456038,0.212813904598272
92.203,0.569,22.76,0.285759054337495,0.0816582371358593
92.222,0.207,8.28,0.0539510622515128,0.00291071711806661
92.24,0.595,23.8,0.322106879128344,0.103752841581801
92.24,0.336,13.44,0.0977237220955811,0.00954992586021437
92.259,0.466,18.64,0.177827941003892,0.0316227766016838
92.259,0.401,16.04,0.131825673855641,0.0173780082874938
92.278,0.388,15.52,0.124165230759241,0.0154170045294956
92.295,0.608,24.32,0.341979442513709,0.116949939101987
92.295,0.336,13.44,0.0977237220955811,0.00954992586021437
92.315,0.582,23.28,0.303389118419427,0.0920449571753172
92.333,0.168,6.72,0.0450816704541461,0.00203235701093622
92.333,0.544,21.76,0.254683025258504,0.064863443354824
92.352,0.673,26.92,0.46131757456038,0.212813904598272
92.372,0.518,20.72,0.225943577022098,0.0510504999975407
92.372,0.647,25.88,0.409260659730011,0.167494287602644
92.39,0.712,28.48,0.552077439280758,0.304789498962799
92.39,0.634,25.36,0.385478357665772,0.148593564228701
92.408,0.712,28.48,0.552077439280758,0.304789498962799
92.425,0.725,29,0.586138164514029,0.343557947899875
92.426,0.699,27.96,0.519995996533516,0.270395836410885
92.443,0.725,29,0.586138164514029,0.343557947899875
92.462,0.725,29,0.586138164514029,0.343557947899875
92.462,0.725,29,0.586138164514029,0.343557947899875
92.48,0.738,29.52,0.62230028516916,0.387257644921618
92.499,0.712,28.48,0.552077439280758,0.304789498962799
92.499,0.725,29,0.586138164514029,0.343557947899875
92.516,0.712,28.48,0.552077439280758,0.304789498962799
92.535,0.66,26.4,0.434510224171572,0.18879913490963
92.535,0.725,29,0.586138164514029,0.343557947899875
92.552,0.66,26.4,0.434510224171572,0.18879913490963
92.571,0.544,21.76,0.254683025258504,0.064863443354824
92.571,0.673,26.92,0.46131757456038,0.212813904598272
92.589,0.569,22.76,0.285759054337495,0.0816582371358593
92.608,0.272,10.88,0.0727779804536825,0.00529663443891659
92.608,0.595,23.8,0.322106879128344,0.103752841581801
92.625,0.375,15,0.116949939101987,0.0136772882559585
92.644,0.427,17.08,0.148593564228701,0.022080047330189
92.644,0.44,17.6,0.157761126969935,0.0248885731828239
92.662,0.336,13.44,0.0977237220955811,0.00954992586021437
92.681,0.582,23.28,0.303389118419427,0.0920449571753172
92.682,0.298,11.92,0.0820351544329818,0.00672976656284318
92.699,0.569,22.76,0.285759054337495,0.0816582371358593
92.7,0.311,12.44,0.0870963589956081,0.00758577575029184
92.718,0.531,21.24,0.239883291901949,0.0575439937337158
92.736,0.66,26.4,0.434510224171572,0.18879913490963
92.736,0.492,19.68,0.200447202736516,0.040179081084894
92.755,0.647,25.88,0.409260659730011,0.167494287602644
92.775,0.712,28.48,0.552077439280758,0.304789498962799
92.775,0.621,24.84,0.363078054770102,0.131825673855641
92.796,0.699,27.96,0.519995996533516,0.270395836410885
92.796,0.725,29,0.586138164514029,0.343557947899875
92.819,0.686,27.44,0.489778819368447,0.239883291901949
92.819,0.725,29,0.586138164514029,0.343557947899875
92.838,0.738,29.52,0.62230028516916,0.387257644921618
92.857,0.738,29.52,0.62230028516916,0.387257644921618
92.857,0.725,29,0.586138164514029,0.343557947899875
92.877,0.712,28.48,0.552077439280758,0.304789498962799
92.894,0.725,29,0.586138164514029,0.343557947899875
92.894,0.712,28.48,0.552077439280758,0.304789498962799
92.914,0.66,26.4,0.434510224171572,0.18879913490963
92.914,0.725,29,0.586138164514029,0.343557947899875
92.932,0.673,26.92,0.46131757456038,0.212813904598272
92.95,0.556,22.24,0.269153480392692,0.0724435960074991
92.95,0.686,27.44,0.489778819368447,0.239883291901949
92.968,0.595,23.8,0.322106879128344,0.103752841581801
92.987,0.336,13.44,0.0977237220955811,0.00954992586021437
92.987,0.608,24.32,0.341979442513709,0.116949939101987
93.007,0.414,16.56,0.139958732257262,0.0195884467350599
93.027,0.401,16.04,0.131825673855641,0.0173780082874938
93.027,0.479,19.16,0.188799134909629,0.0356451133426244
93.045,0.298,11.92,0.0820351544329818,0.00672976656284318
93.045,0.582,23.28,0.303389118419427,0.0920449571753172
93.063,0.194,7.76,0.0508159442560561,0.0025822601906346
93.082,0.544,21.76,0.254683025258504,0.064863443354824
93.082,0.66,26.4,0.434510224171572,0.18879913490963
93.1,0.518,20.72,0.225943577022098,0.0510504999975407
93.121,0.66,26.4,0.434510224171572,0.18879913490963
93.121,0.466,18.64,0.177827941003892,0.0316227766016838
93.139,0.634,25.36,0.385478357665772,0.148593564228701
93.139,0.712,28.48,0.552077439280758,0.304789498962799
93.158,0.608,24.32,0.341979442513709,0.116949939101987
93.177,0.699,27.96,0.519995996533516,0.270395836410885
93.177,0.738,29.52,0.62230028516916,0.387257644921618
93.195,0.699,27.96,0.519995996533516,0.270395836410885
93.213,0.725,29,0.586138164514029,0.343557947899875
93.213,0.725,29,0.586138164514029,0.343557947899875
93.231,0.725,29,0.586138164514029,0.343557947899875
93.249,0.725,29,0.586138164514029,0.343557947899875
93.249,0.712,28.48,0.552077439280758,0.304789498962799
93.266,0.725,29,0.586138164514029,0.343557947899875
93.285,0.712,28.48,0.552077439280758,0.304789498962799
93.285,0.66,26.4,0.434510224171572,0.18879913490963
93.302,0.725,29,0.586138164514029,0.343557947899875
93.32,0.686,27.44,0.489778819368447,0.239883291901949
93.32,0.582,23.28,0.303389118419427,0.0920449571753172
93.339,0.686,27.44,0.489778819368447,0.239883291901949
93.359,0.608,24.32,0.341979442513709,0.116949939101987
93.359,0.388,15.52,0.124165230759241,0.0154170045294956
93.377,0.621,24.84,0.363078054770102,0.131825673855641
93.377,0.453,18.12,0.167494287602644,0.0280543363795172
93.396,0.324,12.96,0.0924698173938223,0.00855066712884685
93.415,0.505,20.2,0.212813904598271,0.0452897579903621
93.415,0.207,8.28,0.0539510622515128,0.00291071711806661
93.433,0.569,22.76,0.285759054337495,0.0816582371358593
93.452,0.142,5.68,0.0399944749761098,0.00159955802861467
93.452,0.518,20.72,0.225943577022098,0.0510504999975407
93.47,0.66,26.4,0.434510224171572,0.18879913490963
93.488,0.466,18.64,0.177827941003892,0.0316227766016838
93.488,0.738,29.52,0.62230028516916,0.387257644921618
93.506,0.427,17.08,0.148593564228701,0.022080047330189
93.524,0.621,24.84,0.363078054770102,0.131825673855641
93.524,0.699,27.96,0.519995996533516,0.270395836410885
93.543,0.595,23.8,0.322106879128344,0.103752841581801
93.571,0.686,27.44,0.489778819368447,0.239883291901949
93.571,0.725,29,0.586138164514029,0.343557947899875
93.571,0.673,26.92,0.46131757456038,0.212813904598272
93.592,0.712,28.48,0.552077439280758,0.304789498962799
93.592,0.725,29,0.586138164514029,0.343557947899875
93.614,0.712,28.48,0.552077439280758,0.304789498962799
93.637,0.738,29.52,0.62230028516916,0.387257644921618
93.637,0.725,29,0.586138164514029,0.343557947899875
93.658,0.738,29.52,0.62230028516916,0.387257644921618
93.658,0.712,28.48,0.552077439280758,0.304789498962799
93.679,0.673,26.92,0.46131757456038,0.212813904598272
93.679,0.725,29,0.586138164514029,0.343557947899875
93.699,0.725,29,0.586138164514029,0.343557947899875
93.717,0.595,23.8,0.322106879128344,0.103752841581801
93.717,0.686,27.44,0.489778819368447,0.239883291901949
93.737,0.621,24.84,0.363078054770102,0.131825673855641
93.737,0.401,16.04,0.131825673855641,0.0173780082874938
93.758,0.634,25.36,0.385478357665772,0.148593564228701
93.776,0.479,19.16,0.188799134909629,0.0356451133426244
93.776,0.298,11.92,0.0820351544329818,0.00672976656284318
93.796,0.518,20.72,0.225943577022098,0.0510504999975407
93.797,0.168,6.72,0.0450816704541461,0.00203235701093622
93.818,0.556,22.24,0.269153480392692,0.0724435960074991
93.818,0.207,8.28,0.0539510622515128,0.00291071711806661
93.846,0.505,20.2,0.212813904598271,0.0452897579903621
93.846,0.647,25.88,0.409260659730011,0.167494287602644
93.87,0.466,18.64,0.177827941003892,0.0316227766016838
93.87,0.634,25.36,0.385478357665772,0.148593564228701
93.894,0.388,15.52,0.124165230759241,0.0154170045294956
93.894,0.634,25.36,0.385478357665772,0.148593564228701
93.917,0.699,27.96,0.519995996533516,0.270395836410885
93.917,0.582,23.28,0.303389118419427,0.0920449571753172
93.94,0.686,27.44,0.489778819368447,0.239883291901949
93.94,0.725,29,0.586138164514029,0.343557947899875
93.968,0.66,26.4,0.434510224171572,0.18879913490963
93.968,0.725,29,0.586138164514029,0.343557947899875
93.992,0.725,29,0.586138164514029,0.343557947899875
93.992,0.712,28.48,0.552077439280758,0.304789498962799
94.012,0.738,29.52,0.62230028516916,0.387257644921618
94.012,0.712,28.48,0.552077439280758,0.304789498962799
94.031,0.738,29.52,0.62230028516916,0.387257644921618
94.051,0.738,29.52,0.62230028516916,0.387257644921618
94.051,0.673,26.92,0.46131757456038,0.212813904598272
94.071,0.738,29.52,0.62230028516916,0.387257644921618
94.071,0.699,27.96,0.519995996533516,0.270395836410885
94.094,0.608,24.32,0.341979442513709,0.116949939101987
94.094,0.699,27.96,0.519995996533516,0.270395836410885
94.116,0.634,25.36,0.385478357665772,0.148593564228701
94.134,0.453,18.12,0.167494287602644,0.0280543363795172
94.135,0.66,26.4,0.434510224171572,0.18879913490963
94.155,0.505,20.2,0.212813904598271,0.0452897579903621
94.156,0.207,8.28,0.0539510622515128,0.00291071711806661
94.177,0.544,21.76,0.254683025258504,0.064863443354824
94.177,0.22,8.8,0.057279603098583,0.00328095293113119
94.199,0.531,21.24,0.239883291901949,0.0575439937337158
94.22,0.44,17.6,0.157761126969935,0.0248885731828239
94.22,0.492,19.68,0.200447202736516,0.040179081084894
94.239,0.647,25.88,0.409260659730011,0.167494287602644
94.239,0.427,17.08,0.148593564228701,0.022080047330189
94.258,0.621,24.84,0.363078054770102,0.131825673855641
94.277,0.336,13.44,0.0977237220955811,0.00954992586021437
94.277,0.595,23.8,0.322106879128344,0.103752841581801
94.296,0.686,27.44,0.489778819368447,0.239883291901949
94.296,0.556,22.24,0.269153480392692,0.0724435960074991
94.316,0.673,26.92,0.46131757456038,0.212813904598272
94.336,0.725,29,0.586138164514029,0.343557947899875
94.336,0.66,26.4,0.434510224171572,0.18879913490963
94.357,0.712,28.48,0.552077439280758,0.304789498962799
94.357,0.738,29.52,0.62230028516916,0.387257644921618
94.377,0.712,28.48,0.552077439280758,0.304789498962799
94.397,0.738,29.52,0.62230028516916,0.387257644921618
94.397,0.725,29,0.586138164514029,0.343557947899875
94.416,0.738,29.52,0.62230028516916,0.387257644921618
94.416,0.725,29,0.586138164514029,0.343557947899875
94.436,0.686,27.44,0.489778819368447,0.239883291901949
94.454,0.738,29.52,0.62230028516916,0.387257644921618
94.454,0.699,27.96,0.519995996533516,0.270395836410885
94.474,0.621,24.84,0.363078054770102,0.131825673855641
94.474,0.712,28.48,0.552077439280758,0.304789498962799
94.494,0.634,25.36,0.385478357665772,0.148593564228701
94.515,0.479,19.16,0.188799134909629,0.0356451133426244
94.515,0.673,26.92,0.46131757456038,0.212813904598272
94.534,0.518,20.72,0.225943577022098,0.0510504999975407
94.534,0.233,9.32,0.0608135001278718,0.00369828179780267
94.553,0.556,22.24,0.269153480392692,0.0724435960074991
94.572,0.22,8.8,0.057279603098583,0.00328095293113119
94.573,0.505,20.2,0.212813904598271,0.0452897579903621
94.591,0.324,12.96,0.0924698173938223,0.00855066712884685
94.61,0.453,18.12,0.167494287602644,0.0280543363795172
94.61,0.621,24.84,0.363078054770102,0.131825673855641
94.629,0.375,15,0.116949939101987,0.0136772882559585
94.629,0.608,24.32,0.341979442513709,0.116949939101987
94.647,0.324,12.96,0.0924698173938223,0.00855066712884685
94.665,0.582,23.28,0.303389118419427,0.0920449571753172
94.665,0.686,27.44,0.489778819368447,0.239883291901949
94.684,0.556,22.24,0.269153480392692,0.0724435960074991
94.702,0.673,26.92,0.46131757456038,0.212813904598272
94.703,0.725,29,0.586138164514029,0.343557947899875
94.722,0.647,25.88,0.409260659730011,0.167494287602644
94.74,0.712,28.48,0.552077439280758,0.304789498962799
94.741,0.725,29,0.586138164514029,0.343557947899875
94.76,0.699,27.96,0.519995996533516,0.270395836410885
94.76,0.738,29.52,0.62230028516916,0.387257644921618
94.78,0.738,29.52,0.62230028516916,0.387257644921618
94.8,0.738,29.52,0.62230028516916,0.387257644921618
94.8,0.725,29,0.586138164514029,0.343557947899875
94.821,0.699,27.96,0.519995996533516,0.270395836410885
94.821,0.738,29.52,0.62230028516916,0.387257644921618
94.841,0.712,28.48,0.552077439280758,0.304789498962799
94.859,0.647,25.88,0.409260659730011,0.167494287602644
94.861,0.712,28.48,0.552077439280758,0.304789498962799
94.881,0.647,25.88,0.409260659730011,0.167494287602644
94.881,0.505,20.2,0.212813904598271,0.0452897579903621
94.901,0.673,26.92,0.46131757456038,0.212813904598272
94.92,0.544,21.76,0.254683025258504,0.064863443354824
94.92,0.466,18.64,0.177827941003892,0.0316227766016838
94.939,0.582,23.28,0.303389118419427,0.0920449571753172
94.939,0.298,11.92,0.0820351544329818,0.00672976656284318
94.957,0.505,20.2,0.212813904598271,0.0452897579903621
94.978,0.375,15,0.116949939101987,0.0136772882559585
94.978,0.427,17.08,0.148593564228701,0.022080047330189
94.998,0.621,24.84,0.363078054770102,0.131825673855641
94.999,0.336,13.44,0.0977237220955811,0.00954992586021437
95.017,0.595,23.8,0.322106879128344,0.103752841581801
95.036,0.233,9.32,0.0608135001278718,0.00369828179780267
95.036,0.556,22.24,0.269153480392692,0.0724435960074991
95.056,0.686,27.44,0.489778819368447,0.239883291901949
95.076,0.518,20.72,0.225943577022098,0.0510504999975407
95.076,0.66,26.4,0.434510224171572,0.18879913490963
95.095,0.712,28.48,0.552077439280758,0.304789498962799
95.095,0.634,25.36,0.385478357665772,0.148593564228701
95.113,0.712,28.48,0.552077439280758,0.304789498962799
95.133,0.738,29.52,0.62230028516916,0.387257644921618
95.133,0.699,27.96,0.519995996533516,0.270395836410885
95.151,0.725,29,0.586138164514029,0.343557947899875
95.17,0.725,29,0.586138164514029,0.343557947899875
95.17,0.725,29,0.586138164514029,0.343557947899875
95.188,0.725,29,0.586138164514029,0.343557947899875
95.188,0.699,27.96,0.519995996533516,0.270395836410885
95.206,0.725,29,0.586138164514029,0.343557947899875
95.226,0.712,28.48,0.552077439280758,0.304789498962799
95.226,0.634,25.36,0.385478357665772,0.148593564228701
95.244,0.712,28.48,0.552077439280758,0.304789498962799
95.264,0.66,26.4,0.434510224171572,0.18879913490963
95.264,0.531,21.24,0.239883291901949,0.0575439937337158
95.283,0.673,26.92,0.46131757456038,0.212813904598272
95.3,0.556,22.24,0.269153480392692,0.0724435960074991
95.3,0.22,8.8,0.057279603098583,0.00328095293113119
95.318,0.582,23.28,0.303389118419427,0.0920449571753172
95.318,0.336,13.44,0.0977237220955811,0.00954992586021437
95.337,0.453,18.12,0.167494287602644,0.0280543363795172
95.357,0.414,16.56,0.139958732257262,0.0195884467350599
95.357,0.362,14.48,0.110153930954142,0.0121338885046498
95.374,0.595,23.8,0.322106879128344,0.103752841581801
95.393,0.272,10.88,0.0727779804536825,0.00529663443891659
95.393,0.582,23.28,0.303389118419427,0.0920449571753172
95.412,0.207,8.28,0.0539510622515128,0.00291071711806661
95.43,0.544,21.76,0.254683025258504,0.064863443354824
95.43,0.673,26.92,0.46131757456038,0.212813904598272
95.448,0.505,20.2,0.212813904598271,0.0452897579903621
95.466,0.647,25.88,0.409260659730011,0.167494287602644
95.467,0.712,28.48,0.552077439280758,0.304789498962799
95.485,0.634,25.36,0.385478357665772,0.148593564228701
95.485,0.699,27.96,0.519995996533516,0.270395836410885
95.504,0.725,29,0.586138164514029,0.343557947899875
95.522,0.699,27.96,0.519995996533516,0.270395836410885
95.522,0.725,29,0.586138164514029,0.343557947899875
95.54,0.725,29,0.586138164514029,0.343557947899875
95.558,0.725,29,0.586138164514029,0.343557947899875
95.558,0.725,29,0.586138164514029,0.343557947899875
95.577,0.712,28.48,0.552077439280758,0.304789498962799
95.595,0.725,29,0.586138164514029,0.343557947899875
95.595,0.712,28.48,0.552077439280758,0.304789498962799
95.614,0.66,26.4,0.434510224171572,0.18879913490963
95.633,0.712,28.48,0.552077439280758,0.304789498962799
95.633,0.673,26.92,0.46131757456038,0.212813904598272
95.653,0.544,21.76,0.254683025258504,0.064863443354824
95.653,0.686,27.44,0.489778819368447,0.239883291901949
95.673,0.582,23.28,0.303389118419427,0.0920449571753172
95.691,0.298,11.92,0.0820351544329818,0.00672976656284318
95.691,0.621,24.84,0.363078054770102,0.131825673855641
95.709,0.401,16.04,0.131825673855641,0.0173780082874938
95.728,0.427,17.08,0.148593564228701,0.022080047330189
95.728,0.453,18.12,0.167494287602644,0.0280543363795172
95.746,0.349,13.96,0.103752841581801,0.0107646521362984
95.764,0.595,23.8,0.322106879128344,0.103752841581801
95.764,0.246,9.84,0.0645654229034656,0.00416869383470336
95.782,0.569,22.76,0.285759054337495,0.0816582371358593
95.8,0.673,26.92,0.46131757456038,0.212813904598272
95.801,0.531,21.24,0.239883291901949,0.0575439937337158
95.82,0.66,26.4,0.434510224171572,0.18879913490963
95.82,0.479,19.16,0.188799134909629,0.0356451133426244
95.84,0.647,25.88,0.409260659730011,0.167494287602644
95.859,0.699,27.96,0.519995996533516,0.270395836410885
95.859,0.634,25.36,0.385478357665772,0.148593564228701
95.881,0.699,27.96,0.519995996533516,0.270395836410885
95.881,0.712,28.48,0.552077439280758,0.304789498962799
95.901,0.686,27.44,0.489778819368447,0.239883291901949
95.921,0.725,29,0.586138164514029,0.343557947899875
95.921,0.738,29.52,0.62230028516916,0.387257644921618
95.941,0.725,29,0.586138164514029,0.343557947899875
95.941,0.725,29,0.586138164514029,0.343557947899875
95.966,0.699,27.96,0.519995996533516,0.270395836410885
95.966,0.725,29,0.586138164514029,0.343557947899875
95.989,0.712,28.48,0.552077439280758,0.304789498962799
95.989,0.66,26.4,0.434510224171572,0.18879913490963
96.009,0.712,28.48,0.552077439280758,0.304789498962799
96.028,0.673,26.92,0.46131757456038,0.212813904598272
96.028,0.569,22.76,0.285759054337495,0.0816582371358593
96.051,0.686,27.44,0.489778819368447,0.239883291901949
96.052,0.582,23.28,0.303389118419427,0.0920449571753172
96.073,0.336,13.44,0.0977237220955811,0.00954992586021437
96.073,0.621,24.84,0.363078054770102,0.131825673855641
96.093,0.427,17.08,0.148593564228701,0.022080047330189
96.094,0.375,15,0.116949939101987,0.0136772882559585
96.117,0.479,19.16,0.188799134909629,0.0356451133426244
96.117,0.259,10.36,0.0685488226452662,0.00469894108605216
96.139,0.582,23.28,0.303389118419427,0.0920449571753172
96.161,0.207,8.28,0.0539510622515128,0.00291071711806661
96.161,0.544,21.76,0.254683025258504,0.064863443354824
96.181,0.673,26.92,0.46131757456038,0.212813904598272
96.181,0.492,19.68,0.200447202736516,0.040179081084894
96.202,0.647,25.88,0.409260659730011,0.167494287602644
96.202,0.453,18.12,0.167494287602644,0.0280543363795172
96.223,0.634,25.36,0.385478357665772,0.148593564228701
96.243,0.699,27.96,0.519995996533516,0.270395836410885
96.243,0.608,24.32,0.341979442513709,0.116949939101987
96.266,0.686,27.44,0.489778819368447,0.239883291901949
96.266,0.738,29.52,0.62230028516916,0.387257644921618
96.288,0.686,27.44,0.489778819368447,0.239883291901949
96.288,0.725,29,0.586138164514029,0.343557947899875
96.313,0.738,29.52,0.62230028516916,0.387257644921618
96.313,0.725,29,0.586138164514029,0.343557947899875
96.335,0.738,29.52,0.62230028516916,0.387257644921618
96.335,0.712,28.48,0.552077439280758,0.304789498962799
96.357,0.725,29,0.586138164514029,0.343557947899875
96.357,0.712,28.48,0.552077439280758,0.304789498962799
96.378,0.673,26.92,0.46131757456038,0.212813904598272
96.401,0.725,29,0.586138164514029,0.343557947899875
96.401,0.686,27.44,0.489778819368447,0.239883291901949
96.424,0.582,23.28,0.303389118419427,0.0920449571753172
96.424,0.699,27.96,0.519995996533516,0.270395836410885
96.449,0.608,24.32,0.341979442513709,0.116949939101987
96.449,0.375,15,0.116949939101987,0.0136772882559585
96.469,0.673,26.92,0.46131757456038,0.212813904598272
96.469,0.453,18.12,0.167494287602644,0.0280543363795172
96.489,0.336,13.44,0.0977237220955811,0.00954992586021437
96.489,0.518,20.72,0.225943577022098,0.0510504999975407
96.51,0.246,9.84,0.0645654229034656,0.00416869383470336
96.51,0.569,22.76,0.285759054337495,0.0816582371358593
96.531,0.22,8.8,0.057279603098583,0.00328095293113119
96.549,0.518,20.72,0.225943577022098,0.0510504999975407
96.549,0.647,25.88,0.409260659730011,0.167494287602644
96.57,0.492,19.68,0.200447202736516,0.040179081084894
96.57,0.647,25.88,0.409260659730011,0.167494287602644
96.588,0.414,16.56,0.139958732257262,0.0195884467350599
96.607,0.608,24.32,0.341979442513709,0.116949939101987
96.607,0.699,27.96,0.519995996533516,0.270395836410885
96.627,0.608,24.32,0.341979442513709,0.116949939101987
96.647,0.686,27.44,0.489778819368447,0.239883291901949
96.647,0.725,29,0.586138164514029,0.343557947899875
96.665,0.673,26.92,0.46131757456038,0.212813904598272
96.665,0.712,28.48,0.552077439280758,0.304789498962799
96.688,0.738,29.52,0.62230028516916,0.387257644921618
96.689,0.712,28.48,0.552077439280758,0.304789498962799
96.712,0.725,29,0.586138164514029,0.343557947899875
96.733,0.712,28.48,0.552077439280758,0.304789498962799
96.733,0.725,29,0.586138164514029,0.343557947899875
96.754,0.725,29,0.586138164514029,0.343557947899875
96.755,0.673,26.92,0.46131757456038,0.212813904598272
96.776,0.725,29,0.586138164514029,0.343557947899875
96.776,0.686,27.44,0.489778819368447,0.239883291901949
96.798,0.595,23.8,0.322106879128344,0.103752841581801
96.798,0.699,27.96,0.519995996533516,0.270395836410885
96.819,0.621,24.84,0.363078054770102,0.131825673855641
96.819,0.427,17.08,0.148593564228701,0.022080047330189
96.84,0.634,25.36,0.385478357665772,0.148593564228701
96.861,0.479,19.16,0.188799134909629,0.0356451133426244
96.862,0.272,10.88,0.0727779804536825,0.00529663443891659
96.888,0.531,21.24,0.239883291901949,0.0575439937337158
96.888,0.194,7.76,0.0508159442560561,0.0025822601906346
96.909,0.544,21.76,0.254683025258504,0.064863443354824
96.909,0.246,9.84,0.0645654229034656,0.00416869383470336
96.93,0.492,19.68,0.200447202736516,0.040179081084894
96.93,0.647,25.88,0.409260659730011,0.167494287602644
96.95,0.44,17.6,0.157761126969935,0.0248885731828239
96.971,0.621,24.84,0.363078054770102,0.131825673855641
96.971,0.492,19.68,0.200447202736516,0.040179081084894
96.992,0.595,23.8,0.322106879128344,0.103752841581801
96.992,0.686,27.44,0.489778819368447,0.239883291901949
97.016,0.569,22.76,0.285759054337495,0.0816582371358593
97.016,0.686,27.44,0.489778819368447,0.239883291901949
97.043,0.725,29,0.586138164514029,0.343557947899875
97.043,0.673,26.92,0.46131757456038,0.212813904598272
97.067,0.725,29,0.586138164514029,0.343557947899875
97.067,0.751,30.04,0.660693448007596,0.436515832240167
97.089,0.712,28.48,0.552077439280758,0.304789498962799
97.089,0.738,29.52,0.62230028516916,0.387257644921618
97.11,0.725,29,0.586138164514029,0.343557947899875
97.11,0.725,29,0.586138164514029,0.343557947899875
97.132,0.725,29,0.586138164514029,0.343557947899875
97.132,0.686,27.44,0.489778819368447,0.239883291901949
97.154,0.725,29,0.586138164514029,0.343557947899875
97.154,0.686,27.44,0.489778819368447,0.239883291901949
97.178,0.608,24.32,0.341979442513709,0.116949939101987
97.178,0.699,27.96,0.519995996533516,0.270395836410885
97.201,0.634,25.36,0.385478357665772,0.148593564228701
97.201,0.453,18.12,0.167494287602644,0.0280543363795172
97.221,0.647,25.88,0.409260659730011,0.167494287602644
97.24,0.505,20.2,0.212813904598271,0.0452897579903621
97.241,0.349,13.96,0.103752841581801,0.0107646521362984
97.26,0.544,21.76,0.254683025258504,0.064863443354824
97.26,0.207,8.28,0.0539510622515128,0.00291071711806661
97.28,0.518,20.72,0.225943577022098,0.0510504999975407
97.299,0.492,19.68,0.200447202736516,0.040179081084894
97.299,0.466,18.64,0.177827941003892,0.0316227766016838
97.318,0.634,25.36,0.385478357665772,0.148593564228701
97.337,0.414,16.56,0.139958732257262,0.0195884467350599
97.337,0.621,24.84,0.363078054770102,0.131825673855641
97.357,0.349,13.96,0.103752841581801,0.0107646521362984
97.357,0.595,23.8,0.322106879128344,0.103752841581801
97.376,0.686,27.44,0.489778819368447,0.239883291901949
97.394,0.569,22.76,0.285759054337495,0.0816582371358593
97.394,0.673,26.92,0.46131757456038,0.212813904598272
97.412,0.712,28.48,0.552077439280758,0.304789498962799
97.432,0.647,25.88,0.409260659730011,0.167494287602644
97.433,0.712,28.48,0.552077439280758,0.304789498962799
97.45,0.738,29.52,0.62230028516916,0.387257644921618
97.468,0.725,29,0.586138164514029,0.343557947899875
97.468,0.725,29,0.586138164514029,0.343557947899875
97.49,0.712,28.48,0.552077439280758,0.304789498962799
97.49,0.725,29,0.586138164514029,0.343557947899875
97.507,0.738,29.52,0.62230028516916,0.387257644921618
97.527,0.686,27.44,0.489778819368447,0.239883291901949
97.527,0.712,28.48,0.552077439280758,0.304789498962799
97.547,0.699,27.96,0.519995996533516,0.270395836410885
97.547,0.621,24.84,0.363078054770102,0.131825673855641
97.565,0.699,27.96,0.519995996533516,0.270395836410885
97.584,0.647,25.88,0.409260659730011,0.167494287602644
97.584,0.479,19.16,0.188799134909629,0.0356451133426244
97.605,0.66,26.4,0.434510224171572,0.18879913490963
97.623,0.544,21.76,0.254683025258504,0.064863443354824
97.623,0.207,8.28,0.0539510622515128,0.00291071711806661
97.642,0.569,22.76,0.285759054337495,0.0816582371358593
97.642,0.246,9.84,0.0645654229034656,0.00416869383470336
97.661,0.518,20.72,0.225943577022098,0.0510504999975407
97.68,0.362,14.48,0.110153930954142,0.0121338885046498
97.68,0.44,17.6,0.157761126969935,0.0248885731828239
97.698,0.634,25.36,0.385478357665772,0.148593564228701
97.717,0.362,14.48,0.110153930954142,0.0121338885046498
97.717,0.608,24.32,0.341979442513709,0.116949939101987
97.736,0.259,10.36,0.0685488226452662,0.00469894108605216
97.736,0.569,22.76,0.285759054337495,0.0816582371358593
97.755,0.673,26.92,0.46131757456038,0.212813904598272
97.772,0.531,21.24,0.239883291901949,0.0575439937337158
97.772,0.66,26.4,0.434510224171572,0.18879913490963
97.791,0.725,29,0.586138164514029,0.343557947899875
97.81,0.647,25.88,0.409260659730011,0.167494287602644
97.81,0.712,28.48,0.552077439280758,0.304789498962799
97.828,0.738,29.52,0.62230028516916,0.387257644921618
97.846,0.712,28.48,0.552077439280758,0.304789498962799
97.846,0.725,29,0.586138164514029,0.343557947899875
97.863,0.725,29,0.586138164514029,0.343557947899875
97.883,0.725,29,0.586138164514029,0.343557947899875
97.883,0.738,29.52,0.62230028516916,0.387257644921618
97.9,0.686,27.44,0.489778819368447,0.239883291901949
97.919,0.712,28.48,0.552077439280758,0.304789498962799
97.919,0.699,27.96,0.519995996533516,0.270395836410885
97.938,0.634,25.36,0.385478357665772,0.148593564228701
97.956,0.712,28.48,0.552077439280758,0.304789498962799
97.956,0.66,26.4,0.434510224171572,0.18879913490963
97.974,0.518,20.72,0.225943577022098,0.0510504999975407
97.974,0.673,26.92,0.46131757456038,0.212813904598272
97.993,0.544,21.76,0.254683025258504,0.064863443354824
98.011,0.194,7.76,0.0508159442560561,0.0025822601906346
98.011,0.582,23.28,0.303389118419427,0.0920449571753172
98.03,0.298,11.92,0.0820351544329818,0.00672976656284318
98.049,0.453,18.12,0.167494287602644,0.0280543363795172
98.049,0.401,16.04,0.131825673855641,0.0173780082874938
98.067,0.414,16.56,0.139958732257262,0.0195884467350599
98.087,0.608,24.32,0.341979442513709,0.116949939101987
98.087,0.401,16.04,0.131825673855641,0.0173780082874938
98.105,0.595,23.8,0.322106879128344,0.103752841581801
98.123,0.22,8.8,0.057279603098583,0.00328095293113119
98.123,0.556,22.24,0.269153480392692,0.0724435960074991
98.142,0.673,26.92,0.46131757456038,0.212813904598272
98.142,0.518,20.72,0.225943577022098,0.0510504999975407
98.16,0.66,26.4,0.434510224171572,0.18879913490963
98.178,0.712,28.48,0.552077439280758,0.304789498962799
98.178,0.634,25.36,0.385478357665772,0.148593564228701
98.198,0.712,28.48,0.552077439280758,0.304789498962799
98.219,0.725,29,0.586138164514029,0.343557947899875
98.219,0.686,27.44,0.489778819368447,0.239883291901949
98.241,0.725,29,0.586138164514029,0.343557947899875
98.241,0.725,29,0.586138164514029,0.343557947899875
98.261,0.725,29,0.586138164514029,0.343557947899875
98.261,0.725,29,0.586138164514029,0.343557947899875
98.28,0.712,28.48,0.552077439280758,0.304789498962799
98.299,0.725,29,0.586138164514029,0.343557947899875
98.299,0.712,28.48,0.552077439280758,0.304789498962799
98.318,0.647,25.88,0.409260659730011,0.167494287602644
98.339,0.712,28.48,0.552077439280758,0.304789498962799
98.339,0.66,26.4,0.434510224171572,0.18879913490963
98.358,0.531,21.24,0.239883291901949,0.0575439937337158
98.358,0.673,26.92,0.46131757456038,0.212813904598272
98.376,0.569,22.76,0.285759054337495,0.0816582371358593
98.394,0.233,9.32,0.0608135001278718,0.00369828179780267
98.395,0.595,23.8,0.322106879128344,0.103752841581801
98.412,0.349,13.96,0.103752841581801,0.0107646521362984
98.431,0.479,19.16,0.188799134909629,0.0356451133426244
98.431,0.44,17.6,0.157761126969935,0.0248885731828239
98.45,0.362,14.48,0.110153930954142,0.0121338885046498
98.468,0.595,23.8,0.322106879128344,0.103752841581801
98.469,0.259,10.36,0.0685488226452662,0.00469894108605216
98.487,0.569,22.76,0.285759054337495,0.0816582371358593
98.487,0.479,19.16,0.188799134909629,0.0356451133426244
98.508,0.531,21.24,0.239883291901949,0.0575439937337158
98.528,0.66,26.4,0.434510224171572,0.18879913490963
98.528,0.479,19.16,0.188799134909629,0.0356451133426244
98.547,0.647,25.88,0.409260659730011,0.167494287602644
98.547,0.699,27.96,0.519995996533516,0.270395836410885
98.571,0.634,25.36,0.385478357665772,0.148593564228701
98.571,0.712,28.48,0.552077439280758,0.304789498962799
98.591,0.725,29,0.586138164514029,0.343557947899875
98.611,0.686,27.44,0.489778819368447,0.239883291901949
98.611,0.725,29,0.586138164514029,0.343557947899875
98.63,0.725,29,0.586138164514029,0.343557947899875
98.63,0.725,29,0.586138164514029,0.343557947899875
98.65,0.738,29.52,0.62230028516916,0.387257644921618
98.668,0.699,27.96,0.519995996533516,0.270395836410885
98.668,0.738,29.52,0.62230028516916,0.387257644921618
98.687,0.712,28.48,0.552077439280758,0.304789498962799
98.706,0.66,26.4,0.434510224171572,0.18879913490963
98.706,0.712,28.48,0.552077439280758,0.304789498962799
98.725,0.673,26.92,0.46131757456038,0.212813904598272
98.725,0.556,22.24,0.269153480392692,0.0724435960074991
98.744,0.673,26.92,0.46131757456038,0.212813904598272
98.769,0.569,22.76,0.285759054337495,0.0816582371358593
98.769,0.324,12.96,0.0924698173938223,0.00855066712884685
98.789,0.608,24.32,0.341979442513709,0.116949939101987
98.789,0.414,16.56,0.139958732257262,0.0195884467350599
98.807,0.388,15.52,0.124165230759241,0.0154170045294956
98.83,0.466,18.64,0.177827941003892,0.0316227766016838
98.83,0.285,11.4,0.0772680585095703,0.00597035286583838
98.852,0.582,23.28,0.303389118419427,0.0920449571753172
98.853,0.207,8.28,0.0539510622515128,0.00291071711806661
98.873,0.544,21.76,0.254683025258504,0.064863443354824
98.873,0.673,26.92,0.46131757456038,0.212813904598272
98.895,0.505,20.2,0.212813904598271,0.0452897579903621
98.895,0.647,25.88,0.409260659730011,0.167494287602644
98.914,0.466,18.64,0.177827941003892,0.0316227766016838
98.934,0.634,25.36,0.385478357665772,0.148593564228701
98.934,0.699,27.96,0.519995996533516,0.270395836410885
98.953,0.608,24.32,0.341979442513709,0.116949939101987
98.953,0.699,27.96,0.519995996533516,0.270395836410885
98.971,0.725,29,0.586138164514029,0.343557947899875
98.993,0.686,27.44,0.489778819368447,0.239883291901949
98.993,0.725,29,0.586138164514029,0.343557947899875
99.013,0.725,29,0.586138164514029,0.343557947899875
99.013,0.725,29,0.586138164514029,0.343557947899875
99.036,0.725,29,0.586138164514029,0.343557947899875
99.036,0.712,28.48,0.552077439280758,0.304789498962799
99.059,0.738,29.52,0.62230028516916,0.387257644921618
99.059,0.712,28.48,0.552077439280758,0.304789498962799
99.082,0.66,26.4,0.434510224171572,0.18879913490963
99.103,0.725,29,0.586138164514029,0.343557947899875
99.103,0.673,26.92,0.46131757456038,0.212813904598272
99.125,0.569,22.76,0.285759054337495,0.0816582371358593
99.125,0.699,27.96,0.519995996533516,0.270395836410885
99.148,0.595,23.8,0.322106879128344,0.103752841581801
99.148,0.336,13.44,0.0977237220955811,0.00954992586021437
99.169,0.621,24.84,0.363078054770102,0.131825673855641
99.169,0.427,17.08,0.148593564228701,0.022080047330189
99.193,0.362,14.48,0.110153930954142,0.0121338885046498
99.193,0.492,19.68,0.200447202736516,0.040179081084894
99.214,0.259,10.36,0.0685488226452662,0.00469894108605216
99.214,0.569,22.76,0.285759054337495,0.0816582371358593
99.237,0.22,8.8,0.057279603098583,0.00328095293113119
99.237,0.531,21.24,0.239883291901949,0.0575439937337158
99.26,0.647,25.88,0.409260659730011,0.167494287602644
99.283,0.492,19.68,0.200447202736516,0.040179081084894
99.283,0.647,25.88,0.409260659730011,0.167494287602644
99.305,0.427,17.08,0.148593564228701,0.022080047330189
99.305,0.621,24.84,0.363078054770102,0.131825673855641
99.327,0.699,27.96,0.519995996533516,0.270395836410885
99.327,0.595,23.8,0.322106879128344,0.103752841581801
99.348,0.686,27.44,0.489778819368447,0.239883291901949
99.348,0.738,29.52,0.62230028516916,0.387257644921618
99.367,0.686,27.44,0.489778819368447,0.239883291901949
99.386,0.725,29,0.586138164514029,0.343557947899875
99.386,0.725,29,0.586138164514029,0.343557947899875
99.405,0.712,28.48,0.552077439280758,0.304789498962799
99.405,0.712,28.48,0.552077439280758,0.304789498962799
99.425,0.712,28.48,0.552077439280758,0.304789498962799
99.446,0.725,29,0.586138164514029,0.343557947899875
99.446,0.712,28.48,0.552077439280758,0.304789498962799
99.465,0.673,26.92,0.46131757456038,0.212813904598272
99.465,0.712,28.48,0.552077439280758,0.304789498962799
99.483,0.686,27.44,0.489778819368447,0.239883291901949
99.503,0.595,23.8,0.322106879128344,0.103752841581801
99.503,0.686,27.44,0.489778819368447,0.239883291901949
99.522,0.608,24.32,0.341979442513709,0.116949939101987
99.541,0.492,19.68,0.200447202736516,0.040179081084894
99.541,0.634,25.36,0.385478357665772,0.148593564228701
99.559,0.479,19.16,0.188799134909629,0.0356451133426244
99.559,0.285,11.4,0.0772680585095703,0.00597035286583838
99.578,0.531,21.24,0.239883291901949,0.0575439937337158
99.596,0.194,7.76,0.0508159442560561,0.0025822601906346
99.596,0.544,21.76,0.254683025258504,0.064863443354824
99.615,0.207,8.28,0.0539510622515128,0.00291071711806661
99.633,0.518,20.72,0.225943577022098,0.0510504999975407
99.634,0.647,25.88,0.409260659730011,0.167494287602644
99.653,0.466,18.64,0.177827941003892,0.0316227766016838
99.671,0.621,24.84,0.363078054770102,0.131825673855641
99.671,0.388,15.52,0.124165230759241,0.0154170045294956
99.689,0.608,24.32,0.341979442513709,0.116949939101987
99.707,0.699,27.96,0.519995996533516,0.270395836410885
99.707,0.569,22.76,0.285759054337495,0.0816582371358593
99.725,0.686,27.44,0.489778819368447,0.239883291901949
99.725,0.725,29,0.586138164514029,0.343557947899875
99.745,0.673,26.92,0.46131757456038,0.212813904598272
99.765,0.725,29,0.586138164514029,0.343557947899875
99.765,0.725,29,0.586138164514029,0.343557947899875
99.782,0.712,28.48,0.552077439280758,0.304789498962799
99.802,0.738,29.52,0.62230028516916,0.387257644921618
99.802,0.712,28.48,0.552077439280758,0.304789498962799
99.819,0.738,29.52,0.62230028516916,0.387257644921618
99.838,0.725,29,0.586138164514029,0.343557947899875
99.838,0.686,27.44,0.489778819368447,0.239883291901949
99.856,0.751,30.04,0.660693448007596,0.436515832240167
99.856,0.699,27.96,0.519995996533516,0.270395836410885
99.875,0.595,23.8,0.322106879128344,0.103752841581801
99.894,0.712,28.48,0.552077439280758,0.304789498962799
99.894,0.621,24.84,0.363078054770102,0.131825673855641
99.912,0.44,17.6,0.157761126969935,0.0248885731828239
99.931,0.647,25.88,0.409260659730011,0.167494287602644
99.931,0.492,19.68,0.200447202736516,0.040179081084894
99.951,0.505,20.2,0.212813904598271,0.0452897579903621
99.97,0.544,21.76,0.254683025258504,0.064863443354824
99.97,0.181,7.24,0.0478630092322639,0.00229086765276777
99.988,0.518,20.72,0.225943577022098,0.0510504999975407
99.988,0.246,9.84,0.0645654229034656,0.00416869383470336
100.007,0.492,19.68,0.200447202736516,0.040179081084894
100.026,0.647,25.88,0.409260659730011,0.167494287602644
100.026,0.44,17.6,0.157761126969935,0.0248885731828239
100.046,0.621,24.84,0.363078054770102,0.131825673855641
100.046,0.401,16.04,0.131825673855641,0.0173780082874938
100.065,0.595,23.8,0.322106879128344,0.103752841581801
100.085,0.686,27.44,0.489778819368447,0.239883291901949
100.085,0.569,22.76,0.285759054337495,0.0816582371358593
100.104,0.673,26.92,0.46131757456038,0.212813904598272
100.123,0.725,29,0.586138164514029,0.343557947899875
100.123,0.66,26.4,0.434510224171572,0.18879913490963
100.142,0.712,28.48,0.552077439280758,0.304789498962799
100.16,0.725,29,0.586138164514029,0.343557947899875
100.16,0.699,27.96,0.519995996533516,0.270395836410885
100.178,0.725,29,0.586138164514029,0.343557947899875
100.178,0.712,28.48,0.552077439280758,0.304789498962799
100.197,0.725,29,0.586138164514029,0.343557947899875
100.216,0.725,29,0.586138164514029,0.343557947899875
100.216,0.686,27.44,0.489778819368447,0.239883291901949
100.234,0.738,29.52,0.62230028516916,0.387257644921618
100.254,0.699,27.96,0.519995996533516,0.270395836410885
100.254,0.621,24.84,0.363078054770102,0.131825673855641
100.273,0.712,28.48,0.552077439280758,0.304789498962799
100.273,0.634,25.36,0.385478357665772,0.148593564228701
100.291,0.479,19.16,0.188799134909629,0.0356451133426244
100.311,0.647,25.88,0.409260659730011,0.167494287602644
100.311,0.518,20.72,0.225943577022098,0.0510504999975407
100.33,0.181,7.24,0.0478630092322639,0.00229086765276777
100.349,0.556,22.24,0.269153480392692,0.0724435960074991
100.349,0.375,15,0.116949939101987,0.0136772882559585
100.368,0.505,20.2,0.212813904598271,0.0452897579903621
100.368,0.336,13.44,0.0977237220955811,0.00954992586021437
100.387,0.453,18.12,0.167494287602644,0.0280543363795172
100.406,0.647,25.88,0.409260659730011,0.167494287602644
100.406,0.388,15.52,0.124165230759241,0.0154170045294956
100.426,0.621,24.84,0.363078054770102,0.131825673855641
100.444,0.298,11.92,0.0820351544329818,0.00672976656284318
100.444,0.582,23.28,0.303389118419427,0.0920449571753172
100.465,0.686,27.44,0.489778819368447,0.239883291901949
100.465,0.556,22.24,0.269153480392692,0.0724435960074991
100.484,0.66,26.4,0.434510224171572,0.18879913490963
100.505,0.725,29,0.586138164514029,0.343557947899875
100.506,0.66,26.4,0.434510224171572,0.18879913490963
100.525,0.712,28.48,0.552077439280758,0.304789498962799
100.525,0.738,29.52,0.62230028516916,0.387257644921618
100.544,0.712,28.48,0.552077439280758,0.304789498962799
100.564,0.725,29,0.586138164514029,0.343557947899875
100.564,0.712,28.48,0.552077439280758,0.304789498962799
100.584,0.725,29,0.586138164514029,0.343557947899875
100.584,0.725,29,0.586138164514029,0.343557947899875
100.603,0.699,27.96,0.519995996533516,0.270395836410885
100.622,0.725,29,0.586138164514029,0.343557947899875
100.622,0.699,27.96,0.519995996533516,0.270395836410885
100.64,0.621,24.84,0.363078054770102,0.131825673855641
100.658,0.712,28.48,0.552077439280758,0.304789498962799
100.658,0.673,26.92,0.46131757456038,0.212813904598272
100.676,0.492,19.68,0.200447202736516,0.040179081084894
100.695,0.66,26.4,0.434510224171572,0.18879913490963
100.695,0.531,21.24,0.239883291901949,0.0575439937337158
100.713,0.155,6.2,0.0424619563946313,0.00180301774085957
100.731,0.569,22.76,0.285759054337495,0.0816582371358593
100.731,0.272,10.88,0.0727779804536825,0.00529663443891659
100.75,0.479,19.16,0.188799134909629,0.0356451133426244
100.75,0.375,15,0.116949939101987,0.0136772882559585
100.768,0.414,16.56,0.139958732257262,0.0195884467350599
100.786,0.608,24.32,0.341979442513709,0.116949939101987
100.787,0.324,12.96,0.0924698173938223,0.00855066712884685
100.804,0.595,23.8,0.322106879128344,0.103752841581801
100.823,0.246,9.84,0.0645654229034656,0.00416869383470336
100.823,0.569,22.76,0.285759054337495,0.0816582371358593
100.84,0.686,27.44,0.489778819368447,0.239883291901949
100.859,0.544,21.76,0.254683025258504,0.064863443354824
100.859,0.647,25.88,0.409260659730011,0.167494287602644
100.878,0.712,28.48,0.552077439280758,0.304789498962799
100.896,0.647,25.88,0.409260659730011,0.167494287602644
100.896,0.725,29,0.586138164514029,0.343557947899875
100.915,0.738,29.52,0.62230028516916,0.387257644921618
100.935,0.699,27.96,0.519995996533516,0.270395836410885
100.935,0.725,29,0.586138164514029,0.343557947899875
100.954,0.725,29,0.586138164514029,0.343557947899875
100.954,0.725,29,0.586138164514029,0.343557947899875
100.974,0.738,29.52,0.62230028516916,0.387257644921618
100.992,0.712,28.48,0.552077439280758,0.304789498962799
100.992,0.725,29,0.586138164514029,0.343557947899875
101.01,0.712,28.48,0.552077439280758,0.304789498962799
101.028,0.647,25.88,0.409260659730011,0.167494287602644
101.028,0.725,29,0.586138164514029,0.343557947899875
101.047,0.673,26.92,0.46131757456038,0.212813904598272
101.068,0.569,22.76,0.285759054337495,0.0816582371358593
101.068,0.673,26.92,0.46131757456038,0.212813904598272
101.086,0.569,22.76,0.285759054337495,0.0816582371358593
101.086,0.259,10.36,0.0685488226452662,0.00469894108605216
101.104,0.595,23.8,0.322106879128344,0.103752841581801
101.123,0.311,12.44,0.0870963589956081,0.00758577575029184
101.123,0.466,18.64,0.177827941003892,0.0316227766016838
101.142,0.414,16.56,0.139958732257262,0.0195884467350599
101.16,0.388,15.52,0.124165230759241,0.0154170045294956
101.16,0.595,23.8,0.322106879128344,0.103752841581801
101.179,0.285,11.4,0.0772680585095703,0.00597035286583838
101.179,0.582,23.28,0.303389118419427,0.0920449571753172
101.197,0.168,6.72,0.0450816704541461,0.00203235701093622
101.215,0.544,21.76,0.254683025258504,0.064863443354824
101.215,0.673,26.92,0.46131757456038,0.212813904598272
101.233,0.505,20.2,0.212813904598271,0.0452897579903621
101.251,0.647,25.88,0.409260659730011,0.167494287602644
101.251,0.699,27.96,0.519995996533516,0.270395836410885
101.269,0.634,25.36,0.385478357665772,0.148593564228701
101.289,0.712,28.48,0.552077439280758,0.304789498962799
101.289,0.738,29.52,0.62230028516916,0.387257644921618
101.308,0.699,27.96,0.519995996533516,0.270395836410885
101.325,0.725,29,0.586138164514029,0.343557947899875
101.325,0.725,29,0.586138164514029,0.343557947899875
101.343,0.725,29,0.586138164514029,0.343557947899875
101.361,0.738,29.52,0.62230028516916,0.387257644921618
101.361,0.699,27.96,0.519995996533516,0.270395836410885
101.38,0.725,29,0.586138164514029,0.343557947899875
101.398,0.712,28.48,0.552077439280758,0.304789498962799
101.398,0.66,26.4,0.434510224171572,0.18879913490963
101.418,0.725,29,0.586138164514029,0.343557947899875
101.418,0.66,26.4,0.434510224171572,0.18879913490963
101.435,0.544,21.76,0.254683025258504,0.064863443354824
101.453,0.673,26.92,0.46131757456038,0.212813904598272
101.453,0.569,22.76,0.285759054337495,0.0816582371358593
101.472,0.285,11.4,0.0772680585095703,0.00597035286583838
101.492,0.634,25.36,0.385478357665772,0.148593564228701
101.492,0.388,15.52,0.124165230759241,0.0154170045294956
101.512,0.401,16.04,0.131825673855641,0.0173780082874938
101.512,0.453,18.12,0.167494287602644,0.0280543363795172
101.531,0.311,12.44,0.0870963589956081,0.00758577575029184
101.549,0.582,23.28,0.303389118419427,0.0920449571753172
101.549,0.181,7.24,0.0478630092322639,0.00229086765276777
101.566,0.569,22.76,0.285759054337495,0.0816582371358593
101.586,0.673,26.92,0.46131757456038,0.212813904598272
101.586,0.518,20.72,0.225943577022098,0.0510504999975407
101.604,0.66,26.4,0.434510224171572,0.18879913490963
101.622,0.479,19.16,0.188799134909629,0.0356451133426244
101.622,0.634,25.36,0.385478357665772,0.148593564228701
101.641,0.712,28.48,0.552077439280758,0.304789498962799
101.658,0.621,24.84,0.363078054770102,0.131825673855641
101.658,0.686,27.44,0.489778819368447,0.239883291901949
101.677,0.725,29,0.586138164514029,0.343557947899875
101.694,0.686,27.44,0.489778819368447,0.239883291901949
101.694,0.725,29,0.586138164514029,0.343557947899875
101.713,0.738,29.52,0.62230028516916,0.387257644921618
101.732,0.725,29,0.586138164514029,0.343557947899875
101.732,0.738,29.52,0.62230028516916,0.387257644921618
101.75,0.699,27.96,0.519995996533516,0.270395836410885
101.768,0.725,29,0.586138164514029,0.343557947899875
101.768,0.712,28.48,0.552077439280758,0.304789498962799
101.786,0.647,25.88,0.409260659730011,0.167494287602644
101.786,0.725,29,0.586138164514029,0.343557947899875
101.803,0.686,27.44,0.489778819368447,0.239883291901949
101.82,0.569,22.76,0.285759054337495,0.0816582371358593
101.82,0.699,27.96,0.519995996533516,0.270395836410885
101.839,0.595,23.8,0.322106879128344,0.103752841581801
101.859,0.336,13.44,0.0977237220955811,0.00954992586021437
101.859,0.621,24.84,0.363078054770102,0.131825673855641
101.876,0.427,17.08,0.148593564228701,0.022080047330189
101.894,0.595,23.8,0.322106879128344,0.103752841581801
101.894,0.479,19.16,0.188799134909629,0.0356451133426244
101.914,0.259,10.36,0.0685488226452662,0.00469894108605216
101.933,0.582,23.28,0.303389118419427,0.0920449571753172
101.934,0.181,7.24,0.0478630092322639,0.00229086765276777
101.951,0.544,21.76,0.254683025258504,0.064863443354824
101.969,0.647,25.88,0.409260659730011,0.167494287602644
101.969,0.505,20.2,0.212813904598271,0.0452897579903621
101.987,0.647,25.88,0.409260659730011,0.167494287602644
102.004,0.453,18.12,0.167494287602644,0.0280543363795172
102.004,0.634,25.36,0.385478357665772,0.148593564228701
102.023,0.699,27.96,0.519995996533516,0.270395836410885
102.041,0.595,23.8,0.322106879128344,0.103752841581801
102.041,0.686,27.44,0.489778819368447,0.239883291901949
102.059,0.725,29,0.586138164514029,0.343557947899875
102.079,0.686,27.44,0.489778819368447,0.239883291901949
102.079,0.725,29,0.586138164514029,0.343557947899875
102.098,0.725,29,0.586138164514029,0.343557947899875
102.098,0.725,29,0.586138164514029,0.343557947899875
102.115,0.738,29.52,0.62230028516916,0.387257644921618
102.134,0.712,28.48,0.552077439280758,0.304789498962799
102.135,0.725,29,0.586138164514029,0.343557947899875
102.153,0.725,29,0.586138164514029,0.343557947899875
102.171,0.673,26.92,0.46131757456038,0.212813904598272
102.171,0.725,29,0.586138164514029,0.343557947899875
102.189,0.686,27.44,0.489778819368447,0.239883291901949
102.207,0.582,23.28,0.303389118419427,0.0920449571753172
102.207,0.699,27.96,0.519995996533516,0.270395836410885
102.225,0.621,24.84,0.363078054770102,0.131825673855641
102.242,0.401,16.04,0.131825673855641,0.0173780082874938
102.242,0.634,25.36,0.385478357665772,0.148593564228701
102.26,0.466,18.64,0.177827941003892,0.0316227766016838
102.279,0.324,12.96,0.0924698173938223,0.00855066712884685
102.279,0.518,20.72,0.225943577022098,0.0510504999975407
102.296,0.22,8.8,0.057279603098583,0.00328095293113119
102.314,0.556,22.24,0.269153480392692,0.0724435960074991
102.314,0.194,7.76,0.0508159442560561,0.0025822601906346
102.331,0.518,20.72,0.225943577022098,0.0510504999975407
102.351,0.66,26.4,0.434510224171572,0.18879913490963
102.351,0.466,18.64,0.177827941003892,0.0316227766016838
102.369,0.634,25.36,0.385478357665772,0.148593564228701
102.387,0.388,15.52,0.124165230759241,0.0154170045294956
102.387,0.621,24.84,0.363078054770102,0.131825673855641
102.406,0.712,28.48,0.552077439280758,0.304789498962799
102.406,0.582,23.28,0.303389118419427,0.0920449571753172
102.423,0.686,27.44,0.489778819368447,0.239883291901949
102.44,0.725,29,0.586138164514029,0.343557947899875
102.441,0.686,27.44,0.489778819368447,0.239883291901949
102.46,0.725,29,0.586138164514029,0.343557947899875
102.479,0.725,29,0.586138164514029,0.343557947899875
102.479,0.712,28.48,0.552077439280758,0.304789498962799
102.497,0.738,29.52,0.62230028516916,0.387257644921618
102.516,0.712,28.48,0.552077439280758,0.304789498962799
102.516,0.725,29,0.586138164514029,0.343557947899875
102.535,0.725,29,0.586138164514029,0.343557947899875
102.554,0.673,26.92,0.46131757456038,0.212813904598272
102.554,0.725,29,0.586138164514029,0.343557947899875
102.572,0.699,27.96,0.519995996533516,0.270395836410885
102.572,0.582,23.28,0.303389118419427,0.0920449571753172
102.592,0.699,27.96,0.519995996533516,0.270395836410885
102.609,0.621,24.84,0.363078054770102,0.131825673855641
102.609,0.427,17.08,0.148593564228701,0.022080047330189
102.628,0.647,25.88,0.409260659730011,0.167494287602644
102.646,0.479,19.16,0.188799134909629,0.0356451133426244
102.646,0.246,9.84,0.0645654229034656,0.00416869383470336
102.664,0.531,21.24,0.239883291901949,0.0575439937337158
102.683,0.168,6.72,0.0450816704541461,0.00203235701093622
102.683,0.544,21.76,0.254683025258504,0.064863443354824
102.7,0.22,8.8,0.057279603098583,0.00328095293113119
102.719,0.505,20.2,0.212813904598271,0.0452897579903621
102.719,0.647,25.88,0.409260659730011,0.167494287602644
102.738,0.44,17.6,0.157761126969935,0.0248885731828239
102.755,0.621,24.84,0.363078054770102,0.131825673855641
102.755,0.375,15,0.116949939101987,0.0136772882559585
102.774,0.608,24.32,0.341979442513709,0.116949939101987
102.792,0.686,27.44,0.489778819368447,0.239883291901949
102.792,0.569,22.76,0.285759054337495,0.0816582371358593
102.81,0.673,26.92,0.46131757456038,0.212813904598272
102.81,0.725,29,0.586138164514029,0.343557947899875
102.828,0.66,26.4,0.434510224171572,0.18879913490963
102.846,0.725,29,0.586138164514029,0.343557947899875
102.846,0.725,29,0.586138164514029,0.343557947899875
102.864,0.712,28.48,0.552077439280758,0.304789498962799
102.881,0.725,29,0.586138164514029,0.343557947899875
102.9,0.712,28.48,0.552077439280758,0.304789498962799
102.9,0.725,29,0.586138164514029,0.343557947899875
102.919,0.725,29,0.586138164514029,0.343557947899875
102.919,0.686,27.44,0.489778819368447,0.239883291901949
102.936,0.738,29.52,0.62230028516916,0.387257644921618
102.954,0.699,27.96,0.519995996533516,0.270395836410885
102.955,0.621,24.84,0.363078054770102,0.131825673855641
102.972,0.712,28.48,0.552077439280758,0.304789498962799
102.991,0.634,25.36,0.385478357665772,0.148593564228701
102.991,0.466,18.64,0.177827941003892,0.0316227766016838
103.009,0.647,25.88,0.409260659730011,0.167494287602644
103.028,0.518,20.72,0.225943577022098,0.0510504999975407
103.028,0.207,8.28,0.0539510622515128,0.00291071711806661
103.046,0.544,21.76,0.254683025258504,0.064863443354824
103.063,0.181,7.24,0.0478630092322639,0.00229086765276777
103.063,0.518,20.72,0.225943577022098,0.0510504999975407
103.083,0.311,12.44,0.0870963589956081,0.00758577575029184
103.102,0.479,19.16,0.188799134909629,0.0356451133426244
103.102,0.634,25.36,0.385478357665772,0.148593564228701
103.121,0.556,22.24,0.269153480392692,0.0724435960074991
103.121,0.621,24.84,0.363078054770102,0.131825673855641
103.138,0.311,12.44,0.0870963589956081,0.00758577575029184
103.156,0.582,23.28,0.303389118419427,0.0920449571753172
103.156,0.686,27.44,0.489778819368447,0.239883291901949
103.174,0.556,22.24,0.269153480392692,0.0724435960074991
103.191,0.673,26.92,0.46131757456038,0.212813904598272
103.192,0.725,29,0.586138164514029,0.343557947899875
103.21,0.66,26.4,0.434510224171572,0.18879913490963
103.229,0.725,29,0.586138164514029,0.343557947899875
103.229,0.738,29.52,0.62230028516916,0.387257644921618
103.246,0.712,28.48,0.552077439280758,0.304789498962799
103.265,0.738,29.52,0.62230028516916,0.387257644921618
103.265,0.725,29,0.586138164514029,0.343557947899875
103.283,0.725,29,0.586138164514029,0.343557947899875
103.3,0.725,29,0.586138164514029,0.343557947899875
103.3,0.686,27.44,0.489778819368447,0.239883291901949
103.319,0.725,29,0.586138164514029,0.343557947899875
103.336,0.699,27.96,0.519995996533516,0.270395836410885
103.336,0.621,24.84,0.363078054770102,0.131825673855641
103.356,0.712,28.48,0.552077439280758,0.304789498962799
103.373,0.634,25.36,0.385478357665772,0.148593564228701
103.373,0.492,19.68,0.200447202736516,0.040179081084894
103.391,0.647,25.88,0.409260659730011,0.167494287602644
103.409,0.518,20.72,0.225943577022098,0.0510504999975407
103.409,0.155,6.2,0.0424619563946313,0.00180301774085957
103.427,0.569,22.76,0.285759054337495,0.0816582371358593
103.445,0.246,9.84,0.0645654229034656,0.00416869383470336
103.445,0.492,19.68,0.200447202736516,0.040179081084894
103.465,0.362,14.48,0.110153930954142,0.0121338885046498
103.465,0.427,17.08,0.148593564228701,0.022080047330189
103.485,0.621,24.84,0.363078054770102,0.131825673855641
103.504,0.336,13.44,0.0977237220955811,0.00954992586021437
103.504,0.595,23.8,0.322106879128344,0.103752841581801
103.524,0.259,10.36,0.0685488226452662,0.00469894108605216
103.524,0.569,22.76,0.285759054337495,0.0816582371358593
103.544,0.673,26.92,0.46131757456038,0.212813904598272
103.564,0.531,21.24,0.239883291901949,0.0575439937337158
103.564,0.647,25.88,0.409260659730011,0.167494287602644
103.583,0.712,28.48,0.552077439280758,0.304789498962799
103.606,0.647,25.88,0.409260659730011,0.167494287602644
103.606,0.712,28.48,0.552077439280758,0.304789498962799
103.628,0.725,29,0.586138164514029,0.343557947899875
103.628,0.699,27.96,0.519995996533516,0.270395836410885
103.646,0.738,29.52,0.62230028516916,0.387257644921618
103.646,0.725,29,0.586138164514029,0.343557947899875
103.665,0.725,29,0.586138164514029,0.343557947899875
103.686,0.725,29,0.586138164514029,0.343557947899875
103.686,0.686,27.44,0.489778819368447,0.239883291901949
103.706,0.738,29.52,0.62230028516916,0.387257644921618
103.706,0.712,28.48,0.552077439280758,0.304789498962799
103.727,0.634,25.36,0.385478357665772,0.148593564228701
103.727,0.712,28.48,0.552077439280758,0.304789498962799
103.748,0.66,26.4,0.434510224171572,0.18879913490963
103.768,0.518,20.72,0.225943577022098,0.0510504999975407
103.768,0.673,26.92,0.46131757456038,0.212813904598272
103.787,0.569,22.76,0.285759054337495,0.0816582371358593
103.787,0.22,8.8,0.057279603098583,0.00328095293113119
103.806,0.595,23.8,0.322106879128344,0.103752841581801
103.824,0.285,11.4,0.0772680585095703,0.00597035286583838
103.824,0.479,19.16,0.188799134909629,0.0356451133426244
103.843,0.401,16.04,0.131825673855641,0.0173780082874938
103.861,0.414,16.56,0.139958732257262,0.0195884467350599
103.862,0.595,23.8,0.322106879128344,0.103752841581801
103.881,0.298,11.92,0.0820351544329818,0.00672976656284318
103.901,0.582,23.28,0.303389118419427,0.0920449571753172
103.901,0.207,8.28,0.0539510622515128,0.00291071711806661
103.92,0.556,22.24,0.269153480392692,0.0724435960074991
103.92,0.673,26.92,0.46131757456038,0.212813904598272
103.938,0.505,20.2,0.212813904598271,0.0452897579903621
103.957,0.66,26.4,0.434510224171572,0.18879913490963
103.957,0.712,28.48,0.552077439280758,0.304789498962799
103.977,0.647,25.88,0.409260659730011,0.167494287602644
103.977,0.699,27.96,0.519995996533516,0.270395836410885
103.996,0.725,29,0.586138164514029,0.343557947899875
104.015,0.699,27.96,0.519995996533516,0.270395836410885
104.015,0.725,29,0.586138164514029,0.343557947899875
104.033,0.725,29,0.586138164514029,0.343557947899875
104.051,0.725,29,0.586138164514029,0.343557947899875
104.051,0.725,29,0.586138164514029,0.343557947899875
104.07,0.699,27.96,0.519995996533516,0.270395836410885
104.089,0.738,29.52,0.62230028516916,0.387257644921618
104.089,0.712,28.48,0.552077439280758,0.304789498962799
104.108,0.647,25.88,0.409260659730011,0.167494287602644
104.108,0.725,29,0.586138164514029,0.343557947899875
104.126,0.673,26.92,0.46131757456038,0.212813904598272
104.143,0.544,21.76,0.254683025258504,0.064863443354824
104.143,0.686,27.44,0.489778819368447,0.239883291901949
104.162,0.569,22.76,0.285759054337495,0.0816582371358593
104.179,0.272,10.88,0.0727779804536825,0.00529663443891659
104.196,0.595,23.8,0.322106879128344,0.103752841581801
104.196,0.388,15.52,0.124165230759241,0.0154170045294956
104.215,0.427,17.08,0.148593564228701,0.022080047330189
104.215,0.453,18.12,0.167494287602644,0.0280543363795172
104.234,0.336,13.44,0.0977237220955811,0.00954992586021437
104.251,0.595,23.8,0.322106879128344,0.103752841581801
104.251,0.246,9.84,0.0645654229034656,0.00416869383470336
104.269,0.569,22.76,0.285759054337495,0.0816582371358593
104.288,0.505,20.2,0.212813904598271,0.0452897579903621
104.288,0.531,21.24,0.239883291901949,0.0575439937337158
104.306,0.66,26.4,0.434510224171572,0.18879913490963
104.326,0.492,19.68,0.200447202736516,0.040179081084894
104.326,0.647,25.88,0.409260659730011,0.167494287602644
104.344,0.699,27.96,0.519995996533516,0.270395836410885
104.362,0.634,25.36,0.385478357665772,0.148593564228701
104.362,0.712,28.48,0.552077439280758,0.304789498962799
104.378,0.725,29,0.586138164514029,0.343557947899875
104.397,0.686,27.44,0.489778819368447,0.239883291901949
104.397,0.725,29,0.586138164514029,0.343557947899875
104.415,0.738,29.52,0.62230028516916,0.387257644921618
104.432,0.725,29,0.586138164514029,0.343557947899875
104.432,0.725,29,0.586138164514029,0.343557947899875
104.45,0.712,28.48,0.552077439280758,0.304789498962799
104.468,0.738,29.52,0.62230028516916,0.387257644921618
104.468,0.712,28.48,0.552077439280758,0.304789498962799
104.487,0.647,25.88,0.409260659730011,0.167494287602644
104.504,0.725,29,0.586138164514029,0.343557947899875
104.504,0.673,26.92,0.46131757456038,0.212813904598272
104.522,0.556,22.24,0.269153480392692,0.0724435960074991
104.539,0.686,27.44,0.489778819368447,0.239883291901949
104.539,0.582,23.28,0.303389118419427,0.0920449571753172
104.557,0.324,12.96,0.0924698173938223,0.00855066712884685
104.575,0.621,24.84,0.363078054770102,0.131825673855641
104.575,0.388,15.52,0.124165230759241,0.0154170045294956
104.593,0.388,15.52,0.124165230759241,0.0154170045294956
104.611,0.466,18.64,0.177827941003892,0.0316227766016838
104.611,0.298,11.92,0.0820351544329818,0.00672976656284318
104.63,0.582,23.28,0.303389118419427,0.0920449571753172
104.648,0.181,7.24,0.0478630092322639,0.00229086765276777
104.648,0.556,22.24,0.269153480392692,0.0724435960074991
104.667,0.66,26.4,0.434510224171572,0.18879913490963
104.684,0.518,20.72,0.225943577022098,0.0510504999975407
104.685,0.647,25.88,0.409260659730011,0.167494287602644
104.704,0.453,18.12,0.167494287602644,0.0280543363795172
104.704,0.634,25.36,0.385478357665772,0.148593564228701
104.723,0.699,27.96,0.519995996533516,0.270395836410885
104.74,0.608,24.32,0.341979442513709,0.116949939101987
104.74,0.699,27.96,0.519995996533516,0.270395836410885
104.761,0.738,29.52,0.62230028516916,0.387257644921618
104.78,0.686,27.44,0.489778819368447,0.239883291901949
104.78,0.725,29,0.586138164514029,0.343557947899875
104.8,0.738,29.52,0.62230028516916,0.387257644921618
104.8,0.725,29,0.586138164514029,0.343557947899875
104.82,0.725,29,0.586138164514029,0.343557947899875
104.839,0.712,28.48,0.552077439280758,0.304789498962799
104.839,0.725,29,0.586138164514029,0.343557947899875
104.859,0.712,28.48,0.552077439280758,0.304789498962799
104.859,0.66,26.4,0.434510224171572,0.18879913490963
104.878,0.725,29,0.586138164514029,0.343557947899875
104.895,0.686,27.44,0.489778819368447,0.239883291901949
104.896,0.582,23.28,0.303389118419427,0.0920449571753172
104.914,0.699,27.96,0.519995996533516,0.270395836410885
104.932,0.608,24.32,0.341979442513709,0.116949939101987
104.932,0.388,15.52,0.124165230759241,0.0154170045294956
104.952,0.634,25.36,0.385478357665772,0.148593564228701
104.969,0.518,20.72,0.225943577022098,0.0510504999975407
104.969,0.324,12.96,0.0924698173938223,0.00855066712884685
104.989,0.518,20.72,0.225943577022098,0.0510504999975407
105.006,0.194,7.76,0.0508159442560561,0.0025822601906346
105.006,0.569,22.76,0.285759054337495,0.0816582371358593
105.026,0.142,5.68,0.0399944749761098,0.00159955802861467
105.026,0.531,21.24,0.239883291901949,0.0575439937337158
105.045,0.66,26.4,0.434510224171572,0.18879913490963
105.061,0.479,19.16,0.188799134909629,0.0356451133426244
105.062,0.647,25.88,0.409260659730011,0.167494287602644
105.08,0.414,16.56,0.139958732257262,0.0195884467350599
105.098,0.621,24.84,0.363078054770102,0.131825673855641
105.098,0.699,27.96,0.519995996533516,0.270395836410885
105.119,0.595,23.8,0.322106879128344,0.103752841581801
105.138,0.686,27.44,0.489778819368447,0.239883291901949
105.138,0.725,29,0.586138164514029,0.343557947899875
105.156,0.673,26.92,0.46131757456038,0.212813904598272
105.156,0.725,29,0.586138164514029,0.343557947899875
105.174,0.725,29,0.586138164514029,0.343557947899875
105.192,0.725,29,0.586138164514029,0.343557947899875
105.192,0.725,29,0.586138164514029,0.343557947899875
105.212,0.712,28.48,0.552077439280758,0.304789498962799
105.23,0.725,29,0.586138164514029,0.343557947899875
105.23,0.725,29,0.586138164514029,0.343557947899875
105.249,0.673,26.92,0.46131757456038,0.212813904598272
105.267,0.725,29,0.586138164514029,0.343557947899875
105.267,0.686,27.44,0.489778819368447,0.239883291901949
105.285,0.595,23.8,0.322106879128344,0.103752841581801
105.303,0.699,27.96,0.519995996533516,0.270395836410885
105.303,0.608,24.32,0.341979442513709,0.116949939101987
105.321,0.414,16.56,0.139958732257262,0.0195884467350599
105.34,0.634,25.36,0.385478357665772,0.148593564228701
105.34,0.466,18.64,0.177827941003892,0.0316227766016838
105.359,0.285,11.4,0.0772680585095703,0.00597035286583838
105.359,0.531,21.24,0.239883291901949,0.0575439937337158
105.377,0.155,6.2,0.0424619563946313,0.00180301774085957
105.395,0.531,21.24,0.239883291901949,0.0575439937337158
105.395,0.207,8.28,0.0539510622515128,0.00291071711806661
105.415,0.505,20.2,0.212813904598271,0.0452897579903621
105.433,0.66,26.4,0.434510224171572,0.18879913490963
105.433,0.466,18.64,0.177827941003892,0.0316227766016838
105.45,0.634,25.36,0.385478357665772,0.148593564228701
105.468,0.388,15.52,0.124165230759241,0.0154170045294956
105.468,0.608,24.32,0.341979442513709,0.116949939101987
105.487,0.686,27.44,0.489778819368447,0.239883291901949
105.504,0.582,23.28,0.303389118419427,0.0920449571753172
105.504,0.686,27.44,0.489778819368447,0.239883291901949
105.523,0.725,29,0.586138164514029,0.343557947899875
105.541,0.673,26.92,0.46131757456038,0.212813904598272
105.541,0.712,28.48,0.552077439280758,0.304789498962799
105.559,0.725,29,0.586138164514029,0.343557947899875
105.576,0.712,28.48,0.552077439280758,0.304789498962799
105.576,0.725,29,0.586138164514029,0.343557947899875
105.594,0.712,28.48,0.552077439280758,0.304789498962799
105.612,0.725,29,0.586138164514029,0.343557947899875
105.612,0.725,29,0.586138164514029,0.343557947899875
105.63,0.686,27.44,0.489778819368447,0.239883291901949
105.648,0.725,29,0.586138164514029,0.343557947899875
105.648,0.686,27.44,0.489778819368447,0.239883291901949
105.666,0.621,24.84,0.363078054770102,0.131825673855641
105.684,0.712,28.48,0.552077439280758,0.304789498962799
105.684,0.621,24.84,0.363078054770102,0.131825673855641
105.701,0.453,18.12,0.167494287602644,0.0280543363795172
105.719,0.673,26.92,0.46131757456038,0.212813904598272
105.719,0.505,20.2,0.212813904598271,0.0452897579903621
105.737,0.207,8.28,0.0539510622515128,0.00291071711806661
105.755,0.556,22.24,0.269153480392692,0.0724435960074991
105.755,0.181,7.24,0.0478630092322639,0.00229086765276777
105.773,0.518,20.72,0.225943577022098,0.0510504999975407
105.791,0.285,11.4,0.0772680585095703,0.00597035286583838
105.791,0.479,19.16,0.188799134909629,0.0356451133426244
105.809,0.647,25.88,0.409260659730011,0.167494287602644
105.827,0.414,16.56,0.139958732257262,0.0195884467350599
105.827,0.621,24.84,0.363078054770102,0.131825673855641
105.846,0.311,12.44,0.0870963589956081,0.00758577575029184
105.864,0.595,23.8,0.322106879128344,0.103752841581801
105.864,0.686,27.44,0.489778819368447,0.239883291901949
105.882,0.569,22.76,0.285759054337495,0.0816582371358593
105.884,0.673,26.92,0.46131757456038,0.212813904598272
105.9,0.725,29,0.586138164514029,0.343557947899875
105.919,0.66,26.4,0.434510224171572,0.18879913490963
105.919,0.712,28.48,0.552077439280758,0.304789498962799
105.937,0.725,29,0.586138164514029,0.343557947899875
105.955,0.699,27.96,0.519995996533516,0.270395836410885
105.955,0.738,29.52,0.62230028516916,0.387257644921618
105.974,0.725,29,0.586138164514029,0.343557947899875
105.992,0.725,29,0.586138164514029,0.343557947899875
105.992,0.725,29,0.586138164514029,0.343557947899875
106.009,0.686,27.44,0.489778819368447,0.239883291901949
106.029,0.751,30.04,0.660693448007596,0.436515832240167
106.029,0.699,27.96,0.519995996533516,0.270395836410885
106.047,0.621,24.84,0.363078054770102,0.131825673855641
106.063,0.712,28.48,0.552077439280758,0.304789498962799
106.063,0.634,25.36,0.385478357665772,0.148593564228701
106.082,0.479,19.16,0.188799134909629,0.0356451133426244
106.1,0.66,26.4,0.434510224171572,0.18879913490963
106.1,0.531,21.24,0.239883291901949,0.0575439937337158
106.119,0.142,5.68,0.0399944749761098,0.00159955802861467
106.136,0.556,22.24,0.269153480392692,0.0724435960074991
106.136,0.207,8.28,0.0539510622515128,0.00291071711806661
106.154,0.492,19.68,0.200447202736516,0.040179081084894
106.173,0.336,13.44,0.0977237220955811,0.00954992586021437
106.173,0.44,17.6,0.157761126969935,0.0248885731828239
106.193,0.621,24.84,0.363078054770102,0.131825673855641
106.193,0.362,14.48,0.110153930954142,0.0121338885046498
106.212,0.595,23.8,0.322106879128344,0.103752841581801
106.23,0.259,10.36,0.0685488226452662,0.00469894108605216
106.23,0.569,22.76,0.285759054337495,0.0816582371358593
106.248,0.699,27.96,0.519995996533516,0.270395836410885
106.266,0.531,21.24,0.239883291901949,0.0575439937337158
106.266,0.66,26.4,0.434510224171572,0.18879913490963
106.283,0.725,29,0.586138164514029,0.343557947899875
106.302,0.634,25.36,0.385478357665772,0.148593564228701
106.302,0.712,28.48,0.552077439280758,0.304789498962799
106.321,0.738,29.52,0.62230028516916,0.387257644921618
106.339,0.699,27.96,0.519995996533516,0.270395836410885
106.339,0.725,29,0.586138164514029,0.343557947899875
106.358,0.725,29,0.586138164514029,0.343557947899875
106.375,0.725,29,0.586138164514029,0.343557947899875
106.375,0.725,29,0.586138164514029,0.343557947899875
106.393,0.686,27.44,0.489778819368447,0.239883291901949
106.411,0.738,29.52,0.62230028516916,0.387257644921618
106.411,0.712,28.48,0.552077439280758,0.304789498962799
106.429,0.634,25.36,0.385478357665772,0.148593564228701
106.446,0.712,28.48,0.552077439280758,0.304789498962799
106.446,0.66,26.4,0.434510224171572,0.18879913490963
106.465,0.518,20.72,0.225943577022098,0.0510504999975407
106.482,0.686,27.44,0.489778819368447,0.239883291901949
106.482,0.556,22.24,0.269153480392692,0.0724435960074991
106.5,0.427,17.08,0.148593564228701,0.022080047330189
106.52,0.582,23.28,0.303389118419427,0.0920449571753172
106.52,0.298,11.92,0.0820351544329818,0.00672976656284318
106.537,0.466,18.64,0.177827941003892,0.0316227766016838
106.554,0.414,16.56,0.139958732257262,0.0195884467350599
106.554,0.401,16.04,0.131825673855641,0.0173780082874938
106.573,0.608,24.32,0.341979442513709,0.116949939101987
106.591,0.324,12.96,0.0924698173938223,0.00855066712884685
106.591,0.595,23.8,0.322106879128344,0.103752841581801
106.61,0.194,7.76,0.0508159442560561,0.0025822601906346
106.61,0.569,22.76,0.285759054337495,0.0816582371358593
106.628,0.673,26.92,0.46131757456038,0.212813904598272
106.646,0.531,21.24,0.239883291901949,0.0575439937337158
106.646,0.66,26.4,0.434510224171572,0.18879913490963
106.664,0.712,28.48,0.552077439280758,0.304789498962799
106.683,0.647,25.88,0.409260659730011,0.167494287602644
106.683,0.712,28.48,0.552077439280758,0.304789498962799
106.701,0.725,29,0.586138164514029,0.343557947899875
106.72,0.699,27.96,0.519995996533516,0.270395836410885
106.721,0.725,29,0.586138164514029,0.343557947899875
106.738,0.725,29,0.586138164514029,0.343557947899875
106.756,0.725,29,0.586138164514029,0.343557947899875
106.756,0.725,29,0.586138164514029,0.343557947899875
106.774,0.686,27.44,0.489778819368447,0.239883291901949
106.792,0.725,29,0.586138164514029,0.343557947899875
106.793,0.699,27.96,0.519995996533516,0.270395836410885
106.811,0.647,25.88,0.409260659730011,0.167494287602644
106.812,0.712,28.48,0.552077439280758,0.304789498962799
106.829,0.66,26.4,0.434510224171572,0.18879913490963
106.847,0.531,21.24,0.239883291901949,0.0575439937337158
106.847,0.673,26.92,0.46131757456038,0.212813904598272
106.865,0.569,22.76,0.285759054337495,0.0816582371358593
106.883,0.233,9.32,0.0608135001278718,0.00369828179780267
106.884,0.608,24.32,0.341979442513709,0.116949939101987
106.901,0.349,13.96,0.103752841581801,0.0107646521362984
106.921,0.44,17.6,0.157761126969935,0.0248885731828239
106.921,0.44,17.6,0.157761126969935,0.0248885731828239
106.939,0.362,14.48,0.110153930954142,0.0121338885046498
106.957,0.608,24.32,0.341979442513709,0.116949939101987
106.957,0.233,9.32,0.0608135001278718,0.00369828179780267
106.974,0.569,22.76,0.285759054337495,0.0816582371358593
106.993,0.686,27.44,0.489778819368447,0.239883291901949
106.993,0.531,21.24,0.239883291901949,0.0575439937337158
107.011,0.66,26.4,0.434510224171572,0.18879913490963
107.028,0.479,19.16,0.188799134909629,0.0356451133426244
107.028,0.647,25.88,0.409260659730011,0.167494287602644
107.047,0.712,28.48,0.552077439280758,0.304789498962799
107.065,0.621,24.84,0.363078054770102,0.131825673855641
107.066,0.699,27.96,0.519995996533516,0.270395836410885
107.084,0.738,29.52,0.62230028516916,0.387257644921618
107.102,0.686,27.44,0.489778819368447,0.239883291901949
107.102,0.725,29,0.586138164514029,0.343557947899875
107.123,0.738,29.52,0.62230028516916,0.387257644921618
107.123,0.725,29,0.586138164514029,0.343557947899875
107.141,0.738,29.52,0.62230028516916,0.387257644921618
107.16,0.712,28.48,0.552077439280758,0.304789498962799
107.16,0.738,29.52,0.62230028516916,0.387257644921618
107.178,0.725,29,0.586138164514029,0.343557947899875
107.196,0.66,26.4,0.434510224171572,0.18879913490963
107.196,0.712,28.48,0.552077439280758,0.304789498962799
107.213,0.673,26.92,0.46131757456038,0.212813904598272
107.231,0.556,22.24,0.269153480392692,0.0724435960074991
107.232,0.686,27.44,0.489778819368447,0.239883291901949
107.25,0.582,23.28,0.303389118419427,0.0920449571753172
107.266,0.298,11.92,0.0820351544329818,0.00672976656284318
107.267,0.621,24.84,0.363078054770102,0.131825673855641
107.286,0.388,15.52,0.124165230759241,0.0154170045294956
107.304,0.388,15.52,0.124165230759241,0.0154170045294956
107.305,0.479,19.16,0.188799134909629,0.0356451133426244
107.321,0.298,11.92,0.0820351544329818,0.00672976656284318
107.339,0.582,23.28,0.303389118419427,0.0920449571753172
107.339,0.181,7.24,0.0478630092322639,0.00229086765276777
107.358,0.556,22.24,0.269153480392692,0.0724435960074991
107.376,0.673,26.92,0.46131757456038,0.212813904598272
107.376,0.518,20.72,0.225943577022098,0.0510504999975407
107.393,0.66,26.4,0.434510224171572,0.18879913490963
107.412,0.479,19.16,0.188799134909629,0.0356451133426244
107.412,0.634,25.36,0.385478357665772,0.148593564228701
107.431,0.699,27.96,0.519995996533516,0.270395836410885
107.431,0.621,24.84,0.363078054770102,0.131825673855641
107.448,0.699,27.96,0.519995996533516,0.270395836410885
107.467,0.725,29,0.586138164514029,0.343557947899875
107.467,0.673,26.92,0.46131757456038,0.212813904598272
107.485,0.725,29,0.586138164514029,0.343557947899875
107.501,0.725,29,0.586138164514029,0.343557947899875
107.503,0.712,28.48,0.552077439280758,0.304789498962799
107.52,0.725,29,0.586138164514029,0.343557947899875
107.538,0.712,28.48,0.552077439280758,0.304789498962799
107.538,0.738,29.52,0.62230028516916,0.387257644921618
107.557,0.725,29,0.586138164514029,0.343557947899875
107.574,0.66,26.4,0.434510224171572,0.18879913490963
107.574,0.725,29,0.586138164514029,0.343557947899875
107.591,0.673,26.92,0.46131757456038,0.212813904598272
107.609,0.582,23.28,0.303389118419427,0.0920449571753172
107.626,0.686,27.44,0.489778819368447,0.239883291901949
107.626,0.595,23.8,0.322106879128344,0.103752841581801
107.644,0.362,14.48,0.110153930954142,0.0121338885046498
107.662,0.621,24.84,0.363078054770102,0.131825673855641
107.662,0.44,17.6,0.157761126969935,0.0248885731828239
107.679,0.362,14.48,0.110153930954142,0.0121338885046498
107.696,0.492,19.68,0.200447202736516,0.040179081084894
107.696,0.233,9.32,0.0608135001278718,0.00369828179780267
107.715,0.569,22.76,0.285759054337495,0.0816582371358593
107.732,0.544,21.76,0.254683025258504,0.064863443354824
107.732,0.531,21.24,0.239883291901949,0.0575439937337158
107.75,0.66,26.4,0.434510224171572,0.18879913490963
107.767,0.492,19.68,0.200447202736516,0.040179081084894
107.768,0.647,25.88,0.409260659730011,0.167494287602644
107.785,0.427,17.08,0.148593564228701,0.022080047330189
107.803,0.621,24.84,0.363078054770102,0.131825673855641
107.803,0.699,27.96,0.519995996533516,0.270395836410885
107.822,0.595,23.8,0.322106879128344,0.103752841581801
107.841,0.686,27.44,0.489778819368447,0.239883291901949
107.841,0.738,29.52,0.62230028516916,0.387257644921618
107.858,0.686,27.44,0.489778819368447,0.239883291901949
107.875,0.725,29,0.586138164514029,0.343557947899875
107.875,0.738,29.52,0.62230028516916,0.387257644921618
107.893,0.712,28.48,0.552077439280758,0.304789498962799
107.91,0.738,29.52,0.62230028516916,0.387257644921618
107.91,0.712,28.48,0.552077439280758,0.304789498962799
107.928,0.725,29,0.586138164514029,0.343557947899875
107.946,0.712,28.48,0.552077439280758,0.304789498962799
107.946,0.673,26.92,0.46131757456038,0.212813904598272
107.964,0.725,29,0.586138164514029,0.343557947899875
107.982,0.686,27.44,0.489778819368447,0.239883291901949
107.982,0.569,22.76,0.285759054337495,0.0816582371358593
108.001,0.686,27.44,0.489778819368447,0.239883291901949
108.019,0.608,24.32,0.341979442513709,0.116949939101987
108.019,0.401,16.04,0.131825673855641,0.0173780082874938
108.039,0.621,24.84,0.363078054770102,0.131825673855641
108.039,0.466,18.64,0.177827941003892,0.0316227766016838
108.057,0.298,11.92,0.0820351544329818,0.00672976656284318
108.075,0.518,20.72,0.225943577022098,0.0510504999975407
108.075,0.194,7.76,0.0508159442560561,0.0025822601906346
108.093,0.544,21.76,0.254683025258504,0.064863443354824
108.111,0.194,7.76,0.0508159442560561,0.0025822601906346
108.111,0.518,20.72,0.225943577022098,0.0510504999975407
108.129,0.66,26.4,0.434510224171572,0.18879913490963
108.148,0.479,19.16,0.188799134909629,0.0356451133426244
108.148,0.634,25.36,0.385478357665772,0.148593564228701
108.167,0.414,16.56,0.139958732257262,0.0195884467350599
108.184,0.621,24.84,0.363078054770102,0.131825673855641
108.184,0.686,27.44,0.489778819368447,0.239883291901949
108.202,0.582,23.28,0.303389118419427,0.0920449571753172
108.219,0.686,27.44,0.489778819368447,0.239883291901949
108.219,0.725,29,0.586138164514029,0.343557947899875
108.238,0.673,26.92,0.46131757456038,0.212813904598272
108.257,0.712,28.48,0.552077439280758,0.304789498962799
108.257,0.725,29,0.586138164514029,0.343557947899875
108.276,0.712,28.48,0.552077439280758,0.304789498962799
108.293,0.725,29,0.586138164514029,0.343557947899875
108.293,0.725,29,0.586138164514029,0.343557947899875
108.312,0.738,29.52,0.62230028516916,0.387257644921618
108.329,0.712,28.48,0.552077439280758,0.304789498962799
108.329,0.673,26.92,0.46131757456038,0.212813904598272
108.347,0.725,29,0.586138164514029,0.343557947899875
108.365,0.699,27.96,0.519995996533516,0.270395836410885
108.365,0.595,23.8,0.322106879128344,0.103752841581801
108.383,0.699,27.96,0.519995996533516,0.270395836410885
108.4,0.621,24.84,0.363078054770102,0.131825673855641
108.4,0.44,17.6,0.157761126969935,0.0248885731828239
108.418,0.647,25.88,0.409260659730011,0.167494287602644
108.435,0.492,19.68,0.200447202736516,0.040179081084894
108.435,0.259,10.36,0.0685488226452662,0.00469894108605216
108.453,0.531,21.24,0.239883291901949,0.0575439937337158
108.471,0.194,7.76,0.0508159442560561,0.0025822601906346
108.471,0.544,21.76,0.254683025258504,0.064863443354824
108.489,0.259,10.36,0.0685488226452662,0.00469894108605216
108.507,0.492,19.68,0.200447202736516,0.040179081084894
108.507,0.647,25.88,0.409260659730011,0.167494287602644
108.524,0.427,17.08,0.148593564228701,0.022080047330189
108.542,0.621,24.84,0.363078054770102,0.131825673855641
108.542,0.349,13.96,0.103752841581801,0.0107646521362984
108.56,0.595,23.8,0.322106879128344,0.103752841581801
108.578,0.686,27.44,0.489778819368447,0.239883291901949
108.578,0.569,22.76,0.285759054337495,0.0816582371358593
108.595,0.673,26.92,0.46131757456038,0.212813904598272
108.614,0.725,29,0.586138164514029,0.343557947899875
108.614,0.66,26.4,0.434510224171572,0.18879913490963
108.632,0.712,28.48,0.552077439280758,0.304789498962799
108.65,0.738,29.52,0.62230028516916,0.387257644921618
108.65,0.712,28.48,0.552077439280758,0.304789498962799
108.668,0.738,29.52,0.62230028516916,0.387257644921618
108.686,0.712,28.48,0.552077439280758,0.304789498962799
108.686,0.738,29.52,0.62230028516916,0.387257644921618
108.705,0.725,29,0.586138164514029,0.343557947899875
108.722,0.686,27.44,0.489778819368447,0.239883291901949
108.722,0.725,29,0.586138164514029,0.343557947899875
108.739,0.686,27.44,0.489778819368447,0.239883291901949
108.757,0.608,24.32,0.341979442513709,0.116949939101987
108.757,0.699,27.96,0.519995996533516,0.270395836410885
108.775,0.621,24.84,0.363078054770102,0.131825673855641
108.792,0.479,19.16,0.188799134909629,0.0356451133426244
108.792,0.647,25.88,0.409260659730011,0.167494287602644
108.811,0.518,20.72,0.225943577022098,0.0510504999975407
108.828,0.207,8.28,0.0539510622515128,0.00291071711806661
108.828,0.544,21.76,0.254683025258504,0.064863443354824
108.846,0.207,8.28,0.0539510622515128,0.00291071711806661
108.863,0.556,22.24,0.269153480392692,0.0724435960074991
108.863,0.311,12.44,0.0870963589956081,0.00758577575029184
108.881,0.479,19.16,0.188799134909629,0.0356451133426244
108.9,0.634,25.36,0.385478357665772,0.148593564228701
108.9,0.401,16.04,0.131825673855641,0.0173780082874938
108.917,0.608,24.32,0.341979442513709,0.116949939101987
108.934,0.311,12.44,0.0870963589956081,0.00758577575029184
108.934,0.582,23.28,0.303389118419427,0.0920449571753172
108.952,0.673,26.92,0.46131757456038,0.212813904598272
108.97,0.544,21.76,0.254683025258504,0.064863443354824
108.97,0.673,26.92,0.46131757456038,0.212813904598272
108.988,0.725,29,0.586138164514029,0.343557947899875
109.006,0.647,25.88,0.409260659730011,0.167494287602644
109.006,0.725,29,0.586138164514029,0.343557947899875
109.024,0.738,29.52,0.62230028516916,0.387257644921618
109.043,0.712,28.48,0.552077439280758,0.304789498962799
109.043,0.738,29.52,0.62230028516916,0.387257644921618
109.063,0.725,29,0.586138164514029,0.343557947899875
109.063,0.725,29,0.586138164514029,0.343557947899875
109.082,0.738,29.52,0.62230028516916,0.387257644921618
109.103,0.699,27.96,0.519995996533516,0.270395836410885
109.103,0.738,29.52,0.62230028516916,0.387257644921618
109.123,0.699,27.96,0.519995996533516,0.270395836410885
109.123,0.621,24.84,0.363078054770102,0.131825673855641
109.144,0.712,28.48,0.552077439280758,0.304789498962799
109.165,0.647,25.88,0.409260659730011,0.167494287602644
109.165,0.492,19.68,0.200447202736516,0.040179081084894
109.185,0.673,26.92,0.46131757456038,0.212813904598272
109.185,0.544,21.76,0.254683025258504,0.064863443354824
109.203,0.194,7.76,0.0508159442560561,0.0025822601906346
109.221,0.569,22.76,0.285759054337495,0.0816582371358593
109.221,0.246,9.84,0.0645654229034656,0.00416869383470336
109.239,0.492,19.68,0.200447202736516,0.040179081084894
109.259,0.336,13.44,0.0977237220955811,0.00954992586021437
109.259,0.453,18.12,0.167494287602644,0.0280543363795172
109.276,0.634,25.36,0.385478357665772,0.148593564228701
109.295,0.375,15,0.116949939101987,0.0136772882559585
109.295,0.608,24.32,0.341979442513709,0.116949939101987
109.314,0.246,9.84,0.0645654229034656,0.00416869383470336
109.314,0.582,23.28,0.303389118419427,0.0920449571753172
109.333,0.686,27.44,0.489778819368447,0.239883291901949
109.354,0.531,21.24,0.239883291901949,0.0575439937337158
109.354,0.66,26.4,0.434510224171572,0.18879913490963
109.375,0.712,28.48,0.552077439280758,0.304789498962799
109.375,0.647,25.88,0.409260659730011,0.167494287602644
109.394,0.712,28.48,0.552077439280758,0.304789498962799
109.413,0.725,29,0.586138164514029,0.343557947899875
109.413,0.712,28.48,0.552077439280758,0.304789498962799
109.433,0.725,29,0.586138164514029,0.343557947899875
109.433,0.725,29,0.586138164514029,0.343557947899875
109.454,0.725,29,0.586138164514029,0.343557947899875
109.473,0.712,28.48,0.552077439280758,0.304789498962799
109.473,0.699,27.96,0.519995996533516,0.270395836410885
109.493,0.738,29.52,0.62230028516916,0.387257644921618
109.493,0.686,27.44,0.489778819368447,0.239883291901949
109.511,0.634,25.36,0.385478357665772,0.148593564228701
109.53,0.712,28.48,0.552077439280758,0.304789498962799
109.53,0.66,26.4,0.434510224171572,0.18879913490963
109.548,0.518,20.72,0.225943577022098,0.0510504999975407
109.566,0.673,26.92,0.46131757456038,0.212813904598272
109.566,0.556,22.24,0.269153480392692,0.0724435960074991
109.585,0.207,8.28,0.0539510622515128,0.00291071711806661
109.603,0.582,23.28,0.303389118419427,0.0920449571753172
109.603,0.311,12.44,0.0870963589956081,0.00758577575029184
109.622,0.466,18.64,0.177827941003892,0.0316227766016838
109.639,0.414,16.56,0.139958732257262,0.0195884467350599
109.64,0.388,15.52,0.124165230759241,0.0154170045294956
109.657,0.608,24.32,0.341979442513709,0.116949939101987
109.675,0.285,11.4,0.0772680585095703,0.00597035286583838
109.676,0.595,23.8,0.322106879128344,0.103752841581801
109.693,0.207,8.28,0.0539510622515128,0.00291071711806661
109.71,0.556,22.24,0.269153480392692,0.0724435960074991
109.71,0.673,26.92,0.46131757456038,0.212813904598272
109.728,0.518,20.72,0.225943577022098,0.0510504999975407
109.745,0.66,26.4,0.434510224171572,0.18879913490963
109.745,0.712,28.48,0.552077439280758,0.304789498962799
109.765,0.634,25.36,0.385478357665772,0.148593564228701
109.783,0.712,28.48,0.552077439280758,0.304789498962799
109.783,0.738,29.52,0.62230028516916,0.387257644921618
109.802,0.699,27.96,0.519995996533516,0.270395836410885
109.802,0.738,29.52,0.62230028516916,0.387257644921618
109.82,0.712,28.48,0.552077439280758,0.304789498962799
109.837,0.725,29,0.586138164514029,0.343557947899875
109.838,0.738,29.52,0.62230028516916,0.387257644921618
109.855,0.699,27.96,0.519995996533516,0.270395836410885
109.872,0.738,29.52,0.62230028516916,0.387257644921618
109.873,0.712,28.48,0.552077439280758,0.304789498962799
109.893,0.647,25.88,0.409260659730011,0.167494287602644
109.912,0.725,29,0.586138164514029,0.343557947899875
109.912,0.66,26.4,0.434510224171572,0.18879913490963
109.93,0.531,21.24,0.239883291901949,0.0575439937337158
109.946,0.673,26.92,0.46131757456038,0.212813904598272
109.947,0.569,22.76,0.285759054337495,0.0816582371358593
109.965,0.259,10.36,0.0685488226452662,0.00469894108605216
109.983,0.634,25.36,0.385478357665772,0.148593564228701
109.983,0.349,13.96,0.103752841581801,0.0107646521362984
110.001,0.44,17.6,0.157761126969935,0.0248885731828239
110.019,0.414,16.56,0.139958732257262,0.0195884467350599
110.019,0.375,15,0.116949939101987,0.0136772882559585
110.037,0.595,23.8,0.322106879128344,0.103752841581801
110.054,0.259,10.36,0.0685488226452662,0.00469894108605216
110.055,0.569,22.76,0.285759054337495,0.0816582371358593
110.073,0.531,21.24,0.239883291901949,0.0575439937337158
110.092,0.531,21.24,0.239883291901949,0.0575439937337158
110.092,0.66,26.4,0.434510224171572,0.18879913490963
110.11,0.492,19.68,0.200447202736516,0.040179081084894
110.128,0.647,25.88,0.409260659730011,0.167494287602644
110.128,0.712,28.48,0.552077439280758,0.304789498962799
110.146,0.621,24.84,0.363078054770102,0.131825673855641
110.164,0.699,27.96,0.519995996533516,0.270395836410885
110.164,0.738,29.52,0.62230028516916,0.387257644921618
110.183,0.699,27.96,0.519995996533516,0.270395836410885
110.183,0.712,28.48,0.552077439280758,0.304789498962799
110.203,0.725,29,0.586138164514029,0.343557947899875
110.22,0.725,29,0.586138164514029,0.343557947899875
110.22,0.738,29.52,0.62230028516916,0.387257644921618
110.239,0.699,27.96,0.519995996533516,0.270395836410885
110.258,0.738,29.52,0.62230028516916,0.387257644921618
110.258,0.725,29,0.586138164514029,0.343557947899875
110.277,0.66,26.4,0.434510224171572,0.18879913490963
110.277,0.725,29,0.586138164514029,0.343557947899875
110.295,0.673,26.92,0.46131757456038,0.212813904598272
110.314,0.569,22.76,0.285759054337495,0.0816582371358593
110.314,0.699,27.96,0.519995996533516,0.270395836410885
110.333,0.582,23.28,0.303389118419427,0.0920449571753172
110.352,0.298,11.92,0.0820351544329818,0.00672976656284318
110.352,0.608,24.32,0.341979442513709,0.116949939101987
110.371,0.401,16.04,0.131825673855641,0.0173780082874938
110.39,0.401,16.04,0.131825673855641,0.0173780082874938
110.39,0.466,18.64,0.177827941003892,0.0316227766016838
110.408,0.285,11.4,0.0772680585095703,0.00597035286583838
110.408,0.595,23.8,0.322106879128344,0.103752841581801
110.426,0.142,5.68,0.0399944749761098,0.00159955802861467
110.445,0.569,22.76,0.285759054337495,0.0816582371358593
110.445,0.686,27.44,0.489778819368447,0.239883291901949
110.462,0.518,20.72,0.225943577022098,0.0510504999975407
110.481,0.66,26.4,0.434510224171572,0.18879913490963
110.481,0.595,23.8,0.322106879128344,0.103752841581801
110.499,0.634,25.36,0.385478357665772,0.148593564228701
110.517,0.712,28.48,0.552077439280758,0.304789498962799
110.517,0.621,24.84,0.363078054770102,0.131825673855641
110.534,0.712,28.48,0.552077439280758,0.304789498962799
110.554,0.725,29,0.586138164514029,0.343557947899875
110.554,0.673,26.92,0.46131757456038,0.212813904598272
110.572,0.725,29,0.586138164514029,0.343557947899875
110.589,0.738,29.52,0.62230028516916,0.387257644921618
110.589,0.725,29,0.586138164514029,0.343557947899875
110.606,0.738,29.52,0.62230028516916,0.387257644921618
110.624,0.712,28.48,0.552077439280758,0.304789498962799
110.624,0.725,29,0.586138164514029,0.343557947899875
110.643,0.712,28.48,0.552077439280758,0.304789498962799
110.661,0.66,26.4,0.434510224171572,0.18879913490963
110.661,0.725,29,0.586138164514029,0.343557947899875
110.679,0.673,26.92,0.46131757456038,0.212813904598272
110.696,0.582,23.28,0.303389118419427,0.0920449571753172
110.696,0.699,27.96,0.519995996533516,0.270395836410885
110.714,0.595,23.8,0.322106879128344,0.103752841581801
110.731,0.375,15,0.116949939101987,0.0136772882559585
110.732,0.634,25.36,0.385478357665772,0.148593564228701
110.75,0.44,17.6,0.157761126969935,0.0248885731828239
110.768,0.336,13.44,0.0977237220955811,0.00954992586021437
110.768,0.479,19.16,0.188799134909629,0.0356451133426244
110.786,0.259,10.36,0.0685488226452662,0.00469894108605216
110.804,0.634,25.36,0.385478357665772,0.148593564228701
110.804,0.129,5.16,0.0376703798983909,0.00141905752168909
110.821,0.531,21.24,0.239883291901949,0.0575439937337158
110.84,0.66,26.4,0.434510224171572,0.18879913490963
110.84,0.492,19.68,0.200447202736516,0.040179081084894
110.865,0.647,25.88,0.409260659730011,0.167494287602644
110.865,0.44,17.6,0.157761126969935,0.0248885731828239
110.883,0.621,24.84,0.363078054770102,0.131825673855641
110.902,0.712,28.48,0.552077439280758,0.304789498962799
110.902,0.595,23.8,0.322106879128344,0.103752841581801
110.919,0.686,27.44,0.489778819368447,0.239883291901949
110.938,0.725,29,0.586138164514029,0.343557947899875
110.938,0.686,27.44,0.489778819368447,0.239883291901949
110.955,0.725,29,0.586138164514029,0.343557947899875
110.974,0.725,29,0.586138164514029,0.343557947899875
110.974,0.712,28.48,0.552077439280758,0.304789498962799
110.992,0.738,29.52,0.62230028516916,0.387257644921618
110.992,0.725,29,0.586138164514029,0.343557947899875
111.01,0.725,29,0.586138164514029,0.343557947899875
111.027,0.725,29,0.586138164514029,0.343557947899875
111.045,0.673,26.92,0.46131757456038,0.212813904598272
111.045,0.725,29,0.586138164514029,0.343557947899875
111.062,0.699,27.96,0.519995996533516,0.270395836410885
111.08,0.595,23.8,0.322106879128344,0.103752841581801
111.08,0.699,27.96,0.519995996533516,0.270395836410885
111.099,0.621,24.84,0.363078054770102,0.131825673855641
111.116,0.401,16.04,0.131825673855641,0.0173780082874938
111.117,0.647,25.88,0.409260659730011,0.167494287602644
111.134,0.466,18.64,0.177827941003892,0.0316227766016838
111.152,0.311,12.44,0.0870963589956081,0.00758577575029184
111.152,0.518,20.72,0.225943577022098,0.0510504999975407
111.17,0.168,6.72,0.0450816704541461,0.00203235701093622
111.17,0.556,22.24,0.269153480392692,0.0724435960074991
111.189,0.207,8.28,0.0539510622515128,0.00291071711806661
111.207,0.518,20.72,0.225943577022098,0.0510504999975407
111.207,0.66,26.4,0.434510224171572,0.18879913490963
111.225,0.466,18.64,0.177827941003892,0.0316227766016838
111.242,0.647,25.88,0.409260659730011,0.167494287602644
111.242,0.401,16.04,0.131825673855641,0.0173780082874938
111.26,0.621,24.84,0.363078054770102,0.131825673855641
111.277,0.686,27.44,0.489778819368447,0.239883291901949
111.295,0.582,23.28,0.303389118419427,0.0920449571753172
111.295,0.686,27.44,0.489778819368447,0.239883291901949
111.314,0.725,29,0.586138164514029,0.343557947899875
111.314,0.673,26.92,0.46131757456038,0.212813904598272
111.331,0.725,29,0.586138164514029,0.343557947899875
111.349,0.738,29.52,0.62230028516916,0.387257644921618
111.349,0.712,28.48,0.552077439280758,0.304789498962799
111.366,0.725,29,0.586138164514029,0.343557947899875
111.385,0.712,28.48,0.552077439280758,0.304789498962799
111.385,0.725,29,0.586138164514029,0.343557947899875
111.403,0.725,29,0.586138164514029,0.343557947899875
111.422,0.673,26.92,0.46131757456038,0.212813904598272
111.422,0.738,29.52,0.62230028516916,0.387257644921618
111.439,0.699,27.96,0.519995996533516,0.270395836410885
111.458,0.595,23.8,0.322106879128344,0.103752841581801
111.458,0.686,27.44,0.489778819368447,0.239883291901949
111.475,0.621,24.84,0.363078054770102,0.131825673855641
111.494,0.453,18.12,0.167494287602644,0.0280543363795172
111.494,0.647,25.88,0.409260659730011,0.167494287602644
111.512,0.505,20.2,0.212813904598271,0.0452897579903621
111.532,0.207,8.28,0.0539510622515128,0.00291071711806661
111.532,0.531,21.24,0.239883291901949,0.0575439937337158
111.551,0.129,5.16,0.0376703798983909,0.00141905752168909
111.551,0.531,21.24,0.239883291901949,0.0575439937337158
111.568,0.233,9.32,0.0608135001278718,0.00369828179780267
111.587,0.492,19.68,0.200447202736516,0.040179081084894
111.605,0.647,25.88,0.409260659730011,0.167494287602644
111.605,0.427,17.08,0.148593564228701,0.022080047330189
111.623,0.621,24.84,0.363078054770102,0.131825673855641
111.623,0.336,13.44,0.0977237220955811,0.00954992586021437
111.641,0.595,23.8,0.322106879128344,0.103752841581801
111.658,0.686,27.44,0.489778819368447,0.239883291901949
111.677,0.556,22.24,0.269153480392692,0.0724435960074991
111.677,0.673,26.92,0.46131757456038,0.212813904598272
111.695,0.712,28.48,0.552077439280758,0.304789498962799
111.696,0.66,26.4,0.434510224171572,0.18879913490963
111.715,0.712,28.48,0.552077439280758,0.304789498962799
111.733,0.738,29.52,0.62230028516916,0.387257644921618
111.733,0.712,28.48,0.552077439280758,0.304789498962799
111.752,0.738,29.52,0.62230028516916,0.387257644921618
111.769,0.725,29,0.586138164514029,0.343557947899875
111.77,0.738,29.52,0.62230028516916,0.387257644921618
111.79,0.725,29,0.586138164514029,0.343557947899875
111.79,0.686,27.44,0.489778819368447,0.239883291901949
111.81,0.725,29,0.586138164514029,0.343557947899875
111.829,0.699,27.96,0.519995996533516,0.270395836410885
111.829,0.608,24.32,0.341979442513709,0.116949939101987
111.849,0.699,27.96,0.519995996533516,0.270395836410885
111.866,0.647,25.88,0.409260659730011,0.167494287602644
111.867,0.466,18.64,0.177827941003892,0.0316227766016838
111.886,0.647,25.88,0.409260659730011,0.167494287602644
111.886,0.518,20.72,0.225943577022098,0.0510504999975407
111.903,0.181,7.24,0.0478630092322639,0.00229086765276777
111.921,0.556,22.24,0.269153480392692,0.0724435960074991
111.921,0.181,7.24,0.0478630092322639,0.00229086765276777
111.939,0.518,20.72,0.225943577022098,0.0510504999975407
111.957,0.285,11.4,0.0772680585095703,0.00597035286583838
111.957,0.466,18.64,0.177827941003892,0.0316227766016838
111.975,0.634,25.36,0.385478357665772,0.148593564228701
111.993,0.414,16.56,0.139958732257262,0.0195884467350599
111.993,0.608,24.32,0.341979442513709,0.116949939101987
112.011,0.311,12.44,0.0870963589956081,0.00758577575029184
112.029,0.595,23.8,0.322106879128344,0.103752841581801
112.029,0.686,27.44,0.489778819368447,0.239883291901949
112.047,0.556,22.24,0.269153480392692,0.0724435960074991
112.065,0.673,26.92,0.46131757456038,0.212813904598272
112.065,0.725,29,0.586138164514029,0.343557947899875
112.084,0.66,26.4,0.434510224171572,0.18879913490963
112.101,0.712,28.48,0.552077439280758,0.304789498962799
112.101,0.738,29.52,0.62230028516916,0.387257644921618
112.118,0.712,28.48,0.552077439280758,0.304789498962799
112.137,0.712,28.48,0.552077439280758,0.304789498962799
112.137,0.725,29,0.586138164514029,0.343557947899875
112.154,0.725,29,0.586138164514029,0.343557947899875
112.172,0.725,29,0.586138164514029,0.343557947899875
112.172,0.686,27.44,0.489778819368447,0.239883291901949
112.189,0.725,29,0.586138164514029,0.343557947899875
112.208,0.686,27.44,0.489778819368447,0.239883291901949
112.208,0.634,25.36,0.385478357665772,0.148593564228701
112.225,0.712,28.48,0.552077439280758,0.304789498962799
112.243,0.66,26.4,0.434510224171572,0.18879913490963
112.243,0.505,20.2,0.212813904598271,0.0452897579903621
112.261,0.66,26.4,0.434510224171572,0.18879913490963
112.279,0.544,21.76,0.254683025258504,0.064863443354824
112.279,0.233,9.32,0.0608135001278718,0.00369828179780267
112.297,0.569,22.76,0.285759054337495,0.0816582371358593
112.314,0.272,10.88,0.0727779804536825,0.00529663443891659
112.314,0.479,19.16,0.188799134909629,0.0356451133426244
112.332,0.518,20.72,0.225943577022098,0.0510504999975407
112.349,0.427,17.08,0.148593564228701,0.022080047330189
112.349,0.621,24.84,0.363078054770102,0.131825673855641
112.367,0.336,13.44,0.0977237220955811,0.00954992586021437
112.385,0.595,23.8,0.322106879128344,0.103752841581801
112.385,0.246,9.84,0.0645654229034656,0.00416869383470336
112.403,0.569,22.76,0.285759054337495,0.0816582371358593
112.422,0.673,26.92,0.46131757456038,0.212813904598272
112.422,0.531,21.24,0.239883291901949,0.0575439937337158
112.439,0.66,26.4,0.434510224171572,0.18879913490963
112.457,0.712,28.48,0.552077439280758,0.304789498962799
112.457,0.647,25.88,0.409260659730011,0.167494287602644
112.474,0.699,27.96,0.519995996533516,0.270395836410885
112.493,0.738,29.52,0.62230028516916,0.387257644921618
112.493,0.699,27.96,0.519995996533516,0.270395836410885
112.512,0.725,29,0.586138164514029,0.343557947899875
112.53,0.725,29,0.586138164514029,0.343557947899875
112.53,0.725,29,0.586138164514029,0.343557947899875
112.548,0.725,29,0.586138164514029,0.343557947899875
112.567,0.699,27.96,0.519995996533516,0.270395836410885
112.567,0.725,29,0.586138164514029,0.343557947899875
112.585,0.712,28.48,0.552077439280758,0.304789498962799
112.603,0.634,25.36,0.385478357665772,0.148593564228701
112.603,0.712,28.48,0.552077439280758,0.304789498962799
112.622,0.647,25.88,0.409260659730011,0.167494287602644
112.641,0.505,20.2,0.212813904598271,0.0452897579903621
112.641,0.66,26.4,0.434510224171572,0.18879913490963
112.659,0.556,22.24,0.269153480392692,0.0724435960074991
112.659,0.22,8.8,0.057279603098583,0.00328095293113119
112.679,0.582,23.28,0.303389118419427,0.0920449571753172
112.698,0.298,11.92,0.0820351544329818,0.00672976656284318
112.698,0.466,18.64,0.177827941003892,0.0316227766016838
112.717,0.401,16.04,0.131825673855641,0.0173780082874938
112.737,0.388,15.52,0.124165230759241,0.0154170045294956
112.737,0.608,24.32,0.341979442513709,0.116949939101987
112.759,0.298,11.92,0.0820351544329818,0.00672976656284318
112.759,0.582,23.28,0.303389118419427,0.0920449571753172
112.779,0.181,7.24,0.0478630092322639,0.00229086765276777
112.779,0.556,22.24,0.269153480392692,0.0724435960074991
112.797,0.66,26.4,0.434510224171572,0.18879913490963
112.817,0.505,20.2,0.212813904598271,0.0452897579903621
112.817,0.647,25.88,0.409260659730011,0.167494287602644
112.835,0.712,28.48,0.552077439280758,0.304789498962799
112.854,0.634,25.36,0.385478357665772,0.148593564228701
112.854,0.699,27.96,0.519995996533516,0.270395836410885
112.873,0.725,29,0.586138164514029,0.343557947899875
112.892,0.699,27.96,0.519995996533516,0.270395836410885
112.892,0.725,29,0.586138164514029,0.343557947899875
112.911,0.725,29,0.586138164514029,0.343557947899875
112.911,0.725,29,0.586138164514029,0.343557947899875
112.93,0.725,29,0.586138164514029,0.343557947899875
112.948,0.712,28.48,0.552077439280758,0.304789498962799
112.948,0.725,29,0.586138164514029,0.343557947899875
112.967,0.712,28.48,0.552077439280758,0.304789498962799
112.986,0.647,25.88,0.409260659730011,0.167494287602644
112.986,0.725,29,0.586138164514029,0.343557947899875
113.004,0.673,26.92,0.46131757456038,0.212813904598272
113.004,0.544,21.76,0.254683025258504,0.064863443354824
113.025,0.686,27.44,0.489778819368447,0.239883291901949
113.044,0.569,22.76,0.285759054337495,0.0816582371358593
113.044,0.466,18.64,0.177827941003892,0.0316227766016838
113.062,0.608,24.32,0.341979442513709,0.116949939101987
113.081,0.375,15,0.116949939101987,0.0136772882559585
113.081,0.427,17.08,0.148593564228701,0.022080047330189
113.1,0.453,18.12,0.167494287602644,0.0280543363795172
113.1,0.336,13.44,0.0977237220955811,0.00954992586021437
113.119,0.595,23.8,0.322106879128344,0.103752841581801
113.138,0.233,9.32,0.0608135001278718,0.00369828179780267
113.138,0.582,23.28,0.303389118419427,0.0920449571753172
113.156,0.336,13.44,0.0977237220955811,0.00954992586021437
113.175,0.544,21.76,0.254683025258504,0.064863443354824
113.175,0.66,26.4,0.434510224171572,0.18879913490963
113.193,0.492,19.68,0.200447202736516,0.040179081084894
113.213,0.647,25.88,0.409260659730011,0.167494287602644
113.213,0.712,28.48,0.552077439280758,0.304789498962799
113.231,0.621,24.84,0.363078054770102,0.131825673855641
113.232,0.699,27.96,0.519995996533516,0.270395836410885
113.252,0.725,29,0.586138164514029,0.343557947899875
113.271,0.699,27.96,0.519995996533516,0.270395836410885
113.271,0.725,29,0.586138164514029,0.343557947899875
113.289,0.725,29,0.586138164514029,0.343557947899875
113.309,0.725,29,0.586138164514029,0.343557947899875
113.309,0.725,29,0.586138164514029,0.343557947899875
113.328,0.712,28.48,0.552077439280758,0.304789498962799
113.328,0.738,29.52,0.62230028516916,0.387257644921618
113.346,0.712,28.48,0.552077439280758,0.304789498962799
113.364,0.66,26.4,0.434510224171572,0.18879913490963
113.364,0.725,29,0.586138164514029,0.343557947899875
113.382,0.673,26.92,0.46131757456038,0.212813904598272
113.401,0.544,21.76,0.254683025258504,0.064863443354824
113.401,0.686,27.44,0.489778819368447,0.239883291901949
113.419,0.595,23.8,0.322106879128344,0.103752841581801
113.438,0.324,12.96,0.0924698173938223,0.00855066712884685
113.438,0.608,24.32,0.341979442513709,0.116949939101987
113.458,0.414,16.56,0.139958732257262,0.0195884467350599
113.458,0.388,15.52,0.124165230759241,0.0154170045294956
113.477,0.453,18.12,0.167494287602644,0.0280543363795172
113.497,0.298,11.92,0.0820351544329818,0.00672976656284318
113.497,0.582,23.28,0.303389118419427,0.0920449571753172
113.517,0.22,8.8,0.057279603098583,0.00328095293113119
113.517,0.556,22.24,0.269153480392692,0.0724435960074991
113.535,0.673,26.92,0.46131757456038,0.212813904598272
113.555,0.505,20.2,0.212813904598271,0.0452897579903621
113.555,0.66,26.4,0.434510224171572,0.18879913490963
113.574,0.453,18.12,0.167494287602644,0.0280543363795172
113.595,0.634,25.36,0.385478357665772,0.148593564228701
113.595,0.699,27.96,0.519995996533516,0.270395836410885
113.613,0.608,24.32,0.341979442513709,0.116949939101987
113.613,0.686,27.44,0.489778819368447,0.239883291901949
113.632,0.738,29.52,0.62230028516916,0.387257644921618
113.65,0.686,27.44,0.489778819368447,0.239883291901949
113.65,0.725,29,0.586138164514029,0.343557947899875
113.667,0.725,29,0.586138164514029,0.343557947899875
113.685,0.712,28.48,0.552077439280758,0.304789498962799
113.685,0.725,29,0.586138164514029,0.343557947899875
113.703,0.712,28.48,0.552077439280758,0.304789498962799
113.722,0.725,29,0.586138164514029,0.343557947899875
113.722,0.712,28.48,0.552077439280758,0.304789498962799
113.741,0.673,26.92,0.46131757456038,0.212813904598272
113.758,0.725,29,0.586138164514029,0.343557947899875
113.758,0.686,27.44,0.489778819368447,0.239883291901949
113.776,0.582,23.28,0.303389118419427,0.0920449571753172
113.795,0.686,27.44,0.489778819368447,0.239883291901949
113.795,0.608,24.32,0.341979442513709,0.116949939101987
113.814,0.362,14.48,0.110153930954142,0.0121338885046498
113.815,0.634,25.36,0.385478357665772,0.148593564228701
113.832,0.44,17.6,0.157761126969935,0.0248885731828239
113.852,0.349,13.96,0.103752841581801,0.0107646521362984
113.852,0.505,20.2,0.212813904598271,0.0452897579903621
113.871,0.466,18.64,0.177827941003892,0.0316227766016838
113.89,0.569,22.76,0.285759054337495,0.0816582371358593
113.89,0.155,6.2,0.0424619563946313,0.00180301774085957
113.91,0.531,21.24,0.239883291901949,0.0575439937337158
113.91,0.66,26.4,0.434510224171572,0.18879913490963
113.929,0.479,19.16,0.188799134909629,0.0356451133426244
113.948,0.634,25.36,0.385478357665772,0.148593564228701
113.948,0.44,17.6,0.157761126969935,0.0248885731828239
113.967,0.621,24.84,0.363078054770102,0.131825673855641
113.986,0.699,27.96,0.519995996533516,0.270395836410885
113.986,0.608,24.32,0.341979442513709,0.116949939101987
114.005,0.699,27.96,0.519995996533516,0.270395836410885
114.005,0.725,29,0.586138164514029,0.343557947899875
114.024,0.673,26.92,0.46131757456038,0.212813904598272
114.043,0.725,29,0.586138164514029,0.343557947899875
114.043,0.725,29,0.586138164514029,0.343557947899875
114.06,0.725,29,0.586138164514029,0.343557947899875
114.078,0.725,29,0.586138164514029,0.343557947899875
114.078,0.712,28.48,0.552077439280758,0.304789498962799
114.097,0.725,29,0.586138164514029,0.343557947899875
114.114,0.725,29,0.586138164514029,0.343557947899875
114.115,0.673,26.92,0.46131757456038,0.212813904598272
114.133,0.725,29,0.586138164514029,0.343557947899875
114.15,0.673,26.92,0.46131757456038,0.212813904598272
114.15,0.582,23.28,0.303389118419427,0.0920449571753172
114.168,0.699,27.96,0.519995996533516,0.270395836410885
114.186,0.608,24.32,0.341979442513709,0.116949939101987
114.186,0.414,16.56,0.139958732257262,0.0195884467350599
114.204,0.647,25.88,0.409260659730011,0.167494287602644
114.222,0.492,19.68,0.200447202736516,0.040179081084894
114.223,0.259,10.36,0.0685488226452662,0.00469894108605216
114.24,0.531,21.24,0.239883291901949,0.0575439937337158
114.258,0.207,8.28,0.0539510622515128,0.00291071711806661
114.258,0.544,21.76,0.254683025258504,0.064863443354824
114.276,0.194,7.76,0.0508159442560561,0.0025822601906346
114.294,0.531,21.24,0.239883291901949,0.0575439937337158
114.294,0.647,25.88,0.409260659730011,0.167494287602644
114.314,0.453,18.12,0.167494287602644,0.0280543363795172
114.332,0.634,25.36,0.385478357665772,0.148593564228701
114.332,0.388,15.52,0.124165230759241,0.0154170045294956
114.35,0.608,24.32,0.341979442513709,0.116949939101987
114.35,0.699,27.96,0.519995996533516,0.270395836410885
114.369,0.582,23.28,0.303389118419427,0.0920449571753172
114.386,0.686,27.44,0.489778819368447,0.239883291901949
114.387,0.725,29,0.586138164514029,0.343557947899875
114.405,0.673,26.92,0.46131757456038,0.212813904598272
114.423,0.725,29,0.586138164514029,0.343557947899875
114.423,0.738,29.52,0.62230028516916,0.387257644921618
114.441,0.712,28.48,0.552077439280758,0.304789498962799
114.459,0.725,29,0.586138164514029,0.343557947899875
114.459,0.712,28.48,0.552077439280758,0.304789498962799
114.478,0.725,29,0.586138164514029,0.343557947899875
114.496,0.725,29,0.586138164514029,0.343557947899875
114.496,0.673,26.92,0.46131757456038,0.212813904598272
114.516,0.738,29.52,0.62230028516916,0.387257644921618
114.535,0.699,27.96,0.519995996533516,0.270395836410885
114.535,0.608,24.32,0.341979442513709,0.116949939101987
114.554,0.712,28.48,0.552077439280758,0.304789498962799
114.554,0.634,25.36,0.385478357665772,0.148593564228701
114.575,0.44,17.6,0.157761126969935,0.0248885731828239
114.597,0.647,25.88,0.409260659730011,0.167494287602644
114.597,0.492,19.68,0.200447202736516,0.040179081084894
114.619,0.233,9.32,0.0608135001278718,0.00369828179780267
114.619,0.544,21.76,0.254683025258504,0.064863443354824
114.637,0.168,6.72,0.0450816704541461,0.00203235701093622
114.637,0.531,21.24,0.239883291901949,0.0575439937337158
114.656,0.259,10.36,0.0685488226452662,0.00469894108605216
114.674,0.492,19.68,0.200447202736516,0.040179081084894
114.674,0.634,25.36,0.385478357665772,0.148593564228701
114.692,0.466,18.64,0.177827941003892,0.0316227766016838
114.712,0.621,24.84,0.363078054770102,0.131825673855641
114.712,0.362,14.48,0.110153930954142,0.0121338885046498
114.733,0.595,23.8,0.322106879128344,0.103752841581801
114.733,0.686,27.44,0.489778819368447,0.239883291901949
114.753,0.569,22.76,0.285759054337495,0.0816582371358593
114.773,0.673,26.92,0.46131757456038,0.212813904598272
114.773,0.725,29,0.586138164514029,0.343557947899875
114.794,0.66,26.4,0.434510224171572,0.18879913490963
114.794,0.712,28.48,0.552077439280758,0.304789498962799
114.814,0.725,29,0.586138164514029,0.343557947899875
114.834,0.699,27.96,0.519995996533516,0.270395836410885
114.834,0.725,29,0.586138164514029,0.343557947899875
114.859,0.725,29,0.586138164514029,0.343557947899875
114.859,0.712,28.48,0.552077439280758,0.304789498962799
114.878,0.725,29,0.586138164514029,0.343557947899875
114.878,0.686,27.44,0.489778819368447,0.239883291901949
114.898,0.725,29,0.586138164514029,0.343557947899875
114.916,0.699,27.96,0.519995996533516,0.270395836410885
114.916,0.621,24.84,0.363078054770102,0.131825673855641
114.935,0.712,28.48,0.552077439280758,0.304789498962799
114.935,0.634,25.36,0.385478357665772,0.148593564228701
114.956,0.479,19.16,0.188799134909629,0.0356451133426244
114.974,0.66,26.4,0.434510224171572,0.18879913490963
114.974,0.531,21.24,0.239883291901949,0.0575439937337158
114.995,0.181,7.24,0.0478630092322639,0.00229086765276777
114.995,0.556,22.24,0.269153480392692,0.0724435960074991
115.013,0.233,9.32,0.0608135001278718,0.00369828179780267
115.033,0.518,20.72,0.225943577022098,0.0510504999975407
115.033,0.336,13.44,0.0977237220955811,0.00954992586021437
115.053,0.453,18.12,0.167494287602644,0.0280543363795172
115.072,0.634,25.36,0.385478357665772,0.148593564228701
115.072,0.375,15,0.116949939101987,0.0136772882559585
115.091,0.608,24.32,0.341979442513709,0.116949939101987
115.091,0.479,19.16,0.188799134909629,0.0356451133426244
115.109,0.582,23.28,0.303389118419427,0.0920449571753172
115.128,0.673,26.92,0.46131757456038,0.212813904598272
115.128,0.531,21.24,0.239883291901949,0.0575439937337158
115.147,0.673,26.92,0.46131757456038,0.212813904598272
115.164,0.712,28.48,0.552077439280758,0.304789498962799
115.164,0.647,25.88,0.409260659730011,0.167494287602644
115.182,0.712,28.48,0.552077439280758,0.304789498962799
115.201,0.725,29,0.586138164514029,0.343557947899875
115.201,0.712,28.48,0.552077439280758,0.304789498962799
115.22,0.725,29,0.586138164514029,0.343557947899875
115.22,0.712,28.48,0.552077439280758,0.304789498962799
115.239,0.712,28.48,0.552077439280758,0.304789498962799
115.257,0.725,29,0.586138164514029,0.343557947899875
115.257,0.686,27.44,0.489778819368447,0.239883291901949
115.277,0.725,29,0.586138164514029,0.343557947899875
115.293,0.699,27.96,0.519995996533516,0.270395836410885
115.293,0.608,24.32,0.341979442513709,0.116949939101987
115.312,0.725,29,0.586138164514029,0.343557947899875
115.33,0.66,26.4,0.434510224171572,0.18879913490963
115.33,0.505,20.2,0.212813904598271,0.0452897579903621
115.347,0.66,26.4,0.434510224171572,0.18879913490963
115.365,0.544,21.76,0.254683025258504,0.064863443354824
115.365,0.155,6.2,0.0424619563946313,0.00180301774085957
115.384,0.569,22.76,0.285759054337495,0.0816582371358593
115.401,0.285,11.4,0.0772680585095703,0.00597035286583838
115.403,0.544,21.76,0.254683025258504,0.064863443354824
115.42,0.362,14.48,0.110153930954142,0.0121338885046498
115.44,0.427,17.08,0.148593564228701,0.022080047330189
115.44,0.621,24.84,0.363078054770102,0.131825673855641
115.458,0.349,13.96,0.103752841581801,0.0107646521362984
115.458,0.595,23.8,0.322106879128344,0.103752841581801
115.477,0.22,8.8,0.057279603098583,0.00328095293113119
115.494,0.556,22.24,0.269153480392692,0.0724435960074991
115.494,0.673,26.92,0.46131757456038,0.212813904598272
115.512,0.531,21.24,0.239883291901949,0.0575439937337158
115.53,0.66,26.4,0.434510224171572,0.18879913490963
115.53,0.699,27.96,0.519995996533516,0.270395836410885
115.548,0.634,25.36,0.385478357665772,0.148593564228701
115.566,0.712,28.48,0.552077439280758,0.304789498962799
115.566,0.738,29.52,0.62230028516916,0.387257644921618
115.584,0.699,27.96,0.519995996533516,0.270395836410885
115.601,0.725,29,0.586138164514029,0.343557947899875
115.601,0.725,29,0.586138164514029,0.343557947899875
115.619,0.725,29,0.586138164514029,0.343557947899875
115.638,0.725,29,0.586138164514029,0.343557947899875
115.638,0.699,27.96,0.519995996533516,0.270395836410885
115.655,0.738,29.52,0.62230028516916,0.387257644921618
115.673,0.712,28.48,0.552077439280758,0.304789498962799
115.673,0.647,25.88,0.409260659730011,0.167494287602644
115.69,0.712,28.48,0.552077439280758,0.304789498962799
115.709,0.66,26.4,0.434510224171572,0.18879913490963
115.709,0.544,21.76,0.254683025258504,0.064863443354824
115.729,0.673,26.92,0.46131757456038,0.212813904598272
115.747,0.569,22.76,0.285759054337495,0.0816582371358593
115.747,0.181,7.24,0.0478630092322639,0.00229086765276777
115.765,0.595,23.8,0.322106879128344,0.103752841581801
115.783,0.324,12.96,0.0924698173938223,0.00855066712884685
115.784,0.453,18.12,0.167494287602644,0.0280543363795172
115.803,0.427,17.08,0.148593564228701,0.022080047330189
115.803,0.375,15,0.116949939101987,0.0136772882559585
115.822,0.608,24.32,0.341979442513709,0.116949939101987
115.842,0.259,10.36,0.0685488226452662,0.00469894108605216
115.842,0.582,23.28,0.303389118419427,0.0920449571753172
115.861,0.155,6.2,0.0424619563946313,0.00180301774085957
115.88,0.556,22.24,0.269153480392692,0.0724435960074991
115.881,0.673,26.92,0.46131757456038,0.212813904598272
115.898,0.518,20.72,0.225943577022098,0.0510504999975407
115.898,0.66,26.4,0.434510224171572,0.18879913490963
115.918,0.725,29,0.586138164514029,0.343557947899875
115.937,0.634,25.36,0.385478357665772,0.148593564228701
115.937,0.712,28.48,0.552077439280758,0.304789498962799
115.955,0.738,29.52,0.62230028516916,0.387257644921618
115.973,0.686,27.44,0.489778819368447,0.239883291901949
115.973,0.725,29,0.586138164514029,0.343557947899875
115.991,0.725,29,0.586138164514029,0.343557947899875
116.01,0.725,29,0.586138164514029,0.343557947899875
116.01,0.725,29,0.586138164514029,0.343557947899875
116.029,0.712,28.48,0.552077439280758,0.304789498962799
116.047,0.738,29.52,0.62230028516916,0.387257644921618
116.047,0.712,28.48,0.552077439280758,0.304789498962799
116.065,0.66,26.4,0.434510224171572,0.18879913490963
116.065,0.712,28.48,0.552077439280758,0.304789498962799
116.085,0.66,26.4,0.434510224171572,0.18879913490963
116.103,0.556,22.24,0.269153480392692,0.0724435960074991
116.103,0.686,27.44,0.489778819368447,0.239883291901949
116.122,0.582,23.28,0.303389118419427,0.0920449571753172
116.14,0.285,11.4,0.0772680585095703,0.00597035286583838
116.14,0.608,24.32,0.341979442513709,0.116949939101987
116.157,0.375,15,0.116949939101987,0.0136772882559585
116.174,0.427,17.08,0.148593564228701,0.022080047330189
116.174,0.44,17.6,0.157761126969935,0.0248885731828239
116.193,0.336,13.44,0.0977237220955811,0.00954992586021437
116.211,0.582,23.28,0.303389118419427,0.0920449571753172
116.211,0.233,9.32,0.0608135001278718,0.00369828179780267
116.23,0.556,22.24,0.269153480392692,0.0724435960074991
116.249,0.673,26.92,0.46131757456038,0.212813904598272
116.249,0.531,21.24,0.239883291901949,0.0575439937337158
116.268,0.66,26.4,0.434510224171572,0.18879913490963
116.268,0.492,19.68,0.200447202736516,0.040179081084894
116.286,0.647,25.88,0.409260659730011,0.167494287602644
116.304,0.712,28.48,0.552077439280758,0.304789498962799
116.304,0.608,24.32,0.341979442513709,0.116949939101987
116.324,0.699,27.96,0.519995996533516,0.270395836410885
116.342,0.738,29.52,0.62230028516916,0.387257644921618
116.342,0.686,27.44,0.489778819368447,0.239883291901949
116.359,0.725,29,0.586138164514029,0.343557947899875
116.377,0.738,29.52,0.62230028516916,0.387257644921618
116.377,0.725,29,0.586138164514029,0.343557947899875
116.394,0.725,29,0.586138164514029,0.343557947899875
116.413,0.712,28.48,0.552077439280758,0.304789498962799
116.413,0.738,29.52,0.62230028516916,0.387257644921618
116.432,0.725,29,0.586138164514029,0.343557947899875
116.45,0.66,26.4,0.434510224171572,0.18879913490963
116.45,0.712,28.48,0.552077439280758,0.304789498962799
116.467,0.686,27.44,0.489778819368447,0.239883291901949
116.485,0.556,22.24,0.269153480392692,0.0724435960074991
116.485,0.686,27.44,0.489778819368447,0.239883291901949
116.504,0.595,23.8,0.322106879128344,0.103752841581801
116.522,0.324,12.96,0.0924698173938223,0.00855066712884685
116.522,0.621,24.84,0.363078054770102,0.131825673855641
116.539,0.427,17.08,0.148593564228701,0.022080047330189
116.558,0.401,16.04,0.131825673855641,0.0173780082874938
116.558,0.479,19.16,0.188799134909629,0.0356451133426244
116.575,0.285,11.4,0.0772680585095703,0.00597035286583838
116.593,0.569,22.76,0.285759054337495,0.0816582371358593
116.593,0.168,6.72,0.0450816704541461,0.00203235701093622
116.611,0.544,21.76,0.254683025258504,0.064863443354824
116.628,0.673,26.92,0.46131757456038,0.212813904598272
116.628,0.531,21.24,0.239883291901949,0.0575439937337158
116.647,0.647,25.88,0.409260659730011,0.167494287602644
116.664,0.453,18.12,0.167494287602644,0.0280543363795172
116.664,0.634,25.36,0.385478357665772,0.148593564228701
116.682,0.699,27.96,0.519995996533516,0.270395836410885
116.699,0.595,23.8,0.322106879128344,0.103752841581801
116.699,0.699,27.96,0.519995996533516,0.270395836410885
116.717,0.712,28.48,0.552077439280758,0.304789498962799
116.737,0.686,27.44,0.489778819368447,0.239883291901949
116.737,0.712,28.48,0.552077439280758,0.304789498962799
116.757,0.725,29,0.586138164514029,0.343557947899875
116.757,0.712,28.48,0.552077439280758,0.304789498962799
116.779,0.725,29,0.586138164514029,0.343557947899875
116.779,0.712,28.48,0.552077439280758,0.304789498962799
116.8,0.725,29,0.586138164514029,0.343557947899875
116.819,0.712,28.48,0.552077439280758,0.304789498962799
116.819,0.66,26.4,0.434510224171572,0.18879913490963
116.838,0.725,29,0.586138164514029,0.343557947899875
116.856,0.673,26.92,0.46131757456038,0.212813904598272
116.856,0.595,23.8,0.322106879128344,0.103752841581801
116.874,0.699,27.96,0.519995996533516,0.270395836410885
116.891,0.608,24.32,0.341979442513709,0.116949939101987
116.891,0.401,16.04,0.131825673855641,0.0173780082874938
116.911,0.634,25.36,0.385478357665772,0.148593564228701
116.911,0.453,18.12,0.167494287602644,0.0280543363795172
116.929,0.311,12.44,0.0870963589956081,0.00758577575029184
116.949,0.505,20.2,0.212813904598271,0.0452897579903621
116.949,0.168,6.72,0.0450816704541461,0.00203235701093622
116.967,0.556,22.24,0.269153480392692,0.0724435960074991
116.985,0.181,7.24,0.0478630092322639,0.00229086765276777
116.985,0.518,20.72,0.225943577022098,0.0510504999975407
117.003,0.66,26.4,0.434510224171572,0.18879913490963
117.02,0.479,19.16,0.188799134909629,0.0356451133426244
117.02,0.634,25.36,0.385478357665772,0.148593564228701
117.038,0.44,17.6,0.157761126969935,0.0248885731828239
117.056,0.621,24.84,0.363078054770102,0.131825673855641
117.056,0.699,27.96,0.519995996533516,0.270395836410885
117.074,0.582,23.28,0.303389118419427,0.0920449571753172
117.093,0.686,27.44,0.489778819368447,0.239883291901949
117.093,0.725,29,0.586138164514029,0.343557947899875
117.11,0.673,26.92,0.46131757456038,0.212813904598272
117.129,0.725,29,0.586138164514029,0.343557947899875
117.129,0.725,29,0.586138164514029,0.343557947899875
117.146,0.712,28.48,0.552077439280758,0.304789498962799
117.165,0.738,29.52,0.62230028516916,0.387257644921618
117.165,0.712,28.48,0.552077439280758,0.304789498962799
117.183,0.738,29.52,0.62230028516916,0.387257644921618
117.203,0.725,29,0.586138164514029,0.343557947899875
117.203,0.673,26.92,0.46131757456038,0.212813904598272
117.22,0.725,29,0.586138164514029,0.343557947899875
117.22,0.686,27.44,0.489778819368447,0.239883291901949
117.24,0.595,23.8,0.322106879128344,0.103752841581801
117.256,0.699,27.96,0.519995996533516,0.270395836410885
117.257,0.621,24.84,0.363078054770102,0.131825673855641
117.276,0.414,16.56,0.139958732257262,0.0195884467350599
117.296,0.647,25.88,0.409260659730011,0.167494287602644
117.296,0.479,19.16,0.188799134909629,0.0356451133426244
117.314,0.272,10.88,0.0727779804536825,0.00529663443891659
117.333,0.531,21.24,0.239883291901949,0.0575439937337158
117.333,0.168,6.72,0.0450816704541461,0.00203235701093622
117.352,0.531,21.24,0.239883291901949,0.0575439937337158
117.352,0.233,9.32,0.0608135001278718,0.00369828179780267
117.371,0.505,20.2,0.212813904598271,0.0452897579903621
117.388,0.647,25.88,0.409260659730011,0.167494287602644
117.388,0.453,18.12,0.167494287602644,0.0280543363795172
117.407,0.634,25.36,0.385478357665772,0.148593564228701
117.425,0.388,15.52,0.124165230759241,0.0154170045294956
117.425,0.621,24.84,0.363078054770102,0.131825673855641
117.444,0.686,27.44,0.489778819368447,0.239883291901949
117.463,0.595,23.8,0.322106879128344,0.103752841581801
117.463,0.686,27.44,0.489778819368447,0.239883291901949
117.482,0.712,28.48,0.552077439280758,0.304789498962799
117.5,0.66,26.4,0.434510224171572,0.18879913490963
117.5,0.725,29,0.586138164514029,0.343557947899875
117.518,0.738,29.52,0.62230028516916,0.387257644921618
117.518,0.725,29,0.586138164514029,0.343557947899875
117.536,0.738,29.52,0.62230028516916,0.387257644921618
117.554,0.725,29,0.586138164514029,0.343557947899875
117.555,0.725,29,0.586138164514029,0.343557947899875
117.574,0.725,29,0.586138164514029,0.343557947899875
117.592,0.686,27.44,0.489778819368447,0.239883291901949
117.592,0.725,29,0.586138164514029,0.343557947899875
117.609,0.699,27.96,0.519995996533516,0.270395836410885
117.628,0.608,24.32,0.341979442513709,0.116949939101987
117.628,0.699,27.96,0.519995996533516,0.270395836410885
117.647,0.634,25.36,0.385478357665772,0.148593564228701
117.665,0.466,18.64,0.177827941003892,0.0316227766016838
117.665,0.647,25.88,0.409260659730011,0.167494287602644
117.684,0.505,20.2,0.212813904598271,0.0452897579903621
117.703,0.207,8.28,0.0539510622515128,0.00291071711806661
117.703,0.544,21.76,0.254683025258504,0.064863443354824
117.722,0.181,7.24,0.0478630092322639,0.00229086765276777
117.722,0.531,21.24,0.239883291901949,0.0575439937337158
117.74,0.298,11.92,0.0820351544329818,0.00672976656284318
117.759,0.479,19.16,0.188799134909629,0.0356451133426244
117.759,0.634,25.36,0.385478357665772,0.148593564228701
117.779,0.414,16.56,0.139958732257262,0.0195884467350599
117.796,0.621,24.84,0.363078054770102,0.131825673855641
117.796,0.311,12.44,0.0870963589956081,0.00758577575029184
117.815,0.595,23.8,0.322106879128344,0.103752841581801
117.832,0.673,26.92,0.46131757456038,0.212813904598272
117.832,0.556,22.24,0.269153480392692,0.0724435960074991
117.85,0.673,26.92,0.46131757456038,0.212813904598272
117.869,0.725,29,0.586138164514029,0.343557947899875
117.869,0.66,26.4,0.434510224171572,0.18879913490963
117.887,0.712,28.48,0.552077439280758,0.304789498962799
117.904,0.725,29,0.586138164514029,0.343557947899875
117.904,0.712,28.48,0.552077439280758,0.304789498962799
117.922,0.738,29.52,0.62230028516916,0.387257644921618
117.941,0.712,28.48,0.552077439280758,0.304789498962799
117.941,0.725,29,0.586138164514029,0.343557947899875
117.959,0.725,29,0.586138164514029,0.343557947899875
117.959,0.686,27.44,0.489778819368447,0.239883291901949
117.978,0.725,29,0.586138164514029,0.343557947899875
117.996,0.699,27.96,0.519995996533516,0.270395836410885
117.996,0.621,24.84,0.363078054770102,0.131825673855641
118.014,0.712,28.48,0.552077439280758,0.304789498962799
118.032,0.634,25.36,0.385478357665772,0.148593564228701
118.032,0.492,19.68,0.200447202736516,0.040179081084894
118.053,0.66,26.4,0.434510224171572,0.18879913490963
118.071,0.531,21.24,0.239883291901949,0.0575439937337158
118.071,0.142,5.68,0.0399944749761098,0.00159955802861467
118.09,0.569,22.76,0.285759054337495,0.0816582371358593
118.09,0.207,8.28,0.0539510622515128,0.00291071711806661
118.109,0.505,20.2,0.212813904598271,0.0452897579903621
118.127,0.336,13.44,0.0977237220955811,0.00954992586021437
118.127,0.453,18.12,0.167494287602644,0.0280543363795172
118.145,0.621,24.84,0.363078054770102,0.131825673855641
118.165,0.375,15,0.116949939101987,0.0136772882559585
118.165,0.595,23.8,0.322106879128344,0.103752841581801
118.183,0.246,9.84,0.0645654229034656,0.00416869383470336
118.202,0.569,22.76,0.285759054337495,0.0816582371358593
118.202,0.673,26.92,0.46131757456038,0.212813904598272
118.22,0.544,21.76,0.254683025258504,0.064863443354824
118.238,0.66,26.4,0.434510224171572,0.18879913490963
118.238,0.712,28.48,0.552077439280758,0.304789498962799
118.256,0.647,25.88,0.409260659730011,0.167494287602644
118.256,0.699,27.96,0.519995996533516,0.270395836410885
118.276,0.725,29,0.586138164514029,0.343557947899875
118.294,0.712,28.48,0.552077439280758,0.304789498962799
118.294,0.725,29,0.586138164514029,0.343557947899875
118.312,0.712,28.48,0.552077439280758,0.304789498962799
118.33,0.725,29,0.586138164514029,0.343557947899875
118.33,0.725,29,0.586138164514029,0.343557947899875
118.348,0.699,27.96,0.519995996533516,0.270395836410885
118.367,0.738,29.52,0.62230028516916,0.387257644921618
118.367,0.699,27.96,0.519995996533516,0.270395836410885
118.385,0.634,25.36,0.385478357665772,0.148593564228701
118.403,0.725,29,0.586138164514029,0.343557947899875
118.403,0.66,26.4,0.434510224171572,0.18879913490963
118.42,0.505,20.2,0.212813904598271,0.0452897579903621
118.438,0.673,26.92,0.46131757456038,0.212813904598272
118.438,0.544,21.76,0.254683025258504,0.064863443354824
118.456,0.155,6.2,0.0424619563946313,0.00180301774085957
118.475,0.595,23.8,0.322106879128344,0.103752841581801
118.475,0.531,21.24,0.239883291901949,0.0575439937337158
118.493,0.466,18.64,0.177827941003892,0.0316227766016838
118.512,0.414,16.56,0.139958732257262,0.0195884467350599
118.512,0.401,16.04,0.131825673855641,0.0173780082874938
118.529,0.621,24.84,0.363078054770102,0.131825673855641
118.547,0.336,13.44,0.0977237220955811,0.00954992586021437
118.548,0.595,23.8,0.322106879128344,0.103752841581801
118.565,0.246,9.84,0.0645654229034656,0.00416869383470336
118.582,0.556,22.24,0.269153480392692,0.0724435960074991
118.582,0.673,26.92,0.46131757456038,0.212813904598272
118.6,0.518,20.72,0.225943577022098,0.0510504999975407
118.618,0.66,26.4,0.434510224171572,0.18879913490963
118.619,0.712,28.48,0.552077439280758,0.304789498962799
118.637,0.647,25.88,0.409260659730011,0.167494287602644
118.654,0.699,27.96,0.519995996533516,0.270395836410885
118.655,0.725,29,0.586138164514029,0.343557947899875
118.672,0.699,27.96,0.519995996533516,0.270395836410885
118.69,0.738,29.52,0.62230028516916,0.387257644921618
118.69,0.725,29,0.586138164514029,0.343557947899875
118.711,0.725,29,0.586138164514029,0.343557947899875
118.711,0.725,29,0.586138164514029,0.343557947899875
118.734,0.699,27.96,0.519995996533516,0.270395836410885
118.734,0.738,29.52,0.62230028516916,0.387257644921618
118.759,0.699,27.96,0.519995996533516,0.270395836410885
118.759,0.634,25.36,0.385478357665772,0.148593564228701
118.78,0.712,28.48,0.552077439280758,0.304789498962799
118.799,0.66,26.4,0.434510224171572,0.18879913490963
118.799,0.531,21.24,0.239883291901949,0.0575439937337158
118.817,0.673,26.92,0.46131757456038,0.212813904598272
118.817,0.569,22.76,0.285759054337495,0.0816582371358593
118.839,0.22,8.8,0.057279603098583,0.00328095293113119
118.839,0.595,23.8,0.322106879128344,0.103752841581801
118.864,0.362,14.48,0.110153930954142,0.0121338885046498
118.883,0.44,17.6,0.157761126969935,0.0248885731828239
118.883,0.427,17.08,0.148593564228701,0.022080047330189
118.901,0.349,13.96,0.103752841581801,0.0107646521362984
118.901,0.595,23.8,0.322106879128344,0.103752841581801
118.921,0.246,9.84,0.0645654229034656,0.00416869383470336
118.94,0.569,22.76,0.285759054337495,0.0816582371358593
118.94,0.194,7.76,0.0508159442560561,0.0025822601906346
118.959,0.544,21.76,0.254683025258504,0.064863443354824
118.976,0.66,26.4,0.434510224171572,0.18879913490963
118.976,0.505,20.2,0.212813904598271,0.0452897579903621
118.994,0.634,25.36,0.385478357665772,0.148593564228701
119.012,0.712,28.48,0.552077439280758,0.304789498962799
119.012,0.621,24.84,0.363078054770102,0.131825673855641
119.031,0.686,27.44,0.489778819368447,0.239883291901949
119.031,0.725,29,0.586138164514029,0.343557947899875
119.049,0.686,27.44,0.489778819368447,0.239883291901949
119.068,0.725,29,0.586138164514029,0.343557947899875
119.068,0.725,29,0.586138164514029,0.343557947899875
119.086,0.725,29,0.586138164514029,0.343557947899875
119.104,0.738,29.52,0.62230028516916,0.387257644921618
119.104,0.712,28.48,0.552077439280758,0.304789498962799
119.122,0.738,29.52,0.62230028516916,0.387257644921618
119.143,0.725,29,0.586138164514029,0.343557947899875
119.143,0.66,26.4,0.434510224171572,0.18879913490963
119.163,0.712,28.48,0.552077439280758,0.304789498962799
119.163,0.673,26.92,0.46131757456038,0.212813904598272
119.18,0.556,22.24,0.269153480392692,0.0724435960074991
119.198,0.686,27.44,0.489778819368447,0.239883291901949
119.198,0.595,23.8,0.322106879128344,0.103752841581801
119.218,0.298,11.92,0.0820351544329818,0.00672976656284318
119.243,0.608,24.32,0.341979442513709,0.116949939101987
119.243,0.401,16.04,0.131825673855641,0.0173780082874938
119.261,0.401,16.04,0.131825673855641,0.0173780082874938
119.261,0.466,18.64,0.177827941003892,0.0316227766016838
119.279,0.336,13.44,0.0977237220955811,0.00954992586021437
119.298,0.595,23.8,0.322106879128344,0.103752841581801
119.298,0.194,7.76,0.0508159442560561,0.0025822601906346
119.318,0.556,22.24,0.269153480392692,0.0724435960074991
119.318,0.673,26.92,0.46131757456038,0.212813904598272
119.337,0.531,21.24,0.239883291901949,0.0575439937337158
119.358,0.673,26.92,0.46131757456038,0.212813904598272
119.358,0.479,19.16,0.188799134909629,0.0356451133426244
119.378,0.634,25.36,0.385478357665772,0.148593564228701
119.378,0.699,27.96,0.519995996533516,0.270395836410885
119.4,0.621,24.84,0.363078054770102,0.131825673855641
119.4,0.686,27.44,0.489778819368447,0.239883291901949
119.427,0.725,29,0.586138164514029,0.343557947899875
119.427,0.686,27.44,0.489778819368447,0.239883291901949
119.447,0.725,29,0.586138164514029,0.343557947899875
119.465,0.725,29,0.586138164514029,0.343557947899875
119.465,0.712,28.48,0.552077439280758,0.304789498962799
119.483,0.738,29.52,0.62230028516916,0.387257644921618
119.483,0.712,28.48,0.552077439280758,0.304789498962799
119.502,0.738,29.52,0.62230028516916,0.387257644921618
119.52,0.712,28.48,0.552077439280758,0.304789498962799
119.52,0.66,26.4,0.434510224171572,0.18879913490963
119.539,0.712,28.48,0.552077439280758,0.304789498962799
119.558,0.673,26.92,0.46131757456038,0.212813904598272
119.558,0.569,22.76,0.285759054337495,0.0816582371358593
119.576,0.686,27.44,0.489778819368447,0.239883291901949
119.595,0.595,23.8,0.322106879128344,0.103752841581801
119.595,0.362,14.48,0.110153930954142,0.0121338885046498
119.614,0.621,24.84,0.363078054770102,0.131825673855641
119.633,0.453,18.12,0.167494287602644,0.0280543363795172
119.633,0.349,13.96,0.103752841581801,0.0107646521362984
119.651,0.505,20.2,0.212813904598271,0.0452897579903621
119.651,0.207,8.28,0.0539510622515128,0.00291071711806661
119.671,0.569,22.76,0.285759054337495,0.0816582371358593
119.693,0.155,6.2,0.0424619563946313,0.00180301774085957
119.693,0.531,21.24,0.239883291901949,0.0575439937337158
119.714,0.673,26.92,0.46131757456038,0.212813904598272
119.714,0.479,19.16,0.188799134909629,0.0356451133426244
119.735,0.634,25.36,0.385478357665772,0.148593564228701
119.735,0.44,17.6,0.157761126969935,0.0248885731828239
119.755,0.621,24.84,0.363078054770102,0.131825673855641
119.775,0.712,28.48,0.552077439280758,0.304789498962799
119.775,0.621,24.84,0.363078054770102,0.131825673855641
119.793,0.699,27.96,0.519995996533516,0.270395836410885
119.793,0.725,29,0.586138164514029,0.343557947899875
119.812,0.673,26.92,0.46131757456038,0.212813904598272
119.83,0.712,28.48,0.552077439280758,0.304789498962799
119.83,0.725,29,0.586138164514029,0.343557947899875
119.848,0.712,28.48,0.552077439280758,0.304789498962799
119.867,0.738,29.52,0.62230028516916,0.387257644921618
119.867,0.725,29,0.586138164514029,0.343557947899875
119.887,0.725,29,0.586138164514029,0.343557947899875
119.904,0.725,29,0.586138164514029,0.343557947899875
119.904,0.66,26.4,0.434510224171572,0.18879913490963
119.924,0.725,29,0.586138164514029,0.343557947899875
119.924,0.686,27.44,0.489778819368447,0.239883291901949
119.943,0.569,22.76,0.285759054337495,0.0816582371358593
119.964,0.699,27.96,0.519995996533516,0.270395836410885
119.964,0.608,24.32,0.341979442513709,0.116949939101987
119.984,0.401,16.04,0.131825673855641,0.0173780082874938
119.984,0.634,25.36,0.385478357665772,0.148593564228701
120.004,0.466,18.64,0.177827941003892,0.0316227766016838
120.023,0.479,19.16,0.188799134909629,0.0356451133426244
120.023,0.505,20.2,0.212813904598271,0.0452897579903621
120.043,0.181,7.24,0.0478630092322639,0.00229086765276777
120.043,0.556,22.24,0.269153480392692,0.0724435960074991
120.063,0.155,6.2,0.0424619563946313,0.00180301774085957
120.081,0.518,20.72,0.225943577022098,0.0510504999975407
120.081,0.647,25.88,0.409260659730011,0.167494287602644
120.1,0.466,18.64,0.177827941003892,0.0316227766016838
120.118,0.634,25.36,0.385478357665772,0.148593564228701
120.118,0.414,16.56,0.139958732257262,0.0195884467350599
120.137,0.621,24.84,0.363078054770102,0.131825673855641
120.156,0.712,28.48,0.552077439280758,0.304789498962799
120.156,0.595,23.8,0.322106879128344,0.103752841581801
120.175,0.673,26.92,0.46131757456038,0.212813904598272
120.175,0.725,29,0.586138164514029,0.343557947899875
120.195,0.673,26.92,0.46131757456038,0.212813904598272
120.214,0.725,29,0.586138164514029,0.343557947899875
120.214,0.725,29,0.586138164514029,0.343557947899875
120.234,0.712,28.48,0.552077439280758,0.304789498962799
120.234,0.725,29,0.586138164514029,0.343557947899875
120.253,0.712,28.48,0.552077439280758,0.304789498962799
120.272,0.725,29,0.586138164514029,0.343557947899875
120.272,0.725,29,0.586138164514029,0.343557947899875
120.292,0.673,26.92,0.46131757456038,0.212813904598272
120.313,0.725,29,0.586138164514029,0.343557947899875
120.313,0.686,27.44,0.489778819368447,0.239883291901949
120.333,0.608,24.32,0.341979442513709,0.116949939101987
120.333,0.699,27.96,0.519995996533516,0.270395836410885
120.358,0.621,24.84,0.363078054770102,0.131825673855641
120.358,0.44,17.6,0.157761126969935,0.0248885731828239
120.379,0.647,25.88,0.409260659730011,0.167494287602644
120.379,0.492,19.68,0.200447202736516,0.040179081084894
120.397,0.233,9.32,0.0608135001278718,0.00369828179780267
120.415,0.544,21.76,0.254683025258504,0.064863443354824
120.416,0.168,6.72,0.0450816704541461,0.00203235701093622
120.433,0.531,21.24,0.239883291901949,0.0575439937337158
120.451,0.259,10.36,0.0685488226452662,0.00469894108605216
120.451,0.466,18.64,0.177827941003892,0.0316227766016838
120.47,0.634,25.36,0.385478357665772,0.148593564228701
120.487,0.427,17.08,0.148593564228701,0.022080047330189
120.487,0.621,24.84,0.363078054770102,0.131825673855641
120.506,0.349,13.96,0.103752841581801,0.0107646521362984
120.524,0.595,23.8,0.322106879128344,0.103752841581801
120.524,0.686,27.44,0.489778819368447,0.239883291901949
120.541,0.569,22.76,0.285759054337495,0.0816582371358593
120.559,0.686,27.44,0.489778819368447,0.239883291901949
120.559,0.712,28.48,0.552077439280758,0.304789498962799
120.577,0.673,26.92,0.46131757456038,0.212813904598272
120.595,0.712,28.48,0.552077439280758,0.304789498962799
120.595,0.738,29.52,0.62230028516916,0.387257644921618
120.617,0.712,28.48,0.552077439280758,0.304789498962799
120.617,0.725,29,0.586138164514029,0.343557947899875
120.635,0.725,29,0.586138164514029,0.343557947899875
120.653,0.725,29,0.586138164514029,0.343557947899875
120.653,0.712,28.48,0.552077439280758,0.304789498962799
120.672,0.699,27.96,0.519995996533516,0.270395836410885
120.69,0.725,29,0.586138164514029,0.343557947899875
120.69,0.686,27.44,0.489778819368447,0.239883291901949
120.707,0.621,24.84,0.363078054770102,0.131825673855641
120.729,0.712,28.48,0.552077439280758,0.304789498962799
120.729,0.634,25.36,0.385478357665772,0.148593564228701
120.749,0.466,18.64,0.177827941003892,0.0316227766016838
120.749,0.66,26.4,0.434510224171572,0.18879913490963
120.767,0.505,20.2,0.212813904598271,0.0452897579903621
120.792,0.181,7.24,0.0478630092322639,0.00229086765276777
120.792,0.556,22.24,0.269153480392692,0.0724435960074991
120.812,0.207,8.28,0.0539510622515128,0.00291071711806661
120.812,0.505,20.2,0.212813904598271,0.0452897579903621
120.833,0.311,12.44,0.0870963589956081,0.00758577575029184
120.833,0.453,18.12,0.167494287602644,0.0280543363795172
120.853,0.634,25.36,0.385478357665772,0.148593564228701
120.853,0.375,15,0.116949939101987,0.0136772882559585
120.874,0.621,24.84,0.363078054770102,0.131825673855641
120.896,0.311,12.44,0.0870963589956081,0.00758577575029184
120.896,0.582,23.28,0.303389118419427,0.0920449571753172
120.916,0.686,27.44,0.489778819368447,0.239883291901949
120.916,0.556,22.24,0.269153480392692,0.0724435960074991
120.936,0.673,26.92,0.46131757456038,0.212813904598272
120.936,0.725,29,0.586138164514029,0.343557947899875
120.954,0.66,26.4,0.434510224171572,0.18879913490963
120.973,0.712,28.48,0.552077439280758,0.304789498962799
120.974,0.738,29.52,0.62230028516916,0.387257644921618
120.992,0.712,28.48,0.552077439280758,0.304789498962799
121.01,0.725,29,0.586138164514029,0.343557947899875
121.01,0.725,29,0.586138164514029,0.343557947899875
121.029,0.725,29,0.586138164514029,0.343557947899875
121.049,0.725,29,0.586138164514029,0.343557947899875
121.049,0.699,27.96,0.519995996533516,0.270395836410885
121.067,0.725,29,0.586138164514029,0.343557947899875
121.067,0.699,27.96,0.519995996533516,0.270395836410885
121.086,0.621,24.84,0.363078054770102,0.131825673855641
121.104,0.712,28.48,0.552077439280758,0.304789498962799
121.104,0.647,25.88,0.409260659730011,0.167494287602644
121.122,0.492,19.68,0.200447202736516,0.040179081084894
121.141,0.66,26.4,0.434510224171572,0.18879913490963
121.141,0.531,21.24,0.239883291901949,0.0575439937337158
121.159,0.194,7.76,0.0508159442560561,0.0025822601906346
121.178,0.569,22.76,0.285759054337495,0.0816582371358593
121.178,0.246,9.84,0.0645654229034656,0.00416869383470336
121.198,0.505,20.2,0.212813904598271,0.0452897579903621
121.215,0.375,15,0.116949939101987,0.0136772882559585
121.215,0.427,17.08,0.148593564228701,0.022080047330189
121.234,0.621,24.84,0.363078054770102,0.131825673855641
121.234,0.336,13.44,0.0977237220955811,0.00954992586021437
121.253,0.608,24.32,0.341979442513709,0.116949939101987
121.272,0.233,9.32,0.0608135001278718,0.00369828179780267
121.272,0.569,22.76,0.285759054337495,0.0816582371358593
121.29,0.673,26.92,0.46131757456038,0.212813904598272
121.31,0.531,21.24,0.239883291901949,0.0575439937337158
121.31,0.66,26.4,0.434510224171572,0.18879913490963
121.328,0.712,28.48,0.552077439280758,0.304789498962799
121.346,0.634,25.36,0.385478357665772,0.148593564228701
121.346,0.712,28.48,0.552077439280758,0.304789498962799
121.364,0.725,29,0.586138164514029,0.343557947899875
121.382,0.699,27.96,0.519995996533516,0.270395836410885
121.382,0.738,29.52,0.62230028516916,0.387257644921618
121.401,0.725,29,0.586138164514029,0.343557947899875
121.401,0.725,29,0.586138164514029,0.343557947899875
121.42,0.725,29,0.586138164514029,0.343557947899875
121.437,0.699,27.96,0.519995996533516,0.270395836410885
121.437,0.725,29,0.586138164514029,0.343557947899875
121.455,0.699,27.96,0.519995996533516,0.270395836410885
121.473,0.634,25.36,0.385478357665772,0.148593564228701
121.473,0.712,28.48,0.552077439280758,0.304789498962799
121.49,0.647,25.88,0.409260659730011,0.167494287602644
121.508,0.608,24.32,0.341979442513709,0.116949939101987
121.508,0.673,26.92,0.46131757456038,0.212813904598272
121.526,0.556,22.24,0.269153480392692,0.0724435960074991
121.544,0.233,9.32,0.0608135001278718,0.00369828179780267
121.544,0.699,27.96,0.519995996533516,0.270395836410885
121.562,0.336,13.44,0.0977237220955811,0.00954992586021437
121.58,0.466,18.64,0.177827941003892,0.0316227766016838
121.58,0.414,16.56,0.139958732257262,0.0195884467350599
121.597,0.375,15,0.116949939101987,0.0136772882559585
121.614,0.608,24.32,0.341979442513709,0.116949939101987
121.632,0.272,10.88,0.0727779804536825,0.00529663443891659
121.633,0.582,23.28,0.303389118419427,0.0920449571753172
121.651,0.531,21.24,0.239883291901949,0.0575439937337158
121.651,0.544,21.76,0.254683025258504,0.064863443354824
121.668,0.673,26.92,0.46131757456038,0.212813904598272
121.687,0.505,20.2,0.212813904598271,0.0452897579903621
121.688,0.647,25.88,0.409260659730011,0.167494287602644
121.704,0.712,28.48,0.552077439280758,0.304789498962799
121.722,0.634,25.36,0.385478357665772,0.148593564228701
121.722,0.712,28.48,0.552077439280758,0.304789498962799
121.739,0.725,29,0.586138164514029,0.343557947899875
121.758,0.712,28.48,0.552077439280758,0.304789498962799
121.758,0.725,29,0.586138164514029,0.343557947899875
121.777,0.738,29.52,0.62230028516916,0.387257644921618
121.794,0.712,28.48,0.552077439280758,0.304789498962799
121.794,0.725,29,0.586138164514029,0.343557947899875
121.814,0.712,28.48,0.552077439280758,0.304789498962799
121.831,0.725,29,0.586138164514029,0.343557947899875
121.831,0.699,27.96,0.519995996533516,0.270395836410885
121.849,0.647,25.88,0.409260659730011,0.167494287602644
121.866,0.725,29,0.586138164514029,0.343557947899875
121.866,0.673,26.92,0.46131757456038,0.212813904598272
121.886,0.531,21.24,0.239883291901949,0.0575439937337158
121.903,0.686,27.44,0.489778819368447,0.239883291901949
121.903,0.569,22.76,0.285759054337495,0.0816582371358593
121.921,0.259,10.36,0.0685488226452662,0.00469894108605216
121.938,0.608,24.32,0.341979442513709,0.116949939101987
121.938,0.375,15,0.116949939101987,0.0136772882559585
121.956,0.414,16.56,0.139958732257262,0.0195884467350599
121.974,0.453,18.12,0.167494287602644,0.0280543363795172
121.974,0.336,13.44,0.0977237220955811,0.00954992586021437
121.993,0.582,23.28,0.303389118419427,0.0920449571753172
122.012,0.233,9.32,0.0608135001278718,0.00369828179780267
122.012,0.569,22.76,0.285759054337495,0.0816582371358593
122.029,0.673,26.92,0.46131757456038,0.212813904598272
122.046,0.531,21.24,0.239883291901949,0.0575439937337158
122.046,0.673,26.92,0.46131757456038,0.212813904598272
122.064,0.556,22.24,0.269153480392692,0.0724435960074991
122.082,0.634,25.36,0.385478357665772,0.148593564228701
122.082,0.725,29,0.586138164514029,0.343557947899875
122.1,0.621,24.84,0.363078054770102,0.131825673855641
122.117,0.699,27.96,0.519995996533516,0.270395836410885
122.117,0.725,29,0.586138164514029,0.343557947899875
122.136,0.699,27.96,0.519995996533516,0.270395836410885
122.153,0.725,29,0.586138164514029,0.343557947899875
122.153,0.725,29,0.586138164514029,0.343557947899875
122.171,0.725,29,0.586138164514029,0.343557947899875
122.188,0.738,29.52,0.62230028516916,0.387257644921618
122.188,0.712,28.48,0.552077439280758,0.304789498962799
122.208,0.738,29.52,0.62230028516916,0.387257644921618
122.227,0.712,28.48,0.552077439280758,0.304789498962799
122.227,0.66,26.4,0.434510224171572,0.18879913490963
122.244,0.712,28.48,0.552077439280758,0.304789498962799
122.263,0.673,26.92,0.46131757456038,0.212813904598272
122.263,0.569,22.76,0.285759054337495,0.0816582371358593
122.281,0.686,27.44,0.489778819368447,0.239883291901949
122.3,0.595,23.8,0.322106879128344,0.103752841581801
122.3,0.349,13.96,0.103752841581801,0.0107646521362984
122.321,0.621,24.84,0.363078054770102,0.131825673855641
122.321,0.44,17.6,0.157761126969935,0.0248885731828239
122.339,0.362,14.48,0.110153930954142,0.0121338885046498
122.357,0.492,19.68,0.200447202736516,0.040179081084894
122.357,0.272,10.88,0.0727779804536825,0.00529663443891659
122.377,0.582,23.28,0.303389118419427,0.0920449571753172
122.394,0.207,8.28,0.0539510622515128,0.00291071711806661
122.395,0.544,21.76,0.254683025258504,0.064863443354824
122.412,0.673,26.92,0.46131757456038,0.212813904598272
122.412,0.492,19.68,0.200447202736516,0.040179081084894
122.431,0.647,25.88,0.409260659730011,0.167494287602644
122.45,0.453,18.12,0.167494287602644,0.0280543363795172
122.45,0.634,25.36,0.385478357665772,0.148593564228701
122.467,0.699,27.96,0.519995996533516,0.270395836410885
122.485,0.608,24.32,0.341979442513709,0.116949939101987
122.485,0.699,27.96,0.519995996533516,0.270395836410885
122.503,0.725,29,0.586138164514029,0.343557947899875
122.52,0.686,27.44,0.489778819368447,0.239883291901949
122.52,0.725,29,0.586138164514029,0.343557947899875
122.539,0.738,29.52,0.62230028516916,0.387257644921618
122.558,0.725,29,0.586138164514029,0.343557947899875
122.558,0.738,29.52,0.62230028516916,0.387257644921618
122.576,0.712,28.48,0.552077439280758,0.304789498962799
122.594,0.738,29.52,0.62230028516916,0.387257644921618
122.595,0.725,29,0.586138164514029,0.343557947899875
122.614,0.673,26.92,0.46131757456038,0.212813904598272
122.633,0.725,29,0.586138164514029,0.343557947899875
122.633,0.686,27.44,0.489778819368447,0.239883291901949
122.652,0.582,23.28,0.303389118419427,0.0920449571753172
122.652,0.699,27.96,0.519995996533516,0.270395836410885
122.67,0.608,24.32,0.341979442513709,0.116949939101987
122.69,0.375,15,0.116949939101987,0.0136772882559585
122.69,0.634,25.36,0.385478357665772,0.148593564228701
122.707,0.466,18.64,0.177827941003892,0.0316227766016838
122.726,0.324,12.96,0.0924698173938223,0.00855066712884685
122.726,0.505,20.2,0.212813904598271,0.0452897579903621
122.745,0.207,8.28,0.0539510622515128,0.00291071711806661
122.764,0.544,21.76,0.254683025258504,0.064863443354824
122.764,0.194,7.76,0.0508159442560561,0.0025822601906346
122.783,0.608,24.32,0.341979442513709,0.116949939101987
122.783,0.66,26.4,0.434510224171572,0.18879913490963
122.801,0.492,19.68,0.200447202736516,0.040179081084894
122.819,0.647,25.88,0.409260659730011,0.167494287602644
122.819,0.427,17.08,0.148593564228701,0.022080047330189
122.837,0.621,24.84,0.363078054770102,0.131825673855641
122.856,0.699,27.96,0.519995996533516,0.270395836410885
122.856,0.582,23.28,0.303389118419427,0.0920449571753172
122.874,0.686,27.44,0.489778819368447,0.239883291901949
122.892,0.725,29,0.586138164514029,0.343557947899875
122.893,0.66,26.4,0.434510224171572,0.18879913490963
122.912,0.712,28.48,0.552077439280758,0.304789498962799
122.928,0.738,29.52,0.62230028516916,0.387257644921618
122.928,0.712,28.48,0.552077439280758,0.304789498962799
122.948,0.725,29,0.586138164514029,0.343557947899875
122.965,0.712,28.48,0.552077439280758,0.304789498962799
122.965,0.725,29,0.586138164514029,0.343557947899875
122.985,0.725,29,0.586138164514029,0.343557947899875
122.985,0.686,27.44,0.489778819368447,0.239883291901949
123.005,0.725,29,0.586138164514029,0.343557947899875
123.025,0.699,27.96,0.519995996533516,0.270395836410885
123.025,0.595,23.8,0.322106879128344,0.103752841581801
123.266,0.686,27.44,0.489778819368447,0.239883291901949
123.267,0.621,24.84,0.363078054770102,0.131825673855641
123.267,0.427,17.08,0.148593564228701,0.022080047330189
123.267,0.647,25.88,0.409260659730011,0.167494287602644
123.267,0.479,19.16,0.188799134909629,0.0356451133426244
123.267,0.259,10.36,0.0685488226452662,0.00469894108605216
123.267,0.531,21.24,0.239883291901949,0.0575439937337158
123.267,0.181,7.24,0.0478630092322639,0.00229086765276777
123.267,0.544,21.76,0.254683025258504,0.064863443354824
123.267,0.246,9.84,0.0645654229034656,0.00416869383470336
123.267,0.505,20.2,0.212813904598271,0.0452897579903621
123.267,0.647,25.88,0.409260659730011,0.167494287602644
123.267,0.44,17.6,0.157761126969935,0.0248885731828239
123.267,0.634,25.36,0.385478357665772,0.148593564228701
123.267,0.362,14.48,0.110153930954142,0.0121338885046498
123.267,0.608,24.32,0.341979442513709,0.116949939101987
123.267,0.699,27.96,0.519995996533516,0.270395836410885
123.267,0.582,23.28,0.303389118419427,0.0920449571753172
123.267,0.686,27.44,0.489778819368447,0.239883291901949
123.268,0.725,29,0.586138164514029,0.343557947899875
123.285,0.66,26.4,0.434510224171572,0.18879913490963
123.285,0.725,29,0.586138164514029,0.343557947899875
