Time_s,DetectorVoltage_V,Power_dB,RelativeAmplitude,RelativePower
0.296,0.207,8.28,0.057279603098583,0.00328095293113119
0.296,0.544,21.76,0.270395836410884,0.0731139083483418
0.296,0.194,7.76,0.0539510622515128,0.00291071711806661
0.296,0.492,19.68,0.212813904598271,0.0452897579903621
0.296,0.285,11.4,0.0820351544329818,0.00672976656284318
0.297,0.453,18.12,0.177827941003892,0.0316227766016838
0.297,0.621,24.84,0.385478357665772,0.148593564228701
0.297,0.388,15.52,0.131825673855641,0.0173780082874938
0.297,0.595,23.8,0.341979442513709,0.116949939101987
0.297,0.298,11.92,0.0870963589956081,0.00758577575029184
0.297,0.569,22.76,0.303389118419427,0.0920449571753171
0.297,0.673,26.92,0.489778819368446,0.239883291901949
0.297,0.544,21.76,0.270395836410884,0.0731139083483418
0.297,0.66,26.4,0.461317574560379,0.212813904598271
0.297,0.712,28.48,0.586138164514029,0.343557947899875
0.297,0.647,25.88,0.434510224171572,0.188799134909629
0.297,0.699,27.96,0.552077439280757,0.304789498962798
0.297,0.725,29,0.622300285169159,0.387257644921617
0.297,0.686,27.44,0.519995996533516,0.270395836410885
0.297,0.725,29,0.622300285169159,0.387257644921617
0.297,0.712,28.48,0.586138164514029,0.343557947899875
0.297,0.725,29,0.622300285169159,0.387257644921617
0.297,0.712,28.48,0.586138164514029,0.343557947899875
0.298,0.686,27.44,0.519995996533516,0.270395836410885
0.298,0.725,29,0.622300285169159,0.387257644921617
0.369,0.686,27.44,0.519995996533516,0.270395836410885
0.369,0.621,24.84,0.385478357665772,0.148593564228701
0.369,0.699,27.96,0.552077439280757,0.304789498962798
0.369,0.634,25.36,0.409260659730011,0.167494287602644
0.369,0.479,19.16,0.200447202736516,0.040179081084894
0.369,0.66,26.4,0.461317574560379,0.212813904598271
0.382,0.531,21.24,0.254683025258504,0.0648634433548238
0.487,0.181,7.24,0.0508159442560561,0.0025822601906346
0.487,0.569,22.76,0.303389118419427,0.0920449571753171
0.487,0.259,10.36,0.0727779804536824,0.00529663443891658
0.487,0.479,19.16,0.200447202736516,0.040179081084894
0.488,0.375,15,0.124165230759241,0.0154170045294956
0.488,0.414,16.56,0.148593564228701,0.022080047330189
0.488,0.608,24.32,0.363078054770101,0.131825673855641
0.488,0.336,13.44,0.103752841581801,0.0107646521362983
0.488,0.582,23.28,0.322106879128343,0.103752841581801
0.571,0.298,11.92,0.0870963589956081,0.00758577575029184
0.571,0.556,22.24,0.285759054337495,0.0816582371358593
0.571,0.66,26.4,0.461317574560379,0.212813904598271
0.571,0.518,20.72,0.239883291901949,0.0575439937337157
0.571,0.647,25.88,0.434510224171572,0.188799134909629
0.571,0.712,28.48,0.586138164514029,0.343557947899875
0.571,0.634,25.36,0.409260659730011,0.167494287602644
0.591,0.699,27.96,0.552077439280757,0.304789498962798
0.608,0.712,28.48,0.586138164514029,0.343557947899875
0.608,0.686,27.44,0.519995996533516,0.270395836410885
0.625,0.712,28.48,0.586138164514029,0.343557947899875
0.64,0.712,28.48,0.586138164514029,0.343557947899875
0.654,0.725,29,0.622300285169159,0.387257644921617
0.654,0.725,29,0.622300285169159,0.387257644921617
0.67,0.686,27.44,0.519995996533516,0.270395836410885
0.685,0.725,29,0.622300285169159,0.387257644921617
0.701,0.699,27.96,0.552077439280757,0.304789498962798
0.701,0.621,24.84,0.385478357665772,0.148593564228701
0.717,0.712,28.48,0.586138164514029,0.343557947899875
0.743,0.647,25.88,0.434510224171572,0.188799134909629
0.744,0.518,20.72,0.239883291901949,0.0575439937337157
0.783,0.647,25.88,0.434510224171572,0.188799134909629
0.783,0.544,21.76,0.270395836410884,0.0731139083483418
0.785,0.22,8.8,0.0608135001278718,0.00369828179780266
0.785,0.582,23.28,0.322106879128343,0.103752841581801
0.813,0.582,23.28,0.322106879128343,0.103752841581801
0.813,0.427,17.08,0.157761126969935,0.0248885731828239
0.834,0.401,16.04,0.139958732257262,0.0195884467350599
0.834,0.375,15,0.124165230759241,0.0154170045294956
0.852,0.595,23.8,0.341979442513709,0.116949939101987
0.868,0.285,11.4,0.0820351544329818,0.00672976656284318
0.869,0.569,22.76,0.303389118419427,0.0920449571753171
0.884,0.142,5.68,0.0424619563946313,0.00180301774085957
0.899,0.544,21.76,0.270395836410884,0.0731139083483418
0.915,0.66,26.4,0.461317574560379,0.212813904598271
0.915,0.505,20.2,0.225943577022098,0.0510504999975407
0.93,0.634,25.36,0.409260659730011,0.167494287602644
0.946,0.699,27.96,0.552077439280757,0.304789498962798
0.961,0.621,24.84,0.385478357665772,0.148593564228701
0.977,0.699,27.96,0.552077439280757,0.304789498962798
0.977,0.712,28.48,0.586138164514029,0.343557947899875
0.991,0.686,27.44,0.519995996533516,0.270395836410885
1.008,0.725,29,0.622300285169159,0.387257644921617
1.022,0.712,28.48,0.586138164514029,0.343557947899875
1.022,0.712,28.48,0.586138164514029,0.343557947899875
1.038,0.725,29,0.622300285169159,0.387257644921617
1.055,0.686,27.44,0.519995996533516,0.270395836410885
1.072,0.712,28.48,0.586138164514029,0.343557947899875
1.072,0.699,27.96,0.552077439280757,0.304789498962798
1.088,0.647,25.88,0.434510224171572,0.188799134909629
1.102,0.699,27.96,0.552077439280757,0.304789498962798
1.118,0.66,26.4,0.461317574560379,0.212813904598271
1.118,0.531,21.24,0.254683025258504,0.0648634433548238
1.132,0.673,26.92,0.489778819368446,0.239883291901949
1.148,0.569,22.76,0.303389118419427,0.0920449571753171
1.165,0.246,9.84,0.0685488226452662,0.00469894108605216
1.165,0.595,23.8,0.341979442513709,0.116949939101987
1.181,0.362,14.48,0.116949939101987,0.0136772882559585
1.196,0.414,16.56,0.148593564228701,0.022080047330189
1.213,0.44,17.6,0.167494287602644,0.0280543363795171
1.228,0.311,12.44,0.0924698173938222,0.00855066712884683
1.228,0.582,23.28,0.322106879128343,0.103752841581801
1.244,0.207,8.28,0.057279603098583,0.00328095293113119
1.261,0.569,22.76,0.303389118419427,0.0920449571753171
1.275,0.66,26.4,0.461317574560379,0.212813904598271
1.275,0.518,20.72,0.239883291901949,0.0575439937337157
1.29,0.647,25.88,0.434510224171572,0.188799134909629
1.306,0.479,19.16,0.200447202736516,0.040179081084894
1.321,0.621,24.84,0.385478357665772,0.148593564228701
1.321,0.699,27.96,0.552077439280757,0.304789498962798
1.337,0.608,24.32,0.363078054770101,0.131825673855641
1.353,0.686,27.44,0.519995996533516,0.270395836410885
1.367,0.725,29,0.622300285169159,0.387257644921617
1.383,0.673,26.92,0.489778819368446,0.239883291901949
1.383,0.712,28.48,0.586138164514029,0.343557947899875
1.398,0.712,28.48,0.586138164514029,0.343557947899875
1.412,0.712,28.48,0.586138164514029,0.343557947899875
1.428,0.725,29,0.622300285169159,0.387257644921617
1.428,0.699,27.96,0.552077439280757,0.304789498962798
1.443,0.725,29,0.622300285169159,0.387257644921617
1.458,0.699,27.96,0.552077439280757,0.304789498962798
1.473,0.647,25.88,0.434510224171572,0.188799134909629
1.487,0.699,27.96,0.552077439280757,0.304789498962798
1.487,0.66,26.4,0.461317574560379,0.212813904598271
1.503,0.544,21.76,0.270395836410884,0.0731139083483418
1.517,0.673,26.92,0.489778819368446,0.239883291901949
1.534,0.582,23.28,0.322106879128343,0.103752841581801
1.548,0.336,13.44,0.103752841581801,0.0107646521362983
1.548,0.608,24.32,0.363078054770101,0.131825673855641
1.564,0.401,16.04,0.139958732257262,0.0195884467350599
1.579,0.375,15,0.124165230759241,0.0154170045294956
1.594,0.466,18.64,0.188799134909629,0.0356451133426244
1.594,0.259,10.36,0.0727779804536824,0.00529663443891658
1.609,0.569,22.76,0.303389118419427,0.0920449571753171
1.624,0.285,11.4,0.0820351544329818,0.00672976656284318
1.64,0.531,21.24,0.254683025258504,0.0648634433548238
1.655,0.66,26.4,0.461317574560379,0.212813904598271
1.655,0.492,19.68,0.212813904598271,0.0452897579903621
1.67,0.634,25.36,0.409260659730011,0.167494287602644
1.684,0.44,17.6,0.167494287602644,0.0280543363795171
1.7,0.621,24.84,0.385478357665772,0.148593564228701
1.715,0.686,27.44,0.519995996533516,0.270395836410885
1.715,0.595,23.8,0.341979442513709,0.116949939101987
1.73,0.686,27.44,0.519995996533516,0.270395836410885
1.745,0.712,28.48,0.586138164514029,0.343557947899875
1.761,0.673,26.92,0.489778819368446,0.239883291901949
1.762,0.712,28.48,0.586138164514029,0.343557947899875
1.777,0.725,29,0.622300285169159,0.387257644921617
1.791,0.699,27.96,0.552077439280757,0.304789498962798
1.806,0.725,29,0.622300285169159,0.387257644921617
1.821,0.712,28.48,0.586138164514029,0.343557947899875
1.821,0.725,29,0.622300285169159,0.387257644921617
1.837,0.712,28.48,0.586138164514029,0.343557947899875
1.852,0.66,26.4,0.461317574560379,0.212813904598271
1.867,0.725,29,0.622300285169159,0.387257644921617
1.883,0.673,26.92,0.489778819368446,0.239883291901949
1.883,0.556,22.24,0.285759054337495,0.0816582371358593
1.899,0.686,27.44,0.519995996533516,0.270395836410885
1.914,0.595,23.8,0.341979442513709,0.116949939101987
1.931,0.362,14.48,0.116949939101987,0.0136772882559585
1.931,0.621,24.84,0.385478357665772,0.148593564228701
1.947,0.44,17.6,0.167494287602644,0.0280543363795171
1.961,0.311,12.44,0.0924698173938222,0.00855066712884683
1.976,0.492,19.68,0.212813904598271,0.0452897579903621
1.977,0.207,8.28,0.057279603098583,0.00328095293113119
1.992,0.556,22.24,0.285759054337495,0.0816582371358593
2.008,0.181,7.24,0.0508159442560561,0.0025822601906346
2.023,0.505,20.2,0.225943577022098,0.0510504999975407
2.023,0.647,25.88,0.434510224171572,0.188799134909629
2.039,0.466,18.64,0.188799134909629,0.0356451133426244
2.055,0.621,24.84,0.385478357665772,0.148593564228701
2.07,0.414,16.56,0.148593564228701,0.022080047330189
2.086,0.621,24.84,0.385478357665772,0.148593564228701
2.086,0.686,27.44,0.519995996533516,0.270395836410885
2.101,0.582,23.28,0.322106879128343,0.103752841581801
2.117,0.673,26.92,0.489778819368446,0.239883291901949
2.134,0.725,29,0.622300285169159,0.387257644921617
2.134,0.647,25.88,0.434510224171572,0.188799134909629
2.148,0.712,28.48,0.586138164514029,0.343557947899875
2.164,0.712,28.48,0.586138164514029,0.343557947899875
2.179,0.699,27.96,0.552077439280757,0.304789498962798
2.179,0.725,29,0.622300285169159,0.387257644921617
2.195,0.699,27.96,0.552077439280757,0.304789498962798
2.21,0.712,28.48,0.586138164514029,0.343557947899875
2.224,0.699,27.96,0.552077439280757,0.304789498962798
2.226,0.66,26.4,0.461317574560379,0.212813904598271
2.241,0.712,28.48,0.586138164514029,0.343557947899875
2.256,0.673,26.92,0.489778819368446,0.239883291901949
2.272,0.595,23.8,0.341979442513709,0.116949939101987
2.287,0.686,27.44,0.519995996533516,0.270395836410885
2.287,0.621,24.84,0.385478357665772,0.148593564228701
2.301,0.414,16.56,0.148593564228701,0.022080047330189
2.316,0.621,24.84,0.385478357665772,0.148593564228701
2.333,0.492,19.68,0.212813904598271,0.0452897579903621
2.333,0.582,23.28,0.322106879128343,0.103752841581801
2.348,0.531,21.24,0.254683025258504,0.0648634433548238
2.363,0.181,7.24,0.0508159442560561,0.0025822601906346
2.378,0.531,21.24,0.254683025258504,0.0648634433548238
2.394,0.22,8.8,0.0608135001278718,0.00369828179780266
2.394,0.492,19.68,0.212813904598271,0.0452897579903621
2.41,0.647,25.88,0.434510224171572,0.188799134909629
2.425,0.427,17.08,0.157761126969935,0.0248885731828239
2.442,0.621,24.84,0.385478357665772,0.148593564228701
2.443,0.349,13.96,0.110153930954142,0.0121338885046498
2.458,0.595,23.8,0.341979442513709,0.116949939101987
2.474,0.686,27.44,0.519995996533516,0.270395836410885
2.489,0.569,22.76,0.303389118419427,0.0920449571753171
2.489,0.686,27.44,0.519995996533516,0.270395836410885
2.504,0.712,28.48,0.586138164514029,0.343557947899875
2.521,0.647,25.88,0.434510224171572,0.188799134909629
2.536,0.712,28.48,0.586138164514029,0.343557947899875
2.536,0.725,29,0.622300285169159,0.387257644921617
2.552,0.699,27.96,0.552077439280757,0.304789498962798
2.567,0.712,28.48,0.586138164514029,0.343557947899875
2.583,0.712,28.48,0.586138164514029,0.343557947899875
2.583,0.725,29,0.622300285169159,0.387257644921617
2.598,0.712,28.48,0.586138164514029,0.343557947899875
2.613,0.66,26.4,0.461317574560379,0.212813904598271
2.629,0.712,28.48,0.586138164514029,0.343557947899875
2.645,0.686,27.44,0.519995996533516,0.270395836410885
2.645,0.595,23.8,0.341979442513709,0.116949939101987
2.661,0.699,27.96,0.552077439280757,0.304789498962798
2.677,0.621,24.84,0.385478357665772,0.148593564228701
2.693,0.453,18.12,0.177827941003892,0.0316227766016838
2.693,0.634,25.36,0.409260659730011,0.167494287602644
2.708,0.492,19.68,0.212813904598271,0.0452897579903621
2.725,0.207,8.28,0.057279603098583,0.00328095293113119
2.74,0.531,21.24,0.254683025258504,0.0648634433548238
2.74,0.181,7.24,0.0508159442560561,0.0025822601906346
2.756,0.505,20.2,0.225943577022098,0.0510504999975407
2.772,0.285,11.4,0.0820351544329818,0.00672976656284318
2.788,0.453,18.12,0.177827941003892,0.0316227766016838
2.788,0.621,24.84,0.385478357665772,0.148593564228701
2.805,0.401,16.04,0.139958732257262,0.0195884467350599
2.82,0.595,23.8,0.341979442513709,0.116949939101987
2.835,0.298,11.92,0.0870963589956081,0.00758577575029184
2.835,0.569,22.76,0.303389118419427,0.0920449571753171
2.852,0.673,26.92,0.489778819368446,0.239883291901949
2.868,0.544,21.76,0.270395836410884,0.0731139083483418
2.884,0.66,26.4,0.461317574560379,0.212813904598271
2.884,0.699,27.96,0.552077439280757,0.304789498962798
2.899,0.647,25.88,0.434510224171572,0.188799134909629
2.915,0.699,27.96,0.552077439280757,0.304789498962798
2.931,0.725,29,0.622300285169159,0.387257644921617
2.931,0.699,27.96,0.552077439280757,0.304789498962798
2.946,0.725,29,0.622300285169159,0.387257644921617
2.962,0.712,28.48,0.586138164514029,0.343557947899875
2.978,0.712,28.48,0.586138164514029,0.343557947899875
2.978,0.725,29,0.622300285169159,0.387257644921617
2.994,0.686,27.44,0.519995996533516,0.270395836410885
3.011,0.725,29,0.622300285169159,0.387257644921617
3.026,0.686,27.44,0.519995996533516,0.270395836410885
3.026,0.621,24.84,0.385478357665772,0.148593564228701
3.042,0.699,27.96,0.552077439280757,0.304789498962798
3.058,0.621,24.84,0.385478357665772,0.148593564228701
3.073,0.479,19.16,0.200447202736516,0.040179081084894
3.073,0.66,26.4,0.461317574560379,0.212813904598271
3.09,0.531,21.24,0.254683025258504,0.0648634433548238
3.106,0.168,6.72,0.0478630092322639,0.00229086765276777
3.122,0.556,22.24,0.285759054337495,0.0816582371358593
3.122,0.272,10.88,0.0772680585095703,0.00597035286583838
3.138,0.492,19.68,0.212813904598271,0.0452897579903621
3.153,0.362,14.48,0.116949939101987,0.0136772882559585
3.168,0.634,25.36,0.409260659730011,0.167494287602644
3.168,0.621,24.84,0.385478357665772,0.148593564228701
3.184,0.375,15,0.124165230759241,0.0154170045294956
3.201,0.595,23.8,0.341979442513709,0.116949939101987
3.217,0.246,9.84,0.0685488226452662,0.00469894108605216
3.217,0.569,22.76,0.303389118419427,0.0920449571753171
3.233,0.673,26.92,0.489778819368446,0.239883291901949
3.249,0.544,21.76,0.270395836410884,0.0731139083483418
3.249,0.647,25.88,0.434510224171572,0.188799134909629
3.266,0.712,28.48,0.586138164514029,0.343557947899875
3.281,0.634,25.36,0.409260659730011,0.167494287602644
3.298,0.699,27.96,0.552077439280757,0.304789498962798
3.298,0.725,29,0.622300285169159,0.387257644921617
3.314,0.686,27.44,0.519995996533516,0.270395836410885
3.33,0.725,29,0.622300285169159,0.387257644921617
3.346,0.712,28.48,0.586138164514029,0.343557947899875
3.346,0.725,29,0.622300285169159,0.387257644921617
3.362,0.712,28.48,0.586138164514029,0.343557947899875
3.378,0.686,27.44,0.519995996533516,0.270395836410885
3.394,0.725,29,0.622300285169159,0.387257644921617
3.394,0.699,27.96,0.552077439280757,0.304789498962798
3.41,0.634,25.36,0.409260659730011,0.167494287602644
3.425,0.699,27.96,0.552077439280757,0.304789498962798
3.442,0.634,25.36,0.409260659730011,0.167494287602644
3.442,0.505,20.2,0.225943577022098,0.0510504999975407
3.459,0.647,25.88,0.434510224171572,0.188799134909629
3.474,0.556,22.24,0.285759054337495,0.0816582371358593
3.491,0.22,8.8,0.0608135001278718,0.00369828179780266
3.491,0.569,22.76,0.303389118419427,0.0920449571753171
3.507,0.298,11.92,0.0870963589956081,0.00758577575029184
3.523,0.453,18.12,0.177827941003892,0.0316227766016838
3.523,0.388,15.52,0.131825673855641,0.0173780082874938
3.54,0.375,15,0.124165230759241,0.0154170045294956
3.557,0.595,23.8,0.341979442513709,0.116949939101987
3.573,0.285,11.4,0.0820351544329818,0.00672976656284318
3.573,0.569,22.76,0.303389118419427,0.0920449571753171
3.589,0.311,12.44,0.0924698173938222,0.00855066712884683
3.606,0.544,21.76,0.270395836410884,0.0731139083483418
3.622,0.647,25.88,0.434510224171572,0.188799134909629
3.622,0.492,19.68,0.212813904598271,0.0452897579903621
3.639,0.647,25.88,0.434510224171572,0.188799134909629
3.656,0.699,27.96,0.552077439280757,0.304789498962798
3.656,0.634,25.36,0.409260659730011,0.167494287602644
3.671,0.699,27.96,0.552077439280757,0.304789498962798
3.688,0.712,28.48,0.586138164514029,0.343557947899875
3.705,0.686,27.44,0.519995996533516,0.270395836410885
3.705,0.725,29,0.622300285169159,0.387257644921617
3.722,0.712,28.48,0.586138164514029,0.343557947899875
3.738,0.712,28.48,0.586138164514029,0.343557947899875
3.738,0.725,29,0.622300285169159,0.387257644921617
3.755,0.699,27.96,0.552077439280757,0.304789498962798
3.771,0.725,29,0.622300285169159,0.387257644921617
3.787,0.699,27.96,0.552077439280757,0.304789498962798
3.787,0.634,25.36,0.409260659730011,0.167494287602644
3.805,0.712,28.48,0.586138164514029,0.343557947899875
3.823,0.647,25.88,0.434510224171572,0.188799134909629
3.824,0.531,21.24,0.254683025258504,0.0648634433548238
3.84,0.673,26.92,0.489778819368446,0.239883291901949
3.856,0.556,22.24,0.285759054337495,0.0816582371358593
3.873,0.246,9.84,0.0685488226452662,0.00469894108605216
3.873,0.595,23.8,0.341979442513709,0.116949939101987
3.89,0.349,13.96,0.110153930954142,0.0121338885046498
3.905,0.414,16.56,0.148593564228701,0.022080047330189
3.905,0.427,17.08,0.157761126969935,0.0248885731828239
3.922,0.349,13.96,0.110153930954142,0.0121338885046498
3.939,0.582,23.28,0.322106879128343,0.103752841581801
3.955,0.246,9.84,0.0685488226452662,0.00469894108605216
3.955,0.569,22.76,0.303389118419427,0.0920449571753171
3.972,0.388,15.52,0.131825673855641,0.0173780082874938
3.989,0.608,24.32,0.363078054770101,0.131825673855641
3.989,0.647,25.88,0.434510224171572,0.188799134909629
4.005,0.479,19.16,0.200447202736516,0.040179081084894
4.022,0.634,25.36,0.409260659730011,0.167494287602644
4.038,0.699,27.96,0.552077439280757,0.304789498962798
4.038,0.621,24.84,0.385478357665772,0.148593564228701
4.054,0.686,27.44,0.519995996533516,0.270395836410885
4.071,0.712,28.48,0.586138164514029,0.343557947899875
4.071,0.673,26.92,0.489778819368446,0.239883291901949
4.087,0.712,28.48,0.586138164514029,0.343557947899875
4.104,0.725,29,0.622300285169159,0.387257644921617
4.122,0.699,27.96,0.552077439280757,0.304789498962798
4.122,0.712,28.48,0.586138164514029,0.343557947899875
4.138,0.686,27.44,0.519995996533516,0.270395836410885
4.155,0.712,28.48,0.586138164514029,0.343557947899875
4.156,0.712,28.48,0.586138164514029,0.343557947899875
4.172,0.647,25.88,0.434510224171572,0.188799134909629
4.189,0.712,28.48,0.586138164514029,0.343557947899875
4.205,0.66,26.4,0.461317574560379,0.212813904598271
4.205,0.544,21.76,0.270395836410884,0.0731139083483418
4.223,0.673,26.92,0.489778819368446,0.239883291901949
4.239,0.582,23.28,0.322106879128343,0.103752841581801
4.239,0.311,12.44,0.0924698173938222,0.00855066712884683
4.257,0.608,24.32,0.363078054770101,0.131825673855641
4.273,0.401,16.04,0.139958732257262,0.0195884467350599
4.29,0.375,15,0.124165230759241,0.0154170045294956
4.29,0.466,18.64,0.188799134909629,0.0356451133426244
4.306,0.272,10.88,0.0772680585095703,0.00597035286583838
4.323,0.569,22.76,0.303389118419427,0.0920449571753171
4.323,0.168,6.72,0.0478630092322639,0.00229086765276777
4.339,0.544,21.76,0.270395836410884,0.0731139083483418
4.356,0.66,26.4,0.461317574560379,0.212813904598271
4.373,0.505,20.2,0.225943577022098,0.0510504999975407
4.373,0.634,25.36,0.409260659730011,0.167494287602644
4.389,0.453,18.12,0.177827941003892,0.0316227766016838
4.407,0.634,25.36,0.409260659730011,0.167494287602644
4.407,0.699,27.96,0.552077439280757,0.304789498962798
4.424,0.595,23.8,0.341979442513709,0.116949939101987
4.441,0.686,27.44,0.519995996533516,0.270395836410885
4.441,0.725,29,0.622300285169159,0.387257644921617
4.458,0.673,26.92,0.489778819368446,0.239883291901949
4.474,0.712,28.48,0.586138164514029,0.343557947899875
4.492,0.725,29,0.622300285169159,0.387257644921617
4.492,0.712,28.48,0.586138164514029,0.343557947899875
4.508,0.725,29,0.622300285169159,0.387257644921617
4.525,0.699,27.96,0.552077439280757,0.304789498962798
4.525,0.725,29,0.622300285169159,0.387257644921617
4.542,0.712,28.48,0.586138164514029,0.343557947899875
4.559,0.647,25.88,0.434510224171572,0.188799134909629
4.575,0.712,28.48,0.586138164514029,0.343557947899875
4.575,0.66,26.4,0.461317574560379,0.212813904598271
4.591,0.569,22.76,0.303389118419427,0.0920449571753171
4.607,0.686,27.44,0.519995996533516,0.270395836410885
4.607,0.595,23.8,0.341979442513709,0.116949939101987
4.625,0.375,15,0.124165230759241,0.0154170045294956
4.642,0.621,24.84,0.385478357665772,0.148593564228701
4.659,0.44,17.6,0.167494287602644,0.0280543363795171
4.66,0.336,13.44,0.103752841581801,0.0107646521362983
4.678,0.492,19.68,0.212813904598271,0.0452897579903621
4.695,0.246,9.84,0.0685488226452662,0.00469894108605216
4.695,0.556,22.24,0.285759054337495,0.0816582371358593
4.713,0.181,7.24,0.0508159442560561,0.0025822601906346
4.733,0.505,20.2,0.225943577022098,0.0510504999975407
4.733,0.634,25.36,0.409260659730011,0.167494287602644
4.75,0.466,18.64,0.188799134909629,0.0356451133426244
4.75,0.621,24.84,0.385478357665772,0.148593564228701
4.769,0.414,16.56,0.148593564228701,0.022080047330189
4.788,0.608,24.32,0.363078054770101,0.131825673855641
4.788,0.686,27.44,0.519995996533516,0.270395836410885
4.805,0.582,23.28,0.322106879128343,0.103752841581801
4.823,0.673,26.92,0.489778819368446,0.239883291901949
4.823,0.712,28.48,0.586138164514029,0.343557947899875
4.841,0.66,26.4,0.461317574560379,0.212813904598271
4.859,0.712,28.48,0.586138164514029,0.343557947899875
4.859,0.725,29,0.622300285169159,0.387257644921617
4.876,0.699,27.96,0.552077439280757,0.304789498962798
4.893,0.725,29,0.622300285169159,0.387257644921617
4.893,0.699,27.96,0.552077439280757,0.304789498962798
4.911,0.725,29,0.622300285169159,0.387257644921617
4.928,0.712,28.48,0.586138164514029,0.343557947899875
4.944,0.66,26.4,0.461317574560379,0.212813904598271
4.944,0.712,28.48,0.586138164514029,0.343557947899875
4.962,0.673,26.92,0.489778819368446,0.239883291901949
4.98,0.582,23.28,0.322106879128343,0.103752841581801
4.981,0.673,26.92,0.489778819368446,0.239883291901949
4.997,0.608,24.32,0.363078054770101,0.131825673855641
5.015,0.414,16.56,0.148593564228701,0.022080047330189
5.015,0.634,25.36,0.409260659730011,0.167494287602644
5.032,0.466,18.64,0.188799134909629,0.0356451133426244
5.05,0.272,10.88,0.0772680585095703,0.00597035286583838
5.05,0.518,20.72,0.239883291901949,0.0575439937337157
5.068,0.168,6.72,0.0478630092322639,0.00229086765276777
5.085,0.544,21.76,0.270395836410884,0.0731139083483418
5.085,0.298,11.92,0.0870963589956081,0.00758577575029184
5.102,0.505,20.2,0.225943577022098,0.0510504999975407
5.12,0.647,25.88,0.434510224171572,0.188799134909629
5.12,0.466,18.64,0.188799134909629,0.0356451133426244
5.136,0.621,24.84,0.385478357665772,0.148593564228701
5.155,0.362,14.48,0.116949939101987,0.0136772882559585
5.172,0.608,24.32,0.363078054770101,0.131825673855641
5.172,0.686,27.44,0.519995996533516,0.270395836410885
5.19,0.569,22.76,0.303389118419427,0.0920449571753171
5.207,0.673,26.92,0.489778819368446,0.239883291901949
5.207,0.712,28.48,0.586138164514029,0.343557947899875
5.224,0.66,26.4,0.461317574560379,0.212813904598271
5.241,0.712,28.48,0.586138164514029,0.343557947899875
5.241,0.725,29,0.622300285169159,0.387257644921617
5.258,0.712,28.48,0.586138164514029,0.343557947899875
5.276,0.725,29,0.622300285169159,0.387257644921617
5.276,0.699,27.96,0.552077439280757,0.304789498962798
5.293,0.725,29,0.622300285169159,0.387257644921617
5.311,0.712,28.48,0.586138164514029,0.343557947899875
5.311,0.673,26.92,0.489778819368446,0.239883291901949
5.328,0.725,29,0.622300285169159,0.387257644921617
5.346,0.686,27.44,0.519995996533516,0.270395836410885
5.346,0.595,23.8,0.341979442513709,0.116949939101987
5.364,0.699,27.96,0.552077439280757,0.304789498962798
5.383,0.621,24.84,0.385478357665772,0.148593564228701
5.383,0.453,18.12,0.177827941003892,0.0316227766016838
5.401,0.647,25.88,0.434510224171572,0.188799134909629
5.421,0.66,26.4,0.461317574560379,0.212813904598271
5.421,0.194,7.76,0.0539510622515128,0.00291071711806661
5.44,0.531,21.24,0.254683025258504,0.0648634433548238
5.458,0.194,7.76,0.0539510622515128,0.00291071711806661
5.458,0.518,20.72,0.239883291901949,0.0575439937337157
5.477,0.259,10.36,0.0727779804536824,0.00529663443891658
5.477,0.466,18.64,0.188799134909629,0.0356451133426244
5.495,0.621,24.84,0.385478357665772,0.148593564228701
5.511,0.401,16.04,0.139958732257262,0.0195884467350599
5.528,0.595,23.8,0.341979442513709,0.116949939101987
5.528,0.324,12.96,0.0981747943019985,0.00963829023623972
5.546,0.582,23.28,0.322106879128343,0.103752841581801
5.563,0.686,27.44,0.519995996533516,0.270395836410885
5.563,0.544,21.76,0.270395836410884,0.0731139083483418
5.583,0.66,26.4,0.461317574560379,0.212813904598271
5.602,0.712,28.48,0.586138164514029,0.343557947899875
5.602,0.647,25.88,0.434510224171572,0.188799134909629
5.619,0.699,27.96,0.552077439280757,0.304789498962798
5.619,0.725,29,0.622300285169159,0.387257644921617
5.637,0.699,27.96,0.552077439280757,0.304789498962798
5.656,0.725,29,0.622300285169159,0.387257644921617
5.656,0.699,27.96,0.552077439280757,0.304789498962798
5.674,0.712,28.48,0.586138164514029,0.343557947899875
5.692,0.712,28.48,0.586138164514029,0.343557947899875
5.692,0.673,26.92,0.489778819368446,0.239883291901949
5.712,0.712,28.48,0.586138164514029,0.343557947899875
5.731,0.699,27.96,0.552077439280757,0.304789498962798
5.731,0.608,24.32,0.363078054770101,0.131825673855641
5.75,0.699,27.96,0.552077439280757,0.304789498962798
5.768,0.634,25.36,0.409260659730011,0.167494287602644
5.768,0.466,18.64,0.188799134909629,0.0356451133426244
5.785,0.647,25.88,0.434510224171572,0.188799134909629
5.803,0.518,20.72,0.239883291901949,0.0575439937337157
5.803,0.22,8.8,0.0608135001278718,0.00369828179780266
5.82,0.556,22.24,0.285759054337495,0.0816582371358593
5.838,0.22,8.8,0.0608135001278718,0.00369828179780266
5.838,0.492,19.68,0.212813904598271,0.0452897579903621
5.857,0.336,13.44,0.103752841581801,0.0107646521362983
5.876,0.427,17.08,0.157761126969935,0.0248885731828239
5.876,0.608,24.32,0.363078054770101,0.131825673855641
5.893,0.349,13.96,0.110153930954142,0.0121338885046498
5.911,0.582,23.28,0.322106879128343,0.103752841581801
5.911,0.246,9.84,0.0685488226452662,0.00469894108605216
5.927,0.569,22.76,0.303389118419427,0.0920449571753171
5.945,0.673,26.92,0.489778819368446,0.239883291901949
5.945,0.544,21.76,0.270395836410884,0.0731139083483418
5.962,0.647,25.88,0.434510224171572,0.188799134909629
5.981,0.699,27.96,0.552077439280757,0.304789498962798
5.981,0.634,25.36,0.409260659730011,0.167494287602644
6.001,0.699,27.96,0.552077439280757,0.304789498962798
6.001,0.712,28.48,0.586138164514029,0.343557947899875
6.019,0.699,27.96,0.552077439280757,0.304789498962798
6.037,0.712,28.48,0.586138164514029,0.343557947899875
6.037,0.699,27.96,0.552077439280757,0.304789498962798
6.054,0.712,28.48,0.586138164514029,0.343557947899875
6.072,0.712,28.48,0.586138164514029,0.343557947899875
6.072,0.686,27.44,0.519995996533516,0.270395836410885
6.09,0.712,28.48,0.586138164514029,0.343557947899875
6.107,0.686,27.44,0.519995996533516,0.270395836410885
6.125,0.621,24.84,0.385478357665772,0.148593564228701
6.125,0.699,27.96,0.552077439280757,0.304789498962798
6.143,0.647,25.88,0.434510224171572,0.188799134909629
6.16,0.505,20.2,0.225943577022098,0.0510504999975407
6.161,0.647,25.88,0.434510224171572,0.188799134909629
6.179,0.544,21.76,0.270395836410884,0.0731139083483418
6.179,0.207,8.28,0.057279603098583,0.00328095293113119
6.197,0.569,22.76,0.303389118419427,0.0920449571753171
6.214,0.298,11.92,0.0870963589956081,0.00758577575029184
6.214,0.453,18.12,0.177827941003892,0.0316227766016838
6.233,0.582,23.28,0.322106879128343,0.103752841581801
6.25,0.401,16.04,0.139958732257262,0.0195884467350599
6.25,0.595,23.8,0.341979442513709,0.116949939101987
6.268,0.298,11.92,0.0870963589956081,0.00758577575029184
6.287,0.569,22.76,0.303389118419427,0.0920449571753171
6.287,0.194,7.76,0.0539510622515128,0.00291071711806661
6.304,0.544,21.76,0.270395836410884,0.0731139083483418
6.322,0.66,26.4,0.461317574560379,0.212813904598271
6.323,0.505,20.2,0.225943577022098,0.0510504999975407
6.343,0.66,26.4,0.461317574560379,0.212813904598271
6.36,0.699,27.96,0.552077439280757,0.304789498962798
6.36,0.621,24.84,0.385478357665772,0.148593564228701
6.38,0.699,27.96,0.552077439280757,0.304789498962798
6.399,0.725,29,0.622300285169159,0.387257644921617
6.399,0.686,27.44,0.519995996533516,0.270395836410885
6.416,0.712,28.48,0.586138164514029,0.343557947899875
6.434,0.712,28.48,0.586138164514029,0.343557947899875
6.434,0.712,28.48,0.586138164514029,0.343557947899875
6.452,0.712,28.48,0.586138164514029,0.343557947899875
6.47,0.686,27.44,0.519995996533516,0.270395836410885
6.47,0.725,29,0.622300285169159,0.387257644921617
6.488,0.699,27.96,0.552077439280757,0.304789498962798
6.507,0.634,25.36,0.409260659730011,0.167494287602644
6.507,0.712,28.48,0.586138164514029,0.343557947899875
6.525,0.647,25.88,0.434510224171572,0.188799134909629
6.525,0.518,20.72,0.239883291901949,0.0575439937337157
6.543,0.66,26.4,0.461317574560379,0.212813904598271
6.562,0.556,22.24,0.285759054337495,0.0816582371358593
6.562,0.233,9.32,0.0645654229034656,0.00416869383470336
6.582,0.595,23.8,0.341979442513709,0.116949939101987
6.6,0.336,13.44,0.103752841581801,0.0107646521362983
6.6,0.427,17.08,0.157761126969935,0.0248885731828239
6.618,0.414,16.56,0.148593564228701,0.022080047330189
6.636,0.349,13.96,0.110153930954142,0.0121338885046498
6.636,0.595,23.8,0.341979442513709,0.116949939101987
6.655,0.246,9.84,0.0685488226452662,0.00469894108605216
6.673,0.556,22.24,0.285759054337495,0.0816582371358593
6.673,0.181,7.24,0.0508159442560561,0.0025822601906346
6.692,0.531,21.24,0.254683025258504,0.0648634433548238
6.692,0.647,25.88,0.434510224171572,0.188799134909629
6.711,0.492,19.68,0.212813904598271,0.0452897579903621
6.729,0.647,25.88,0.434510224171572,0.188799134909629
6.729,0.699,27.96,0.552077439280757,0.304789498962798
6.748,0.621,24.84,0.385478357665772,0.148593564228701
6.766,0.686,27.44,0.519995996533516,0.270395836410885
6.766,0.712,28.48,0.586138164514029,0.343557947899875
6.784,0.686,27.44,0.519995996533516,0.270395836410885
6.803,0.725,29,0.622300285169159,0.387257644921617
6.803,0.712,28.48,0.586138164514029,0.343557947899875
6.822,0.712,28.48,0.586138164514029,0.343557947899875
6.822,0.712,28.48,0.586138164514029,0.343557947899875
6.841,0.686,27.44,0.519995996533516,0.270395836410885
6.86,0.712,28.48,0.586138164514029,0.343557947899875
6.86,0.686,27.44,0.519995996533516,0.270395836410885
6.878,0.647,25.88,0.434510224171572,0.188799134909629
6.898,0.712,28.48,0.586138164514029,0.343557947899875
6.898,0.66,26.4,0.461317574560379,0.212813904598271
6.917,0.556,22.24,0.285759054337495,0.0816582371358593
6.936,0.673,26.92,0.489778819368446,0.239883291901949
6.936,0.582,23.28,0.322106879128343,0.103752841581801
6.953,0.311,12.44,0.0924698173938222,0.00855066712884683
6.953,0.608,24.32,0.363078054770101,0.131825673855641
6.972,0.414,16.56,0.148593564228701,0.022080047330189
6.991,0.388,15.52,0.131825673855641,0.0173780082874938
6.991,0.453,18.12,0.177827941003892,0.0316227766016838
7.01,0.285,11.4,0.0820351544329818,0.00672976656284318
7.03,0.569,22.76,0.303389118419427,0.0920449571753171
7.03,0.194,7.76,0.0539510622515128,0.00291071711806661
7.047,0.544,21.76,0.270395836410884,0.0731139083483418
7.066,0.66,26.4,0.461317574560379,0.212813904598271
7.066,0.505,20.2,0.225943577022098,0.0510504999975407
7.084,0.647,25.88,0.434510224171572,0.188799134909629
7.084,0.453,18.12,0.177827941003892,0.0316227766016838
7.103,0.634,25.36,0.409260659730011,0.167494287602644
7.121,0.686,27.44,0.519995996533516,0.270395836410885
7.121,0.595,23.8,0.341979442513709,0.116949939101987
7.139,0.686,27.44,0.519995996533516,0.270395836410885
7.157,0.725,29,0.622300285169159,0.387257644921617
7.157,0.673,26.92,0.489778819368446,0.239883291901949
7.176,0.712,28.48,0.586138164514029,0.343557947899875
7.193,0.712,28.48,0.586138164514029,0.343557947899875
7.194,0.699,27.96,0.552077439280757,0.304789498962798
7.212,0.725,29,0.622300285169159,0.387257644921617
7.23,0.699,27.96,0.552077439280757,0.304789498962798
7.23,0.712,28.48,0.586138164514029,0.343557947899875
7.247,0.712,28.48,0.586138164514029,0.343557947899875
7.267,0.66,26.4,0.461317574560379,0.212813904598271
7.267,0.712,28.48,0.586138164514029,0.343557947899875
7.284,0.673,26.92,0.489778819368446,0.239883291901949
7.302,0.556,22.24,0.285759054337495,0.0816582371358593
7.303,0.686,27.44,0.519995996533516,0.270395836410885
7.32,0.582,23.28,0.322106879128343,0.103752841581801
7.338,0.336,13.44,0.103752841581801,0.0107646521362983
7.338,0.621,24.84,0.385478357665772,0.148593564228701
7.354,0.414,16.56,0.148593564228701,0.022080047330189
7.372,0.324,12.96,0.0981747943019985,0.00963829023623972
7.372,0.479,19.16,0.200447202736516,0.040179081084894
7.391,0.22,8.8,0.0608135001278718,0.00369828179780266
7.408,0.544,21.76,0.270395836410884,0.0731139083483418
7.408,0.168,6.72,0.0478630092322639,0.00229086765276777
7.425,0.531,21.24,0.254683025258504,0.0648634433548238
7.443,0.647,25.88,0.434510224171572,0.188799134909629
7.443,0.479,19.16,0.200447202736516,0.040179081084894
7.461,0.66,26.4,0.461317574560379,0.212813904598271
7.479,0.44,17.6,0.167494287602644,0.0280543363795171
7.479,0.608,24.32,0.363078054770101,0.131825673855641
7.497,0.686,27.44,0.519995996533516,0.270395836410885
7.766,0.595,23.8,0.341979442513709,0.116949939101987
7.766,0.686,27.44,0.519995996533516,0.270395836410885
7.766,0.699,27.96,0.552077439280757,0.304789498962798
7.766,0.66,26.4,0.461317574560379,0.212813904598271
7.766,0.712,28.48,0.586138164514029,0.343557947899875
7.766,0.725,29,0.622300285169159,0.387257644921617
7.766,0.712,28.48,0.586138164514029,0.343557947899875
7.766,0.725,29,0.622300285169159,0.387257644921617
7.766,0.699,27.96,0.552077439280757,0.304789498962798
7.766,0.725,29,0.622300285169159,0.387257644921617
7.766,0.712,28.48,0.586138164514029,0.343557947899875
7.766,0.66,26.4,0.461317574560379,0.212813904598271
7.766,0.712,28.48,0.586138164514029,0.343557947899875
7.766,0.673,26.92,0.489778819368446,0.239883291901949
7.766,0.699,27.96,0.552077439280757,0.304789498962798
7.767,0.686,27.44,0.519995996533516,0.270395836410885
7.767,0.595,23.8,0.341979442513709,0.116949939101987
7.767,0.401,16.04,0.139958732257262,0.0195884467350599
7.767,0.621,24.84,0.385478357665772,0.148593564228701
7.767,0.44,17.6,0.167494287602644,0.0280543363795171
7.767,0.311,12.44,0.0924698173938222,0.00855066712884683
7.767,0.505,20.2,0.225943577022098,0.0510504999975407
7.767,0.621,24.84,0.385478357665772,0.148593564228701
7.787,0.544,21.76,0.270395836410884,0.0731139083483418
7.804,0.181,7.24,0.0508159442560561,0.0025822601906346
7.804,0.505,20.2,0.225943577022098,0.0510504999975407
7.823,0.647,25.88,0.434510224171572,0.188799134909629
7.823,0.453,18.12,0.177827941003892,0.0316227766016838
7.84,0.621,24.84,0.385478357665772,0.148593564228701
7.86,0.388,15.52,0.131825673855641,0.0173780082874938
7.86,0.595,23.8,0.341979442513709,0.116949939101987
7.878,0.686,27.44,0.519995996533516,0.270395836410885
7.895,0.582,23.28,0.322106879128343,0.103752841581801
7.895,0.673,26.92,0.489778819368446,0.239883291901949
7.913,0.712,28.48,0.586138164514029,0.343557947899875
7.933,0.673,26.92,0.489778819368446,0.239883291901949
7.933,0.699,27.96,0.552077439280757,0.304789498962798
7.951,0.725,29,0.622300285169159,0.387257644921617
7.969,0.712,28.48,0.586138164514029,0.343557947899875
7.969,0.725,29,0.622300285169159,0.387257644921617
7.986,0.712,28.48,0.586138164514029,0.343557947899875
8.005,0.725,29,0.622300285169159,0.387257644921617
8.005,0.712,28.48,0.586138164514029,0.343557947899875
8.023,0.673,26.92,0.489778819368446,0.239883291901949
8.041,0.712,28.48,0.586138164514029,0.343557947899875
8.041,0.673,26.92,0.489778819368446,0.239883291901949
8.058,0.595,23.8,0.341979442513709,0.116949939101987
8.077,0.686,27.44,0.519995996533516,0.270395836410885
8.077,0.608,24.32,0.363078054770101,0.131825673855641
8.095,0.414,16.56,0.148593564228701,0.022080047330189
8.113,0.634,25.36,0.409260659730011,0.167494287602644
8.113,0.479,19.16,0.200447202736516,0.040179081084894
8.131,0.22,8.8,0.0608135001278718,0.00369828179780266
8.149,0.518,20.72,0.239883291901949,0.0575439937337157
8.149,0.194,7.76,0.0539510622515128,0.00291071711806661
8.167,0.518,20.72,0.239883291901949,0.0575439937337157
8.186,0.246,9.84,0.0685488226452662,0.00469894108605216
8.186,0.466,18.64,0.188799134909629,0.0356451133426244
8.202,0.634,25.36,0.409260659730011,0.167494287602644
8.221,0.414,16.56,0.148593564228701,0.022080047330189
8.221,0.608,24.32,0.363078054770101,0.131825673855641
8.24,0.324,12.96,0.0981747943019985,0.00963829023623972
8.24,0.582,23.28,0.322106879128343,0.103752841581801
8.258,0.686,27.44,0.519995996533516,0.270395836410885
8.277,0.556,22.24,0.285759054337495,0.0816582371358593
8.277,0.66,26.4,0.461317574560379,0.212813904598271
8.294,0.725,29,0.622300285169159,0.387257644921617
8.312,0.66,26.4,0.461317574560379,0.212813904598271
8.312,0.712,28.48,0.586138164514029,0.343557947899875
8.33,0.725,29,0.622300285169159,0.387257644921617
8.348,0.699,27.96,0.552077439280757,0.304789498962798
8.348,0.725,29,0.622300285169159,0.387257644921617
8.366,0.712,28.48,0.586138164514029,0.343557947899875
8.385,0.712,28.48,0.586138164514029,0.343557947899875
8.385,0.725,29,0.622300285169159,0.387257644921617
8.402,0.673,26.92,0.489778819368446,0.239883291901949
8.42,0.725,29,0.622300285169159,0.387257644921617
8.42,0.686,27.44,0.519995996533516,0.270395836410885
8.438,0.608,24.32,0.363078054770101,0.131825673855641
8.456,0.699,27.96,0.552077439280757,0.304789498962798
8.456,0.621,24.84,0.385478357665772,0.148593564228701
8.474,0.453,18.12,0.177827941003892,0.0316227766016838
8.492,0.647,25.88,0.434510224171572,0.188799134909629
8.492,0.518,20.72,0.239883291901949,0.0575439937337157
8.511,0.181,7.24,0.0508159442560561,0.0025822601906346
8.528,0.544,21.76,0.270395836410884,0.0731139083483418
8.529,0.155,6.2,0.045081670454146,0.00203235701093622
8.546,0.505,20.2,0.225943577022098,0.0510504999975407
8.564,0.285,11.4,0.0820351544329818,0.00672976656284318
8.564,0.466,18.64,0.188799134909629,0.0356451133426244
8.582,0.621,24.84,0.385478357665772,0.148593564228701
8.6,0.388,15.52,0.131825673855641,0.0173780082874938
8.6,0.608,24.32,0.363078054770101,0.131825673855641
8.618,0.298,11.92,0.0870963589956081,0.00758577575029184
8.636,0.569,22.76,0.303389118419427,0.0920449571753171
8.636,0.673,26.92,0.489778819368446,0.239883291901949
8.654,0.531,21.24,0.254683025258504,0.0648634433548238
8.672,0.66,26.4,0.461317574560379,0.212813904598271
8.672,0.712,28.48,0.586138164514029,0.343557947899875
8.689,0.647,25.88,0.434510224171572,0.188799134909629
8.707,0.712,28.48,0.586138164514029,0.343557947899875
8.707,0.725,29,0.622300285169159,0.387257644921617
8.725,0.699,27.96,0.552077439280757,0.304789498962798
8.743,0.725,29,0.622300285169159,0.387257644921617
8.743,0.712,28.48,0.586138164514029,0.343557947899875
8.761,0.712,28.48,0.586138164514029,0.343557947899875
8.779,0.712,28.48,0.586138164514029,0.343557947899875
8.779,0.673,26.92,0.489778819368446,0.239883291901949
8.796,0.725,29,0.622300285169159,0.387257644921617
8.815,0.699,27.96,0.552077439280757,0.304789498962798
8.815,0.608,24.32,0.363078054770101,0.131825673855641
8.832,0.699,27.96,0.552077439280757,0.304789498962798
8.85,0.634,25.36,0.409260659730011,0.167494287602644
8.85,0.505,20.2,0.225943577022098,0.0510504999975407
8.867,0.647,25.88,0.434510224171572,0.188799134909629
8.885,0.531,21.24,0.254683025258504,0.0648634433548238
8.885,0.207,8.28,0.057279603098583,0.00328095293113119
8.904,0.556,22.24,0.285759054337495,0.0816582371358593
8.921,0.259,10.36,0.0727779804536824,0.00529663443891658
8.921,0.466,18.64,0.188799134909629,0.0356451133426244
8.941,0.362,14.48,0.116949939101987,0.0136772882559585
8.957,0.414,16.56,0.148593564228701,0.022080047330189
8.957,0.621,24.84,0.385478357665772,0.148593564228701
8.975,0.324,12.96,0.0981747943019985,0.00963829023623972
8.993,0.582,23.28,0.322106879128343,0.103752841581801
8.993,0.259,10.36,0.0727779804536824,0.00529663443891658
9.013,0.556,22.24,0.285759054337495,0.0816582371358593
9.032,0.673,26.92,0.489778819368446,0.239883291901949
9.032,0.531,21.24,0.254683025258504,0.0648634433548238
9.051,0.66,26.4,0.461317574560379,0.212813904598271
9.051,0.699,27.96,0.552077439280757,0.304789498962798
9.069,0.634,25.36,0.409260659730011,0.167494287602644
9.088,0.699,27.96,0.552077439280757,0.304789498962798
9.088,0.725,29,0.622300285169159,0.387257644921617
9.105,0.686,27.44,0.519995996533516,0.270395836410885
9.123,0.712,28.48,0.586138164514029,0.343557947899875
9.123,0.712,28.48,0.586138164514029,0.343557947899875
9.141,0.712,28.48,0.586138164514029,0.343557947899875
9.158,0.712,28.48,0.586138164514029,0.343557947899875
9.159,0.686,27.44,0.519995996533516,0.270395836410885
9.175,0.725,29,0.622300285169159,0.387257644921617
9.193,0.699,27.96,0.552077439280757,0.304789498962798
9.193,0.634,25.36,0.409260659730011,0.167494287602644
9.21,0.699,27.96,0.552077439280757,0.304789498962798
9.227,0.634,25.36,0.409260659730011,0.167494287602644
9.245,0.505,20.2,0.225943577022098,0.0510504999975407
9.245,0.66,26.4,0.461317574560379,0.212813904598271
9.262,0.531,21.24,0.254683025258504,0.0648634433548238
9.281,0.168,6.72,0.0478630092322639,0.00229086765276777
9.281,0.569,22.76,0.303389118419427,0.0920449571753171
9.298,0.272,10.88,0.0772680585095703,0.00597035286583838
9.315,0.453,18.12,0.177827941003892,0.0316227766016838
9.315,0.388,15.52,0.131825673855641,0.0173780082874938
9.333,0.388,15.52,0.131825673855641,0.0173780082874938
9.35,0.595,23.8,0.341979442513709,0.116949939101987
9.351,0.285,11.4,0.0820351544329818,0.00672976656284318
9.368,0.569,22.76,0.303389118419427,0.0920449571753171
9.384,0.168,6.72,0.0478630092322639,0.00229086765276777
9.385,0.544,21.76,0.270395836410884,0.0731139083483418
9.403,0.66,26.4,0.461317574560379,0.212813904598271
9.422,0.505,20.2,0.225943577022098,0.0510504999975407
9.422,0.634,25.36,0.409260659730011,0.167494287602644
9.44,0.699,27.96,0.552077439280757,0.304789498962798
9.458,0.621,24.84,0.385478357665772,0.148593564228701
9.458,0.699,27.96,0.552077439280757,0.304789498962798
9.476,0.738,29.52,0.660693448007596,0.436515832240166
9.496,0.686,27.44,0.519995996533516,0.270395836410885
9.496,0.725,29,0.622300285169159,0.387257644921617
9.712,0.725,29,0.622300285169159,0.387257644921617
9.713,0.712,28.48,0.586138164514029,0.343557947899875
9.713,0.725,29,0.622300285169159,0.387257644921617
9.713,0.686,27.44,0.519995996533516,0.270395836410885
9.713,0.725,29,0.622300285169159,0.387257644921617
9.713,0.699,27.96,0.552077439280757,0.304789498962798
9.713,0.621,24.84,0.385478357665772,0.148593564228701
9.713,0.686,27.44,0.519995996533516,0.270395836410885
9.713,0.66,26.4,0.461317574560379,0.212813904598271
9.713,0.518,20.72,0.239883291901949,0.0575439937337157
9.713,0.673,26.92,0.489778819368446,0.239883291901949
9.713,0.569,22.76,0.303389118419427,0.0920449571753171
9.713,0.272,10.88,0.0772680585095703,0.00597035286583838
9.713,0.595,23.8,0.341979442513709,0.116949939101987
9.713,0.336,13.44,0.103752841581801,0.0107646521362983
9.713,0.427,17.08,0.157761126969935,0.0248885731828239
9.713,0.427,17.08,0.157761126969935,0.0248885731828239
9.713,0.44,17.6,0.167494287602644,0.0280543363795171
9.73,0.582,23.28,0.322106879128343,0.103752841581801
9.73,0.22,8.8,0.0608135001278718,0.00369828179780266
9.748,0.556,22.24,0.285759054337495,0.0816582371358593
9.765,0.544,21.76,0.270395836410884,0.0731139083483418
9.765,0.518,20.72,0.239883291901949,0.0575439937337157
9.783,0.647,25.88,0.434510224171572,0.188799134909629
9.799,0.479,19.16,0.200447202736516,0.040179081084894
9.816,0.634,25.36,0.409260659730011,0.167494287602644
9.816,0.699,27.96,0.552077439280757,0.304789498962798
9.834,0.608,24.32,0.363078054770101,0.131825673855641
9.851,0.699,27.96,0.552077439280757,0.304789498962798
9.851,0.712,28.48,0.586138164514029,0.343557947899875
9.868,0.686,27.44,0.519995996533516,0.270395836410885
9.885,0.712,28.48,0.586138164514029,0.343557947899875
9.885,0.712,28.48,0.586138164514029,0.343557947899875
9.903,0.712,28.48,0.586138164514029,0.343557947899875
9.921,0.712,28.48,0.586138164514029,0.343557947899875
9.921,0.699,27.96,0.552077439280757,0.304789498962798
9.937,0.712,28.48,0.586138164514029,0.343557947899875
9.954,0.699,27.96,0.552077439280757,0.304789498962798
9.954,0.647,25.88,0.434510224171572,0.188799134909629
9.972,0.699,27.96,0.552077439280757,0.304789498962798
9.99,0.66,26.4,0.461317574560379,0.212813904598271
10.008,0.544,21.76,0.270395836410884,0.0731139083483418
10.008,0.686,27.44,0.519995996533516,0.270395836410885
10.025,0.569,22.76,0.303389118419427,0.0920449571753171
10.042,0.311,12.44,0.0924698173938222,0.00855066712884683
10.042,0.608,24.32,0.363078054770101,0.131825673855641
10.059,0.388,15.52,0.131825673855641,0.0173780082874938
10.076,0.375,15,0.124165230759241,0.0154170045294956
10.076,0.466,18.64,0.188799134909629,0.0356451133426244
10.095,0.311,12.44,0.0924698173938222,0.00855066712884683
10.113,0.569,22.76,0.303389118419427,0.0920449571753171
10.113,0.194,7.76,0.0539510622515128,0.00291071711806661
10.13,0.544,21.76,0.270395836410884,0.0731139083483418
10.147,0.66,26.4,0.461317574560379,0.212813904598271
10.147,0.492,19.68,0.212813904598271,0.0452897579903621
10.164,0.647,25.88,0.434510224171572,0.188799134909629
10.182,0.453,18.12,0.177827941003892,0.0316227766016838
10.182,0.621,24.84,0.385478357665772,0.148593564228701
10.199,0.686,27.44,0.519995996533516,0.270395836410885
10.217,0.608,24.32,0.363078054770101,0.131825673855641
10.217,0.686,27.44,0.519995996533516,0.270395836410885
10.235,0.712,28.48,0.586138164514029,0.343557947899875
10.252,0.673,26.92,0.489778819368446,0.239883291901949
10.252,0.712,28.48,0.586138164514029,0.343557947899875
10.27,0.712,28.48,0.586138164514029,0.343557947899875
10.287,0.712,28.48,0.586138164514029,0.343557947899875
10.305,0.725,29,0.622300285169159,0.387257644921617
10.305,0.699,27.96,0.552077439280757,0.304789498962798
10.324,0.725,29,0.622300285169159,0.387257644921617
10.324,0.751,30.04,0.701455298419971,0.492039535681451
10.343,0.66,26.4,0.461317574560379,0.212813904598271
10.361,0.712,28.48,0.586138164514029,0.343557947899875
10.361,0.673,26.92,0.489778819368446,0.239883291901949
10.378,0.556,22.24,0.285759054337495,0.0816582371358593
10.396,0.686,27.44,0.519995996533516,0.270395836410885
10.397,0.595,23.8,0.341979442513709,0.116949939101987
10.415,0.336,13.44,0.103752841581801,0.0107646521362983
10.434,0.608,24.32,0.363078054770101,0.131825673855641
10.434,0.427,17.08,0.157761126969935,0.0248885731828239
10.453,0.362,14.48,0.116949939101987,0.0136772882559585
10.471,0.492,19.68,0.212813904598271,0.0452897579903621
10.471,0.505,20.2,0.225943577022098,0.0510504999975407
10.489,0.556,22.24,0.285759054337495,0.0816582371358593
10.507,0.155,6.2,0.045081670454146,0.00203235701093622
10.507,0.531,21.24,0.254683025258504,0.0648634433548238
10.526,0.66,26.4,0.461317574560379,0.212813904598271
10.543,0.673,26.92,0.489778819368446,0.239883291901949
10.543,0.634,25.36,0.409260659730011,0.167494287602644
10.561,0.414,16.56,0.148593564228701,0.022080047330189
10.577,0.621,24.84,0.385478357665772,0.148593564228701
10.577,0.686,27.44,0.519995996533516,0.270395836410885
10.596,0.582,23.28,0.322106879128343,0.103752841581801
10.612,0.686,27.44,0.519995996533516,0.270395836410885
10.612,0.712,28.48,0.586138164514029,0.343557947899875
10.63,0.66,26.4,0.461317574560379,0.212813904598271
10.648,0.725,29,0.622300285169159,0.387257644921617
10.648,0.725,29,0.622300285169159,0.387257644921617
10.665,0.712,28.48,0.586138164514029,0.343557947899875
10.682,0.725,29,0.622300285169159,0.387257644921617
10.682,0.699,27.96,0.552077439280757,0.304789498962798
10.7,0.725,29,0.622300285169159,0.387257644921617
10.717,0.712,28.48,0.586138164514029,0.343557947899875
10.717,0.673,26.92,0.489778819368446,0.239883291901949
10.734,0.712,28.48,0.586138164514029,0.343557947899875
10.752,0.673,26.92,0.489778819368446,0.239883291901949
10.769,0.582,23.28,0.322106879128343,0.103752841581801
10.769,0.686,27.44,0.519995996533516,0.270395836410885
10.787,0.621,24.84,0.385478357665772,0.148593564228701
10.804,0.401,16.04,0.139958732257262,0.0195884467350599
10.804,0.621,24.84,0.385478357665772,0.148593564228701
10.822,0.466,18.64,0.188799134909629,0.0356451133426244
10.84,0.272,10.88,0.0772680585095703,0.00597035286583838
10.84,0.505,20.2,0.225943577022098,0.0510504999975407
10.857,0.194,7.76,0.0539510622515128,0.00291071711806661
10.875,0.544,21.76,0.270395836410884,0.0731139083483418
10.875,0.207,8.28,0.057279603098583,0.00328095293113119
10.893,0.505,20.2,0.225943577022098,0.0510504999975407
10.912,0.647,25.88,0.434510224171572,0.188799134909629
10.912,0.453,18.12,0.177827941003892,0.0316227766016838
10.932,0.621,24.84,0.385478357665772,0.148593564228701
10.932,0.375,15,0.124165230759241,0.0154170045294956
10.95,0.608,24.32,0.363078054770101,0.131825673855641
10.97,0.686,27.44,0.519995996533516,0.270395836410885
10.97,0.569,22.76,0.303389118419427,0.0920449571753171
10.988,0.673,26.92,0.489778819368446,0.239883291901949
11.007,0.712,28.48,0.586138164514029,0.343557947899875
11.008,0.647,25.88,0.434510224171572,0.188799134909629
11.026,0.712,28.48,0.586138164514029,0.343557947899875
11.026,0.725,29,0.622300285169159,0.387257644921617
11.043,0.712,28.48,0.586138164514029,0.343557947899875
11.061,0.725,29,0.622300285169159,0.387257644921617
11.079,0.699,27.96,0.552077439280757,0.304789498962798
11.079,0.712,28.48,0.586138164514029,0.343557947899875
11.097,0.712,28.48,0.586138164514029,0.343557947899875
11.114,0.66,26.4,0.461317574560379,0.212813904598271
11.114,0.712,28.48,0.586138164514029,0.343557947899875
11.133,0.686,27.44,0.519995996533516,0.270395836410885
11.133,0.595,23.8,0.341979442513709,0.116949939101987
11.152,0.738,29.52,0.660693448007596,0.436515832240166
11.169,0.621,24.84,0.385478357665772,0.148593564228701
11.169,0.544,21.76,0.270395836410884,0.0731139083483418
11.188,0.634,25.36,0.409260659730011,0.167494287602644
11.206,0.492,19.68,0.212813904598271,0.0452897579903621
11.206,0.233,9.32,0.0645654229034656,0.00416869383470336
11.224,0.544,21.76,0.270395836410884,0.0731139083483418
11.243,0.155,6.2,0.045081670454146,0.00203235701093622
11.243,0.544,21.76,0.270395836410884,0.0731139083483418
11.262,0.246,9.84,0.0685488226452662,0.00469894108605216
11.279,0.479,19.16,0.200447202736516,0.040179081084894
11.279,0.621,24.84,0.385478357665772,0.148593564228701
11.297,0.427,17.08,0.157761126969935,0.0248885731828239
11.314,0.608,24.32,0.363078054770101,0.131825673855641
11.314,0.336,13.44,0.103752841581801,0.0107646521362983
11.333,0.595,23.8,0.341979442513709,0.116949939101987
11.35,0.686,27.44,0.519995996533516,0.270395836410885
11.35,0.556,22.24,0.285759054337495,0.0816582371358593
11.369,0.66,26.4,0.461317574560379,0.212813904598271
11.385,0.712,28.48,0.586138164514029,0.343557947899875
11.386,0.66,26.4,0.461317574560379,0.212813904598271
11.404,0.699,27.96,0.552077439280757,0.304789498962798
11.42,0.712,28.48,0.586138164514029,0.343557947899875
11.42,0.699,27.96,0.552077439280757,0.304789498962798
11.438,0.725,29,0.622300285169159,0.387257644921617
11.454,0.725,29,0.622300285169159,0.387257644921617
11.472,0.725,29,0.622300285169159,0.387257644921617
11.472,0.738,29.52,0.660693448007596,0.436515832240166
11.489,0.673,26.92,0.489778819368446,0.239883291901949
11.507,0.725,29,0.622300285169159,0.387257644921617
11.507,0.686,27.44,0.519995996533516,0.270395836410885
11.525,0.595,23.8,0.341979442513709,0.116949939101987
11.544,0.699,27.96,0.552077439280757,0.304789498962798
11.544,0.621,24.84,0.385478357665772,0.148593564228701
11.562,0.569,22.76,0.303389118419427,0.0920449571753171
11.578,0.634,25.36,0.409260659730011,0.167494287602644
11.578,0.505,20.2,0.225943577022098,0.0510504999975407
11.596,0.181,7.24,0.0508159442560561,0.0025822601906346
11.612,0.544,21.76,0.270395836410884,0.0731139083483418
11.612,0.181,7.24,0.0508159442560561,0.0025822601906346
11.63,0.492,19.68,0.212813904598271,0.0452897579903621
11.647,0.311,12.44,0.0924698173938222,0.00855066712884683
11.647,0.453,18.12,0.177827941003892,0.0316227766016838
11.664,0.621,24.84,0.385478357665772,0.148593564228701
11.682,0.375,15,0.124165230759241,0.0154170045294956
11.682,0.595,23.8,0.341979442513709,0.116949939101987
11.699,0.272,10.88,0.0772680585095703,0.00597035286583838
11.717,0.556,22.24,0.285759054337495,0.0816582371358593
11.718,0.673,26.92,0.489778819368446,0.239883291901949
11.736,0.531,21.24,0.254683025258504,0.0648634433548238
11.753,0.66,26.4,0.461317574560379,0.212813904598271
11.753,0.725,29,0.622300285169159,0.387257644921617
11.771,0.647,25.88,0.434510224171572,0.188799134909629
11.79,0.699,27.96,0.552077439280757,0.304789498962798
11.79,0.725,29,0.622300285169159,0.387257644921617
11.809,0.699,27.96,0.552077439280757,0.304789498962798
11.825,0.725,29,0.622300285169159,0.387257644921617
11.825,0.712,28.48,0.586138164514029,0.343557947899875
11.843,0.712,28.48,0.586138164514029,0.343557947899875
11.86,0.725,29,0.622300285169159,0.387257644921617
11.86,0.686,27.44,0.519995996533516,0.270395836410885
11.878,0.712,28.48,0.586138164514029,0.343557947899875
11.896,0.699,27.96,0.552077439280757,0.304789498962798
11.896,0.621,24.84,0.385478357665772,0.148593564228701
11.914,0.699,27.96,0.552077439280757,0.304789498962798
11.931,0.634,25.36,0.409260659730011,0.167494287602644
11.931,0.479,19.16,0.200447202736516,0.040179081084894
11.949,0.647,25.88,0.434510224171572,0.188799134909629
11.966,0.531,21.24,0.254683025258504,0.0648634433548238
11.983,0.194,7.76,0.0539510622515128,0.00291071711806661
11.983,0.556,22.24,0.285759054337495,0.0816582371358593
12,0.246,9.84,0.0685488226452662,0.00469894108605216
12.018,0.466,18.64,0.188799134909629,0.0356451133426244
12.018,0.362,14.48,0.116949939101987,0.0136772882559585
12.035,0.427,17.08,0.157761126969935,0.0248885731828239
12.051,0.608,24.32,0.363078054770101,0.131825673855641
12.051,0.349,13.96,0.110153930954142,0.0121338885046498
12.069,0.595,23.8,0.341979442513709,0.116949939101987
12.087,0.246,9.84,0.0685488226452662,0.00469894108605216
12.087,0.556,22.24,0.285759054337495,0.0816582371358593
12.105,0.66,26.4,0.461317574560379,0.212813904598271
12.121,0.518,20.72,0.239883291901949,0.0575439937337157
12.139,0.647,25.88,0.434510224171572,0.188799134909629
12.139,0.712,28.48,0.586138164514029,0.343557947899875
12.157,0.634,25.36,0.409260659730011,0.167494287602644
12.174,0.699,27.96,0.552077439280757,0.304789498962798
12.174,0.725,29,0.622300285169159,0.387257644921617
12.191,0.686,27.44,0.519995996533516,0.270395836410885
12.208,0.712,28.48,0.586138164514029,0.343557947899875
12.208,0.712,28.48,0.586138164514029,0.343557947899875
12.225,0.712,28.48,0.586138164514029,0.343557947899875
12.243,0.712,28.48,0.586138164514029,0.343557947899875
12.243,0.686,27.44,0.519995996533516,0.270395836410885
12.26,0.725,29,0.622300285169159,0.387257644921617
12.278,0.699,27.96,0.552077439280757,0.304789498962798
12.278,0.621,24.84,0.385478357665772,0.148593564228701
12.294,0.699,27.96,0.552077439280757,0.304789498962798
12.312,0.647,25.88,0.434510224171572,0.188799134909629
12.33,0.518,20.72,0.239883291901949,0.0575439937337157
12.33,0.647,25.88,0.434510224171572,0.188799134909629
12.348,0.544,21.76,0.270395836410884,0.0731139083483418
12.365,0.233,9.32,0.0645654229034656,0.00416869383470336
12.366,0.582,23.28,0.322106879128343,0.103752841581801
12.383,0.324,12.96,0.0981747943019985,0.00963829023623972
12.4,0.453,18.12,0.177827941003892,0.0316227766016838
12.4,0.401,16.04,0.139958732257262,0.0195884467350599
12.417,0.375,15,0.124165230759241,0.0154170045294956
12.434,0.595,23.8,0.341979442513709,0.116949939101987
12.434,0.272,10.88,0.0772680585095703,0.00597035286583838
12.452,0.569,22.76,0.303389118419427,0.0920449571753171
12.469,0.181,7.24,0.0508159442560561,0.0025822601906346
12.469,0.544,21.76,0.270395836410884,0.0731139083483418
12.486,0.66,26.4,0.461317574560379,0.212813904598271
12.504,0.505,20.2,0.225943577022098,0.0510504999975407
12.504,0.647,25.88,0.434510224171572,0.188799134909629
12.522,0.699,27.96,0.552077439280757,0.304789498962798
12.539,0.621,24.84,0.385478357665772,0.148593564228701
12.539,0.699,27.96,0.552077439280757,0.304789498962798
12.556,0.725,29,0.622300285169159,0.387257644921617
12.573,0.686,27.44,0.519995996533516,0.270395836410885
12.592,0.725,29,0.622300285169159,0.387257644921617
12.592,0.712,28.48,0.586138164514029,0.343557947899875
12.608,0.712,28.48,0.586138164514029,0.343557947899875
12.626,0.725,29,0.622300285169159,0.387257644921617
12.626,0.699,27.96,0.552077439280757,0.304789498962798
12.642,0.725,29,0.622300285169159,0.387257644921617
12.659,0.699,27.96,0.552077439280757,0.304789498962798
12.659,0.634,25.36,0.409260659730011,0.167494287602644
12.677,0.712,28.48,0.586138164514029,0.343557947899875
12.695,0.686,27.44,0.519995996533516,0.270395836410885
12.695,0.544,21.76,0.270395836410884,0.0731139083483418
12.712,0.673,26.92,0.489778819368446,0.239883291901949
12.731,0.569,22.76,0.303389118419427,0.0920449571753171
12.731,0.272,10.88,0.0772680585095703,0.00597035286583838
12.748,0.595,23.8,0.341979442513709,0.116949939101987
12.766,0.362,14.48,0.116949939101987,0.0136772882559585
12.766,0.401,16.04,0.139958732257262,0.0195884467350599
12.783,0.518,20.72,0.239883291901949,0.0575439937337157
12.8,0.582,23.28,0.322106879128343,0.103752841581801
12.818,0.582,23.28,0.322106879128343,0.103752841581801
12.818,0.259,10.36,0.0727779804536824,0.00529663443891658
12.835,0.544,21.76,0.270395836410884,0.0731139083483418
12.855,0.427,17.08,0.157761126969935,0.0248885731828239
12.855,0.518,20.72,0.239883291901949,0.0575439937337157
12.874,0.647,25.88,0.434510224171572,0.188799134909629
12.874,0.479,19.16,0.200447202736516,0.040179081084894
12.89,0.634,25.36,0.409260659730011,0.167494287602644
12.909,0.699,27.96,0.552077439280757,0.304789498962798
12.909,0.621,24.84,0.385478357665772,0.148593564228701
12.928,0.686,27.44,0.519995996533516,0.270395836410885
12.945,0.712,28.48,0.586138164514029,0.343557947899875
12.945,0.673,26.92,0.489778819368446,0.239883291901949
12.963,0.712,28.48,0.586138164514029,0.343557947899875
12.982,0.712,28.48,0.586138164514029,0.343557947899875
12.982,0.712,28.48,0.586138164514029,0.343557947899875
12.999,0.725,29,0.622300285169159,0.387257644921617
13.016,0.699,27.96,0.552077439280757,0.304789498962798
13.016,0.712,28.48,0.586138164514029,0.343557947899875
13.034,0.712,28.48,0.586138164514029,0.343557947899875
13.051,0.647,25.88,0.434510224171572,0.188799134909629
13.051,0.712,28.48,0.586138164514029,0.343557947899875
13.068,0.66,26.4,0.461317574560379,0.212813904598271
13.086,0.544,21.76,0.270395836410884,0.0731139083483418
13.104,0.673,26.92,0.489778819368446,0.239883291901949
13.104,0.582,23.28,0.322106879128343,0.103752841581801
13.122,0.324,12.96,0.0981747943019985,0.00963829023623972
13.138,0.608,24.32,0.363078054770101,0.131825673855641
13.138,0.401,16.04,0.139958732257262,0.0195884467350599
13.155,0.388,15.52,0.131825673855641,0.0173780082874938
13.173,0.466,18.64,0.188799134909629,0.0356451133426244
13.173,0.272,10.88,0.0772680585095703,0.00597035286583838
13.189,0.569,22.76,0.303389118419427,0.0920449571753171
13.206,0.155,6.2,0.045081670454146,0.00203235701093622
13.207,0.544,21.76,0.270395836410884,0.0731139083483418
13.224,0.66,26.4,0.461317574560379,0.212813904598271
13.241,0.505,20.2,0.225943577022098,0.0510504999975407
13.259,0.647,25.88,0.434510224171572,0.188799134909629
13.259,0.453,18.12,0.177827941003892,0.0316227766016838
13.276,0.621,24.84,0.385478357665772,0.148593564228701
13.293,0.699,27.96,0.552077439280757,0.304789498962798
13.293,0.595,23.8,0.341979442513709,0.116949939101987
13.31,0.686,27.44,0.519995996533516,0.270395836410885
13.327,0.725,29,0.622300285169159,0.387257644921617
13.327,0.673,26.92,0.489778819368446,0.239883291901949
13.344,0.725,29,0.622300285169159,0.387257644921617
13.362,0.725,29,0.622300285169159,0.387257644921617
13.362,0.699,27.96,0.552077439280757,0.304789498962798
13.38,0.712,28.48,0.586138164514029,0.343557947899875
13.398,0.686,27.44,0.519995996533516,0.270395836410885
13.398,0.712,28.48,0.586138164514029,0.343557947899875
13.415,0.699,27.96,0.552077439280757,0.304789498962798
13.432,0.66,26.4,0.461317574560379,0.212813904598271
13.432,0.712,28.48,0.586138164514029,0.343557947899875
13.449,0.673,26.92,0.489778819368446,0.239883291901949
13.467,0.569,22.76,0.303389118419427,0.0920449571753171
13.484,0.686,27.44,0.519995996533516,0.270395836410885
13.484,0.595,23.8,0.341979442513709,0.116949939101987
13.501,0.375,15,0.124165230759241,0.0154170045294956
13.519,0.621,24.84,0.385478357665772,0.148593564228701
13.519,0.453,18.12,0.177827941003892,0.0316227766016838
13.537,0.311,12.44,0.0924698173938222,0.00855066712884683
13.556,0.492,19.68,0.212813904598271,0.0452897579903621
13.556,0.22,8.8,0.0608135001278718,0.00369828179780266
13.573,0.556,22.24,0.285759054337495,0.0816582371358593
13.591,0.168,6.72,0.0478630092322639,0.00229086765276777
13.591,0.518,20.72,0.239883291901949,0.0575439937337157
13.608,0.647,25.88,0.434510224171572,0.188799134909629
13.625,0.466,18.64,0.188799134909629,0.0356451133426244
13.625,0.621,24.84,0.385478357665772,0.148593564228701
13.642,0.427,17.08,0.157761126969935,0.0248885731828239
13.66,0.608,24.32,0.363078054770101,0.131825673855641
13.66,0.686,27.44,0.519995996533516,0.270395836410885
13.678,0.582,23.28,0.322106879128343,0.103752841581801
13.696,0.673,26.92,0.489778819368446,0.239883291901949
13.696,0.725,29,0.622300285169159,0.387257644921617
13.715,0.673,26.92,0.489778819368446,0.239883291901949
13.731,0.712,28.48,0.586138164514029,0.343557947899875
13.731,0.725,29,0.622300285169159,0.387257644921617
13.749,0.699,27.96,0.552077439280757,0.304789498962798
13.766,0.725,29,0.622300285169159,0.387257644921617
13.766,0.699,27.96,0.552077439280757,0.304789498962798
13.784,0.725,29,0.622300285169159,0.387257644921617
13.801,0.712,28.48,0.586138164514029,0.343557947899875
13.801,0.673,26.92,0.489778819368446,0.239883291901949
13.818,0.712,28.48,0.586138164514029,0.343557947899875
13.835,0.673,26.92,0.489778819368446,0.239883291901949
13.853,0.582,23.28,0.322106879128343,0.103752841581801
13.853,0.686,27.44,0.519995996533516,0.270395836410885
13.87,0.608,24.32,0.363078054770101,0.131825673855641
13.888,0.388,15.52,0.131825673855641,0.0173780082874938
13.888,0.634,25.36,0.409260659730011,0.167494287602644
13.907,0.453,18.12,0.177827941003892,0.0316227766016838
13.928,0.285,11.4,0.0820351544329818,0.00672976656284318
13.928,0.505,20.2,0.225943577022098,0.0510504999975407
13.945,0.207,8.28,0.057279603098583,0.00328095293113119
13.946,0.531,21.24,0.254683025258504,0.0648634433548238
13.963,0.22,8.8,0.0608135001278718,0.00369828179780266
13.981,0.505,20.2,0.225943577022098,0.0510504999975407
13.981,0.647,25.88,0.434510224171572,0.188799134909629
13.998,0.44,17.6,0.167494287602644,0.0280543363795171
14.016,0.621,24.84,0.385478357665772,0.148593564228701
14.016,0.375,15,0.124165230759241,0.0154170045294956
14.033,0.595,23.8,0.341979442513709,0.116949939101987
14.051,0.686,27.44,0.519995996533516,0.270395836410885
14.069,0.569,22.76,0.303389118419427,0.0920449571753171
14.069,0.673,26.92,0.489778819368446,0.239883291901949
14.087,0.712,28.48,0.586138164514029,0.343557947899875
14.103,0.66,26.4,0.461317574560379,0.212813904598271
14.103,0.712,28.48,0.586138164514029,0.343557947899875
14.122,0.725,29,0.622300285169159,0.387257644921617
14.139,0.699,27.96,0.552077439280757,0.304789498962798
14.139,0.725,29,0.622300285169159,0.387257644921617
14.156,0.712,28.48,0.586138164514029,0.343557947899875
14.174,0.725,29,0.622300285169159,0.387257644921617
14.174,0.712,28.48,0.586138164514029,0.343557947899875
14.192,0.66,26.4,0.461317574560379,0.212813904598271
14.209,0.712,28.48,0.586138164514029,0.343557947899875
14.209,0.686,27.44,0.519995996533516,0.270395836410885
14.227,0.595,23.8,0.341979442513709,0.116949939101987
14.244,0.686,27.44,0.519995996533516,0.270395836410885
14.244,0.621,24.84,0.385478357665772,0.148593564228701
14.262,0.44,17.6,0.167494287602644,0.0280543363795171
14.279,0.634,25.36,0.409260659730011,0.167494287602644
14.279,0.492,19.68,0.212813904598271,0.0452897579903621
14.296,0.194,7.76,0.0539510622515128,0.00291071711806661
14.314,0.531,21.24,0.254683025258504,0.0648634433548238
14.314,0.181,7.24,0.0508159442560561,0.0025822601906346
14.331,0.518,20.72,0.239883291901949,0.0575439937337157
14.349,0.285,11.4,0.0820351544329818,0.00672976656284318
14.349,0.466,18.64,0.188799134909629,0.0356451133426244
14.366,0.634,25.36,0.409260659730011,0.167494287602644
14.384,0.401,16.04,0.139958732257262,0.0195884467350599
14.402,0.608,24.32,0.363078054770101,0.131825673855641
14.402,0.324,12.96,0.0981747943019985,0.00963829023623972
14.419,0.582,23.28,0.322106879128343,0.103752841581801
14.437,0.686,27.44,0.519995996533516,0.270395836410885
14.437,0.544,21.76,0.270395836410884,0.0731139083483418
14.456,0.673,26.92,0.489778819368446,0.239883291901949
14.473,0.712,28.48,0.586138164514029,0.343557947899875
14.473,0.66,26.4,0.461317574560379,0.212813904598271
14.491,0.712,28.48,0.586138164514029,0.343557947899875
14.509,0.725,29,0.622300285169159,0.387257644921617
14.509,0.699,27.96,0.552077439280757,0.304789498962798
14.527,0.725,29,0.622300285169159,0.387257644921617
14.543,0.712,28.48,0.586138164514029,0.343557947899875
14.543,0.725,29,0.622300285169159,0.387257644921617
14.562,0.712,28.48,0.586138164514029,0.343557947899875
14.58,0.673,26.92,0.489778819368446,0.239883291901949
14.58,0.712,28.48,0.586138164514029,0.343557947899875
14.597,0.686,27.44,0.519995996533516,0.270395836410885
14.614,0.608,24.32,0.363078054770101,0.131825673855641
14.614,0.686,27.44,0.519995996533516,0.270395836410885
14.631,0.634,25.36,0.409260659730011,0.167494287602644
14.649,0.466,18.64,0.188799134909629,0.0356451133426244
14.649,0.647,25.88,0.434510224171572,0.188799134909629
14.667,0.505,20.2,0.225943577022098,0.0510504999975407
14.686,0.194,7.76,0.0539510622515128,0.00291071711806661
14.686,0.544,21.76,0.270395836410884,0.0731139083483418
14.705,0.194,7.76,0.0539510622515128,0.00291071711806661
14.723,0.492,19.68,0.212813904598271,0.0452897579903621
14.723,0.311,12.44,0.0924698173938222,0.00855066712884683
14.74,0.427,17.08,0.157761126969935,0.0248885731828239
14.759,0.608,24.32,0.363078054770101,0.131825673855641
14.759,0.375,15,0.124165230759241,0.0154170045294956
14.779,0.595,23.8,0.341979442513709,0.116949939101987
14.779,0.272,10.88,0.0772680585095703,0.00597035286583838
14.797,0.569,22.76,0.303389118419427,0.0920449571753171
14.814,0.673,26.92,0.489778819368446,0.239883291901949
14.814,0.531,21.24,0.254683025258504,0.0648634433548238
14.832,0.647,25.88,0.434510224171572,0.188799134909629
14.849,0.699,27.96,0.552077439280757,0.304789498962798
14.867,0.647,25.88,0.434510224171572,0.188799134909629
14.867,0.699,27.96,0.552077439280757,0.304789498962798
14.884,0.712,28.48,0.586138164514029,0.343557947899875
14.903,0.699,27.96,0.552077439280757,0.304789498962798
14.903,0.712,28.48,0.586138164514029,0.343557947899875
14.921,0.712,28.48,0.586138164514029,0.343557947899875
14.938,0.725,29,0.622300285169159,0.387257644921617
14.939,0.712,28.48,0.586138164514029,0.343557947899875
14.956,0.686,27.44,0.519995996533516,0.270395836410885
14.956,0.712,28.48,0.586138164514029,0.343557947899875
14.975,0.686,27.44,0.519995996533516,0.270395836410885
14.994,0.634,25.36,0.409260659730011,0.167494287602644
14.994,0.699,27.96,0.552077439280757,0.304789498962798
15.012,0.647,25.88,0.434510224171572,0.188799134909629
15.032,0.505,20.2,0.225943577022098,0.0510504999975407
15.032,0.66,26.4,0.461317574560379,0.212813904598271
15.05,0.544,21.76,0.270395836410884,0.0731139083483418
15.067,0.168,6.72,0.0478630092322639,0.00229086765276777
15.067,0.569,22.76,0.303389118419427,0.0920449571753171
15.086,0.272,10.88,0.0772680585095703,0.00597035286583838
15.104,0.466,18.64,0.188799134909629,0.0356451133426244
15.104,0.362,14.48,0.116949939101987,0.0136772882559585
15.121,0.414,16.56,0.148593564228701,0.022080047330189
15.14,0.608,24.32,0.363078054770101,0.131825673855641
15.14,0.634,25.36,0.409260659730011,0.167494287602644
15.164,0.595,23.8,0.341979442513709,0.116949939101987
15.164,0.22,8.8,0.0608135001278718,0.00369828179780266
15.19,0.556,22.24,0.285759054337495,0.0816582371358593
15.19,0.66,26.4,0.461317574560379,0.212813904598271
15.208,0.505,20.2,0.225943577022098,0.0510504999975407
15.208,0.647,25.88,0.434510224171572,0.188799134909629
15.227,0.699,27.96,0.552077439280757,0.304789498962798
15.249,0.634,25.36,0.409260659730011,0.167494287602644
15.249,0.686,27.44,0.519995996533516,0.270395836410885
15.266,0.712,28.48,0.586138164514029,0.343557947899875
15.266,0.686,27.44,0.519995996533516,0.270395836410885
15.284,0.725,29,0.622300285169159,0.387257644921617
15.302,0.712,28.48,0.586138164514029,0.343557947899875
15.302,0.725,29,0.622300285169159,0.387257644921617
15.32,0.699,27.96,0.552077439280757,0.304789498962798
15.338,0.673,26.92,0.489778819368446,0.239883291901949
15.338,0.712,28.48,0.586138164514029,0.343557947899875
15.356,0.686,27.44,0.519995996533516,0.270395836410885
15.375,0.621,24.84,0.385478357665772,0.148593564228701
15.375,0.712,28.48,0.586138164514029,0.343557947899875
15.393,0.647,25.88,0.434510224171572,0.188799134909629
15.41,0.505,20.2,0.225943577022098,0.0510504999975407
15.41,0.66,26.4,0.461317574560379,0.212813904598271
15.429,0.544,21.76,0.270395836410884,0.0731139083483418
15.446,0.207,8.28,0.057279603098583,0.00328095293113119
15.446,0.569,22.76,0.303389118419427,0.0920449571753171
15.464,0.362,14.48,0.116949939101987,0.0136772882559585
15.483,0.427,17.08,0.157761126969935,0.0248885731828239
15.483,0.401,16.04,0.139958732257262,0.0195884467350599
15.501,0.362,14.48,0.116949939101987,0.0136772882559585
15.519,0.595,23.8,0.341979442513709,0.116949939101987
15.52,0.259,10.36,0.0727779804536824,0.00529663443891658
15.539,0.569,22.76,0.303389118419427,0.0920449571753171
15.557,0.233,9.32,0.0645654229034656,0.00416869383470336
15.557,0.518,20.72,0.239883291901949,0.0575439937337157
15.577,0.634,25.36,0.409260659730011,0.167494287602644
15.577,0.453,18.12,0.177827941003892,0.0316227766016838
15.595,0.595,23.8,0.341979442513709,0.116949939101987
15.614,0.673,26.92,0.489778819368446,0.239883291901949
15.614,0.595,23.8,0.341979442513709,0.116949939101987
15.633,0.699,27.96,0.552077439280757,0.304789498962798
15.651,0.725,29,0.622300285169159,0.387257644921617
15.651,0.699,27.96,0.552077439280757,0.304789498962798
15.669,0.751,30.04,0.701455298419971,0.492039535681451
15.687,0.751,30.04,0.701455298419971,0.492039535681451
15.687,0.738,29.52,0.660693448007596,0.436515832240166
15.705,0.764,30.56,0.744731973905989,0.554625712957911
15.723,0.751,30.04,0.701455298419971,0.492039535681451
15.724,0.764,30.56,0.744731973905989,0.554625712957911
15.741,0.751,30.04,0.701455298419971,0.492039535681451
15.761,0.686,27.44,0.519995996533516,0.270395836410885
15.761,0.751,30.04,0.701455298419971,0.492039535681451
15.78,0.699,27.96,0.552077439280757,0.304789498962798
15.78,0.569,22.76,0.303389118419427,0.0920449571753171
15.798,0.699,27.96,0.552077439280757,0.304789498962798
15.816,0.608,24.32,0.363078054770101,0.131825673855641
15.816,0.259,10.36,0.0727779804536824,0.00529663443891658
15.835,0.621,24.84,0.385478357665772,0.148593564228701
15.854,0.388,15.52,0.131825673855641,0.0173780082874938
15.854,0.492,19.68,0.212813904598271,0.0452897579903621
15.873,0.44,17.6,0.167494287602644,0.0280543363795171
15.891,0.298,11.92,0.0870963589956081,0.00758577575029184
15.891,0.556,22.24,0.285759054337495,0.0816582371358593
15.909,0.194,7.76,0.0539510622515128,0.00291071711806661
15.909,0.505,20.2,0.225943577022098,0.0510504999975407
15.927,0.595,23.8,0.341979442513709,0.116949939101987
15.945,0.44,17.6,0.167494287602644,0.0280543363795171
15.945,0.556,22.24,0.285759054337495,0.0816582371358593
15.965,0.349,13.96,0.110153930954142,0.0121338885046498
15.984,0.518,20.72,0.239883291901949,0.0575439937337157
15.984,0.569,22.76,0.303389118419427,0.0920449571753171
16.002,0.466,18.64,0.188799134909629,0.0356451133426244
16.02,0.531,21.24,0.254683025258504,0.0648634433548238
16.02,0.556,22.24,0.285759054337495,0.0816582371358593
16.038,0.518,20.72,0.239883291901949,0.0575439937337157
16.057,0.556,22.24,0.285759054337495,0.0816582371358593
16.057,0.556,22.24,0.285759054337495,0.0816582371358593
16.075,0.556,22.24,0.285759054337495,0.0816582371358593
16.094,0.569,22.76,0.303389118419427,0.0920449571753171
16.094,0.544,21.76,0.270395836410884,0.0731139083483418
16.112,0.569,22.76,0.303389118419427,0.0920449571753171
16.112,0.569,22.76,0.303389118419427,0.0920449571753171
16.13,0.518,20.72,0.239883291901949,0.0575439937337157
16.148,0.569,22.76,0.303389118419427,0.0920449571753171
16.149,0.518,20.72,0.239883291901949,0.0575439937337157
16.167,0.776,31.04,0.787045789695099,0.619441075076782
16.185,0.544,21.76,0.270395836410884,0.0731139083483418
16.185,0.453,18.12,0.177827941003892,0.0316227766016838
16.203,0.246,9.84,0.0685488226452662,0.00469894108605216
16.221,0.492,19.68,0.212813904598271,0.0452897579903621
16.221,0.311,12.44,0.0924698173938222,0.00855066712884683
16.239,0.259,10.36,0.0727779804536824,0.00529663443891658
16.255,0.362,14.48,0.116949939101987,0.0136772882559585
16.256,0.194,7.76,0.0539510622515128,0.00291071711806661
16.274,0.453,18.12,0.177827941003892,0.0316227766016838
16.293,0.246,9.84,0.0685488226452662,0.00469894108605216
16.293,0.427,17.08,0.157761126969935,0.0248885731828239
16.312,0.544,21.76,0.270395836410884,0.0731139083483418
16.328,0.388,15.52,0.131825673855641,0.0173780082874938
16.328,0.531,21.24,0.254683025258504,0.0648634433548238
16.348,0.492,19.68,0.212813904598271,0.0452897579903621
16.365,0.518,20.72,0.239883291901949,0.0575439937337157
16.365,0.595,23.8,0.341979442513709,0.116949939101987
16.383,0.505,20.2,0.225943577022098,0.0510504999975407
16.402,0.582,23.28,0.322106879128343,0.103752841581801
16.402,0.621,24.84,0.385478357665772,0.148593564228701
16.42,0.582,23.28,0.322106879128343,0.103752841581801
16.439,0.621,24.84,0.385478357665772,0.148593564228701
16.439,0.621,24.84,0.385478357665772,0.148593564228701
16.458,0.608,24.32,0.363078054770101,0.131825673855641
16.458,0.634,25.36,0.409260659730011,0.167494287602644
16.478,0.608,24.32,0.363078054770101,0.131825673855641
16.498,0.634,25.36,0.409260659730011,0.167494287602644
16.498,0.621,24.84,0.385478357665772,0.148593564228701
16.517,0.569,22.76,0.303389118419427,0.0920449571753171
16.517,0.621,24.84,0.385478357665772,0.148593564228701
16.536,0.569,22.76,0.303389118419427,0.0920449571753171
16.555,0.466,18.64,0.188799134909629,0.0356451133426244
16.555,0.595,23.8,0.341979442513709,0.116949939101987
16.574,0.518,20.72,0.239883291901949,0.0575439937337157
16.592,0.298,11.92,0.0870963589956081,0.00758577575029184
16.592,0.531,21.24,0.254683025258504,0.0648634433548238
16.61,0.362,14.48,0.116949939101987,0.0136772882559585
16.629,0.246,9.84,0.0685488226452662,0.00469894108605216
16.63,0.414,16.56,0.148593564228701,0.022080047330189
16.65,0.194,7.76,0.0539510622515128,0.00291071711806661
16.65,0.466,18.64,0.188799134909629,0.0356451133426244
16.67,0.168,6.72,0.0478630092322639,0.00229086765276777
16.688,0.569,22.76,0.303389118419427,0.0920449571753171
16.688,0.556,22.24,0.285759054337495,0.0816582371358593
16.707,0.375,15,0.124165230759241,0.0154170045294956
16.707,0.544,21.76,0.270395836410884,0.0731139083483418
16.726,0.324,12.96,0.0981747943019985,0.00963829023623972
16.746,0.518,20.72,0.239883291901949,0.0575439937337157
16.746,0.608,24.32,0.363078054770101,0.131825673855641
16.764,0.505,20.2,0.225943577022098,0.0510504999975407
16.783,0.595,23.8,0.341979442513709,0.116949939101987
16.783,0.634,25.36,0.409260659730011,0.167494287602644
16.802,0.582,23.28,0.322106879128343,0.103752841581801
16.819,0.621,24.84,0.385478357665772,0.148593564228701
16.819,0.634,25.36,0.409260659730011,0.167494287602644
16.838,0.621,24.84,0.385478357665772,0.148593564228701
16.856,0.634,25.36,0.409260659730011,0.167494287602644
16.856,0.621,24.84,0.385478357665772,0.148593564228701
16.874,0.634,25.36,0.409260659730011,0.167494287602644
16.874,0.647,25.88,0.434510224171572,0.188799134909629
16.892,0.582,23.28,0.322106879128343,0.103752841581801
16.91,0.621,24.84,0.385478357665772,0.148593564228701
16.91,0.595,23.8,0.341979442513709,0.116949939101987
16.928,0.492,19.68,0.212813904598271,0.0452897579903621
16.946,0.608,24.32,0.363078054770101,0.131825673855641
16.946,0.505,20.2,0.225943577022098,0.0510504999975407
16.964,0.336,13.44,0.103752841581801,0.0107646521362983
16.981,0.556,22.24,0.285759054337495,0.0816582371358593
16.981,0.401,16.04,0.139958732257262,0.0195884467350599
17,0.22,8.8,0.0608135001278718,0.00369828179780266
17.017,0.44,17.6,0.167494287602644,0.0280543363795171
17.017,0.22,8.8,0.0608135001278718,0.00369828179780266
17.035,0.453,18.12,0.177827941003892,0.0316227766016838
17.053,0.22,8.8,0.0608135001278718,0.00369828179780266
17.053,0.388,15.52,0.131825673855641,0.0173780082874938
17.072,0.544,21.76,0.270395836410884,0.0731139083483418
17.091,0.336,13.44,0.103752841581801,0.0107646521362983
17.091,0.518,20.72,0.239883291901949,0.0575439937337157
17.109,0.272,10.88,0.0772680585095703,0.00597035286583838
17.127,0.479,19.16,0.200447202736516,0.040179081084894
17.127,0.569,22.76,0.303389118419427,0.0920449571753171
17.145,0.453,18.12,0.177827941003892,0.0316227766016838
17.163,0.544,21.76,0.270395836410884,0.0731139083483418
17.163,0.582,23.28,0.322106879128343,0.103752841581801
17.181,0.518,20.72,0.239883291901949,0.0575439937337157
17.199,0.569,22.76,0.303389118419427,0.0920449571753171
17.199,0.569,22.76,0.303389118419427,0.0920449571753171
17.217,0.544,21.76,0.270395836410884,0.0731139083483418
17.236,0.556,22.24,0.285759054337495,0.0816582371358593
17.236,0.556,22.24,0.285759054337495,0.0816582371358593
17.254,0.544,21.76,0.270395836410884,0.0731139083483418
17.272,0.544,21.76,0.270395836410884,0.0731139083483418
17.272,0.492,19.68,0.212813904598271,0.0452897579903621
17.29,0.544,21.76,0.270395836410884,0.0731139083483418
17.308,0.518,20.72,0.239883291901949,0.0575439937337157
17.308,0.44,17.6,0.167494287602644,0.0280543363795171
17.325,0.556,22.24,0.285759054337495,0.0816582371358593
17.344,0.505,20.2,0.225943577022098,0.0510504999975407
17.344,0.349,13.96,0.110153930954142,0.0121338885046498
17.363,0.556,22.24,0.285759054337495,0.0816582371358593
17.363,0.427,17.08,0.157761126969935,0.0248885731828239
17.379,0.168,6.72,0.0478630092322639,0.00229086765276777
17.398,0.492,19.68,0.212813904598271,0.0452897579903621
17.398,0.738,29.52,0.660693448007596,0.436515832240166
17.416,0.466,18.64,0.188799134909629,0.0356451133426244
17.434,0.259,10.36,0.0727779804536824,0.00529663443891658
17.434,0.453,18.12,0.177827941003892,0.0316227766016838
17.452,0.621,24.84,0.385478357665772,0.148593564228701
17.471,0.401,16.04,0.139958732257262,0.0195884467350599
17.471,0.608,24.32,0.363078054770101,0.131825673855641
17.49,0.324,12.96,0.0981747943019985,0.00963829023623972
17.508,0.608,24.32,0.363078054770101,0.131825673855641
17.508,0.686,27.44,0.519995996533516,0.270395836410885
17.526,0.582,23.28,0.322106879128343,0.103752841581801
17.544,0.686,27.44,0.519995996533516,0.270395836410885
17.544,0.751,30.04,0.701455298419971,0.492039535681451
17.563,0.686,27.44,0.519995996533516,0.270395836410885
17.58,0.751,30.04,0.701455298419971,0.492039535681451
17.581,0.764,30.56,0.744731973905989,0.554625712957911
17.599,0.751,30.04,0.701455298419971,0.492039535681451
17.618,0.776,31.04,0.787045789695099,0.619441075076782
17.618,0.764,30.56,0.744731973905989,0.554625712957911
17.635,0.776,31.04,0.787045789695099,0.619441075076782
17.653,0.776,31.04,0.787045789695099,0.619441075076782
17.653,0.751,30.04,0.701455298419971,0.492039535681451
17.671,0.776,31.04,0.787045789695099,0.619441075076782
17.688,0.751,30.04,0.701455298419971,0.492039535681451
17.688,0.686,27.44,0.519995996533516,0.270395836410885
17.707,0.764,30.56,0.744731973905989,0.554625712957911
17.726,0.712,28.48,0.586138164514029,0.343557947899875
17.726,0.556,22.24,0.285759054337495,0.0816582371358593
17.744,0.725,29,0.622300285169159,0.387257644921617
17.744,0.608,24.32,0.363078054770101,0.131825673855641
17.762,0.142,5.68,0.0424619563946313,0.00180301774085957
17.781,0.647,25.88,0.434510224171572,0.188799134909629
17.781,0.298,11.92,0.0870963589956081,0.00758577575029184
17.799,0.556,22.24,0.285759054337495,0.0816582371358593
17.817,0.44,17.6,0.167494287602644,0.0280543363795171
17.817,0.518,20.72,0.239883291901949,0.0575439937337157
17.835,0.699,27.96,0.552077439280757,0.304789498962798
17.854,0.44,17.6,0.167494287602644,0.0280543363795171
17.854,0.673,26.92,0.489778819368446,0.239883291901949
17.872,0.298,11.92,0.0870963589956081,0.00758577575029184
17.89,0.647,25.88,0.434510224171572,0.188799134909629
17.89,0.751,30.04,0.701455298419971,0.492039535681451
17.909,0.621,24.84,0.385478357665772,0.148593564228701
17.927,0.738,29.52,0.660693448007596,0.436515832240166
17.928,0.789,31.56,0.835603018231248,0.698232404077172
17.946,0.712,28.48,0.586138164514029,0.343557947899875
17.946,0.789,31.56,0.835603018231248,0.698232404077172
17.965,0.815,32.6,0.941889596522841,0.88715601203796
17.983,0.776,31.04,0.787045789695099,0.619441075076782
17.983,0.802,32.08,0.887156012037961,0.787045789695099
18.003,0.802,32.08,0.887156012037961,0.787045789695099
18.021,0.802,32.08,0.887156012037961,0.787045789695099
18.021,0.802,32.08,0.887156012037961,0.787045789695099
18.039,0.776,31.04,0.787045789695099,0.619441075076782
18.058,0.815,32.6,0.941889596522841,0.88715601203796
18.059,0.776,31.04,0.787045789695099,0.619441075076782
18.076,0.712,28.48,0.586138164514029,0.343557947899875
18.095,0.802,32.08,0.887156012037961,0.787045789695099
18.095,0.738,29.52,0.660693448007596,0.436515832240166
18.114,0.595,23.8,0.341979442513709,0.116949939101987
18.114,0.751,30.04,0.701455298419971,0.492039535681451
18.132,0.634,25.36,0.409260659730011,0.167494287602644
18.15,0.194,7.76,0.0539510622515128,0.00291071711806661
18.15,0.66,26.4,0.461317574560379,0.212813904598271
18.168,0.375,15,0.124165230759241,0.0154170045294956
18.186,0.544,21.76,0.270395836410884,0.0731139083483418
18.186,0.466,18.64,0.188799134909629,0.0356451133426244
18.205,0.466,18.64,0.188799134909629,0.0356451133426244
18.223,0.686,27.44,0.519995996533516,0.270395836410885
18.223,0.479,19.16,0.200447202736516,0.040179081084894
18.241,0.673,26.92,0.489778819368446,0.239883291901949
18.26,0.194,7.76,0.0539510622515128,0.00291071711806661
18.26,0.621,24.84,0.385478357665772,0.148593564228701
18.278,0.738,29.52,0.660693448007596,0.436515832240166
18.297,0.595,23.8,0.341979442513709,0.116949939101987
18.297,0.738,29.52,0.660693448007596,0.436515832240166
18.314,0.789,31.56,0.835603018231248,0.698232404077172
18.332,0.712,28.48,0.586138164514029,0.343557947899875
18.332,0.776,31.04,0.787045789695099,0.619441075076782
18.35,0.815,32.6,0.941889596522841,0.88715601203796
18.369,0.776,31.04,0.787045789695099,0.619441075076782
18.369,0.802,32.08,0.887156012037961,0.787045789695099
18.386,0.802,32.08,0.887156012037961,0.787045789695099
18.386,0.802,32.08,0.887156012037961,0.787045789695099
18.405,0.815,32.6,0.941889596522841,0.88715601203796
18.424,0.776,31.04,0.787045789695099,0.619441075076782
18.424,0.815,32.6,0.941889596522841,0.88715601203796
18.442,0.789,31.56,0.835603018231248,0.698232404077172
18.461,0.725,29,0.622300285169159,0.387257644921617
18.461,0.789,31.56,0.835603018231248,0.698232404077172
18.478,0.738,29.52,0.660693448007596,0.436515832240166
18.496,0.621,24.84,0.385478357665772,0.148593564228701
18.496,0.751,30.04,0.701455298419971,0.492039535681451
18.516,0.647,25.88,0.434510224171572,0.188799134909629
18.534,0.298,11.92,0.0870963589956081,0.00758577575029184
18.534,0.686,27.44,0.519995996533516,0.270395836410885
18.552,0.427,17.08,0.157761126969935,0.0248885731828239
18.569,0.505,20.2,0.225943577022098,0.0510504999975407
18.569,0.518,20.72,0.239883291901949,0.0575439937337157
18.588,0.44,17.6,0.167494287602644,0.0280543363795171
18.588,0.686,27.44,0.519995996533516,0.270395836410885
18.607,0.324,12.96,0.0981747943019985,0.00963829023623972
18.624,0.66,26.4,0.461317574560379,0.212813904598271
18.625,0.22,8.8,0.0608135001278718,0.00369828179780266
18.643,0.621,24.84,0.385478357665772,0.148593564228701
18.662,0.738,29.52,0.660693448007596,0.436515832240166
18.662,0.569,22.76,0.303389118419427,0.0920449571753171
18.681,0.725,29,0.622300285169159,0.387257644921617
18.699,0.776,31.04,0.787045789695099,0.619441075076782
18.699,0.699,27.96,0.552077439280757,0.304789498962798
18.717,0.776,31.04,0.787045789695099,0.619441075076782
18.736,0.802,32.08,0.887156012037961,0.787045789695099
18.736,0.764,30.56,0.744731973905989,0.554625712957911
18.755,0.802,32.08,0.887156012037961,0.787045789695099
18.772,0.802,32.08,0.887156012037961,0.787045789695099
18.772,0.789,31.56,0.835603018231248,0.698232404077172
18.79,0.815,32.6,0.941889596522841,0.88715601203796
18.81,0.776,31.04,0.787045789695099,0.619441075076782
18.81,0.815,32.6,0.941889596522841,0.88715601203796
18.828,0.776,31.04,0.787045789695099,0.619441075076782
18.828,0.725,29,0.622300285169159,0.387257644921617
18.847,0.789,31.56,0.835603018231248,0.698232404077172
18.864,0.725,29,0.622300285169159,0.387257644921617
18.864,0.634,25.36,0.409260659730011,0.167494287602644
18.883,0.764,30.56,0.744731973905989,0.554625712957911
18.901,0.673,26.92,0.489778819368446,0.239883291901949
18.901,0.401,16.04,0.139958732257262,0.0195884467350599
18.92,0.686,27.44,0.519995996533516,0.270395836410885
18.938,0.634,25.36,0.409260659730011,0.167494287602644
18.938,0.453,18.12,0.177827941003892,0.0316227766016838
18.956,0.544,21.76,0.270395836410884,0.0731139083483418
18.974,0.349,13.96,0.110153930954142,0.0121338885046498
18.974,0.66,26.4,0.461317574560379,0.212813904598271
18.993,0.207,8.28,0.057279603098583,0.00328095293113119
19.012,0.621,24.84,0.385478357665772,0.148593564228701
19.012,0.738,29.52,0.660693448007596,0.436515832240166
19.031,0.582,23.28,0.322106879128343,0.103752841581801
19.031,0.725,29,0.622300285169159,0.387257644921617
19.048,0.531,21.24,0.254683025258504,0.0648634433548238
19.067,0.699,27.96,0.552077439280757,0.304789498962798
19.067,0.776,31.04,0.787045789695099,0.619441075076782
19.085,0.686,27.44,0.519995996533516,0.270395836410885
19.103,0.764,30.56,0.744731973905989,0.554625712957911
19.103,0.802,32.08,0.887156012037961,0.787045789695099
19.121,0.751,30.04,0.701455298419971,0.492039535681451
19.139,0.789,31.56,0.835603018231248,0.698232404077172
19.139,0.802,32.08,0.887156012037961,0.787045789695099
19.157,0.789,31.56,0.835603018231248,0.698232404077172
19.175,0.802,32.08,0.887156012037961,0.787045789695099
19.175,0.776,31.04,0.787045789695099,0.619441075076782
19.192,0.802,32.08,0.887156012037961,0.787045789695099
19.211,0.789,31.56,0.835603018231248,0.698232404077172
19.211,0.738,29.52,0.660693448007596,0.436515832240166
19.229,0.802,32.08,0.887156012037961,0.787045789695099
19.247,0.764,30.56,0.744731973905989,0.554625712957911
19.247,0.647,25.88,0.434510224171572,0.188799134909629
19.265,0.764,30.56,0.744731973905989,0.554625712957911
19.284,0.686,27.44,0.519995996533516,0.270395836410885
19.284,0.427,17.08,0.157761126969935,0.0248885731828239
19.302,0.699,27.96,0.552077439280757,0.304789498962798
19.321,0.505,20.2,0.225943577022098,0.0510504999975407
19.321,0.427,17.08,0.157761126969935,0.0248885731828239
19.339,0.569,22.76,0.303389118419427,0.0920449571753171
19.357,0.298,11.92,0.0870963589956081,0.00758577575029184
19.357,0.647,25.88,0.434510224171572,0.188799134909629
19.375,0.531,21.24,0.254683025258504,0.0648634433548238
19.375,0.608,24.32,0.363078054770101,0.131825673855641
19.394,0.738,29.52,0.660693448007596,0.436515832240166
19.411,0.569,22.76,0.303389118419427,0.0920449571753171
19.411,0.725,29,0.622300285169159,0.387257644921617
19.43,0.518,20.72,0.239883291901949,0.0575439937337157
19.448,0.699,27.96,0.552077439280757,0.304789498962798
19.448,0.776,31.04,0.787045789695099,0.619441075076782
19.466,0.686,27.44,0.519995996533516,0.270395836410885
19.484,0.764,30.56,0.744731973905989,0.554625712957911
19.484,0.802,32.08,0.887156012037961,0.787045789695099
19.504,0.751,30.04,0.701455298419971,0.492039535681451
19.522,0.789,31.56,0.835603018231248,0.698232404077172
19.522,0.815,32.6,0.941889596522841,0.88715601203796
19.54,0.802,32.08,0.887156012037961,0.787045789695099
19.558,0.815,32.6,0.941889596522841,0.88715601203796
19.559,0.789,31.56,0.835603018231248,0.698232404077172
19.576,0.815,32.6,0.941889596522841,0.88715601203796
19.595,0.802,32.08,0.887156012037961,0.787045789695099
19.595,0.764,30.56,0.744731973905989,0.554625712957911
19.612,0.802,32.08,0.887156012037961,0.787045789695099
19.63,0.764,30.56,0.744731973905989,0.554625712957911
19.63,0.673,26.92,0.489778819368446,0.239883291901949
19.647,0.776,31.04,0.787045789695099,0.619441075076782
19.666,0.699,27.96,0.552077439280757,0.304789498962798
19.666,0.492,19.68,0.212813904598271,0.0452897579903621
19.685,0.712,28.48,0.586138164514029,0.343557947899875
19.685,0.556,22.24,0.285759054337495,0.0816582371358593
19.702,0.349,13.96,0.110153930954142,0.0121338885046498
19.721,0.608,24.32,0.363078054770101,0.131825673855641
19.721,0.142,5.68,0.0424619563946313,0.00180301774085957
19.739,0.621,24.84,0.385478357665772,0.148593564228701
19.759,0.233,9.32,0.0645654229034656,0.00416869383470336
19.759,0.582,23.28,0.322106879128343,0.103752841581801
19.776,0.725,29,0.622300285169159,0.387257644921617
19.795,0.518,20.72,0.239883291901949,0.0575439937337157
19.795,0.699,27.96,0.552077439280757,0.304789498962798
19.812,0.453,18.12,0.177827941003892,0.0316227766016838
19.83,0.673,26.92,0.489778819368446,0.239883291901949
19.83,0.764,30.56,0.744731973905989,0.554625712957911
19.849,0.66,26.4,0.461317574560379,0.212813904598271
19.868,0.751,30.04,0.701455298419971,0.492039535681451
19.868,0.802,32.08,0.887156012037961,0.787045789695099
19.885,0.738,29.52,0.660693448007596,0.436515832240166
19.904,0.789,31.56,0.835603018231248,0.698232404077172
19.904,0.789,31.56,0.835603018231248,0.698232404077172
19.923,0.776,31.04,0.787045789695099,0.619441075076782
19.923,0.789,31.56,0.835603018231248,0.698232404077172
19.942,0.789,31.56,0.835603018231248,0.698232404077172
19.961,0.815,32.6,0.941889596522841,0.88715601203796
19.961,0.789,31.56,0.835603018231248,0.698232404077172
19.979,0.738,29.52,0.660693448007596,0.436515832240166
20,0.802,32.08,0.887156012037961,0.787045789695099
20,0.751,30.04,0.701455298419971,0.492039535681451
20.018,0.66,26.4,0.461317574560379,0.212813904598271
20.036,0.764,30.56,0.744731973905989,0.554625712957911
20.036,0.686,27.44,0.519995996533516,0.270395836410885
20.054,0.518,20.72,0.239883291901949,0.0575439937337157
20.054,0.699,27.96,0.552077439280757,0.304789498962798
20.072,0.569,22.76,0.303389118419427,0.0920449571753171
20.09,0.272,10.88,0.0772680585095703,0.00597035286583838
20.09,0.608,24.32,0.363078054770101,0.131825673855641
20.109,0.168,6.72,0.0478630092322639,0.00229086765276777
20.127,0.595,23.8,0.341979442513709,0.116949939101987
20.127,0.298,11.92,0.0870963589956081,0.00758577575029184
20.144,0.556,22.24,0.285759054337495,0.0816582371358593
20.163,0.712,28.48,0.586138164514029,0.343557947899875
20.163,0.492,19.68,0.212813904598271,0.0452897579903621
20.183,0.699,27.96,0.552077439280757,0.304789498962798
20.201,0.401,16.04,0.139958732257262,0.0195884467350599
20.201,0.673,26.92,0.489778819368446,0.239883291901949
20.219,0.764,30.56,0.744731973905989,0.554625712957911
20.238,0.647,25.88,0.434510224171572,0.188799134909629
20.238,0.751,30.04,0.701455298419971,0.492039535681451
20.255,0.789,31.56,0.835603018231248,0.698232404077172
20.274,0.751,30.04,0.701455298419971,0.492039535681451
20.274,0.789,31.56,0.835603018231248,0.698232404077172
20.293,0.815,32.6,0.941889596522841,0.88715601203796
20.293,0.789,31.56,0.835603018231248,0.698232404077172
20.311,0.802,32.08,0.887156012037961,0.787045789695099
20.33,0.789,31.56,0.835603018231248,0.698232404077172
20.33,0.802,32.08,0.887156012037961,0.787045789695099
20.348,0.802,32.08,0.887156012037961,0.787045789695099
20.366,0.764,30.56,0.744731973905989,0.554625712957911
20.366,0.802,32.08,0.887156012037961,0.787045789695099
20.384,0.776,31.04,0.787045789695099,0.619441075076782
20.403,0.686,27.44,0.519995996533516,0.270395836410885
20.403,0.776,31.04,0.787045789695099,0.619441075076782
20.421,0.712,28.48,0.586138164514029,0.343557947899875
20.439,0.531,21.24,0.254683025258504,0.0648634433548238
20.439,0.712,28.48,0.586138164514029,0.343557947899875
20.457,0.595,23.8,0.341979442513709,0.116949939101987
20.475,0.155,6.2,0.045081670454146,0.00203235701093622
20.475,0.66,26.4,0.461317574560379,0.212813904598271
20.493,0.233,9.32,0.0645654229034656,0.00416869383470336
20.51,0.556,22.24,0.285759054337495,0.0816582371358593
20.51,0.388,15.52,0.131825673855641,0.0173780082874938
20.528,0.505,20.2,0.225943577022098,0.0510504999975407
20.546,0.686,27.44,0.519995996533516,0.270395836410885
20.546,0.453,18.12,0.177827941003892,0.0316227766016838
20.565,0.673,26.92,0.489778819368446,0.239883291901949
20.582,0.324,12.96,0.0981747943019985,0.00963829023623972
20.582,0.647,25.88,0.434510224171572,0.188799134909629
20.6,0.738,29.52,0.660693448007596,0.436515832240166
20.619,0.608,24.32,0.363078054770101,0.131825673855641
20.619,0.751,30.04,0.701455298419971,0.492039535681451
20.637,0.776,31.04,0.787045789695099,0.619441075076782
20.655,0.712,28.48,0.586138164514029,0.343557947899875
20.655,0.776,31.04,0.787045789695099,0.619441075076782
20.674,0.789,31.56,0.835603018231248,0.698232404077172
20.674,0.764,30.56,0.744731973905989,0.554625712957911
20.691,0.789,31.56,0.835603018231248,0.698232404077172
20.709,0.776,31.04,0.787045789695099,0.619441075076782
20.709,0.789,31.56,0.835603018231248,0.698232404077172
20.727,0.776,31.04,0.787045789695099,0.619441075076782
20.745,0.751,30.04,0.701455298419971,0.492039535681451
20.745,0.776,31.04,0.787045789695099,0.619441075076782
20.763,0.751,30.04,0.701455298419971,0.492039535681451
20.781,0.686,27.44,0.519995996533516,0.270395836410885
20.781,0.764,30.56,0.744731973905989,0.554625712957911
20.8,0.699,27.96,0.552077439280757,0.304789498962798
20.817,0.544,21.76,0.270395836410884,0.0731139083483418
20.817,0.712,28.48,0.586138164514029,0.343557947899875
20.836,0.595,23.8,0.341979442513709,0.116949939101987
20.853,0.155,6.2,0.045081670454146,0.00203235701093622
20.853,0.621,24.84,0.385478357665772,0.148593564228701
20.871,0.336,13.44,0.103752841581801,0.0107646521362983
20.89,0.531,21.24,0.254683025258504,0.0648634433548238
20.89,0.414,16.56,0.148593564228701,0.022080047330189
20.908,0.479,19.16,0.200447202736516,0.040179081084894
20.925,0.686,27.44,0.519995996533516,0.270395836410885
20.925,0.388,15.52,0.131825673855641,0.0173780082874938
20.942,0.66,26.4,0.461317574560379,0.212813904598271
20.96,0.246,9.84,0.0685488226452662,0.00469894108605216
20.96,0.634,25.36,0.409260659730011,0.167494287602644
20.979,0.751,30.04,0.701455298419971,0.492039535681451
20.997,0.595,23.8,0.341979442513709,0.116949939101987
20.997,0.738,29.52,0.660693448007596,0.436515832240166
21.018,0.802,32.08,0.887156012037961,0.787045789695099
21.037,0.725,29,0.622300285169159,0.387257644921617
21.037,0.789,31.56,0.835603018231248,0.698232404077172
21.056,0.802,32.08,0.887156012037961,0.787045789695099
21.056,0.776,31.04,0.787045789695099,0.619441075076782
21.073,0.815,32.6,0.941889596522841,0.88715601203796
21.09,0.802,32.08,0.887156012037961,0.787045789695099
21.091,0.789,31.56,0.835603018231248,0.698232404077172
21.11,0.802,32.08,0.887156012037961,0.787045789695099
21.127,0.764,30.56,0.744731973905989,0.554625712957911
21.127,0.802,32.08,0.887156012037961,0.787045789695099
21.145,0.776,31.04,0.787045789695099,0.619441075076782
21.162,0.712,28.48,0.586138164514029,0.343557947899875
21.162,0.776,31.04,0.787045789695099,0.619441075076782
21.18,0.712,28.48,0.586138164514029,0.343557947899875
21.198,0.621,24.84,0.385478357665772,0.148593564228701
21.198,0.725,29,0.622300285169159,0.387257644921617
21.215,0.621,24.84,0.385478357665772,0.148593564228701
21.234,0.298,11.92,0.0870963589956081,0.00758577575029184
21.234,0.66,26.4,0.461317574560379,0.212813904598271
21.251,0.44,17.6,0.167494287602644,0.0280543363795171
21.268,0.518,20.72,0.239883291901949,0.0575439937337157
21.268,0.479,19.16,0.200447202736516,0.040179081084894
21.286,0.44,17.6,0.167494287602644,0.0280543363795171
21.303,0.699,27.96,0.552077439280757,0.304789498962798
21.322,0.336,13.44,0.103752841581801,0.0107646521362983
21.322,0.647,25.88,0.434510224171572,0.188799134909629
21.34,0.155,6.2,0.045081670454146,0.00203235701093622
21.34,0.621,24.84,0.385478357665772,0.148593564228701
21.358,0.725,29,0.622300285169159,0.387257644921617
21.376,0.569,22.76,0.303389118419427,0.0920449571753171
21.376,0.725,29,0.622300285169159,0.387257644921617
21.394,0.776,31.04,0.787045789695099,0.619441075076782
21.411,0.699,27.96,0.552077439280757,0.304789498962798
21.411,0.764,30.56,0.744731973905989,0.554625712957911
21.431,0.802,32.08,0.887156012037961,0.787045789695099
21.449,0.764,30.56,0.744731973905989,0.554625712957911
21.449,0.802,32.08,0.887156012037961,0.787045789695099
21.466,0.802,32.08,0.887156012037961,0.787045789695099
21.484,0.802,32.08,0.887156012037961,0.787045789695099
21.484,0.802,32.08,0.887156012037961,0.787045789695099
21.502,0.776,31.04,0.787045789695099,0.619441075076782
21.52,0.802,32.08,0.887156012037961,0.787045789695099
21.52,0.776,31.04,0.787045789695099,0.619441075076782
21.539,0.725,29,0.622300285169159,0.387257644921617
21.56,0.789,31.56,0.835603018231248,0.698232404077172
21.56,0.738,29.52,0.660693448007596,0.436515832240166
21.579,0.621,24.84,0.385478357665772,0.148593564228701
21.579,0.751,30.04,0.701455298419971,0.492039535681451
21.597,0.647,25.88,0.434510224171572,0.188799134909629
21.616,0.362,14.48,0.116949939101987,0.0136772882559585
21.616,0.673,26.92,0.489778819368446,0.239883291901949
21.636,0.466,18.64,0.188799134909629,0.0356451133426244
21.654,0.466,18.64,0.188799134909629,0.0356451133426244
21.654,0.544,21.76,0.270395836410884,0.0731139083483418
21.673,0.349,13.96,0.110153930954142,0.0121338885046498
21.673,0.66,26.4,0.461317574560379,0.212813904598271
21.693,0.22,8.8,0.0608135001278718,0.00369828179780266
21.713,0.634,25.36,0.409260659730011,0.167494287602644
21.713,0.751,30.04,0.701455298419971,0.492039535681451
21.731,0.595,23.8,0.341979442513709,0.116949939101987
21.748,0.738,29.52,0.660693448007596,0.436515832240166
21.748,0.544,21.76,0.270395836410884,0.0731139083483418
21.766,0.712,28.48,0.586138164514029,0.343557947899875
21.784,0.776,31.04,0.787045789695099,0.619441075076782
21.784,0.699,27.96,0.552077439280757,0.304789498962798
21.802,0.776,31.04,0.787045789695099,0.619441075076782
21.82,0.802,32.08,0.887156012037961,0.787045789695099
21.82,0.764,30.56,0.744731973905989,0.554625712957911
21.84,0.802,32.08,0.887156012037961,0.787045789695099
21.84,0.802,32.08,0.887156012037961,0.787045789695099
21.858,0.789,31.56,0.835603018231248,0.698232404077172
21.877,0.802,32.08,0.887156012037961,0.787045789695099
21.877,0.776,31.04,0.787045789695099,0.619441075076782
21.895,0.802,32.08,0.887156012037961,0.787045789695099
21.913,0.789,31.56,0.835603018231248,0.698232404077172
21.913,0.738,29.52,0.660693448007596,0.436515832240166
21.931,0.789,31.56,0.835603018231248,0.698232404077172
21.95,0.751,30.04,0.701455298419971,0.492039535681451
21.95,0.634,25.36,0.409260659730011,0.167494287602644
21.969,0.764,30.56,0.744731973905989,0.554625712957911
21.99,0.673,26.92,0.489778819368446,0.239883291901949
21.99,0.388,15.52,0.131825673855641,0.0173780082874938
22.01,0.699,27.96,0.552077439280757,0.304789498962798
22.01,0.518,20.72,0.239883291901949,0.0575439937337157
22.032,0.479,19.16,0.200447202736516,0.040179081084894
22.032,0.544,21.76,0.270395836410884,0.0731139083483418
22.054,0.324,12.96,0.0981747943019985,0.00963829023623972
22.073,0.647,25.88,0.434510224171572,0.188799134909629
22.073,0.142,5.68,0.0424619563946313,0.00180301774085957
22.092,0.621,24.84,0.385478357665772,0.148593564228701
22.092,0.725,29,0.622300285169159,0.387257644921617
22.112,0.569,22.76,0.303389118419427,0.0920449571753171
22.131,0.725,29,0.622300285169159,0.387257644921617
22.131,0.518,20.72,0.239883291901949,0.0575439937337157
22.15,0.699,27.96,0.552077439280757,0.304789498962798
22.15,0.776,31.04,0.787045789695099,0.619441075076782
22.17,0.686,27.44,0.519995996533516,0.270395836410885
22.189,0.776,31.04,0.787045789695099,0.619441075076782
22.189,0.802,32.08,0.887156012037961,0.787045789695099
22.208,0.751,30.04,0.701455298419971,0.492039535681451
22.227,0.802,32.08,0.887156012037961,0.787045789695099
22.227,0.802,32.08,0.887156012037961,0.787045789695099
22.246,0.789,31.56,0.835603018231248,0.698232404077172
22.246,0.802,32.08,0.887156012037961,0.787045789695099
22.266,0.789,31.56,0.835603018231248,0.698232404077172
22.284,0.802,32.08,0.887156012037961,0.787045789695099
22.284,0.789,31.56,0.835603018231248,0.698232404077172
22.304,0.751,30.04,0.701455298419971,0.492039535681451
22.322,0.802,32.08,0.887156012037961,0.787045789695099
22.322,0.764,30.56,0.744731973905989,0.554625712957911
22.34,0.66,26.4,0.461317574560379,0.212813904598271
22.34,0.764,30.56,0.744731973905989,0.554625712957911
22.358,0.686,27.44,0.519995996533516,0.270395836410885
22.376,0.479,19.16,0.200447202736516,0.040179081084894
22.376,0.712,28.48,0.586138164514029,0.343557947899875
22.394,0.556,22.24,0.285759054337495,0.0816582371358593
22.413,0.362,14.48,0.116949939101987,0.0136772882559585
22.413,0.595,23.8,0.341979442513709,0.116949939101987
22.431,0.168,6.72,0.0478630092322639,0.00229086765276777
22.448,0.634,25.36,0.409260659730011,0.167494287602644
22.449,0.194,7.76,0.0539510622515128,0.00291071711806661
22.466,0.595,23.8,0.341979442513709,0.116949939101987
22.483,0.725,29,0.622300285169159,0.387257644921617
22.484,0.544,21.76,0.270395836410884,0.0731139083483418
22.503,0.712,28.48,0.586138164514029,0.343557947899875
22.522,0.582,23.28,0.322106879128343,0.103752841581801
22.522,0.686,27.44,0.519995996533516,0.270395836410885
22.54,0.764,30.56,0.744731973905989,0.554625712957911
22.558,0.66,26.4,0.461317574560379,0.212813904598271
22.558,0.764,30.56,0.744731973905989,0.554625712957911
22.576,0.802,32.08,0.887156012037961,0.787045789695099
22.594,0.751,30.04,0.701455298419971,0.492039535681451
22.594,0.789,31.56,0.835603018231248,0.698232404077172
22.611,0.802,32.08,0.887156012037961,0.787045789695099
22.63,0.789,31.56,0.835603018231248,0.698232404077172
22.63,0.802,32.08,0.887156012037961,0.787045789695099
22.649,0.789,31.56,0.835603018231248,0.698232404077172
22.667,0.802,32.08,0.887156012037961,0.787045789695099
22.667,0.802,32.08,0.887156012037961,0.787045789695099
22.685,0.751,30.04,0.701455298419971,0.492039535681451
22.702,0.802,32.08,0.887156012037961,0.787045789695099
22.702,0.764,30.56,0.744731973905989,0.554625712957911
22.72,0.686,27.44,0.519995996533516,0.270395836410885
22.738,0.764,30.56,0.744731973905989,0.554625712957911
22.738,0.699,27.96,0.552077439280757,0.304789498962798
22.756,0.492,19.68,0.212813904598271,0.0452897579903621
22.775,0.725,29,0.622300285169159,0.387257644921617
22.775,0.544,21.76,0.270395836410884,0.0731139083483418
22.793,0.298,11.92,0.0870963589956081,0.00758577575029184
22.793,0.608,24.32,0.363078054770101,0.131825673855641
22.811,0.142,5.68,0.0424619563946313,0.00180301774085957
22.828,0.66,26.4,0.461317574560379,0.212813904598271
22.847,0.272,10.88,0.0772680585095703,0.00597035286583838
22.847,0.569,22.76,0.303389118419427,0.0920449571753171
22.865,0.712,28.48,0.586138164514029,0.343557947899875
22.865,0.505,20.2,0.225943577022098,0.0510504999975407
22.883,0.699,27.96,0.552077439280757,0.304789498962798
22.901,0.427,17.08,0.157761126969935,0.0248885731828239
22.901,0.66,26.4,0.461317574560379,0.212813904598271
22.918,0.764,30.56,0.744731973905989,0.554625712957911
22.937,0.647,25.88,0.434510224171572,0.188799134909629
22.937,0.751,30.04,0.701455298419971,0.492039535681451
22.955,0.789,31.56,0.835603018231248,0.698232404077172
22.974,0.738,29.52,0.660693448007596,0.436515832240166
22.974,0.802,32.08,0.887156012037961,0.787045789695099
22.993,0.802,32.08,0.887156012037961,0.787045789695099
23.01,0.789,31.56,0.835603018231248,0.698232404077172
23.01,0.802,32.08,0.887156012037961,0.787045789695099
23.027,0.802,32.08,0.887156012037961,0.787045789695099
23.046,0.802,32.08,0.887156012037961,0.787045789695099
23.046,0.789,31.56,0.835603018231248,0.698232404077172
23.065,0.764,30.56,0.744731973905989,0.554625712957911
23.082,0.802,32.08,0.887156012037961,0.787045789695099
23.082,0.776,31.04,0.787045789695099,0.619441075076782
23.1,0.699,27.96,0.552077439280757,0.304789498962798
23.117,0.789,31.56,0.835603018231248,0.698232404077172
23.117,0.725,29,0.622300285169159,0.387257644921617
23.136,0.544,21.76,0.270395836410884,0.0731139083483418
23.155,0.738,29.52,0.660693448007596,0.436515832240166
23.155,0.595,23.8,0.341979442513709,0.116949939101987
23.173,0.194,7.76,0.0539510622515128,0.00291071711806661
23.189,0.634,25.36,0.409260659730011,0.167494287602644
23.191,0.233,9.32,0.0645654229034656,0.00416869383470336
23.209,0.595,23.8,0.341979442513709,0.116949939101987
23.227,0.375,15,0.124165230759241,0.0154170045294956
23.227,0.634,25.36,0.409260659730011,0.167494287602644
23.245,0.725,29,0.622300285169159,0.387257644921617
23.262,0.479,19.16,0.200447202736516,0.040179081084894
23.262,0.699,27.96,0.552077439280757,0.304789498962798
23.28,0.362,14.48,0.116949939101987,0.0136772882559585
23.298,0.673,26.92,0.489778819368446,0.239883291901949
23.298,0.764,30.56,0.744731973905989,0.554625712957911
23.316,0.634,25.36,0.409260659730011,0.167494287602644
23.334,0.751,30.04,0.701455298419971,0.492039535681451
23.334,0.789,31.56,0.835603018231248,0.698232404077172
23.352,0.738,29.52,0.660693448007596,0.436515832240166
23.369,0.789,31.56,0.835603018231248,0.698232404077172
23.369,0.815,32.6,0.941889596522841,0.88715601203796
23.387,0.776,31.04,0.787045789695099,0.619441075076782
23.405,0.802,32.08,0.887156012037961,0.787045789695099
23.405,0.802,32.08,0.887156012037961,0.787045789695099
23.422,0.802,32.08,0.887156012037961,0.787045789695099
23.441,0.802,32.08,0.887156012037961,0.787045789695099
23.441,0.764,30.56,0.744731973905989,0.554625712957911
23.458,0.789,31.56,0.835603018231248,0.698232404077172
23.476,0.776,31.04,0.787045789695099,0.619441075076782
23.476,0.699,27.96,0.552077439280757,0.304789498962798
23.494,0.789,31.56,0.835603018231248,0.698232404077172
23.511,0.712,28.48,0.586138164514029,0.343557947899875
23.511,0.569,22.76,0.303389118419427,0.0920449571753171
23.529,0.725,29,0.622300285169159,0.387257644921617
23.546,0.608,24.32,0.363078054770101,0.131825673855641
23.546,0.582,23.28,0.322106879128343,0.103752841581801
23.566,0.647,25.88,0.434510224171572,0.188799134909629
23.583,0.311,12.44,0.0924698173938222,0.00855066712884683
23.583,0.556,22.24,0.285759054337495,0.0816582371358593
23.599,0.427,17.08,0.157761126969935,0.0248885731828239
23.618,0.492,19.68,0.212813904598271,0.0452897579903621
23.618,0.686,27.44,0.519995996533516,0.270395836410885
23.636,0.401,16.04,0.139958732257262,0.0195884467350599
23.654,0.673,26.92,0.489778819368446,0.239883291901949
23.654,0.272,10.88,0.0772680585095703,0.00597035286583838
23.672,0.647,25.88,0.434510224171572,0.188799134909629
23.691,0.751,30.04,0.701455298419971,0.492039535681451
23.691,0.608,24.32,0.363078054770101,0.131825673855641
23.71,0.738,29.52,0.660693448007596,0.436515832240166
23.71,0.776,31.04,0.787045789695099,0.619441075076782
23.728,0.712,28.48,0.586138164514029,0.343557947899875
23.747,0.776,31.04,0.787045789695099,0.619441075076782
23.747,0.802,32.08,0.887156012037961,0.787045789695099
23.765,0.764,30.56,0.744731973905989,0.554625712957911
23.783,0.802,32.08,0.887156012037961,0.787045789695099
23.783,0.802,32.08,0.887156012037961,0.787045789695099
23.804,0.789,31.56,0.835603018231248,0.698232404077172
23.822,0.802,32.08,0.887156012037961,0.787045789695099
23.822,0.776,31.04,0.787045789695099,0.619441075076782
23.839,0.802,32.08,0.887156012037961,0.787045789695099
23.857,0.776,31.04,0.787045789695099,0.619441075076782
23.857,0.712,28.48,0.586138164514029,0.343557947899875
23.875,0.789,31.56,0.835603018231248,0.698232404077172
23.892,0.725,29,0.622300285169159,0.387257644921617
23.893,0.595,23.8,0.341979442513709,0.116949939101987
23.91,0.751,30.04,0.701455298419971,0.492039535681451
23.928,0.634,25.36,0.409260659730011,0.167494287602644
23.928,0.233,9.32,0.0645654229034656,0.00416869383470336
23.946,0.673,26.92,0.489778819368446,0.239883291901949
23.964,0.375,15,0.124165230759241,0.0154170045294956
23.964,0.544,21.76,0.270395836410884,0.0731139083483418
23.981,0.479,19.16,0.200447202736516,0.040179081084894
23.999,0.466,18.64,0.188799134909629,0.0356451133426244
23.999,0.686,27.44,0.519995996533516,0.270395836410885
24.017,0.362,14.48,0.116949939101987,0.0136772882559585
24.035,0.673,26.92,0.489778819368446,0.239883291901949
24.035,0.168,6.72,0.0478630092322639,0.00229086765276777
24.054,0.647,25.88,0.434510224171572,0.188799134909629
24.071,0.738,29.52,0.660693448007596,0.436515832240166
24.072,0.582,23.28,0.322106879128343,0.103752841581801
24.091,0.725,29,0.622300285169159,0.387257644921617
24.109,0.789,31.56,0.835603018231248,0.698232404077172
24.109,0.712,28.48,0.586138164514029,0.343557947899875
24.127,0.776,31.04,0.787045789695099,0.619441075076782
24.127,0.802,32.08,0.887156012037961,0.787045789695099
24.145,0.776,31.04,0.787045789695099,0.619441075076782
24.165,0.802,32.08,0.887156012037961,0.787045789695099
24.165,0.802,32.08,0.887156012037961,0.787045789695099
24.181,0.789,31.56,0.835603018231248,0.698232404077172
24.199,0.802,32.08,0.887156012037961,0.787045789695099
24.199,0.776,31.04,0.787045789695099,0.619441075076782
24.217,0.815,32.6,0.941889596522841,0.88715601203796
24.234,0.789,31.56,0.835603018231248,0.698232404077172
24.234,0.725,29,0.622300285169159,0.387257644921617
24.253,0.802,32.08,0.887156012037961,0.787045789695099
24.27,0.738,29.52,0.660693448007596,0.436515832240166
24.27,0.621,24.84,0.385478357665772,0.148593564228701
24.288,0.751,30.04,0.701455298419971,0.492039535681451
24.305,0.647,25.88,0.434510224171572,0.188799134909629
24.305,0.349,13.96,0.110153930954142,0.0121338885046498
24.323,0.686,27.44,0.519995996533516,0.270395836410885
24.341,0.453,18.12,0.177827941003892,0.0316227766016838
24.358,0.479,19.16,0.200447202736516,0.040179081084894
24.358,0.518,20.72,0.239883291901949,0.0575439937337157
24.377,0.414,16.56,0.148593564228701,0.022080047330189
24.377,0.673,26.92,0.489778819368446,0.239883291901949
24.396,0.246,9.84,0.0685488226452662,0.00469894108605216
24.413,0.634,25.36,0.409260659730011,0.167494287602644
24.413,0.751,30.04,0.701455298419971,0.492039535681451
24.432,0.608,24.32,0.363078054770101,0.131825673855641
24.449,0.738,29.52,0.660693448007596,0.436515832240166
24.449,0.544,21.76,0.270395836410884,0.0731139083483418
24.467,0.725,29,0.622300285169159,0.387257644921617
24.485,0.789,31.56,0.835603018231248,0.698232404077172
24.485,0.699,27.96,0.552077439280757,0.304789498962798
24.504,0.776,31.04,0.787045789695099,0.619441075076782
24.522,0.802,32.08,0.887156012037961,0.787045789695099
24.522,0.764,30.56,0.744731973905989,0.554625712957911
24.538,0.802,32.08,0.887156012037961,0.787045789695099
24.556,0.802,32.08,0.887156012037961,0.787045789695099
24.556,0.802,32.08,0.887156012037961,0.787045789695099
24.574,0.828,33.12,1,1
24.591,0.789,31.56,0.835603018231248,0.698232404077172
24.591,0.815,32.6,0.941889596522841,0.88715601203796
24.61,0.802,32.08,0.887156012037961,0.787045789695099
24.628,0.738,29.52,0.660693448007596,0.436515832240166
24.628,0.802,32.08,0.887156012037961,0.787045789695099
24.646,0.751,30.04,0.701455298419971,0.492039535681451
24.663,0.647,25.88,0.434510224171572,0.188799134909629
24.663,0.764,30.56,0.744731973905989,0.554625712957911
24.683,0.673,26.92,0.489778819368446,0.239883291901949
24.7,0.388,15.52,0.131825673855641,0.0173780082874938
24.7,0.699,27.96,0.552077439280757,0.304789498962798
24.72,0.479,19.16,0.200447202736516,0.040179081084894
24.739,0.466,18.64,0.188799134909629,0.0356451133426244
24.739,0.556,22.24,0.285759054337495,0.0816582371358593
24.757,0.349,13.96,0.110153930954142,0.0121338885046498
24.777,0.673,26.92,0.489778819368446,0.239883291901949
24.777,0.518,20.72,0.239883291901949,0.0575439937337157
24.796,0.621,24.84,0.385478357665772,0.148593564228701
24.796,0.751,30.04,0.701455298419971,0.492039535681451
24.814,0.595,23.8,0.341979442513709,0.116949939101987
24.832,0.725,29,0.622300285169159,0.387257644921617
24.832,0.544,21.76,0.270395836410884,0.0731139083483418
24.85,0.712,28.48,0.586138164514029,0.343557947899875
24.868,0.776,31.04,0.787045789695099,0.619441075076782
24.868,0.686,27.44,0.519995996533516,0.270395836410885
24.886,0.776,31.04,0.787045789695099,0.619441075076782
24.904,0.815,32.6,0.941889596522841,0.88715601203796
24.904,0.764,30.56,0.744731973905989,0.554625712957911
24.922,0.802,32.08,0.887156012037961,0.787045789695099
24.939,0.815,32.6,0.941889596522841,0.88715601203796
24.939,0.802,32.08,0.887156012037961,0.787045789695099
24.957,0.815,32.6,0.941889596522841,0.88715601203796
24.975,0.789,31.56,0.835603018231248,0.698232404077172
24.975,0.815,32.6,0.941889596522841,0.88715601203796
24.994,0.802,32.08,0.887156012037961,0.787045789695099
25.01,0.751,30.04,0.701455298419971,0.492039535681451
25.012,0.802,32.08,0.887156012037961,0.787045789695099
25.029,0.764,30.56,0.744731973905989,0.554625712957911
25.047,0.66,26.4,0.461317574560379,0.212813904598271
25.047,0.776,31.04,0.787045789695099,0.619441075076782
25.065,0.686,27.44,0.519995996533516,0.270395836410885
25.084,0.634,25.36,0.409260659730011,0.167494287602644
25.084,0.712,28.48,0.586138164514029,0.343557947899875
25.102,0.556,22.24,0.285759054337495,0.0816582371358593
25.12,0.414,16.56,0.148593564228701,0.022080047330189
25.121,0.595,23.8,0.341979442513709,0.116949939101987
25.139,0.259,10.36,0.0727779804536824,0.00529663443891658
25.157,0.66,26.4,0.461317574560379,0.212813904598271
25.157,0.194,7.76,0.0539510622515128,0.00291071711806661
25.175,0.608,24.32,0.363078054770101,0.131825673855641
25.175,0.738,29.52,0.660693448007596,0.436515832240166
25.194,0.556,22.24,0.285759054337495,0.0816582371358593
25.211,0.725,29,0.622300285169159,0.387257644921617
25.211,0.492,19.68,0.212813904598271,0.0452897579903621
25.229,0.699,27.96,0.552077439280757,0.304789498962798
25.247,0.776,31.04,0.787045789695099,0.619441075076782
25.248,0.673,26.92,0.489778819368446,0.239883291901949
25.266,0.776,31.04,0.787045789695099,0.619441075076782
25.284,0.815,32.6,0.941889596522841,0.88715601203796
25.284,0.764,30.56,0.744731973905989,0.554625712957911
25.302,0.802,32.08,0.887156012037961,0.787045789695099
25.32,0.815,32.6,0.941889596522841,0.88715601203796
25.32,0.802,32.08,0.887156012037961,0.787045789695099
25.339,0.815,32.6,0.941889596522841,0.88715601203796
25.358,0.789,31.56,0.835603018231248,0.698232404077172
25.358,0.815,32.6,0.941889596522841,0.88715601203796
25.378,0.802,32.08,0.887156012037961,0.787045789695099
25.378,0.764,30.56,0.744731973905989,0.554625712957911
25.396,0.802,32.08,0.887156012037961,0.787045789695099
25.415,0.764,30.56,0.744731973905989,0.554625712957911
25.415,0.673,26.92,0.489778819368446,0.239883291901949
25.433,0.776,31.04,0.787045789695099,0.619441075076782
25.452,0.712,28.48,0.586138164514029,0.343557947899875
25.452,0.492,19.68,0.212813904598271,0.0452897579903621
25.47,0.725,29,0.622300285169159,0.387257644921617
25.489,0.569,22.76,0.303389118419427,0.0920449571753171
25.489,0.453,18.12,0.177827941003892,0.0316227766016838
25.508,0.608,24.32,0.363078054770101,0.131825673855641
25.525,0.168,6.72,0.0478630092322639,0.00229086765276777
25.525,0.621,24.84,0.385478357665772,0.148593564228701
25.544,0.272,10.88,0.0772680585095703,0.00597035286583838
25.544,0.582,23.28,0.322106879128343,0.103752841581801
25.562,0.738,29.52,0.660693448007596,0.436515832240166
25.58,0.518,20.72,0.239883291901949,0.0575439937337157
25.58,0.712,28.48,0.586138164514029,0.343557947899875
25.599,0.453,18.12,0.177827941003892,0.0316227766016838
25.617,0.686,27.44,0.519995996533516,0.270395836410885
25.617,0.776,31.04,0.787045789695099,0.619441075076782
25.635,0.66,26.4,0.461317574560379,0.212813904598271
25.653,0.764,30.56,0.744731973905989,0.554625712957911
25.654,0.802,32.08,0.887156012037961,0.787045789695099
25.672,0.751,30.04,0.701455298419971,0.492039535681451
25.69,0.802,32.08,0.887156012037961,0.787045789695099
25.691,0.815,32.6,0.941889596522841,0.88715601203796
25.71,0.789,31.56,0.835603018231248,0.698232404077172
25.728,0.802,32.08,0.887156012037961,0.787045789695099
25.729,0.802,32.08,0.887156012037961,0.787045789695099
25.747,0.815,32.6,0.941889596522841,0.88715601203796
25.747,0.802,32.08,0.887156012037961,0.787045789695099
25.766,0.776,31.04,0.787045789695099,0.619441075076782
25.785,0.815,32.6,0.941889596522841,0.88715601203796
25.785,0.802,32.08,0.887156012037961,0.787045789695099
25.804,0.699,27.96,0.552077439280757,0.304789498962798
25.822,0.789,31.56,0.835603018231248,0.698232404077172
25.822,0.725,29,0.622300285169159,0.387257644921617
25.841,0.556,22.24,0.285759054337495,0.0816582371358593
25.859,0.738,29.52,0.660693448007596,0.436515832240166
25.859,0.608,24.32,0.363078054770101,0.131825673855641
25.879,0.233,9.32,0.0645654229034656,0.00416869383470336
25.879,0.647,25.88,0.434510224171572,0.188799134909629
25.897,0.634,25.36,0.409260659730011,0.167494287602644
25.916,0.608,24.32,0.363078054770101,0.131825673855641
25.916,0.375,15,0.124165230759241,0.0154170045294956
25.935,0.556,22.24,0.285759054337495,0.0816582371358593
25.954,0.725,29,0.622300285169159,0.387257644921617
25.954,0.492,19.68,0.212813904598271,0.0452897579903621
25.972,0.699,27.96,0.552077439280757,0.304789498962798
25.972,0.388,15.52,0.131825673855641,0.0173780082874938
25.99,0.673,26.92,0.489778819368446,0.239883291901949
26.01,0.776,31.04,0.787045789695099,0.619441075076782
26.01,0.647,25.88,0.434510224171572,0.188799134909629
26.029,0.751,30.04,0.701455298419971,0.492039535681451
26.046,0.802,32.08,0.887156012037961,0.787045789695099
26.047,0.751,30.04,0.701455298419971,0.492039535681451
26.065,0.802,32.08,0.887156012037961,0.787045789695099
26.085,0.815,32.6,0.941889596522841,0.88715601203796
26.085,0.789,31.56,0.835603018231248,0.698232404077172
26.103,0.802,32.08,0.887156012037961,0.787045789695099
26.122,0.802,32.08,0.887156012037961,0.787045789695099
26.122,0.802,32.08,0.887156012037961,0.787045789695099
26.14,0.802,32.08,0.887156012037961,0.787045789695099
26.14,0.764,30.56,0.744731973905989,0.554625712957911
26.158,0.802,32.08,0.887156012037961,0.787045789695099
26.177,0.764,30.56,0.744731973905989,0.554625712957911
26.177,0.686,27.44,0.519995996533516,0.270395836410885
26.195,0.764,30.56,0.744731973905989,0.554625712957911
26.215,0.699,27.96,0.552077439280757,0.304789498962798
26.215,0.556,22.24,0.285759054337495,0.0816582371358593
26.232,0.699,27.96,0.552077439280757,0.304789498962798
26.25,0.569,22.76,0.303389118419427,0.0920449571753171
26.25,0.181,7.24,0.0508159442560561,0.0025822601906346
26.269,0.595,23.8,0.341979442513709,0.116949939101987
26.288,0.272,10.88,0.0772680585095703,0.00597035286583838
26.288,0.505,20.2,0.225943577022098,0.0510504999975407
26.307,0.401,16.04,0.139958732257262,0.0195884467350599
26.307,0.427,17.08,0.157761126969935,0.0248885731828239
26.326,0.608,24.32,0.363078054770101,0.131825673855641
26.344,0.336,13.44,0.103752841581801,0.0107646521362983
26.344,0.569,22.76,0.303389118419427,0.0920449571753171
26.362,0.246,9.84,0.0685488226452662,0.00469894108605216
26.38,0.531,21.24,0.254683025258504,0.0648634433548238
26.38,0.621,24.84,0.385478357665772,0.148593564228701
26.399,0.479,19.16,0.200447202736516,0.040179081084894
26.417,0.595,23.8,0.341979442513709,0.116949939101987
26.417,0.647,25.88,0.434510224171572,0.188799134909629
26.437,0.569,22.76,0.303389118419427,0.0920449571753171
26.437,0.621,24.84,0.385478357665772,0.148593564228701
26.455,0.647,25.88,0.434510224171572,0.188799134909629
26.473,0.608,24.32,0.363078054770101,0.131825673855641
26.474,0.634,25.36,0.409260659730011,0.167494287602644
26.492,0.621,24.84,0.385478357665772,0.148593564228701
26.511,0.621,24.84,0.385478357665772,0.148593564228701
26.511,0.634,25.36,0.409260659730011,0.167494287602644
26.529,0.595,23.8,0.341979442513709,0.116949939101987
26.548,0.621,24.84,0.385478357665772,0.148593564228701
26.548,0.595,23.8,0.341979442513709,0.116949939101987
26.566,0.531,21.24,0.254683025258504,0.0648634433548238
26.584,0.595,23.8,0.341979442513709,0.116949939101987
26.584,0.531,21.24,0.254683025258504,0.0648634433548238
26.602,0.414,16.56,0.148593564228701,0.022080047330189
26.621,0.595,23.8,0.341979442513709,0.116949939101987
26.621,0.453,18.12,0.177827941003892,0.0316227766016838
26.639,0.194,7.76,0.0539510622515128,0.00291071711806661
26.656,0.479,19.16,0.200447202736516,0.040179081084894
26.657,0.233,9.32,0.0645654229034656,0.00416869383470336
26.675,0.349,13.96,0.110153930954142,0.0121338885046498
26.675,0.298,11.92,0.0870963589956081,0.00758577575029184
26.694,0.272,10.88,0.0772680585095703,0.00597035286583838
26.712,0.492,19.68,0.212813904598271,0.0452897579903621
26.712,0.22,8.8,0.0608135001278718,0.00369828179780266
26.73,0.453,18.12,0.177827941003892,0.0316227766016838
26.749,0.168,6.72,0.0478630092322639,0.00229086765276777
26.749,0.427,17.08,0.157761126969935,0.0248885731828239
26.767,0.544,21.76,0.270395836410884,0.0731139083483418
26.785,0.375,15,0.124165230759241,0.0154170045294956
26.785,0.518,20.72,0.239883291901949,0.0575439937337157
26.804,0.569,22.76,0.303389118419427,0.0920449571753171
26.821,0.492,19.68,0.212813904598271,0.0452897579903621
26.822,0.569,22.76,0.303389118419427,0.0920449571753171
26.841,0.582,23.28,0.322106879128343,0.103752841581801
26.858,0.556,22.24,0.285759054337495,0.0816582371358593
26.858,0.582,23.28,0.322106879128343,0.103752841581801
26.877,0.582,23.28,0.322106879128343,0.103752841581801
26.894,0.582,23.28,0.322106879128343,0.103752841581801
26.894,0.582,23.28,0.322106879128343,0.103752841581801
26.913,0.556,22.24,0.285759054337495,0.0816582371358593
26.93,0.582,23.28,0.322106879128343,0.103752841581801
26.931,0.556,22.24,0.285759054337495,0.0816582371358593
26.948,0.492,19.68,0.212813904598271,0.0452897579903621
26.966,0.556,22.24,0.285759054337495,0.0816582371358593
26.967,0.518,20.72,0.239883291901949,0.0575439937337157
26.985,0.388,15.52,0.131825673855641,0.0173780082874938
27.003,0.518,20.72,0.239883291901949,0.0575439937337157
27.003,0.414,16.56,0.148593564228701,0.022080047330189
27.021,0.168,6.72,0.0478630092322639,0.00229086765276777
27.021,0.44,17.6,0.167494287602644,0.0280543363795171
27.039,0.233,9.32,0.0645654229034656,0.00416869383470336
27.058,0.259,10.36,0.0727779804536824,0.00529663443891658
27.058,0.272,10.88,0.0772680585095703,0.00597035286583838
27.075,0.207,8.28,0.057279603098583,0.00328095293113119
27.093,0.44,17.6,0.167494287602644,0.0280543363795171
27.094,0.168,6.72,0.0478630092322639,0.00229086765276777
27.112,0.414,16.56,0.148593564228701,0.022080047330189
27.129,0.453,18.12,0.177827941003892,0.0316227766016838
27.129,0.401,16.04,0.139958732257262,0.0195884467350599
27.147,0.544,21.76,0.270395836410884,0.0731139083483418
27.166,0.375,15,0.124165230759241,0.0154170045294956
27.166,0.531,21.24,0.254683025258504,0.0648634433548238
27.184,0.608,24.32,0.363078054770101,0.131825673855641
27.202,0.531,21.24,0.254683025258504,0.0648634433548238
27.202,0.621,24.84,0.385478357665772,0.148593564228701
27.22,0.66,26.4,0.461317574560379,0.212813904598271
27.239,0.608,24.32,0.363078054770101,0.131825673855641
27.239,0.66,26.4,0.461317574560379,0.212813904598271
27.256,0.673,26.92,0.489778819368446,0.239883291901949
27.275,0.673,26.92,0.489778819368446,0.239883291901949
27.275,0.686,27.44,0.519995996533516,0.270395836410885
27.295,0.66,26.4,0.461317574560379,0.212813904598271
27.295,0.686,27.44,0.519995996533516,0.270395836410885
27.312,0.673,26.92,0.489778819368446,0.239883291901949
27.329,0.608,24.32,0.363078054770101,0.131825673855641
27.347,0.699,27.96,0.552077439280757,0.304789498962798
27.348,0.634,25.36,0.409260659730011,0.167494287602644
27.367,0.505,20.2,0.225943577022098,0.0510504999975407
27.367,0.647,25.88,0.434510224171572,0.188799134909629
27.385,0.556,22.24,0.285759054337495,0.0816582371358593
27.405,0.272,10.88,0.0772680585095703,0.00597035286583838
27.405,0.582,23.28,0.322106879128343,0.103752841581801
27.425,0.349,13.96,0.110153930954142,0.0121338885046498
27.448,0.375,15,0.124165230759241,0.0154170045294956
27.448,0.427,17.08,0.157761126969935,0.0248885731828239
27.468,0.298,11.92,0.0870963589956081,0.00758577575029184
27.468,0.556,22.24,0.285759054337495,0.0816582371358593
27.488,0.207,8.28,0.057279603098583,0.00328095293113119
27.488,0.531,21.24,0.254683025258504,0.0648634433548238
27.508,0.647,25.88,0.434510224171572,0.188799134909629
27.527,0.492,19.68,0.212813904598271,0.0452897579903621
27.527,0.621,24.84,0.385478357665772,0.148593564228701
27.546,0.453,18.12,0.177827941003892,0.0316227766016838
27.546,0.608,24.32,0.363078054770101,0.131825673855641
27.563,0.686,27.44,0.519995996533516,0.270395836410885
27.581,0.595,23.8,0.341979442513709,0.116949939101987
27.581,0.686,27.44,0.519995996533516,0.270395836410885
27.599,0.712,28.48,0.586138164514029,0.343557947899875
27.619,0.673,26.92,0.489778819368446,0.239883291901949
27.619,0.699,27.96,0.552077439280757,0.304789498962798
27.637,0.712,28.48,0.586138164514029,0.343557947899875
27.656,0.699,27.96,0.552077439280757,0.304789498962798
27.656,0.712,28.48,0.586138164514029,0.343557947899875
27.674,0.686,27.44,0.519995996533516,0.270395836410885
27.693,0.712,28.48,0.586138164514029,0.343557947899875
27.693,0.699,27.96,0.552077439280757,0.304789498962798
27.712,0.647,25.88,0.434510224171572,0.188799134909629
27.712,0.712,28.48,0.586138164514029,0.343557947899875
27.73,0.647,25.88,0.434510224171572,0.188799134909629
27.75,0.556,22.24,0.285759054337495,0.0816582371358593
27.75,0.66,26.4,0.461317574560379,0.212813904598271
27.767,0.569,22.76,0.303389118419427,0.0920449571753171
27.785,0.324,12.96,0.0981747943019985,0.00963829023623972
27.785,0.582,23.28,0.322106879128343,0.103752841581801
27.804,0.401,16.04,0.139958732257262,0.0195884467350599
27.822,0.311,12.44,0.0924698173938222,0.00855066712884683
27.822,0.466,18.64,0.188799134909629,0.0356451133426244
27.839,0.582,23.28,0.322106879128343,0.103752841581801
27.858,0.531,21.24,0.254683025258504,0.0648634433548238
27.858,0.181,7.24,0.0508159442560561,0.0025822601906346
27.875,0.479,19.16,0.200447202736516,0.040179081084894
27.894,0.608,24.32,0.363078054770101,0.131825673855641
27.894,0.427,17.08,0.157761126969935,0.0248885731828239
27.912,0.582,23.28,0.322106879128343,0.103752841581801
27.93,0.362,14.48,0.116949939101987,0.0136772882559585
27.93,0.556,22.24,0.285759054337495,0.0816582371358593
27.948,0.621,24.84,0.385478357665772,0.148593564228701
27.966,0.518,20.72,0.239883291901949,0.0575439937337157
27.966,0.608,24.32,0.363078054770101,0.131825673855641
27.984,0.634,25.36,0.409260659730011,0.167494287602644
28.003,0.582,23.28,0.322106879128343,0.103752841581801
28.003,0.621,24.84,0.385478357665772,0.148593564228701
28.021,0.608,24.32,0.363078054770101,0.131825673855641
28.021,0.608,24.32,0.363078054770101,0.131825673855641
28.039,0.608,24.32,0.363078054770101,0.131825673855641
28.057,0.569,22.76,0.303389118419427,0.0920449571753171
28.057,0.595,23.8,0.341979442513709,0.116949939101987
28.076,0.569,22.76,0.303389118419427,0.0920449571753171
28.093,0.518,20.72,0.239883291901949,0.0575439937337157
28.093,0.582,23.28,0.322106879128343,0.103752841581801
28.114,0.518,20.72,0.239883291901949,0.0575439937337157
28.132,0.427,17.08,0.157761126969935,0.0248885731828239
28.133,0.544,21.76,0.270395836410884,0.0731139083483418
28.151,0.466,18.64,0.188799134909629,0.0356451133426244
28.169,0.582,23.28,0.322106879128343,0.103752841581801
28.169,0.492,19.68,0.212813904598271,0.0452897579903621
28.187,0.336,13.44,0.103752841581801,0.0107646521362983
28.204,0.194,7.76,0.0539510622515128,0.00291071711806661
28.204,0.375,15,0.124165230759241,0.0154170045294956
28.222,0.181,7.24,0.0508159442560561,0.0025822601906346
28.239,0.44,17.6,0.167494287602644,0.0280543363795171
28.239,0.168,6.72,0.0478630092322639,0.00229086765276777
28.257,0.401,16.04,0.139958732257262,0.0195884467350599
28.275,0.544,21.76,0.270395836410884,0.0731139083483418
28.275,0.388,15.52,0.131825673855641,0.0173780082874938
28.292,0.699,27.96,0.552077439280757,0.304789498962798
28.311,0.336,13.44,0.103752841581801,0.0107646521362983
28.311,0.544,21.76,0.270395836410884,0.0731139083483418
28.327,0.647,25.88,0.434510224171572,0.188799134909629
28.345,0.544,21.76,0.270395836410884,0.0731139083483418
28.345,0.647,25.88,0.434510224171572,0.188799134909629
28.364,0.699,27.96,0.552077439280757,0.304789498962798
28.381,0.647,25.88,0.434510224171572,0.188799134909629
28.381,0.712,28.48,0.586138164514029,0.343557947899875
28.399,0.725,29,0.622300285169159,0.387257644921617
28.417,0.725,29,0.622300285169159,0.387257644921617
28.417,0.738,29.52,0.660693448007596,0.436515832240166
28.434,0.738,29.52,0.660693448007596,0.436515832240166
28.452,0.751,30.04,0.701455298419971,0.492039535681451
28.452,0.764,30.56,0.744731973905989,0.554625712957911
28.469,0.712,28.48,0.586138164514029,0.343557947899875
28.488,0.764,30.56,0.744731973905989,0.554625712957911
28.488,0.725,29,0.622300285169159,0.387257644921617
28.507,0.66,26.4,0.461317574560379,0.212813904598271
28.524,0.751,30.04,0.701455298419971,0.492039535681451
28.524,0.686,27.44,0.519995996533516,0.270395836410885
28.541,0.492,19.68,0.212813904598271,0.0452897579903621
28.559,0.712,28.48,0.586138164514029,0.343557947899875
28.559,0.569,22.76,0.303389118419427,0.0920449571753171
28.577,0.324,12.96,0.0981747943019985,0.00963829023623972
28.595,0.608,24.32,0.363078054770101,0.131825673855641
28.595,0.168,6.72,0.0478630092322639,0.00229086765276777
28.614,0.621,24.84,0.385478357665772,0.148593564228701
28.631,0.298,11.92,0.0870963589956081,0.00758577575029184
28.631,0.569,22.76,0.303389118419427,0.0920449571753171
28.649,0.725,29,0.622300285169159,0.387257644921617
28.667,0.582,23.28,0.322106879128343,0.103752841581801
28.667,0.712,28.48,0.586138164514029,0.343557947899875
28.685,0.44,17.6,0.167494287602644,0.0280543363795171
28.704,0.686,27.44,0.519995996533516,0.270395836410885
28.704,0.776,31.04,0.787045789695099,0.619441075076782
28.722,0.66,26.4,0.461317574560379,0.212813904598271
28.739,0.764,30.56,0.744731973905989,0.554625712957911
28.739,0.802,32.08,0.887156012037961,0.787045789695099
28.757,0.751,30.04,0.701455298419971,0.492039535681451
28.774,0.802,32.08,0.887156012037961,0.787045789695099
28.775,0.802,32.08,0.887156012037961,0.787045789695099
28.792,0.789,31.56,0.835603018231248,0.698232404077172
28.81,0.802,32.08,0.887156012037961,0.787045789695099
28.81,0.789,31.56,0.835603018231248,0.698232404077172
28.828,0.802,32.08,0.887156012037961,0.787045789695099
28.846,0.802,32.08,0.887156012037961,0.787045789695099
28.846,0.751,30.04,0.701455298419971,0.492039535681451
28.865,0.802,32.08,0.887156012037961,0.787045789695099
28.883,0.764,30.56,0.744731973905989,0.554625712957911
28.883,0.686,27.44,0.519995996533516,0.270395836410885
28.901,0.764,30.56,0.744731973905989,0.554625712957911
28.919,0.712,28.48,0.586138164514029,0.343557947899875
28.919,0.531,21.24,0.254683025258504,0.0648634433548238
28.936,0.712,28.48,0.586138164514029,0.343557947899875
28.954,0.569,22.76,0.303389118419427,0.0920449571753171
28.954,0.181,7.24,0.0508159442560561,0.0025822601906346
28.972,0.608,24.32,0.363078054770101,0.131825673855641
28.989,0.207,8.28,0.057279603098583,0.00328095293113119
28.989,0.569,22.76,0.303389118419427,0.0920449571753171
29.008,0.362,14.48,0.116949939101987,0.0136772882559585
29.025,0.518,20.72,0.239883291901949,0.0575439937337157
29.026,0.699,27.96,0.552077439280757,0.304789498962798
29.045,0.453,18.12,0.177827941003892,0.0316227766016838
29.062,0.66,26.4,0.461317574560379,0.212813904598271
29.062,0.349,13.96,0.110153930954142,0.0121338885046498
29.08,0.712,28.48,0.586138164514029,0.343557947899875
29.097,0.725,29,0.622300285169159,0.387257644921617
29.097,0.582,23.28,0.322106879128343,0.103752841581801
29.116,0.686,27.44,0.519995996533516,0.270395836410885
29.135,0.738,29.52,0.660693448007596,0.436515832240166
29.135,0.673,26.92,0.489778819368446,0.239883291901949
29.153,0.725,29,0.622300285169159,0.387257644921617
29.153,0.738,29.52,0.660693448007596,0.436515832240166
29.172,0.738,29.52,0.660693448007596,0.436515832240166
29.19,0.725,29,0.622300285169159,0.387257644921617
29.19,0.725,29,0.622300285169159,0.387257644921617
29.208,0.712,28.48,0.586138164514029,0.343557947899875
29.225,0.712,28.48,0.586138164514029,0.343557947899875
29.225,0.673,26.92,0.489778819368446,0.239883291901949
29.243,0.699,27.96,0.552077439280757,0.304789498962798
29.261,0.673,26.92,0.489778819368446,0.239883291901949
29.261,0.595,23.8,0.341979442513709,0.116949939101987
29.279,0.673,26.92,0.489778819368446,0.239883291901949
29.296,0.595,23.8,0.341979442513709,0.116949939101987
29.296,0.44,17.6,0.167494287602644,0.0280543363795171
29.314,0.608,24.32,0.363078054770101,0.131825673855641
29.331,0.466,18.64,0.188799134909629,0.0356451133426244
29.331,0.181,7.24,0.0508159442560561,0.0025822601906346
29.349,0.492,19.68,0.212813904598271,0.0452897579903621
29.367,0.22,8.8,0.0608135001278718,0.00369828179780266
29.367,0.414,16.56,0.148593564228701,0.022080047330189
29.386,0.259,10.36,0.0727779804536824,0.00529663443891658
29.403,0.362,14.48,0.116949939101987,0.0136772882559585
29.403,0.531,21.24,0.254683025258504,0.0648634433548238
29.421,0.285,11.4,0.0820351544329818,0.00672976656284318
29.439,0.492,19.68,0.212813904598271,0.0452897579903621
29.439,0.207,8.28,0.057279603098583,0.00328095293113119
29.456,0.453,18.12,0.177827941003892,0.0316227766016838
29.474,0.544,21.76,0.270395836410884,0.0731139083483418
29.492,0.712,28.48,0.586138164514029,0.343557947899875
29.492,0.518,20.72,0.239883291901949,0.0575439937337157
29.511,0.556,22.24,0.285759054337495,0.0816582371358593
29.511,0.492,19.68,0.212813904598271,0.0452897579903621
29.528,0.544,21.76,0.270395836410884,0.0731139083483418
29.547,0.556,22.24,0.285759054337495,0.0816582371358593
29.547,0.531,21.24,0.254683025258504,0.0648634433548238
29.564,0.556,22.24,0.285759054337495,0.0816582371358593
29.581,0.556,22.24,0.285759054337495,0.0816582371358593
29.581,0.556,22.24,0.285759054337495,0.0816582371358593
29.6,0.556,22.24,0.285759054337495,0.0816582371358593
29.618,0.518,20.72,0.239883291901949,0.0575439937337157
29.618,0.544,21.76,0.270395836410884,0.0731139083483418
29.636,0.518,20.72,0.239883291901949,0.0575439937337157
29.654,0.453,18.12,0.177827941003892,0.0316227766016838
29.654,0.531,21.24,0.254683025258504,0.0648634433548238
29.672,0.466,18.64,0.188799134909629,0.0356451133426244
29.69,0.647,25.88,0.434510224171572,0.188799134909629
29.69,0.479,19.16,0.200447202736516,0.040179081084894
29.708,0.362,14.48,0.116949939101987,0.0136772882559585
29.727,0.181,7.24,0.0508159442560561,0.0025822601906346
29.727,0.401,16.04,0.139958732257262,0.0195884467350599
29.746,0.194,7.76,0.0539510622515128,0.00291071711806661
29.763,0.285,11.4,0.0820351544329818,0.00672976656284318
29.763,0.233,9.32,0.0645654229034656,0.00416869383470336
29.781,0.246,9.84,0.0685488226452662,0.00469894108605216
29.799,0.414,16.56,0.148593564228701,0.022080047330189
29.799,0.259,10.36,0.0727779804536824,0.00529663443891658
29.817,0.388,15.52,0.131825673855641,0.0173780082874938
29.834,0.181,7.24,0.0508159442560561,0.0025822601906346
29.834,0.362,14.48,0.116949939101987,0.0136772882559585
29.853,0.466,18.64,0.188799134909629,0.0356451133426244
29.871,0.324,12.96,0.0981747943019985,0.00963829023623972
29.871,0.453,18.12,0.177827941003892,0.0316227766016838
29.89,0.673,26.92,0.489778819368446,0.239883291901949
29.908,0.427,17.08,0.157761126969935,0.0248885731828239
29.908,0.492,19.68,0.212813904598271,0.0452897579903621
29.927,0.518,20.72,0.239883291901949,0.0575439937337157
29.927,0.492,19.68,0.212813904598271,0.0452897579903621
29.944,0.518,20.72,0.239883291901949,0.0575439937337157
29.962,0.518,20.72,0.239883291901949,0.0575439937337157
29.962,0.518,20.72,0.239883291901949,0.0575439937337157
29.981,0.531,21.24,0.254683025258504,0.0648634433548238
29.999,0.492,19.68,0.212813904598271,0.0452897579903621
29.999,0.518,20.72,0.239883291901949,0.0575439937337157
30.017,0.505,20.2,0.225943577022098,0.0510504999975407
30.035,0.453,18.12,0.177827941003892,0.0316227766016838
30.035,0.518,20.72,0.239883291901949,0.0575439937337157
30.053,0.466,18.64,0.188799134909629,0.0356451133426244
30.071,0.349,13.96,0.110153930954142,0.0121338885046498
30.071,0.492,19.68,0.212813904598271,0.0452897579903621
30.089,0.388,15.52,0.131825673855641,0.0173780082874938
30.107,0.22,8.8,0.0608135001278718,0.00369828179780266
30.107,0.427,17.08,0.157761126969935,0.0248885731828239
30.125,0.233,9.32,0.0645654229034656,0.00416869383470336
30.143,0.285,11.4,0.0820351544329818,0.00672976656284318
30.144,0.298,11.92,0.0870963589956081,0.00758577575029184
30.162,0.246,9.84,0.0685488226452662,0.00469894108605216
30.18,0.44,17.6,0.167494287602644,0.0280543363795171
30.18,0.207,8.28,0.057279603098583,0.00328095293113119
30.199,0.544,21.76,0.270395836410884,0.0731139083483418
30.218,0.194,7.76,0.0539510622515128,0.00291071711806661
30.218,0.375,15,0.124165230759241,0.0154170045294956
30.236,0.479,19.16,0.200447202736516,0.040179081084894
30.254,0.311,12.44,0.0924698173938222,0.00855066712884683
30.254,0.453,18.12,0.177827941003892,0.0316227766016838
30.273,0.505,20.2,0.225943577022098,0.0510504999975407
30.273,0.427,17.08,0.157761126969935,0.0248885731828239
30.291,0.492,19.68,0.212813904598271,0.0452897579903621
30.31,0.518,20.72,0.239883291901949,0.0575439937337157
30.31,0.479,19.16,0.200447202736516,0.040179081084894
30.329,0.518,20.72,0.239883291901949,0.0575439937337157
30.346,0.531,21.24,0.254683025258504,0.0648634433548238
30.348,0.518,20.72,0.239883291901949,0.0575439937337157
30.365,0.531,21.24,0.254683025258504,0.0648634433548238
30.384,0.505,20.2,0.225943577022098,0.0510504999975407
30.384,0.544,21.76,0.270395836410884,0.0731139083483418
30.402,0.531,21.24,0.254683025258504,0.0648634433548238
30.421,0.492,19.68,0.212813904598271,0.0452897579903621
30.421,0.556,22.24,0.285759054337495,0.0816582371358593
30.439,0.505,20.2,0.225943577022098,0.0510504999975407
30.439,0.414,16.56,0.148593564228701,0.022080047330189
30.457,0.544,21.76,0.270395836410884,0.0731139083483418
30.476,0.466,18.64,0.188799134909629,0.0356451133426244
30.476,0.246,9.84,0.0685488226452662,0.00469894108605216
30.494,0.518,20.72,0.239883291901949,0.0575439937337157
30.512,0.324,12.96,0.0981747943019985,0.00963829023623972
30.512,0.336,13.44,0.103752841581801,0.0107646521362983
30.529,0.401,16.04,0.139958732257262,0.0195884467350599
30.548,0.259,10.36,0.0727779804536824,0.00529663443891658
30.548,0.544,21.76,0.270395836410884,0.0731139083483418
30.566,0.181,7.24,0.0508159442560561,0.0025822601906346
30.585,0.518,20.72,0.239883291901949,0.0575439937337157
30.585,0.647,25.88,0.434510224171572,0.188799134909629
30.603,0.492,19.68,0.212813904598271,0.0452897579903621
30.621,0.686,27.44,0.519995996533516,0.270395836410885
30.622,0.453,18.12,0.177827941003892,0.0316227766016838
30.639,0.647,25.88,0.434510224171572,0.188799134909629
30.658,0.725,29,0.622300285169159,0.387257644921617
30.658,0.634,25.36,0.409260659730011,0.167494287602644
30.675,0.712,28.48,0.586138164514029,0.343557947899875
30.693,0.764,30.56,0.744731973905989,0.554625712957911
30.693,0.725,29,0.622300285169159,0.387257644921617
30.712,0.764,30.56,0.744731973905989,0.554625712957911
30.73,0.764,30.56,0.744731973905989,0.554625712957911
30.73,0.764,30.56,0.744731973905989,0.554625712957911
30.749,0.764,30.56,0.744731973905989,0.554625712957911
30.749,0.751,30.04,0.701455298419971,0.492039535681451
30.767,0.776,31.04,0.787045789695099,0.619441075076782
30.784,0.764,30.56,0.744731973905989,0.554625712957911
30.785,0.712,28.48,0.586138164514029,0.343557947899875
30.804,0.764,30.56,0.744731973905989,0.554625712957911
30.822,0.725,29,0.622300285169159,0.387257644921617
30.822,0.621,24.84,0.385478357665772,0.148593564228701
30.84,0.738,29.52,0.660693448007596,0.436515832240166
30.859,0.66,26.4,0.461317574560379,0.212813904598271
30.859,0.414,16.56,0.148593564228701,0.022080047330189
30.876,0.686,27.44,0.519995996533516,0.270395836410885
30.894,0.492,19.68,0.212813904598271,0.0452897579903621
30.895,0.388,15.52,0.131825673855641,0.0173780082874938
30.913,0.556,22.24,0.285759054337495,0.0816582371358593
30.932,0.259,10.36,0.0727779804536824,0.00529663443891658
30.932,0.634,25.36,0.409260659730011,0.167494287602644
30.949,0.142,5.68,0.0424619563946313,0.00180301774085957
30.967,0.608,24.32,0.363078054770101,0.131825673855641
30.968,0.725,29,0.622300285169159,0.387257644921617
30.986,0.569,22.76,0.303389118419427,0.0920449571753171
31.005,0.712,28.48,0.586138164514029,0.343557947899875
31.005,0.518,20.72,0.239883291901949,0.0575439937337157
31.025,0.699,27.96,0.552077439280757,0.304789498962798
31.025,0.776,31.04,0.787045789695099,0.619441075076782
31.045,0.673,26.92,0.489778819368446,0.239883291901949
31.063,0.764,30.56,0.744731973905989,0.554625712957911
31.063,0.802,32.08,0.887156012037961,0.787045789695099
31.081,0.764,30.56,0.744731973905989,0.554625712957911
31.1,0.802,32.08,0.887156012037961,0.787045789695099
31.1,0.815,32.6,0.941889596522841,0.88715601203796
31.119,0.802,32.08,0.887156012037961,0.787045789695099
31.119,0.802,32.08,0.887156012037961,0.787045789695099
31.137,0.789,31.56,0.835603018231248,0.698232404077172
31.157,0.815,32.6,0.941889596522841,0.88715601203796
31.157,0.802,32.08,0.887156012037961,0.787045789695099
31.176,0.751,30.04,0.701455298419971,0.492039535681451
31.193,0.815,32.6,0.941889596522841,0.88715601203796
31.193,0.764,30.56,0.744731973905989,0.554625712957911
31.211,0.673,26.92,0.489778819368446,0.239883291901949
31.23,0.776,31.04,0.787045789695099,0.619441075076782
31.23,0.712,28.48,0.586138164514029,0.343557947899875
31.249,0.492,19.68,0.212813904598271,0.0452897579903621
31.249,0.725,29,0.622300285169159,0.387257644921617
31.267,0.569,22.76,0.303389118419427,0.0920449571753171
31.285,0.414,16.56,0.148593564228701,0.022080047330189
31.285,0.595,23.8,0.341979442513709,0.116949939101987
31.306,0.22,8.8,0.0608135001278718,0.00369828179780266
31.327,0.647,25.88,0.434510224171572,0.188799134909629
31.327,0.207,8.28,0.057279603098583,0.00328095293113119
31.348,0.608,24.32,0.363078054770101,0.131825673855641
31.348,0.738,29.52,0.660693448007596,0.436515832240166
31.368,0.556,22.24,0.285759054337495,0.0816582371358593
31.368,0.712,28.48,0.586138164514029,0.343557947899875
31.388,0.492,19.68,0.212813904598271,0.0452897579903621
31.407,0.699,27.96,0.552077439280757,0.304789498962798
31.407,0.764,30.56,0.744731973905989,0.554625712957911
31.428,0.673,26.92,0.489778819368446,0.239883291901949
31.428,0.751,30.04,0.701455298419971,0.492039535681451
31.448,0.802,32.08,0.887156012037961,0.787045789695099
31.467,0.738,29.52,0.660693448007596,0.436515832240166
31.467,0.802,32.08,0.887156012037961,0.787045789695099
31.487,0.802,32.08,0.887156012037961,0.787045789695099
31.488,0.776,31.04,0.787045789695099,0.619441075076782
31.508,0.802,32.08,0.887156012037961,0.787045789695099
31.529,0.776,31.04,0.787045789695099,0.619441075076782
31.529,0.802,32.08,0.887156012037961,0.787045789695099
31.55,0.789,31.56,0.835603018231248,0.698232404077172
31.55,0.738,29.52,0.660693448007596,0.436515832240166
31.57,0.789,31.56,0.835603018231248,0.698232404077172
31.589,0.751,30.04,0.701455298419971,0.492039535681451
31.589,0.673,26.92,0.489778819368446,0.239883291901949
31.608,0.751,30.04,0.701455298419971,0.492039535681451
31.609,0.686,27.44,0.519995996533516,0.270395836410885
31.63,0.492,19.68,0.212813904598271,0.0452897579903621
31.63,0.699,27.96,0.552077439280757,0.304789498962798
31.65,0.544,21.76,0.270395836410884,0.0731139083483418
31.673,0.259,10.36,0.0727779804536824,0.00529663443891658
31.673,0.582,23.28,0.322106879128343,0.103752841581801
31.693,0.155,6.2,0.045081670454146,0.00203235701093622
31.693,0.556,22.24,0.285759054337495,0.0816582371358593
31.714,0.285,11.4,0.0820351544329818,0.00672976656284318
31.714,0.518,20.72,0.239883291901949,0.0575439937337157
31.735,0.673,26.92,0.489778819368446,0.239883291901949
31.753,0.66,26.4,0.461317574560379,0.212813904598271
31.753,0.634,25.36,0.409260659730011,0.167494287602644
31.772,0.349,13.96,0.110153930954142,0.0121338885046498
31.79,0.595,23.8,0.341979442513709,0.116949939101987
31.79,0.686,27.44,0.519995996533516,0.270395836410885
31.809,0.569,22.76,0.303389118419427,0.0920449571753171
31.809,0.673,26.92,0.489778819368446,0.239883291901949
31.827,0.712,28.48,0.586138164514029,0.343557947899875
31.845,0.647,25.88,0.434510224171572,0.188799134909629
31.845,0.712,28.48,0.586138164514029,0.343557947899875
31.863,0.712,28.48,0.586138164514029,0.343557947899875
31.881,0.699,27.96,0.552077439280757,0.304789498962798
31.881,0.712,28.48,0.586138164514029,0.343557947899875
31.901,0.699,27.96,0.552077439280757,0.304789498962798
31.918,0.712,28.48,0.586138164514029,0.343557947899875
31.918,0.699,27.96,0.552077439280757,0.304789498962798
31.936,0.66,26.4,0.461317574560379,0.212813904598271
31.954,0.699,27.96,0.552077439280757,0.304789498962798
31.954,0.66,26.4,0.461317574560379,0.212813904598271
31.972,0.569,22.76,0.303389118419427,0.0920449571753171
31.99,0.66,26.4,0.461317574560379,0.212813904598271
31.99,0.582,23.28,0.322106879128343,0.103752841581801
32.009,0.414,16.56,0.148593564228701,0.022080047330189
32.027,0.582,23.28,0.322106879128343,0.103752841581801
32.027,0.453,18.12,0.177827941003892,0.0316227766016838
32.045,0.168,6.72,0.0478630092322639,0.00229086765276777
32.064,0.466,18.64,0.188799134909629,0.0356451133426244
32.064,0.181,7.24,0.0508159442560561,0.0025822601906346
32.082,0.388,15.52,0.131825673855641,0.0173780082874938
32.082,0.246,9.84,0.0685488226452662,0.00469894108605216
32.1,0.336,13.44,0.103752841581801,0.0107646521362983
32.119,0.505,20.2,0.225943577022098,0.0510504999975407
32.119,0.285,11.4,0.0820351544329818,0.00672976656284318
32.136,0.479,19.16,0.200447202736516,0.040179081084894
32.155,0.207,8.28,0.057279603098583,0.00328095293113119
32.155,0.427,17.08,0.157761126969935,0.0248885731828239
32.174,0.531,21.24,0.254683025258504,0.0648634433548238
32.192,0.401,16.04,0.139958732257262,0.0195884467350599
32.192,0.518,20.72,0.239883291901949,0.0575439937337157
32.209,0.556,22.24,0.285759054337495,0.0816582371358593
32.228,0.505,20.2,0.225943577022098,0.0510504999975407
32.228,0.544,21.76,0.270395836410884,0.0731139083483418
32.246,0.556,22.24,0.285759054337495,0.0816582371358593
32.264,0.544,21.76,0.270395836410884,0.0731139083483418
32.264,0.556,22.24,0.285759054337495,0.0816582371358593
32.281,0.556,22.24,0.285759054337495,0.0816582371358593
32.299,0.556,22.24,0.285759054337495,0.0816582371358593
32.299,0.556,22.24,0.285759054337495,0.0816582371358593
32.317,0.518,20.72,0.239883291901949,0.0575439937337157
32.335,0.556,22.24,0.285759054337495,0.0816582371358593
32.335,0.531,21.24,0.254683025258504,0.0648634433548238
32.355,0.466,18.64,0.188799134909629,0.0356451133426244
32.372,0.569,22.76,0.303389118419427,0.0920449571753171
32.372,0.505,20.2,0.225943577022098,0.0510504999975407
32.39,0.362,14.48,0.116949939101987,0.0136772882559585
32.407,0.531,21.24,0.254683025258504,0.0648634433548238
32.407,0.414,16.56,0.148593564228701,0.022080047330189
32.426,0.168,6.72,0.0478630092322639,0.00229086765276777
32.444,0.466,18.64,0.188799134909629,0.0356451133426244
32.444,0.22,8.8,0.0608135001278718,0.00369828179780266
32.462,0.401,16.04,0.139958732257262,0.0195884467350599
32.48,0.285,11.4,0.0820351544329818,0.00672976656284318
32.48,0.349,13.96,0.110153930954142,0.0121338885046498
32.499,0.544,21.76,0.270395836410884,0.0731139083483418
32.516,0.272,10.88,0.0772680585095703,0.00597035286583838
32.516,0.531,21.24,0.254683025258504,0.0648634433548238
32.534,0.207,8.28,0.057279603098583,0.00328095293113119
32.552,0.505,20.2,0.225943577022098,0.0510504999975407
32.552,0.621,24.84,0.385478357665772,0.148593564228701
32.57,0.466,18.64,0.188799134909629,0.0356451133426244
32.589,0.595,23.8,0.341979442513709,0.116949939101987
32.589,0.66,26.4,0.461317574560379,0.212813904598271
32.607,0.595,23.8,0.341979442513709,0.116949939101987
32.607,0.673,26.92,0.489778819368446,0.239883291901949
32.624,0.686,27.44,0.519995996533516,0.270395836410885
32.643,0.66,26.4,0.461317574560379,0.212813904598271
32.643,0.699,27.96,0.552077439280757,0.304789498962798
32.66,0.699,27.96,0.552077439280757,0.304789498962798
32.678,0.699,27.96,0.552077439280757,0.304789498962798
32.678,0.712,28.48,0.586138164514029,0.343557947899875
32.696,0.673,26.92,0.489778819368446,0.239883291901949
32.714,0.712,28.48,0.586138164514029,0.343557947899875
32.714,0.699,27.96,0.552077439280757,0.304789498962798
32.732,0.621,24.84,0.385478357665772,0.148593564228701
32.75,0.712,28.48,0.586138164514029,0.343557947899875
32.75,0.66,26.4,0.461317574560379,0.212813904598271
32.768,0.505,20.2,0.225943577022098,0.0510504999975407
32.787,0.673,26.92,0.489778819368446,0.239883291901949
32.787,0.556,22.24,0.285759054337495,0.0816582371358593
32.805,0.207,8.28,0.057279603098583,0.00328095293113119
32.824,0.582,23.28,0.322106879128343,0.103752841581801
32.824,0.285,11.4,0.0820351544329818,0.00672976656284318
32.845,0.466,18.64,0.188799134909629,0.0356451133426244
32.845,0.401,16.04,0.139958732257262,0.0195884467350599
32.866,0.401,16.04,0.139958732257262,0.0195884467350599
32.886,0.608,24.32,0.363078054770101,0.131825673855641
32.886,0.311,12.44,0.0924698173938222,0.00855066712884683
32.906,0.595,23.8,0.341979442513709,0.116949939101987
32.906,0.22,8.8,0.0608135001278718,0.00369828179780266
32.927,0.569,22.76,0.303389118419427,0.0920449571753171
32.947,0.686,27.44,0.519995996533516,0.270395836410885
32.947,0.531,21.24,0.254683025258504,0.0648634433548238
32.968,0.699,27.96,0.552077439280757,0.304789498962798
32.968,0.725,29,0.622300285169159,0.387257644921617
32.986,0.647,25.88,0.434510224171572,0.188799134909629
33.005,0.725,29,0.622300285169159,0.387257644921617
33.005,0.751,30.04,0.701455298419971,0.492039535681451
33.023,0.725,29,0.622300285169159,0.387257644921617
33.023,0.738,29.52,0.660693448007596,0.436515832240166
33.042,0.738,29.52,0.660693448007596,0.436515832240166
33.06,0.738,29.52,0.660693448007596,0.436515832240166
33.06,0.751,30.04,0.701455298419971,0.492039535681451
33.08,0.725,29,0.622300285169159,0.387257644921617
33.098,0.764,30.56,0.744731973905989,0.554625712957911
33.098,0.738,29.52,0.660693448007596,0.436515832240166
33.116,0.673,26.92,0.489778819368446,0.239883291901949
33.136,0.738,29.52,0.660693448007596,0.436515832240166
33.136,0.686,27.44,0.519995996533516,0.270395836410885
33.155,0.569,22.76,0.303389118419427,0.0920449571753171
33.155,0.712,28.48,0.586138164514029,0.343557947899875
33.175,0.595,23.8,0.341979442513709,0.116949939101987
33.195,0.285,11.4,0.0820351544329818,0.00672976656284318
33.195,0.647,25.88,0.434510224171572,0.188799134909629
33.213,0.401,16.04,0.139958732257262,0.0195884467350599
33.23,0.466,18.64,0.188799134909629,0.0356451133426244
33.23,0.492,19.68,0.212813904598271,0.0452897579903621
33.25,0.375,15,0.124165230759241,0.0154170045294956
33.25,0.647,25.88,0.434510224171572,0.188799134909629
33.267,0.233,9.32,0.0645654229034656,0.00416869383470336
33.286,0.621,24.84,0.385478357665772,0.148593564228701
33.286,0.22,8.8,0.0608135001278718,0.00369828179780266
33.303,0.582,23.28,0.322106879128343,0.103752841581801
33.323,0.699,27.96,0.552077439280757,0.304789498962798
33.323,0.518,20.72,0.239883291901949,0.0575439937337157
33.341,0.699,27.96,0.552077439280757,0.304789498962798
33.359,0.751,30.04,0.701455298419971,0.492039535681451
33.359,0.673,26.92,0.489778819368446,0.239883291901949
33.377,0.738,29.52,0.660693448007596,0.436515832240166
33.395,0.776,31.04,0.787045789695099,0.619441075076782
33.395,0.725,29,0.622300285169159,0.387257644921617
33.412,0.764,30.56,0.744731973905989,0.554625712957911
33.43,0.776,31.04,0.787045789695099,0.619441075076782
33.43,0.764,30.56,0.744731973905989,0.554625712957911
33.449,0.789,31.56,0.835603018231248,0.698232404077172
33.466,0.751,30.04,0.701455298419971,0.492039535681451
33.466,0.789,31.56,0.835603018231248,0.698232404077172
33.484,0.764,30.56,0.744731973905989,0.554625712957911
33.502,0.712,28.48,0.586138164514029,0.343557947899875
33.502,0.776,31.04,0.787045789695099,0.619441075076782
33.521,0.725,29,0.622300285169159,0.387257644921617
33.54,0.608,24.32,0.363078054770101,0.131825673855641
33.54,0.751,30.04,0.701455298419971,0.492039535681451
33.558,0.647,25.88,0.434510224171572,0.188799134909629
33.576,0.375,15,0.124165230759241,0.0154170045294956
33.577,0.686,27.44,0.519995996533516,0.270395836410885
33.594,0.544,21.76,0.270395836410884,0.0731139083483418
33.612,0.44,17.6,0.167494287602644,0.0280543363795171
33.612,0.518,20.72,0.239883291901949,0.0575439937337157
33.631,0.349,13.96,0.110153930954142,0.0121338885046498
33.631,0.647,25.88,0.434510224171572,0.188799134909629
33.65,0.194,7.76,0.0539510622515128,0.00291071711806661
33.668,0.621,24.84,0.385478357665772,0.148593564228701
33.668,0.738,29.52,0.660693448007596,0.436515832240166
33.685,0.595,23.8,0.341979442513709,0.116949939101987
33.704,0.725,29,0.622300285169159,0.387257644921617
33.704,0.531,21.24,0.254683025258504,0.0648634433548238
33.721,0.712,28.48,0.586138164514029,0.343557947899875
33.74,0.789,31.56,0.835603018231248,0.698232404077172
33.74,0.686,27.44,0.519995996533516,0.270395836410885
33.758,0.764,30.56,0.744731973905989,0.554625712957911
33.779,0.802,32.08,0.887156012037961,0.787045789695099
33.779,0.764,30.56,0.744731973905989,0.554625712957911
33.797,0.802,32.08,0.887156012037961,0.787045789695099
33.797,0.815,32.6,0.941889596522841,0.88715601203796
33.815,0.789,31.56,0.835603018231248,0.698232404077172
33.833,0.802,32.08,0.887156012037961,0.787045789695099
33.851,0.776,31.04,0.787045789695099,0.619441075076782
33.851,0.802,32.08,0.887156012037961,0.787045789695099
33.869,0.789,31.56,0.835603018231248,0.698232404077172
33.869,0.738,29.52,0.660693448007596,0.436515832240166
33.888,0.802,32.08,0.887156012037961,0.787045789695099
33.905,0.751,30.04,0.701455298419971,0.492039535681451
33.905,0.647,25.88,0.434510224171572,0.188799134909629
33.924,0.764,30.56,0.744731973905989,0.554625712957911
33.942,0.673,26.92,0.489778819368446,0.239883291901949
33.942,0.414,16.56,0.148593564228701,0.022080047330189
33.96,0.699,27.96,0.552077439280757,0.304789498962798
33.979,0.505,20.2,0.225943577022098,0.0510504999975407
33.979,0.582,23.28,0.322106879128343,0.103752841581801
33.996,0.569,22.76,0.303389118419427,0.0920449571753171
34.014,0.298,11.92,0.0870963589956081,0.00758577575029184
34.014,0.647,25.88,0.434510224171572,0.188799134909629
34.033,0.155,6.2,0.045081670454146,0.00203235701093622
34.051,0.608,24.32,0.363078054770101,0.131825673855641
34.052,0.738,29.52,0.660693448007596,0.436515832240166
34.07,0.569,22.76,0.303389118419427,0.0920449571753171
34.088,0.725,29,0.622300285169159,0.387257644921617
34.088,0.505,20.2,0.225943577022098,0.0510504999975407
34.106,0.712,28.48,0.586138164514029,0.343557947899875
34.124,0.776,31.04,0.787045789695099,0.619441075076782
34.124,0.686,27.44,0.519995996533516,0.270395836410885
34.141,0.776,31.04,0.787045789695099,0.619441075076782
34.16,0.815,32.6,0.941889596522841,0.88715601203796
34.16,0.764,30.56,0.744731973905989,0.554625712957911
34.178,0.815,32.6,0.941889596522841,0.88715601203796
34.178,0.815,32.6,0.941889596522841,0.88715601203796
34.198,0.802,32.08,0.887156012037961,0.787045789695099
34.217,0.828,33.12,1,1
34.217,0.789,31.56,0.835603018231248,0.698232404077172
34.235,0.815,32.6,0.941889596522841,0.88715601203796
34.253,0.802,32.08,0.887156012037961,0.787045789695099
34.253,0.764,30.56,0.744731973905989,0.554625712957911
34.271,0.802,32.08,0.887156012037961,0.787045789695099
34.29,0.776,31.04,0.787045789695099,0.619441075076782
34.29,0.673,26.92,0.489778819368446,0.239883291901949
34.307,0.789,31.56,0.835603018231248,0.698232404077172
34.325,0.699,27.96,0.552077439280757,0.304789498962798
34.325,0.505,20.2,0.225943577022098,0.0510504999975407
34.343,0.725,29,0.622300285169159,0.387257644921617
34.362,0.569,22.76,0.303389118419427,0.0920449571753171
34.362,0.336,13.44,0.103752841581801,0.0107646521362983
34.379,0.608,24.32,0.363078054770101,0.131825673855641
34.397,0.194,7.76,0.0539510622515128,0.00291071711806661
34.397,0.647,25.88,0.434510224171572,0.188799134909629
34.416,0.22,8.8,0.0608135001278718,0.00369828179780266
34.434,0.595,23.8,0.341979442513709,0.116949939101987
34.434,0.738,29.52,0.660693448007596,0.436515832240166
34.452,0.544,21.76,0.270395836410884,0.0731139083483418
34.469,0.725,29,0.622300285169159,0.387257644921617
34.469,0.479,19.16,0.200447202736516,0.040179081084894
34.487,0.699,27.96,0.552077439280757,0.304789498962798
34.504,0.776,31.04,0.787045789695099,0.619441075076782
34.505,0.686,27.44,0.519995996533516,0.270395836410885
34.523,0.764,30.56,0.744731973905989,0.554625712957911
34.541,0.815,32.6,0.941889596522841,0.88715601203796
34.541,0.751,30.04,0.701455298419971,0.492039535681451
34.561,0.802,32.08,0.887156012037961,0.787045789695099
34.561,0.815,32.6,0.941889596522841,0.88715601203796
34.579,0.802,32.08,0.887156012037961,0.787045789695099
34.598,0.815,32.6,0.941889596522841,0.88715601203796
34.598,0.802,32.08,0.887156012037961,0.787045789695099
34.617,0.815,32.6,0.941889596522841,0.88715601203796
34.635,0.815,32.6,0.941889596522841,0.88715601203796
34.635,0.764,30.56,0.744731973905989,0.554625712957911
34.655,0.815,32.6,0.941889596522841,0.88715601203796
34.673,0.776,31.04,0.787045789695099,0.619441075076782
34.673,0.686,27.44,0.519995996533516,0.270395836410885
34.692,0.789,31.56,0.835603018231248,0.698232404077172
34.692,0.712,28.48,0.586138164514029,0.343557947899875
34.711,0.531,21.24,0.254683025258504,0.0648634433548238
34.73,0.725,29,0.622300285169159,0.387257644921617
34.73,0.582,23.28,0.322106879128343,0.103752841581801
34.749,0.311,12.44,0.0924698173938222,0.00855066712884683
34.768,0.634,25.36,0.409260659730011,0.167494287602644
34.768,0.207,8.28,0.057279603098583,0.00328095293113119
34.787,0.621,24.84,0.385478357665772,0.148593564228701
34.787,0.298,11.92,0.0870963589956081,0.00758577575029184
34.805,0.582,23.28,0.322106879128343,0.103752841581801
34.824,0.725,29,0.622300285169159,0.387257644921617
34.824,0.518,20.72,0.239883291901949,0.0575439937337157
34.842,0.699,27.96,0.552077439280757,0.304789498962798
34.861,0.44,17.6,0.167494287602644,0.0280543363795171
34.861,0.686,27.44,0.519995996533516,0.270395836410885
34.879,0.764,30.56,0.744731973905989,0.554625712957911
34.898,0.647,25.88,0.434510224171572,0.188799134909629
34.898,0.764,30.56,0.744731973905989,0.554625712957911
34.916,0.802,32.08,0.887156012037961,0.787045789695099
34.933,0.751,30.04,0.701455298419971,0.492039535681451
34.933,0.802,32.08,0.887156012037961,0.787045789695099
34.951,0.815,32.6,0.941889596522841,0.88715601203796
34.97,0.789,31.56,0.835603018231248,0.698232404077172
34.97,0.815,32.6,0.941889596522841,0.88715601203796
34.987,0.789,31.56,0.835603018231248,0.698232404077172
35.005,0.802,32.08,0.887156012037961,0.787045789695099
35.005,0.802,32.08,0.887156012037961,0.787045789695099
35.024,0.764,30.56,0.744731973905989,0.554625712957911
35.041,0.802,32.08,0.887156012037961,0.787045789695099
35.041,0.776,31.04,0.787045789695099,0.619441075076782
35.059,0.699,27.96,0.552077439280757,0.304789498962798
35.077,0.789,31.56,0.835603018231248,0.698232404077172
35.077,0.725,29,0.622300285169159,0.387257644921617
35.096,0.556,22.24,0.285759054337495,0.0816582371358593
35.096,0.738,29.52,0.660693448007596,0.436515832240166
35.113,0.595,23.8,0.341979442513709,0.116949939101987
35.131,0.181,7.24,0.0508159442560561,0.0025822601906346
35.131,0.647,25.88,0.434510224171572,0.188799134909629
35.149,0.272,10.88,0.0772680585095703,0.00597035286583838
35.167,0.595,23.8,0.341979442513709,0.116949939101987
35.167,0.401,16.04,0.139958732257262,0.0195884467350599
35.186,0.531,21.24,0.254683025258504,0.0648634433548238
35.205,0.712,28.48,0.586138164514029,0.343557947899875
35.205,0.466,18.64,0.188799134909629,0.0356451133426244
35.223,0.686,27.44,0.519995996533516,0.270395836410885
35.242,0.336,13.44,0.103752841581801,0.0107646521362983
35.242,0.66,26.4,0.461317574560379,0.212813904598271
35.259,0.764,30.56,0.744731973905989,0.554625712957911
35.279,0.621,24.84,0.385478357665772,0.148593564228701
35.279,0.738,29.52,0.660693448007596,0.436515832240166
35.297,0.789,31.56,0.835603018231248,0.698232404077172
35.314,0.738,29.52,0.660693448007596,0.436515832240166
35.314,0.789,31.56,0.835603018231248,0.698232404077172
35.332,0.802,32.08,0.887156012037961,0.787045789695099
35.35,0.776,31.04,0.787045789695099,0.619441075076782
35.35,0.802,32.08,0.887156012037961,0.787045789695099
35.368,0.789,31.56,0.835603018231248,0.698232404077172
35.386,0.789,31.56,0.835603018231248,0.698232404077172
35.386,0.789,31.56,0.835603018231248,0.698232404077172
35.405,0.764,30.56,0.744731973905989,0.554625712957911
35.422,0.789,31.56,0.835603018231248,0.698232404077172
35.422,0.764,30.56,0.744731973905989,0.554625712957911
35.439,0.699,27.96,0.552077439280757,0.304789498962798
35.457,0.776,31.04,0.787045789695099,0.619441075076782
35.457,0.699,27.96,0.552077439280757,0.304789498962798
35.475,0.556,22.24,0.285759054337495,0.0816582371358593
35.493,0.725,29,0.622300285169159,0.387257644921617
35.493,0.595,23.8,0.341979442513709,0.116949939101987
35.511,0.233,9.32,0.0645654229034656,0.00416869383470336
35.528,0.621,24.84,0.385478357665772,0.148593564228701
35.528,0.298,11.92,0.0870963589956081,0.00758577575029184
35.545,0.505,20.2,0.225943577022098,0.0510504999975407
35.563,0.388,15.52,0.131825673855641,0.0173780082874938
35.563,0.44,17.6,0.167494287602644,0.0280543363795171
35.581,0.621,24.84,0.385478357665772,0.148593564228701
35.6,0.336,13.44,0.103752841581801,0.0107646521362983
35.6,0.582,23.28,0.322106879128343,0.103752841581801
35.618,0.207,8.28,0.057279603098583,0.00328095293113119
35.636,0.544,21.76,0.270395836410884,0.0731139083483418
35.636,0.647,25.88,0.434510224171572,0.188799134909629
35.654,0.505,20.2,0.225943577022098,0.0510504999975407
35.672,0.621,24.84,0.385478357665772,0.148593564228701
35.672,0.673,26.92,0.489778819368446,0.239883291901949
35.69,0.595,23.8,0.341979442513709,0.116949939101987
35.709,0.673,26.92,0.489778819368446,0.239883291901949
35.709,0.686,27.44,0.519995996533516,0.270395836410885
35.727,0.66,26.4,0.461317574560379,0.212813904598271
35.727,0.686,27.44,0.519995996533516,0.270395836410885
35.745,0.686,27.44,0.519995996533516,0.270395836410885
35.762,0.686,27.44,0.519995996533516,0.270395836410885
35.762,0.699,27.96,0.552077439280757,0.304789498962798
35.781,0.673,26.92,0.489778819368446,0.239883291901949
35.798,0.699,27.96,0.552077439280757,0.304789498962798
35.798,0.673,26.92,0.489778819368446,0.239883291901949
35.816,0.621,24.84,0.385478357665772,0.148593564228701
35.833,0.686,27.44,0.519995996533516,0.270395836410885
35.833,0.634,25.36,0.409260659730011,0.167494287602644
35.851,0.492,19.68,0.212813904598271,0.0452897579903621
35.869,0.66,26.4,0.461317574560379,0.212813904598271
35.888,0.531,21.24,0.254683025258504,0.0648634433548238
35.888,0.233,9.32,0.0645654229034656,0.00416869383470336
35.905,0.569,22.76,0.303389118419427,0.0920449571753171
35.922,0.311,12.44,0.0924698173938222,0.00855066712884683
35.922,0.44,17.6,0.167494287602644,0.0280543363795171
35.94,0.401,16.04,0.139958732257262,0.0195884467350599
35.957,0.375,15,0.124165230759241,0.0154170045294956
35.957,0.582,23.28,0.322106879128343,0.103752841581801
35.976,0.285,11.4,0.0820351544329818,0.00672976656284318
35.994,0.582,23.28,0.322106879128343,0.103752841581801
35.994,0.194,7.76,0.0539510622515128,0.00291071711806661
36.012,0.544,21.76,0.270395836410884,0.0731139083483418
36.03,0.673,26.92,0.489778819368446,0.239883291901949
36.03,0.505,20.2,0.225943577022098,0.0510504999975407
36.047,0.66,26.4,0.461317574560379,0.212813904598271
36.066,0.725,29,0.622300285169159,0.387257644921617
36.066,0.66,26.4,0.461317574560379,0.212813904598271
36.084,0.725,29,0.622300285169159,0.387257644921617
36.084,0.751,30.04,0.701455298419971,0.492039535681451
36.102,0.725,29,0.622300285169159,0.387257644921617
36.12,0.751,30.04,0.701455298419971,0.492039535681451
36.12,0.751,30.04,0.701455298419971,0.492039535681451
36.137,0.764,30.56,0.744731973905989,0.554625712957911
36.156,0.764,30.56,0.744731973905989,0.554625712957911
36.156,0.738,29.52,0.660693448007596,0.436515832240166
36.174,0.764,30.56,0.744731973905989,0.554625712957911
36.191,0.751,30.04,0.701455298419971,0.492039535681451
36.191,0.686,27.44,0.519995996533516,0.270395836410885
36.21,0.764,30.56,0.744731973905989,0.554625712957911
36.227,0.712,28.48,0.586138164514029,0.343557947899875
36.227,0.595,23.8,0.341979442513709,0.116949939101987
36.245,0.725,29,0.622300285169159,0.387257644921617
36.263,0.621,24.84,0.385478357665772,0.148593564228701
36.263,0.324,12.96,0.0981747943019985,0.00963829023623972
36.28,0.66,26.4,0.461317574560379,0.212813904598271
36.298,0.44,17.6,0.167494287602644,0.0280543363795171
36.316,0.466,18.64,0.188799134909629,0.0356451133426244
36.316,0.505,20.2,0.225943577022098,0.0510504999975407
36.334,0.375,15,0.124165230759241,0.0154170045294956
36.335,0.66,26.4,0.461317574560379,0.212813904598271
36.352,0.233,9.32,0.0645654229034656,0.00416869383470336
36.369,0.634,25.36,0.409260659730011,0.167494287602644
36.369,0.738,29.52,0.660693448007596,0.436515832240166
36.387,0.595,23.8,0.341979442513709,0.116949939101987
36.405,0.725,29,0.622300285169159,0.387257644921617
36.405,0.556,22.24,0.285759054337495,0.0816582371358593
36.423,0.712,28.48,0.586138164514029,0.343557947899875
36.441,0.764,30.56,0.744731973905989,0.554625712957911
36.459,0.673,26.92,0.489778819368446,0.239883291901949
36.459,0.764,30.56,0.744731973905989,0.554625712957911
36.476,0.802,32.08,0.887156012037961,0.787045789695099
36.494,0.751,30.04,0.701455298419971,0.492039535681451
36.494,0.789,31.56,0.835603018231248,0.698232404077172
36.512,0.802,32.08,0.887156012037961,0.787045789695099
36.529,0.776,31.04,0.787045789695099,0.619441075076782
36.529,0.802,32.08,0.887156012037961,0.787045789695099
36.546,0.789,31.56,0.835603018231248,0.698232404077172
36.564,0.802,32.08,0.887156012037961,0.787045789695099
36.564,0.789,31.56,0.835603018231248,0.698232404077172
36.582,0.725,29,0.622300285169159,0.387257644921617
36.6,0.802,32.08,0.887156012037961,0.787045789695099
36.6,0.751,30.04,0.701455298419971,0.492039535681451
36.618,0.634,25.36,0.409260659730011,0.167494287602644
36.636,0.764,30.56,0.744731973905989,0.554625712957911
36.636,0.673,26.92,0.489778819368446,0.239883291901949
36.654,0.375,15,0.124165230759241,0.0154170045294956
36.673,0.699,27.96,0.552077439280757,0.304789498962798
36.673,0.479,19.16,0.200447202736516,0.040179081084894
36.692,0.453,18.12,0.177827941003892,0.0316227766016838
36.692,0.556,22.24,0.285759054337495,0.0816582371358593
36.71,0.336,13.44,0.103752841581801,0.0107646521362983
36.728,0.647,25.88,0.434510224171572,0.188799134909629
36.728,0.207,8.28,0.057279603098583,0.00328095293113119
36.746,0.634,25.36,0.409260659730011,0.167494287602644
36.764,0.738,29.52,0.660693448007596,0.436515832240166
36.764,0.582,23.28,0.322106879128343,0.103752841581801
36.781,0.712,28.48,0.586138164514029,0.343557947899875
36.8,0.531,21.24,0.254683025258504,0.0648634433548238
36.8,0.699,27.96,0.552077439280757,0.304789498962798
36.818,0.776,31.04,0.787045789695099,0.619441075076782
36.836,0.686,27.44,0.519995996533516,0.270395836410885
36.836,0.764,30.56,0.744731973905989,0.554625712957911
36.854,0.789,31.56,0.835603018231248,0.698232404077172
36.872,0.751,30.04,0.701455298419971,0.492039535681451
36.872,0.789,31.56,0.835603018231248,0.698232404077172
36.891,0.789,31.56,0.835603018231248,0.698232404077172
36.908,0.776,31.04,0.787045789695099,0.619441075076782
36.908,0.789,31.56,0.835603018231248,0.698232404077172
36.926,0.776,31.04,0.787045789695099,0.619441075076782
36.945,0.789,31.56,0.835603018231248,0.698232404077172
36.945,0.776,31.04,0.787045789695099,0.619441075076782
36.963,0.725,29,0.622300285169159,0.387257644921617
36.981,0.776,31.04,0.787045789695099,0.619441075076782
36.981,0.751,30.04,0.701455298419971,0.492039535681451
36.998,0.647,25.88,0.434510224171572,0.188799134909629
37.017,0.751,30.04,0.701455298419971,0.492039535681451
37.017,0.673,26.92,0.489778819368446,0.239883291901949
37.034,0.453,18.12,0.177827941003892,0.0316227766016838
37.052,0.686,27.44,0.519995996533516,0.270395836410885
37.052,0.582,23.28,0.322106879128343,0.103752841581801
37.07,0.349,13.96,0.110153930954142,0.0121338885046498
37.089,0.556,22.24,0.285759054337495,0.0816582371358593
37.089,0.22,8.8,0.0608135001278718,0.00369828179780266
37.107,0.634,25.36,0.409260659730011,0.167494287602644
37.125,0.168,6.72,0.0478630092322639,0.00229086765276777
37.125,0.582,23.28,0.322106879128343,0.103752841581801
37.143,0.725,29,0.622300285169159,0.387257644921617
37.16,0.531,21.24,0.254683025258504,0.0648634433548238
37.161,0.699,27.96,0.552077439280757,0.304789498962798
37.178,0.479,19.16,0.200447202736516,0.040179081084894
37.196,0.673,26.92,0.489778819368446,0.239883291901949
37.197,0.751,30.04,0.701455298419971,0.492039535681451
37.214,0.66,26.4,0.461317574560379,0.212813904598271
37.234,0.751,30.04,0.701455298419971,0.492039535681451
37.234,0.789,31.56,0.835603018231248,0.698232404077172
37.251,0.738,29.52,0.660693448007596,0.436515832240166
37.252,0.789,31.56,0.835603018231248,0.698232404077172
37.269,0.789,31.56,0.835603018231248,0.698232404077172
37.287,0.776,31.04,0.787045789695099,0.619441075076782
37.304,0.789,31.56,0.835603018231248,0.698232404077172
37.304,0.764,30.56,0.744731973905989,0.554625712957911
37.322,0.789,31.56,0.835603018231248,0.698232404077172
37.341,0.776,31.04,0.787045789695099,0.619441075076782
37.341,0.725,29,0.622300285169159,0.387257644921617
37.359,0.776,31.04,0.787045789695099,0.619441075076782
37.359,0.725,29,0.622300285169159,0.387257644921617
37.376,0.634,25.36,0.409260659730011,0.167494287602644
37.394,0.738,29.52,0.660693448007596,0.436515832240166
37.394,0.647,25.88,0.434510224171572,0.188799134909629
37.413,0.44,17.6,0.167494287602644,0.0280543363795171
37.43,0.66,26.4,0.461317574560379,0.212813904598271
37.43,0.492,19.68,0.212813904598271,0.0452897579903621
37.448,0.298,11.92,0.0870963589956081,0.00758577575029184
37.466,0.531,21.24,0.254683025258504,0.0648634433548238
37.466,0.168,6.72,0.0478630092322639,0.00229086765276777
37.484,0.531,21.24,0.254683025258504,0.0648634433548238
37.502,0.207,8.28,0.057279603098583,0.00328095293113119
37.502,0.466,18.64,0.188799134909629,0.0356451133426244
37.52,0.595,23.8,0.341979442513709,0.116949939101987
37.538,0.401,16.04,0.139958732257262,0.0195884467350599
37.538,0.544,21.76,0.270395836410884,0.0731139083483418
37.556,0.298,11.92,0.0870963589956081,0.00758577575029184
37.573,0.505,20.2,0.225943577022098,0.0510504999975407
37.573,0.556,22.24,0.285759054337495,0.0816582371358593
37.591,0.44,17.6,0.167494287602644,0.0280543363795171
37.609,0.518,20.72,0.239883291901949,0.0575439937337157
37.609,0.531,21.24,0.254683025258504,0.0648634433548238
37.628,0.492,19.68,0.212813904598271,0.0452897579903621
37.646,0.544,21.76,0.270395836410884,0.0731139083483418
37.646,0.556,22.24,0.285759054337495,0.0816582371358593
37.664,0.556,22.24,0.285759054337495,0.0816582371358593
37.682,0.608,24.32,0.363078054770101,0.131825673855641
37.682,0.621,24.84,0.385478357665772,0.148593564228701
37.699,0.673,26.92,0.489778819368446,0.239883291901949
37.717,0.673,26.92,0.489778819368446,0.239883291901949
37.717,0.673,26.92,0.489778819368446,0.239883291901949
37.735,0.725,29,0.622300285169159,0.387257644921617
37.754,0.712,28.48,0.586138164514029,0.343557947899875
37.754,0.647,25.88,0.434510224171572,0.188799134909629
37.772,0.764,30.56,0.744731973905989,0.554625712957911
37.789,0.686,27.44,0.519995996533516,0.270395836410885
37.789,0.531,21.24,0.254683025258504,0.0648634433548238
37.808,0.725,29,0.622300285169159,0.387257644921617
37.826,0.608,24.32,0.363078054770101,0.131825673855641
37.827,0.207,8.28,0.057279603098583,0.00328095293113119
37.844,0.647,25.88,0.434510224171572,0.188799134909629
37.862,0.194,7.76,0.0539510622515128,0.00291071711806661
37.862,0.621,24.84,0.385478357665772,0.148593564228701
37.881,0.401,16.04,0.139958732257262,0.0195884467350599
37.901,0.569,22.76,0.303389118419427,0.0920449571753171
37.901,0.725,29,0.622300285169159,0.387257644921617
37.919,0.492,19.68,0.212813904598271,0.0452897579903621
37.919,0.699,27.96,0.552077439280757,0.304789498962798
37.937,0.375,15,0.124165230759241,0.0154170045294956
37.956,0.647,25.88,0.434510224171572,0.188799134909629
37.956,0.738,29.52,0.660693448007596,0.436515832240166
37.973,0.582,23.28,0.322106879128343,0.103752841581801
37.992,0.673,26.92,0.489778819368446,0.239883291901949
37.992,0.712,28.48,0.586138164514029,0.343557947899875
38.01,0.608,24.32,0.363078054770101,0.131825673855641
38.028,0.634,25.36,0.409260659730011,0.167494287602644
38.028,0.608,24.32,0.363078054770101,0.131825673855641
38.045,0.544,21.76,0.270395836410884,0.0731139083483418
38.064,0.531,21.24,0.254683025258504,0.0648634433548238
38.064,0.492,19.68,0.212813904598271,0.0452897579903621
38.082,0.569,22.76,0.303389118419427,0.0920449571753171
38.101,0.531,21.24,0.254683025258504,0.0648634433548238
38.101,0.505,20.2,0.225943577022098,0.0510504999975407
38.119,0.569,22.76,0.303389118419427,0.0920449571753171
38.137,0.582,23.28,0.322106879128343,0.103752841581801
38.137,0.531,21.24,0.254683025258504,0.0648634433548238
38.156,0.634,25.36,0.409260659730011,0.167494287602644
38.173,0.582,23.28,0.322106879128343,0.103752841581801
38.173,0.453,18.12,0.177827941003892,0.0316227766016838
38.192,0.634,25.36,0.409260659730011,0.167494287602644
38.192,0.505,20.2,0.225943577022098,0.0510504999975407
38.211,0.168,6.72,0.0478630092322639,0.00229086765276777
38.231,0.556,22.24,0.285759054337495,0.0816582371358593
38.231,0.259,10.36,0.0727779804536824,0.00529663443891658
38.249,0.492,19.68,0.212813904598271,0.0452897579903621
38.267,0.336,13.44,0.103752841581801,0.0107646521362983
38.267,0.466,18.64,0.188799134909629,0.0356451133426244
38.287,0.699,27.96,0.552077439280757,0.304789498962798
38.306,0.388,15.52,0.131825673855641,0.0173780082874938
38.306,0.621,24.84,0.385478357665772,0.148593564228701
38.325,0.298,11.92,0.0870963589956081,0.00758577575029184
38.325,0.608,24.32,0.363078054770101,0.131825673855641
38.346,0.712,28.48,0.586138164514029,0.343557947899875
38.366,0.582,23.28,0.322106879128343,0.103752841581801
38.366,0.699,27.96,0.552077439280757,0.304789498962798
38.386,0.751,30.04,0.701455298419971,0.492039535681451
38.386,0.699,27.96,0.552077439280757,0.304789498962798
38.406,0.751,30.04,0.701455298419971,0.492039535681451
38.425,0.776,31.04,0.787045789695099,0.619441075076782
38.425,0.751,30.04,0.701455298419971,0.492039535681451
38.444,0.776,31.04,0.787045789695099,0.619441075076782
38.444,0.776,31.04,0.787045789695099,0.619441075076782
38.462,0.776,31.04,0.787045789695099,0.619441075076782
38.481,0.776,31.04,0.787045789695099,0.619441075076782
38.481,0.751,30.04,0.701455298419971,0.492039535681451
38.498,0.789,31.56,0.835603018231248,0.698232404077172
38.517,0.764,30.56,0.744731973905989,0.554625712957911
38.517,0.699,27.96,0.552077439280757,0.304789498962798
38.534,0.776,31.04,0.787045789695099,0.619441075076782
38.553,0.725,29,0.622300285169159,0.387257644921617
38.553,0.582,23.28,0.322106879128343,0.103752841581801
38.573,0.738,29.52,0.660693448007596,0.436515832240166
38.573,0.608,24.32,0.363078054770101,0.131825673855641
38.592,0.544,21.76,0.270395836410884,0.0731139083483418
38.61,0.647,25.88,0.434510224171572,0.188799134909629
38.61,0.349,13.96,0.110153930954142,0.0121338885046498
38.629,0.544,21.76,0.270395836410884,0.0731139083483418
38.648,0.453,18.12,0.177827941003892,0.0316227766016838
38.649,0.466,18.64,0.188799134909629,0.0356451133426244
38.667,0.686,27.44,0.519995996533516,0.270395836410885
38.686,0.362,14.48,0.116949939101987,0.0136772882559585
38.686,0.647,25.88,0.434510224171572,0.188799134909629
38.705,0.246,9.84,0.0685488226452662,0.00469894108605216
38.705,0.621,24.84,0.385478357665772,0.148593564228701
38.723,0.738,29.52,0.660693448007596,0.436515832240166
38.741,0.582,23.28,0.322106879128343,0.103752841581801
38.741,0.725,29,0.622300285169159,0.387257644921617
38.759,0.776,31.04,0.787045789695099,0.619441075076782
38.778,0.712,28.48,0.586138164514029,0.343557947899875
38.778,0.776,31.04,0.787045789695099,0.619441075076782
38.795,0.802,32.08,0.887156012037961,0.787045789695099
38.813,0.764,30.56,0.744731973905989,0.554625712957911
38.813,0.802,32.08,0.887156012037961,0.787045789695099
38.831,0.789,31.56,0.835603018231248,0.698232404077172
38.849,0.789,31.56,0.835603018231248,0.698232404077172
38.849,0.802,32.08,0.887156012037961,0.787045789695099
38.866,0.751,30.04,0.701455298419971,0.492039535681451
38.884,0.802,32.08,0.887156012037961,0.787045789695099
38.884,0.776,31.04,0.787045789695099,0.619441075076782
38.903,0.712,28.48,0.586138164514029,0.343557947899875
38.921,0.776,31.04,0.787045789695099,0.619441075076782
38.921,0.725,29,0.622300285169159,0.387257644921617
38.938,0.595,23.8,0.341979442513709,0.116949939101987
38.956,0.725,29,0.622300285169159,0.387257644921617
38.956,0.634,25.36,0.409260659730011,0.167494287602644
38.975,0.311,12.44,0.0924698173938222,0.00855066712884683
38.993,0.647,25.88,0.434510224171572,0.188799134909629
38.993,0.401,16.04,0.139958732257262,0.0195884467350599
39.011,0.492,19.68,0.212813904598271,0.0452897579903621
39.028,0.492,19.68,0.212813904598271,0.0452897579903621
39.028,0.414,16.56,0.148593564228701,0.022080047330189
39.047,0.66,26.4,0.461317574560379,0.212813904598271
39.065,0.285,11.4,0.0820351544329818,0.00672976656284318
39.065,0.621,24.84,0.385478357665772,0.148593564228701
39.084,0.246,9.84,0.0685488226452662,0.00469894108605216
39.104,0.595,23.8,0.341979442513709,0.116949939101987
39.104,0.725,29,0.622300285169159,0.387257644921617
39.122,0.544,21.76,0.270395836410884,0.0731139083483418
39.122,0.686,27.44,0.519995996533516,0.270395836410885
39.141,0.751,30.04,0.701455298419971,0.492039535681451
39.158,0.673,26.92,0.489778819368446,0.239883291901949
39.158,0.738,29.52,0.660693448007596,0.436515832240166
39.176,0.776,31.04,0.787045789695099,0.619441075076782
39.194,0.712,28.48,0.586138164514029,0.343557947899875
39.194,0.764,30.56,0.744731973905989,0.554625712957911
39.213,0.764,30.56,0.744731973905989,0.554625712957911
39.23,0.751,30.04,0.701455298419971,0.492039535681451
39.231,0.751,30.04,0.701455298419971,0.492039535681451
39.249,0.725,29,0.622300285169159,0.387257644921617
39.267,0.751,30.04,0.701455298419971,0.492039535681451
39.267,0.738,29.52,0.660693448007596,0.436515832240166
39.285,0.673,26.92,0.489778819368446,0.239883291901949
39.303,0.738,29.52,0.660693448007596,0.436515832240166
39.303,0.686,27.44,0.519995996533516,0.270395836410885
39.321,0.569,22.76,0.303389118419427,0.0920449571753171
39.338,0.699,27.96,0.552077439280757,0.304789498962798
39.339,0.595,23.8,0.341979442513709,0.116949939101987
39.356,0.298,11.92,0.0870963589956081,0.00758577575029184
39.375,0.608,24.32,0.363078054770101,0.131825673855641
39.375,0.388,15.52,0.131825673855641,0.0173780082874938
39.392,0.414,16.56,0.148593564228701,0.022080047330189
39.411,0.466,18.64,0.188799134909629,0.0356451133426244
39.411,0.311,12.44,0.0924698173938222,0.00855066712884683
39.428,0.582,23.28,0.322106879128343,0.103752841581801
39.447,0.233,9.32,0.0645654229034656,0.00416869383470336
39.447,0.531,21.24,0.254683025258504,0.0648634433548238
39.465,0.66,26.4,0.461317574560379,0.212813904598271
39.484,0.492,19.68,0.212813904598271,0.0452897579903621
39.484,0.634,25.36,0.409260659730011,0.167494287602644
39.502,0.44,17.6,0.167494287602644,0.0280543363795171
39.52,0.608,24.32,0.363078054770101,0.131825673855641
39.521,0.673,26.92,0.489778819368446,0.239883291901949
39.538,0.582,23.28,0.322106879128343,0.103752841581801
39.538,0.686,27.44,0.519995996533516,0.270395836410885
39.556,0.686,27.44,0.519995996533516,0.270395836410885
39.574,0.647,25.88,0.434510224171572,0.188799134909629
39.574,0.686,27.44,0.519995996533516,0.270395836410885
39.592,0.686,27.44,0.519995996533516,0.270395836410885
39.61,0.673,26.92,0.489778819368446,0.239883291901949
39.61,0.673,26.92,0.489778819368446,0.239883291901949
39.628,0.686,27.44,0.519995996533516,0.270395836410885
39.646,0.673,26.92,0.489778819368446,0.239883291901949
39.646,0.66,26.4,0.461317574560379,0.212813904598271
39.664,0.595,23.8,0.341979442513709,0.116949939101987
39.682,0.66,26.4,0.461317574560379,0.212813904598271
39.682,0.608,24.32,0.363078054770101,0.131825673855641
39.701,0.505,20.2,0.225943577022098,0.0510504999975407
39.719,0.621,24.84,0.385478357665772,0.148593564228701
39.719,0.531,21.24,0.254683025258504,0.0648634433548238
39.736,0.311,12.44,0.0924698173938222,0.00855066712884683
39.755,0.544,21.76,0.270395836410884,0.0731139083483418
39.755,0.349,13.96,0.110153930954142,0.0121338885046498
39.772,0.272,10.88,0.0772680585095703,0.00597035286583838
39.791,0.401,16.04,0.139958732257262,0.0195884467350599
39.791,0.194,7.76,0.0539510622515128,0.00291071711806661
39.811,0.453,18.12,0.177827941003892,0.0316227766016838
39.828,0.375,15,0.124165230759241,0.0154170045294956
39.828,0.427,17.08,0.157761126969935,0.0248885731828239
39.846,0.531,21.24,0.254683025258504,0.0648634433548238
39.864,0.375,15,0.124165230759241,0.0154170045294956
39.864,0.505,20.2,0.225943577022098,0.0510504999975407
39.881,0.324,12.96,0.0981747943019985,0.00963829023623972
39.901,0.492,19.68,0.212813904598271,0.0452897579903621
39.901,0.556,22.24,0.285759054337495,0.0816582371358593
39.92,0.453,18.12,0.177827941003892,0.0316227766016838
39.92,0.634,25.36,0.409260659730011,0.167494287602644
39.937,0.569,22.76,0.303389118419427,0.0920449571753171
39.955,0.518,20.72,0.239883291901949,0.0575439937337157
39.955,0.556,22.24,0.285759054337495,0.0816582371358593
39.973,0.569,22.76,0.303389118419427,0.0920449571753171
39.992,0.544,21.76,0.270395836410884,0.0731139083483418
39.992,0.556,22.24,0.285759054337495,0.0816582371358593
40.01,0.531,21.24,0.254683025258504,0.0648634433548238
40.028,0.544,21.76,0.270395836410884,0.0731139083483418
40.028,0.531,21.24,0.254683025258504,0.0648634433548238
40.046,0.479,19.16,0.200447202736516,0.040179081084894
40.065,0.531,21.24,0.254683025258504,0.0648634433548238
40.065,0.492,19.68,0.212813904598271,0.0452897579903621
40.082,0.388,15.52,0.131825673855641,0.0173780082874938
40.1,0.505,20.2,0.225943577022098,0.0510504999975407
40.1,0.414,16.56,0.148593564228701,0.022080047330189
40.118,0.233,9.32,0.0645654229034656,0.00416869383470336
40.136,0.44,17.6,0.167494287602644,0.0280543363795171
40.136,0.272,10.88,0.0772680585095703,0.00597035286583838
40.154,0.22,8.8,0.0608135001278718,0.00369828179780266
40.173,0.324,12.96,0.0981747943019985,0.00963829023623972
40.173,0.194,7.76,0.0539510622515128,0.00291071711806661
40.19,0.362,14.48,0.116949939101987,0.0136772882559585
40.209,0.181,7.24,0.0508159442560561,0.0025822601906346
40.209,0.324,12.96,0.0981747943019985,0.00963829023623972
40.227,0.466,18.64,0.188799134909629,0.0356451133426244
40.245,0.388,15.52,0.131825673855641,0.0173780082874938
40.245,0.453,18.12,0.177827941003892,0.0316227766016838
40.264,0.272,10.88,0.0772680585095703,0.00597035286583838
40.264,0.44,17.6,0.167494287602644,0.0280543363795171
40.283,0.518,20.72,0.239883291901949,0.0575439937337157
40.301,0.414,16.56,0.148593564228701,0.022080047330189
40.301,0.518,20.72,0.239883291901949,0.0575439937337157
40.32,0.569,22.76,0.303389118419427,0.0920449571753171
40.337,0.518,20.72,0.239883291901949,0.0575439937337157
40.337,0.569,22.76,0.303389118419427,0.0920449571753171
40.354,0.582,23.28,0.322106879128343,0.103752841581801
40.372,0.569,22.76,0.303389118419427,0.0920449571753171
40.372,0.595,23.8,0.341979442513709,0.116949939101987
40.39,0.582,23.28,0.322106879128343,0.103752841581801
40.409,0.608,24.32,0.363078054770101,0.131825673855641
40.409,0.595,23.8,0.341979442513709,0.116949939101987
40.427,0.569,22.76,0.303389118419427,0.0920449571753171
40.445,0.621,24.84,0.385478357665772,0.148593564228701
40.445,0.582,23.28,0.322106879128343,0.103752841581801
40.463,0.505,20.2,0.225943577022098,0.0510504999975407
40.48,0.595,23.8,0.341979442513709,0.116949939101987
40.48,0.544,21.76,0.270395836410884,0.0731139083483418
40.499,0.375,15,0.124165230759241,0.0154170045294956
40.516,0.569,22.76,0.303389118419427,0.0920449571753171
40.516,0.44,17.6,0.167494287602644,0.0280543363795171
40.534,0.207,8.28,0.057279603098583,0.00328095293113119
40.552,0.686,27.44,0.519995996533516,0.270395836410885
40.552,0.207,8.28,0.057279603098583,0.00328095293113119
40.57,0.479,19.16,0.200447202736516,0.040179081084894
40.588,0.246,9.84,0.0685488226452662,0.00469894108605216
40.588,0.44,17.6,0.167494287602644,0.0280543363795171
40.606,0.608,24.32,0.363078054770101,0.131825673855641
40.625,0.401,16.04,0.139958732257262,0.0195884467350599
40.625,0.608,24.32,0.363078054770101,0.131825673855641
40.643,0.608,24.32,0.363078054770101,0.131825673855641
40.66,0.582,23.28,0.322106879128343,0.103752841581801
40.66,0.673,26.92,0.489778819368446,0.239883291901949
40.678,0.544,21.76,0.270395836410884,0.0731139083483418
40.696,0.673,26.92,0.489778819368446,0.239883291901949
40.696,0.712,28.48,0.586138164514029,0.343557947899875
40.714,0.66,26.4,0.461317574560379,0.212813904598271
40.733,0.712,28.48,0.586138164514029,0.343557947899875
40.733,0.738,29.52,0.660693448007596,0.436515832240166
40.751,0.699,27.96,0.552077439280757,0.304789498962798
40.768,0.738,29.52,0.660693448007596,0.436515832240166
40.768,0.725,29,0.622300285169159,0.387257644921617
40.786,0.751,30.04,0.701455298419971,0.492039535681451
40.803,0.738,29.52,0.660693448007596,0.436515832240166
40.803,0.699,27.96,0.552077439280757,0.304789498962798
40.822,0.738,29.52,0.660693448007596,0.436515832240166
40.84,0.712,28.48,0.586138164514029,0.343557947899875
40.84,0.634,25.36,0.409260659730011,0.167494287602644
40.858,0.725,29,0.622300285169159,0.387257644921617
40.875,0.66,26.4,0.461317574560379,0.212813904598271
40.875,0.492,19.68,0.212813904598271,0.0452897579903621
40.893,0.673,26.92,0.489778819368446,0.239883291901949
40.912,0.531,21.24,0.254683025258504,0.0648634433548238
40.912,0.207,8.28,0.057279603098583,0.00328095293113119
40.93,0.582,23.28,0.322106879128343,0.103752841581801
40.93,0.207,8.28,0.057279603098583,0.00328095293113119
40.949,0.556,22.24,0.285759054337495,0.0816582371358593
40.967,0.336,13.44,0.103752841581801,0.0107646521362983
40.967,0.492,19.68,0.212813904598271,0.0452897579903621
40.985,0.673,26.92,0.489778819368446,0.239883291901949
41.003,0.427,17.08,0.157761126969935,0.0248885731828239
41.003,0.647,25.88,0.434510224171572,0.188799134909629
41.021,0.349,13.96,0.110153930954142,0.0121338885046498
41.039,0.621,24.84,0.385478357665772,0.148593564228701
41.039,0.725,29,0.622300285169159,0.387257644921617
41.058,0.608,24.32,0.363078054770101,0.131825673855641
41.076,0.725,29,0.622300285169159,0.387257644921617
41.076,0.764,30.56,0.744731973905989,0.554625712957911
41.093,0.712,28.48,0.586138164514029,0.343557947899875
41.111,0.764,30.56,0.744731973905989,0.554625712957911
41.111,0.789,31.56,0.835603018231248,0.698232404077172
41.13,0.764,30.56,0.744731973905989,0.554625712957911
41.148,0.776,31.04,0.787045789695099,0.619441075076782
41.148,0.776,31.04,0.787045789695099,0.619441075076782
41.166,0.776,31.04,0.787045789695099,0.619441075076782
41.183,0.789,31.56,0.835603018231248,0.698232404077172
41.183,0.751,30.04,0.701455298419971,0.492039535681451
41.201,0.789,31.56,0.835603018231248,0.698232404077172
41.219,0.776,31.04,0.787045789695099,0.619441075076782
41.219,0.699,27.96,0.552077439280757,0.304789498962798
41.238,0.776,31.04,0.787045789695099,0.619441075076782
41.255,0.712,28.48,0.586138164514029,0.343557947899875
41.255,0.569,22.76,0.303389118419427,0.0920449571753171
41.276,0.738,29.52,0.660693448007596,0.436515832240166
41.294,0.608,24.32,0.363078054770101,0.131825673855641
41.294,0.168,6.72,0.0478630092322639,0.00229086765276777
41.311,0.647,25.88,0.434510224171572,0.188799134909629
41.329,0.311,12.44,0.0924698173938222,0.00855066712884683
41.329,0.556,22.24,0.285759054337495,0.0816582371358593
41.347,0.453,18.12,0.177827941003892,0.0316227766016838
41.365,0.492,19.68,0.212813904598271,0.0452897579903621
41.365,0.699,27.96,0.552077439280757,0.304789498962798
41.382,0.401,16.04,0.139958732257262,0.0195884467350599
41.4,0.673,26.92,0.489778819368446,0.239883291901949
41.4,0.285,11.4,0.0820351544329818,0.00672976656284318
41.418,0.647,25.88,0.434510224171572,0.188799134909629
41.436,0.751,30.04,0.701455298419971,0.492039535681451
41.436,0.608,24.32,0.363078054770101,0.131825673855641
41.454,0.738,29.52,0.660693448007596,0.436515832240166
41.472,0.789,31.56,0.835603018231248,0.698232404077172
41.472,0.712,28.48,0.586138164514029,0.343557947899875
41.489,0.776,31.04,0.787045789695099,0.619441075076782
41.507,0.789,31.56,0.835603018231248,0.698232404077172
41.507,0.776,31.04,0.787045789695099,0.619441075076782
41.527,0.802,32.08,0.887156012037961,0.787045789695099
41.543,0.789,31.56,0.835603018231248,0.698232404077172
41.543,0.802,32.08,0.887156012037961,0.787045789695099
41.562,0.802,32.08,0.887156012037961,0.787045789695099
41.578,0.764,30.56,0.744731973905989,0.554625712957911
41.578,0.802,32.08,0.887156012037961,0.787045789695099
41.597,0.776,31.04,0.787045789695099,0.619441075076782
41.614,0.699,27.96,0.552077439280757,0.304789498962798
41.614,0.776,31.04,0.787045789695099,0.619441075076782
41.632,0.725,29,0.622300285169159,0.387257644921617
41.65,0.595,23.8,0.341979442513709,0.116949939101987
41.65,0.738,29.52,0.660693448007596,0.436515832240166
41.669,0.634,25.36,0.409260659730011,0.167494287602644
41.687,0.246,9.84,0.0685488226452662,0.00469894108605216
41.687,0.66,26.4,0.461317574560379,0.212813904598271
41.705,0.401,16.04,0.139958732257262,0.0195884467350599
41.705,0.518,20.72,0.239883291901949,0.0575439937337157
41.723,0.505,20.2,0.225943577022098,0.0510504999975407
41.74,0.453,18.12,0.177827941003892,0.0316227766016838
41.76,0.686,27.44,0.519995996533516,0.270395836410885
41.76,0.349,13.96,0.110153930954142,0.0121338885046498
41.777,0.66,26.4,0.461317574560379,0.212813904598271
41.777,0.181,7.24,0.0508159442560561,0.0025822601906346
41.795,0.621,24.84,0.385478357665772,0.148593564228701
41.812,0.738,29.52,0.660693448007596,0.436515832240166
41.812,0.569,22.76,0.303389118419427,0.0920449571753171
41.83,0.725,29,0.622300285169159,0.387257644921617
41.848,0.789,31.56,0.835603018231248,0.698232404077172
41.866,0.686,27.44,0.519995996533516,0.270395836410885
41.866,0.802,32.08,0.887156012037961,0.787045789695099
41.884,0.802,32.08,0.887156012037961,0.787045789695099
41.884,0.776,31.04,0.787045789695099,0.619441075076782
41.902,0.802,32.08,0.887156012037961,0.787045789695099
41.919,0.802,32.08,0.887156012037961,0.787045789695099
41.919,0.789,31.56,0.835603018231248,0.698232404077172
41.937,0.802,32.08,0.887156012037961,0.787045789695099
41.954,0.776,31.04,0.787045789695099,0.619441075076782
41.972,0.802,32.08,0.887156012037961,0.787045789695099
41.972,0.789,31.56,0.835603018231248,0.698232404077172
41.99,0.725,29,0.622300285169159,0.387257644921617
42.007,0.776,31.04,0.787045789695099,0.619441075076782
42.007,0.738,29.52,0.660693448007596,0.436515832240166
42.025,0.621,24.84,0.385478357665772,0.148593564228701
42.043,0.751,30.04,0.701455298419971,0.492039535681451
42.043,0.66,26.4,0.461317574560379,0.212813904598271
42.061,0.324,12.96,0.0981747943019985,0.00963829023623972
42.078,0.686,27.44,0.519995996533516,0.270395836410885
42.078,0.44,17.6,0.167494287602644,0.0280543363795171
42.096,0.582,23.28,0.322106879128343,0.103752841581801
42.114,0.518,20.72,0.239883291901949,0.0575439937337157
42.114,0.427,17.08,0.157761126969935,0.0248885731828239
42.133,0.66,26.4,0.461317574560379,0.212813904598271
42.151,0.285,11.4,0.0820351544329818,0.00672976656284318
42.151,0.647,25.88,0.434510224171572,0.188799134909629
42.168,0.738,29.52,0.660693448007596,0.436515832240166
42.186,0.699,27.96,0.552077439280757,0.304789498962798
42.186,0.725,29,0.622300285169159,0.387257644921617
42.203,0.556,22.24,0.285759054337495,0.0816582371358593
42.221,0.712,28.48,0.586138164514029,0.343557947899875
42.221,0.776,31.04,0.787045789695099,0.619441075076782
42.241,0.699,27.96,0.552077439280757,0.304789498962798
42.241,0.751,30.04,0.701455298419971,0.492039535681451
42.258,0.789,31.56,0.835603018231248,0.698232404077172
42.276,0.751,30.04,0.701455298419971,0.492039535681451
42.294,0.789,31.56,0.835603018231248,0.698232404077172
42.295,0.776,31.04,0.787045789695099,0.619441075076782
42.313,0.776,31.04,0.787045789695099,0.619441075076782
42.313,0.789,31.56,0.835603018231248,0.698232404077172
42.331,0.764,30.56,0.744731973905989,0.554625712957911
42.348,0.789,31.56,0.835603018231248,0.698232404077172
42.348,0.764,30.56,0.744731973905989,0.554625712957911
42.366,0.725,29,0.622300285169159,0.387257644921617
42.384,0.776,31.04,0.787045789695099,0.619441075076782
42.401,0.725,29,0.622300285169159,0.387257644921617
42.401,0.621,24.84,0.385478357665772,0.148593564228701
42.418,0.738,29.52,0.660693448007596,0.436515832240166
42.438,0.647,25.88,0.434510224171572,0.188799134909629
42.438,0.388,15.52,0.131825673855641,0.0173780082874938
42.455,0.66,26.4,0.461317574560379,0.212813904598271
42.472,0.479,19.16,0.200447202736516,0.040179081084894
42.473,0.401,16.04,0.139958732257262,0.0195884467350599
42.49,0.621,24.84,0.385478357665772,0.148593564228701
42.509,0.285,11.4,0.0820351544329818,0.00672976656284318
42.509,0.621,24.84,0.385478357665772,0.148593564228701
42.525,0.155,6.2,0.045081670454146,0.00203235701093622
42.544,0.595,23.8,0.341979442513709,0.116949939101987
42.544,0.725,29,0.622300285169159,0.387257644921617
42.562,0.544,21.76,0.270395836410884,0.0731139083483418
42.579,0.686,27.44,0.519995996533516,0.270395836410885
42.58,0.492,19.68,0.212813904598271,0.0452897579903621
42.597,0.673,26.92,0.489778819368446,0.239883291901949
42.614,0.738,29.52,0.660693448007596,0.436515832240166
42.614,0.647,25.88,0.434510224171572,0.188799134909629
42.632,0.725,29,0.622300285169159,0.387257644921617
42.65,0.764,30.56,0.744731973905989,0.554625712957911
42.65,0.712,28.48,0.586138164514029,0.343557947899875
42.668,0.764,30.56,0.744731973905989,0.554625712957911
42.686,0.751,30.04,0.701455298419971,0.492039535681451
42.686,0.751,30.04,0.701455298419971,0.492039535681451
42.703,0.751,30.04,0.701455298419971,0.492039535681451
42.72,0.738,29.52,0.660693448007596,0.436515832240166
42.72,0.751,30.04,0.701455298419971,0.492039535681451
42.739,0.751,30.04,0.701455298419971,0.492039535681451
42.756,0.686,27.44,0.519995996533516,0.270395836410885
42.756,0.738,29.52,0.660693448007596,0.436515832240166
42.774,0.686,27.44,0.519995996533516,0.270395836410885
42.792,0.595,23.8,0.341979442513709,0.116949939101987
42.792,0.699,27.96,0.552077439280757,0.304789498962798
42.811,0.621,24.84,0.385478357665772,0.148593564228701
42.829,0.388,15.52,0.131825673855641,0.0173780082874938
42.829,0.634,25.36,0.409260659730011,0.167494287602644
42.848,0.453,18.12,0.177827941003892,0.0316227766016838
42.865,0.298,11.92,0.0870963589956081,0.00758577575029184
42.865,0.505,20.2,0.225943577022098,0.0510504999975407
42.883,0.22,8.8,0.0608135001278718,0.00369828179780266
42.902,0.647,25.88,0.434510224171572,0.188799134909629
42.902,0.181,7.24,0.0508159442560561,0.0025822601906346
42.919,0.518,20.72,0.239883291901949,0.0575439937337157
42.938,0.634,25.36,0.409260659730011,0.167494287602644
42.938,0.466,18.64,0.188799134909629,0.0356451133426244
42.956,0.621,24.84,0.385478357665772,0.148593564228701
42.956,0.401,16.04,0.139958732257262,0.0195884467350599
42.972,0.595,23.8,0.341979442513709,0.116949939101987
42.991,0.673,26.92,0.489778819368446,0.239883291901949
43.01,0.595,23.8,0.341979442513709,0.116949939101987
43.01,0.647,25.88,0.434510224171572,0.188799134909629
43.028,0.686,27.44,0.519995996533516,0.270395836410885
43.028,0.634,25.36,0.409260659730011,0.167494287602644
43.046,0.673,26.92,0.489778819368446,0.239883291901949
43.064,0.686,27.44,0.519995996533516,0.270395836410885
43.064,0.66,26.4,0.461317574560379,0.212813904598271
43.082,0.673,26.92,0.489778819368446,0.239883291901949
43.101,0.66,26.4,0.461317574560379,0.212813904598271
43.101,0.673,26.92,0.489778819368446,0.239883291901949
43.118,0.673,26.92,0.489778819368446,0.239883291901949
43.137,0.608,24.32,0.363078054770101,0.131825673855641
43.137,0.647,25.88,0.434510224171572,0.188799134909629
43.156,0.621,24.84,0.385478357665772,0.148593564228701
43.174,0.531,21.24,0.254683025258504,0.0648634433548238
43.174,0.621,24.84,0.385478357665772,0.148593564228701
43.191,0.531,21.24,0.254683025258504,0.0648634433548238
43.209,0.336,13.44,0.103752841581801,0.0107646521362983
43.209,0.634,25.36,0.409260659730011,0.167494287602644
43.226,0.388,15.52,0.131825673855641,0.0173780082874938
43.244,0.22,8.8,0.0608135001278718,0.00369828179780266
43.245,0.427,17.08,0.157761126969935,0.0248885731828239
43.263,0.233,9.32,0.0645654229034656,0.00416869383470336
43.281,0.44,17.6,0.167494287602644,0.0280543363795171
43.281,0.194,7.76,0.0539510622515128,0.00291071711806661
43.301,0.401,16.04,0.139958732257262,0.0195884467350599
43.32,0.531,21.24,0.254683025258504,0.0648634433548238
43.32,0.324,12.96,0.0981747943019985,0.00963829023623972
43.339,0.518,20.72,0.239883291901949,0.0575439937337157
43.339,0.259,10.36,0.0727779804536824,0.00529663443891658
43.359,0.492,19.68,0.212813904598271,0.0452897579903621
43.379,0.556,22.24,0.285759054337495,0.0816582371358593
43.379,0.44,17.6,0.167494287602644,0.0280543363795171
43.397,0.544,21.76,0.270395836410884,0.0731139083483418
43.397,0.582,23.28,0.322106879128343,0.103752841581801
43.418,0.531,21.24,0.254683025258504,0.0648634433548238
43.438,0.569,22.76,0.303389118419427,0.0920449571753171
43.438,0.595,23.8,0.341979442513709,0.116949939101987
43.457,0.569,22.76,0.303389118419427,0.0920449571753171
43.457,0.595,23.8,0.341979442513709,0.116949939101987
43.476,0.569,22.76,0.303389118419427,0.0920449571753171
43.493,0.582,23.28,0.322106879128343,0.103752841581801
43.493,0.582,23.28,0.322106879128343,0.103752841581801
43.512,0.569,22.76,0.303389118419427,0.0920449571753171
43.529,0.582,23.28,0.322106879128343,0.103752841581801
43.529,0.544,21.76,0.270395836410884,0.0731139083483418
43.548,0.466,18.64,0.188799134909629,0.0356451133426244
43.566,0.556,22.24,0.285759054337495,0.0816582371358593
43.566,0.479,19.16,0.200447202736516,0.040179081084894
43.584,0.311,12.44,0.0924698173938222,0.00855066712884683
43.602,0.505,20.2,0.225943577022098,0.0510504999975407
43.602,0.362,14.48,0.116949939101987,0.0136772882559585
43.619,0.22,8.8,0.0608135001278718,0.00369828179780266
43.637,0.401,16.04,0.139958732257262,0.0195884467350599
43.637,0.194,7.76,0.0539510622515128,0.00291071711806661
43.655,0.375,15,0.124165230759241,0.0154170045294956
43.674,0.194,7.76,0.0539510622515128,0.00291071711806661
43.674,0.324,12.96,0.0981747943019985,0.00963829023623972
43.691,0.479,19.16,0.200447202736516,0.040179081084894
43.708,0.272,10.88,0.0772680585095703,0.00597035286583838
43.71,0.466,18.64,0.188799134909629,0.0356451133426244
43.727,0.207,8.28,0.057279603098583,0.00328095293113119
43.744,0.44,17.6,0.167494287602644,0.0280543363795171
43.745,0.518,20.72,0.239883291901949,0.0575439937337157
43.763,0.401,16.04,0.139958732257262,0.0195884467350599
43.781,0.518,20.72,0.239883291901949,0.0575439937337157
43.781,0.569,22.76,0.303389118419427,0.0920449571753171
43.8,0.492,19.68,0.212813904598271,0.0452897579903621
43.82,0.569,22.76,0.303389118419427,0.0920449571753171
43.82,0.582,23.28,0.322106879128343,0.103752841581801
43.839,0.544,21.76,0.270395836410884,0.0731139083483418
43.839,0.582,23.28,0.322106879128343,0.103752841581801
43.859,0.556,22.24,0.285759054337495,0.0816582371358593
43.878,0.582,23.28,0.322106879128343,0.103752841581801
43.878,0.569,22.76,0.303389118419427,0.0920449571753171
43.898,0.531,21.24,0.254683025258504,0.0648634433548238
43.898,0.569,22.76,0.303389118419427,0.0920449571753171
43.917,0.544,21.76,0.270395836410884,0.0731139083483418
43.936,0.479,19.16,0.200447202736516,0.040179081084894
43.936,0.556,22.24,0.285759054337495,0.0816582371358593
43.955,0.505,20.2,0.225943577022098,0.0510504999975407
43.973,0.349,13.96,0.110153930954142,0.0121338885046498
43.973,0.518,20.72,0.239883291901949,0.0575439937337157
43.992,0.401,16.04,0.139958732257262,0.0195884467350599
43.992,0.155,6.2,0.045081670454146,0.00203235701093622
44.011,0.44,17.6,0.167494287602644,0.0280543363795171
44.03,0.194,7.76,0.0539510622515128,0.00291071711806661
44.03,0.362,14.48,0.116949939101987,0.0136772882559585
44.05,0.259,10.36,0.0727779804536824,0.00529663443891658
44.07,0.311,12.44,0.0924698173938222,0.00855066712884683
44.07,0.492,19.68,0.212813904598271,0.0452897579903621
44.09,0.272,10.88,0.0772680585095703,0.00597035286583838
44.09,0.479,19.16,0.200447202736516,0.040179081084894
44.108,0.22,8.8,0.0608135001278718,0.00369828179780266
44.128,0.453,18.12,0.177827941003892,0.0316227766016838
44.128,0.556,22.24,0.285759054337495,0.0816582371358593
44.148,0.414,16.56,0.148593564228701,0.022080047330189
44.148,0.544,21.76,0.270395836410884,0.0731139083483418
44.168,0.595,23.8,0.341979442513709,0.116949939101987
44.186,0.518,20.72,0.239883291901949,0.0575439937337157
44.186,0.582,23.28,0.322106879128343,0.103752841581801
44.205,0.608,24.32,0.363078054770101,0.131825673855641
44.224,0.582,23.28,0.322106879128343,0.103752841581801
44.224,0.608,24.32,0.363078054770101,0.131825673855641
44.244,0.608,24.32,0.363078054770101,0.131825673855641
44.244,0.608,24.32,0.363078054770101,0.131825673855641
44.265,0.608,24.32,0.363078054770101,0.131825673855641
44.282,0.582,23.28,0.322106879128343,0.103752841581801
44.282,0.621,24.84,0.385478357665772,0.148593564228701
44.301,0.582,23.28,0.322106879128343,0.103752841581801
44.32,0.518,20.72,0.239883291901949,0.0575439937337157
44.32,0.608,24.32,0.363078054770101,0.131825673855641
44.339,0.544,21.76,0.270395836410884,0.0731139083483418
44.339,0.414,16.56,0.148593564228701,0.022080047330189
44.357,0.556,22.24,0.285759054337495,0.0816582371358593
44.375,0.453,18.12,0.177827941003892,0.0316227766016838
44.375,0.168,6.72,0.0478630092322639,0.00229086765276777
44.393,0.479,19.16,0.200447202736516,0.040179081084894
44.411,0.233,9.32,0.0645654229034656,0.00416869383470336
44.411,0.362,14.48,0.116949939101987,0.0136772882559585
44.43,0.479,19.16,0.200447202736516,0.040179081084894
44.447,0.298,11.92,0.0870963589956081,0.00758577575029184
44.447,0.505,20.2,0.225943577022098,0.0510504999975407
44.464,0.246,9.84,0.0685488226452662,0.00469894108605216
44.482,0.479,19.16,0.200447202736516,0.040179081084894
44.482,0.181,7.24,0.0508159442560561,0.0025822601906346
44.5,0.453,18.12,0.177827941003892,0.0316227766016838
44.519,0.569,22.76,0.303389118419427,0.0920449571753171
44.519,0.427,17.08,0.157761126969935,0.0248885731828239
44.538,0.556,22.24,0.285759054337495,0.0816582371358593
44.556,0.608,24.32,0.363078054770101,0.131825673855641
44.556,0.544,21.76,0.270395836410884,0.0731139083483418
44.574,0.608,24.32,0.363078054770101,0.131825673855641
44.591,0.647,25.88,0.434510224171572,0.188799134909629
44.591,0.608,24.32,0.363078054770101,0.131825673855641
44.61,0.647,25.88,0.434510224171572,0.188799134909629
44.627,0.647,25.88,0.434510224171572,0.188799134909629
44.627,0.634,25.36,0.409260659730011,0.167494287602644
44.645,0.647,25.88,0.434510224171572,0.188799134909629
44.664,0.621,24.84,0.385478357665772,0.148593564228701
44.664,0.66,26.4,0.461317574560379,0.212813904598271
44.682,0.634,25.36,0.409260659730011,0.167494287602644
44.701,0.569,22.76,0.303389118419427,0.0920449571753171
44.701,0.634,25.36,0.409260659730011,0.167494287602644
44.719,0.595,23.8,0.341979442513709,0.116949939101987
44.719,0.453,18.12,0.177827941003892,0.0316227766016838
44.74,0.608,24.32,0.363078054770101,0.131825673855641
44.759,0.492,19.68,0.212813904598271,0.0452897579903621
44.759,0.207,8.28,0.057279603098583,0.00328095293113119
44.779,0.518,20.72,0.239883291901949,0.0575439937337157
44.779,0.285,11.4,0.0820351544329818,0.00672976656284318
44.797,0.375,15,0.124165230759241,0.0154170045294956
44.815,0.362,14.48,0.116949939101987,0.0136772882559585
44.815,0.298,11.92,0.0870963589956081,0.00758577575029184
44.832,0.518,20.72,0.239883291901949,0.0575439937337157
44.851,0.427,17.08,0.157761126969935,0.0248885731828239
44.851,0.505,20.2,0.225943577022098,0.0510504999975407
44.869,0.453,18.12,0.177827941003892,0.0316227766016838
44.887,0.466,18.64,0.188799134909629,0.0356451133426244
44.887,0.582,23.28,0.322106879128343,0.103752841581801
44.904,0.427,17.08,0.157761126969935,0.0248885731828239
44.923,0.582,23.28,0.322106879128343,0.103752841581801
44.923,0.647,25.88,0.434510224171572,0.188799134909629
44.941,0.569,22.76,0.303389118419427,0.0920449571753171
44.96,0.647,25.88,0.434510224171572,0.188799134909629
44.96,0.673,26.92,0.489778819368446,0.239883291901949
44.979,0.634,25.36,0.409260659730011,0.167494287602644
44.997,0.66,26.4,0.461317574560379,0.212813904598271
44.997,0.673,26.92,0.489778819368446,0.239883291901949
45.015,0.66,26.4,0.461317574560379,0.212813904598271
45.032,0.673,26.92,0.489778819368446,0.239883291901949
45.032,0.647,25.88,0.434510224171572,0.188799134909629
45.051,0.673,26.92,0.489778819368446,0.239883291901949
45.071,0.66,26.4,0.461317574560379,0.212813904598271
45.071,0.595,23.8,0.341979442513709,0.116949939101987
45.088,0.66,26.4,0.461317574560379,0.212813904598271
45.088,0.608,24.32,0.363078054770101,0.131825673855641
45.106,0.505,20.2,0.225943577022098,0.0510504999975407
45.123,0.634,25.36,0.409260659730011,0.167494287602644
45.124,0.531,21.24,0.254683025258504,0.0648634433548238
45.141,0.285,11.4,0.0820351544329818,0.00672976656284318
45.16,0.556,22.24,0.285759054337495,0.0816582371358593
45.16,0.349,13.96,0.110153930954142,0.0121338885046498
45.178,0.324,12.96,0.0981747943019985,0.00963829023623972
45.197,0.414,16.56,0.148593564228701,0.022080047330189
45.197,0.246,9.84,0.0685488226452662,0.00469894108605216
45.215,0.518,20.72,0.239883291901949,0.0575439937337157
45.233,0.155,6.2,0.045081670454146,0.00203235701093622
45.233,0.492,19.68,0.212813904598271,0.0452897579903621
45.251,0.608,24.32,0.363078054770101,0.131825673855641
45.269,0.44,17.6,0.167494287602644,0.0280543363795171
45.269,0.582,23.28,0.322106879128343,0.103752841581801
45.287,0.388,15.52,0.131825673855641,0.0173780082874938
45.306,0.569,22.76,0.303389118419427,0.0920449571753171
45.306,0.647,25.88,0.434510224171572,0.188799134909629
45.324,0.544,21.76,0.270395836410884,0.0731139083483418
45.344,0.634,25.36,0.409260659730011,0.167494287602644
45.344,0.673,26.92,0.489778819368446,0.239883291901949
45.364,0.621,24.84,0.385478357665772,0.148593564228701
45.364,0.673,26.92,0.489778819368446,0.239883291901949
45.381,0.673,26.92,0.489778819368446,0.239883291901949
45.4,0.66,26.4,0.461317574560379,0.212813904598271
45.4,0.686,27.44,0.519995996533516,0.270395836410885
45.418,0.647,25.88,0.434510224171572,0.188799134909629
45.436,0.673,26.92,0.489778819368446,0.239883291901949
45.436,0.66,26.4,0.461317574560379,0.212813904598271
45.453,0.608,24.32,0.363078054770101,0.131825673855641
45.472,0.673,26.92,0.489778819368446,0.239883291901949
45.472,0.634,25.36,0.409260659730011,0.167494287602644
45.489,0.518,20.72,0.239883291901949,0.0575439937337157
45.508,0.634,25.36,0.409260659730011,0.167494287602644
45.508,0.544,21.76,0.270395836410884,0.0731139083483418
45.526,0.311,12.44,0.0924698173938222,0.00855066712884683
45.543,0.582,23.28,0.322106879128343,0.103752841581801
45.543,0.388,15.52,0.131825673855641,0.0173780082874938
45.562,0.298,11.92,0.0870963589956081,0.00758577575029184
45.58,0.453,18.12,0.177827941003892,0.0316227766016838
45.58,0.233,9.32,0.0645654229034656,0.00416869383470336
45.598,0.505,20.2,0.225943577022098,0.0510504999975407
45.617,0.181,7.24,0.0508159442560561,0.0025822601906346
45.617,0.492,19.68,0.212813904598271,0.0452897579903621
45.635,0.608,24.32,0.363078054770101,0.131825673855641
45.653,0.453,18.12,0.177827941003892,0.0316227766016838
45.653,0.595,23.8,0.341979442513709,0.116949939101987
45.672,0.401,16.04,0.139958732257262,0.0195884467350599
45.672,0.569,22.76,0.303389118419427,0.0920449571753171
45.69,0.647,25.88,0.434510224171572,0.188799134909629
45.708,0.544,21.76,0.270395836410884,0.0731139083483418
45.708,0.634,25.36,0.409260659730011,0.167494287602644
45.726,0.686,27.44,0.519995996533516,0.270395836410885
45.745,0.621,24.84,0.385478357665772,0.148593564228701
45.745,0.66,26.4,0.461317574560379,0.212813904598271
45.764,0.673,26.92,0.489778819368446,0.239883291901949
45.782,0.673,26.92,0.489778819368446,0.239883291901949
45.783,0.686,27.44,0.519995996533516,0.270395836410885
45.801,0.66,26.4,0.461317574560379,0.212813904598271
45.819,0.686,27.44,0.519995996533516,0.270395836410885
45.819,0.673,26.92,0.489778819368446,0.239883291901949
45.838,0.621,24.84,0.385478357665772,0.148593564228701
45.838,0.673,26.92,0.489778819368446,0.239883291901949
45.856,0.634,25.36,0.409260659730011,0.167494287602644
45.874,0.556,22.24,0.285759054337495,0.0816582371358593
45.874,0.647,25.88,0.434510224171572,0.188799134909629
45.892,0.569,22.76,0.303389118419427,0.0920449571753171
45.909,0.375,15,0.124165230759241,0.0154170045294956
45.91,0.595,23.8,0.341979442513709,0.116949939101987
45.928,0.44,17.6,0.167494287602644,0.0280543363795171
45.946,0.246,9.84,0.0685488226452662,0.00469894108605216
45.946,0.492,19.68,0.212813904598271,0.0452897579903621
45.964,0.142,5.68,0.0424619563946313,0.00180301774085957
45.982,0.492,19.68,0.212813904598271,0.0452897579903621
45.982,0.22,8.8,0.0608135001278718,0.00369828179780266
46.001,0.466,18.64,0.188799134909629,0.0356451133426244
46.018,0.608,24.32,0.363078054770101,0.131825673855641
46.018,0.414,16.56,0.148593564228701,0.022080047330189
46.036,0.595,23.8,0.341979442513709,0.116949939101987
46.055,0.324,12.96,0.0981747943019985,0.00963829023623972
46.055,0.556,22.24,0.285759054337495,0.0816582371358593
46.074,0.647,25.88,0.434510224171572,0.188799134909629
46.091,0.531,21.24,0.254683025258504,0.0648634433548238
46.091,0.647,25.88,0.434510224171572,0.188799134909629
46.111,0.686,27.44,0.519995996533516,0.270395836410885
46.128,0.621,24.84,0.385478357665772,0.148593564228701
46.128,0.686,27.44,0.519995996533516,0.270395836410885
46.146,0.686,27.44,0.519995996533516,0.270395836410885
46.164,0.673,26.92,0.489778819368446,0.239883291901949
46.165,0.686,27.44,0.519995996533516,0.270395836410885
46.181,0.673,26.92,0.489778819368446,0.239883291901949
46.2,0.686,27.44,0.519995996533516,0.270395836410885
46.2,0.686,27.44,0.519995996533516,0.270395836410885
46.217,0.634,25.36,0.409260659730011,0.167494287602644
46.237,0.686,27.44,0.519995996533516,0.270395836410885
46.237,0.647,25.88,0.434510224171572,0.188799134909629
46.254,0.556,22.24,0.285759054337495,0.0816582371358593
46.254,0.66,26.4,0.461317574560379,0.212813904598271
46.275,0.621,24.84,0.385478357665772,0.148593564228701
46.293,0.414,16.56,0.148593564228701,0.022080047330189
46.293,0.608,24.32,0.363078054770101,0.131825673855641
46.311,0.466,18.64,0.188799134909629,0.0356451133426244
46.329,0.207,8.28,0.057279603098583,0.00328095293113119
46.329,0.505,20.2,0.225943577022098,0.0510504999975407
46.349,0.181,7.24,0.0508159442560561,0.0025822601906346
46.369,0.479,19.16,0.200447202736516,0.040179081084894
46.369,0.246,9.84,0.0685488226452662,0.00469894108605216
46.387,0.518,20.72,0.239883291901949,0.0575439937337157
46.387,0.595,23.8,0.341979442513709,0.116949939101987
46.404,0.388,15.52,0.131825673855641,0.0173780082874938
46.423,0.569,22.76,0.303389118419427,0.0920449571753171
46.423,0.298,11.92,0.0870963589956081,0.00758577575029184
46.441,0.544,21.76,0.270395836410884,0.0731139083483418
46.459,0.647,25.88,0.434510224171572,0.188799134909629
46.459,0.518,20.72,0.239883291901949,0.0575439937337157
46.477,0.634,25.36,0.409260659730011,0.167494287602644
46.496,0.686,27.44,0.519995996533516,0.270395836410885
46.496,0.621,24.84,0.385478357665772,0.148593564228701
46.513,0.686,27.44,0.519995996533516,0.270395836410885
46.531,0.699,27.96,0.552077439280757,0.304789498962798
46.531,0.66,26.4,0.461317574560379,0.212813904598271
46.551,0.699,27.96,0.552077439280757,0.304789498962798
46.569,0.686,27.44,0.519995996533516,0.270395836410885
46.569,0.699,27.96,0.552077439280757,0.304789498962798
46.588,0.699,27.96,0.552077439280757,0.304789498962798
46.588,0.673,26.92,0.489778819368446,0.239883291901949
46.607,0.699,27.96,0.552077439280757,0.304789498962798
46.624,0.673,26.92,0.489778819368446,0.239883291901949
46.624,0.595,23.8,0.341979442513709,0.116949939101987
46.643,0.686,27.44,0.519995996533516,0.270395836410885
46.66,0.621,24.84,0.385478357665772,0.148593564228701
46.66,0.453,18.12,0.177827941003892,0.0316227766016838
46.678,0.634,25.36,0.409260659730011,0.167494287602644
46.697,0.505,20.2,0.225943577022098,0.0510504999975407
46.697,0.207,8.28,0.057279603098583,0.00328095293113119
46.715,0.544,21.76,0.270395836410884,0.0731139083483418
46.733,0.207,8.28,0.057279603098583,0.00328095293113119
46.733,0.479,19.16,0.200447202736516,0.040179081084894
46.75,0.324,12.96,0.0981747943019985,0.00963829023623972
46.768,0.414,16.56,0.148593564228701,0.022080047330189
46.769,0.608,24.32,0.363078054770101,0.131825673855641
46.786,0.336,13.44,0.103752841581801,0.0107646521362983
46.804,0.582,23.28,0.322106879128343,0.103752841581801
46.804,0.246,9.84,0.0685488226452662,0.00469894108605216
46.824,0.569,22.76,0.303389118419427,0.0920449571753171
46.841,0.66,26.4,0.461317574560379,0.212813904598271
46.841,0.531,21.24,0.254683025258504,0.0648634433548238
46.861,0.66,26.4,0.461317574560379,0.212813904598271
46.88,0.699,27.96,0.552077439280757,0.304789498962798
46.88,0.634,25.36,0.409260659730011,0.167494287602644
46.9,0.699,27.96,0.552077439280757,0.304789498962798
46.901,0.712,28.48,0.586138164514029,0.343557947899875
46.92,0.686,27.44,0.519995996533516,0.270395836410885
46.94,0.712,28.48,0.586138164514029,0.343557947899875
46.94,0.712,28.48,0.586138164514029,0.343557947899875
46.96,0.712,28.48,0.586138164514029,0.343557947899875
46.96,0.712,28.48,0.586138164514029,0.343557947899875
46.983,0.673,26.92,0.489778819368446,0.239883291901949
46.983,0.712,28.48,0.586138164514029,0.343557947899875
47.004,0.725,29,0.622300285169159,0.387257644921617
47.024,0.621,24.84,0.385478357665772,0.148593564228701
47.024,0.699,27.96,0.552077439280757,0.304789498962798
47.052,0.634,25.36,0.409260659730011,0.167494287602644
47.052,0.505,20.2,0.225943577022098,0.0510504999975407
47.074,0.647,25.88,0.434510224171572,0.188799134909629
47.074,0.544,21.76,0.270395836410884,0.0731139083483418
47.094,0.207,8.28,0.057279603098583,0.00328095293113119
47.094,0.569,22.76,0.303389118419427,0.0920449571753171
47.112,0.298,11.92,0.0870963589956081,0.00758577575029184
47.112,0.453,18.12,0.177827941003892,0.0316227766016838
47.133,0.388,15.52,0.131825673855641,0.0173780082874938
47.153,0.388,15.52,0.131825673855641,0.0173780082874938
47.153,0.608,24.32,0.363078054770101,0.131825673855641
47.173,0.324,12.96,0.0981747943019985,0.00963829023623972
47.173,0.595,23.8,0.341979442513709,0.116949939101987
47.193,0.207,8.28,0.057279603098583,0.00328095293113119
47.211,0.556,22.24,0.285759054337495,0.0816582371358593
47.211,0.673,26.92,0.489778819368446,0.239883291901949
47.23,0.518,20.72,0.239883291901949,0.0575439937337157
47.25,0.66,26.4,0.461317574560379,0.212813904598271
47.25,0.725,29,0.622300285169159,0.387257644921617
47.268,0.634,25.36,0.409260659730011,0.167494287602644
47.269,0.712,28.48,0.586138164514029,0.343557947899875
47.289,0.738,29.52,0.660693448007596,0.436515832240166
47.309,0.712,28.48,0.586138164514029,0.343557947899875
47.309,0.712,28.48,0.586138164514029,0.343557947899875
47.328,0.725,29,0.622300285169159,0.387257644921617
47.328,0.712,28.48,0.586138164514029,0.343557947899875
47.348,0.712,28.48,0.586138164514029,0.343557947899875
47.37,0.686,27.44,0.519995996533516,0.270395836410885
47.371,0.712,28.48,0.586138164514029,0.343557947899875
47.392,0.699,27.96,0.552077439280757,0.304789498962798
47.392,0.621,24.84,0.385478357665772,0.148593564228701
47.415,0.712,28.48,0.586138164514029,0.343557947899875
47.415,0.634,25.36,0.409260659730011,0.167494287602644
47.438,0.518,20.72,0.239883291901949,0.0575439937337157
47.438,0.66,26.4,0.461317574560379,0.212813904598271
47.464,0.544,21.76,0.270395836410884,0.0731139083483418
47.464,0.569,22.76,0.303389118419427,0.0920449571753171
47.486,0.582,23.28,0.322106879128343,0.103752841581801
47.486,0.324,12.96,0.0981747943019985,0.00963829023623972
47.507,0.401,16.04,0.139958732257262,0.0195884467350599
47.507,0.388,15.52,0.131825673855641,0.0173780082874938
47.528,0.349,13.96,0.110153930954142,0.0121338885046498
47.547,0.569,22.76,0.303389118419427,0.0920449571753171
47.547,0.259,10.36,0.0727779804536824,0.00529663443891658
47.568,0.544,21.76,0.270395836410884,0.0731139083483418
47.568,0.194,7.76,0.0539510622515128,0.00291071711806661
47.59,0.518,20.72,0.239883291901949,0.0575439937337157
47.59,0.634,25.36,0.409260659730011,0.167494287602644
47.609,0.466,18.64,0.188799134909629,0.0356451133426244
47.628,0.608,24.32,0.363078054770101,0.131825673855641
47.628,0.673,26.92,0.489778819368446,0.239883291901949
47.646,0.595,23.8,0.341979442513709,0.116949939101987
47.665,0.673,26.92,0.489778819368446,0.239883291901949
47.665,0.699,27.96,0.552077439280757,0.304789498962798
47.683,0.66,26.4,0.461317574560379,0.212813904598271
47.702,0.699,27.96,0.552077439280757,0.304789498962798
47.702,0.712,28.48,0.586138164514029,0.343557947899875
47.721,0.699,27.96,0.552077439280757,0.304789498962798
47.721,0.712,28.48,0.586138164514029,0.343557947899875
47.74,0.712,28.48,0.586138164514029,0.343557947899875
47.758,0.738,29.52,0.660693448007596,0.436515832240166
47.758,0.725,29,0.622300285169159,0.387257644921617
47.777,0.673,26.92,0.489778819368446,0.239883291901949
47.795,0.738,29.52,0.660693448007596,0.436515832240166
47.795,0.699,27.96,0.552077439280757,0.304789498962798
47.814,0.582,23.28,0.322106879128343,0.103752841581801
47.833,0.712,28.48,0.586138164514029,0.343557947899875
47.833,0.608,24.32,0.363078054770101,0.131825673855641
47.852,0.324,12.96,0.0981747943019985,0.00963829023623972
47.852,0.634,25.36,0.409260659730011,0.167494287602644
47.873,0.414,16.56,0.148593564228701,0.022080047330189
47.891,0.414,16.56,0.148593564228701,0.022080047330189
47.891,0.479,19.16,0.200447202736516,0.040179081084894
47.91,0.298,11.92,0.0870963589956081,0.00758577575029184
47.91,0.595,23.8,0.341979442513709,0.116949939101987
47.929,0.246,9.84,0.0685488226452662,0.00469894108605216
47.947,0.531,21.24,0.254683025258504,0.0648634433548238
47.947,0.647,25.88,0.434510224171572,0.188799134909629
47.966,0.479,19.16,0.200447202736516,0.040179081084894
47.984,0.621,24.84,0.385478357665772,0.148593564228701
47.984,0.427,17.08,0.157761126969935,0.0248885731828239
48.004,0.595,23.8,0.341979442513709,0.116949939101987
48.021,0.673,26.92,0.489778819368446,0.239883291901949
48.021,0.582,23.28,0.322106879128343,0.103752841581801
48.04,0.673,26.92,0.489778819368446,0.239883291901949
48.059,0.712,28.48,0.586138164514029,0.343557947899875
48.059,0.66,26.4,0.461317574560379,0.212813904598271
48.077,0.712,28.48,0.586138164514029,0.343557947899875
48.077,0.725,29,0.622300285169159,0.387257644921617
48.096,0.712,28.48,0.586138164514029,0.343557947899875
48.114,0.725,29,0.622300285169159,0.387257644921617
48.114,0.699,27.96,0.552077439280757,0.304789498962798
48.133,0.725,29,0.622300285169159,0.387257644921617
48.151,0.712,28.48,0.586138164514029,0.343557947899875
48.151,0.647,25.88,0.434510224171572,0.188799134909629
48.169,0.712,28.48,0.586138164514029,0.343557947899875
48.188,0.66,26.4,0.461317574560379,0.212813904598271
48.188,0.556,22.24,0.285759054337495,0.0816582371358593
48.207,0.673,26.92,0.489778819368446,0.239883291901949
48.227,0.582,23.28,0.322106879128343,0.103752841581801
48.227,0.349,13.96,0.110153930954142,0.0121338885046498
48.244,0.621,24.84,0.385478357665772,0.148593564228701
48.244,0.427,17.08,0.157761126969935,0.0248885731828239
48.263,0.349,13.96,0.110153930954142,0.0121338885046498
48.28,0.466,18.64,0.188799134909629,0.0356451133426244
48.28,0.272,10.88,0.0772680585095703,0.00597035286583838
48.298,0.556,22.24,0.285759054337495,0.0816582371358593
48.316,0.194,7.76,0.0539510622515128,0.00291071711806661
48.316,0.518,20.72,0.239883291901949,0.0575439937337157
48.335,0.647,25.88,0.434510224171572,0.188799134909629
48.354,0.479,19.16,0.200447202736516,0.040179081084894
48.354,0.621,24.84,0.385478357665772,0.148593564228701
48.373,0.427,17.08,0.157761126969935,0.0248885731828239
48.393,0.608,24.32,0.363078054770101,0.131825673855641
48.393,0.673,26.92,0.489778819368446,0.239883291901949
48.412,0.582,23.28,0.322106879128343,0.103752841581801
48.412,0.686,27.44,0.519995996533516,0.270395836410885
48.43,0.712,28.48,0.586138164514029,0.343557947899875
48.448,0.673,26.92,0.489778819368446,0.239883291901949
48.448,0.712,28.48,0.586138164514029,0.343557947899875
48.466,0.738,29.52,0.660693448007596,0.436515832240166
48.485,0.712,28.48,0.586138164514029,0.343557947899875
48.485,0.725,29,0.622300285169159,0.387257644921617
48.504,0.712,28.48,0.586138164514029,0.343557947899875
48.522,0.725,29,0.622300285169159,0.387257644921617
48.522,0.725,29,0.622300285169159,0.387257644921617
48.539,0.673,26.92,0.489778819368446,0.239883291901949
48.557,0.712,28.48,0.586138164514029,0.343557947899875
48.557,0.686,27.44,0.519995996533516,0.270395836410885
48.575,0.569,22.76,0.303389118419427,0.0920449571753171
48.595,0.673,26.92,0.489778819368446,0.239883291901949
48.595,0.595,23.8,0.341979442513709,0.116949939101987
48.613,0.388,15.52,0.131825673855641,0.0173780082874938
48.613,0.608,24.32,0.363078054770101,0.131825673855641
48.63,0.453,18.12,0.177827941003892,0.0316227766016838
48.649,0.285,11.4,0.0820351544329818,0.00672976656284318
48.649,0.518,20.72,0.239883291901949,0.0575439937337157
48.666,0.207,8.28,0.057279603098583,0.00328095293113119
48.685,0.531,21.24,0.254683025258504,0.0648634433548238
48.685,0.22,8.8,0.0608135001278718,0.00369828179780266
48.702,0.518,20.72,0.239883291901949,0.0575439937337157
48.721,0.647,25.88,0.434510224171572,0.188799134909629
48.721,0.466,18.64,0.188799134909629,0.0356451133426244
48.738,0.634,25.36,0.409260659730011,0.167494287602644
48.757,0.401,16.04,0.139958732257262,0.0195884467350599
48.757,0.608,24.32,0.363078054770101,0.131825673855641
48.776,0.699,27.96,0.552077439280757,0.304789498962798
48.794,0.595,23.8,0.341979442513709,0.116949939101987
48.794,0.673,26.92,0.489778819368446,0.239883291901949
48.812,0.725,29,0.622300285169159,0.387257644921617
48.829,0.673,26.92,0.489778819368446,0.239883291901949
48.829,0.738,29.52,0.660693448007596,0.436515832240166
48.848,0.725,29,0.622300285169159,0.387257644921617
48.866,0.712,28.48,0.586138164514029,0.343557947899875
48.866,0.725,29,0.622300285169159,0.387257644921617
48.884,0.712,28.48,0.586138164514029,0.343557947899875
48.902,0.725,29,0.622300285169159,0.387257644921617
48.904,0.712,28.48,0.586138164514029,0.343557947899875
48.921,0.673,26.92,0.489778819368446,0.239883291901949
48.938,0.712,28.48,0.586138164514029,0.343557947899875
48.938,0.673,26.92,0.489778819368446,0.239883291901949
48.956,0.595,23.8,0.341979442513709,0.116949939101987
48.975,0.686,27.44,0.519995996533516,0.270395836410885
48.975,0.621,24.84,0.385478357665772,0.148593564228701
48.992,0.479,19.16,0.200447202736516,0.040179081084894
49.011,0.634,25.36,0.409260659730011,0.167494287602644
49.011,0.479,19.16,0.200447202736516,0.040179081084894
49.03,0.233,9.32,0.0645654229034656,0.00416869383470336
49.031,0.531,21.24,0.254683025258504,0.0648634433548238
49.048,0.246,9.84,0.0685488226452662,0.00469894108605216
49.067,0.518,20.72,0.239883291901949,0.0575439937337157
49.067,0.233,9.32,0.0645654229034656,0.00416869383470336
49.084,0.492,19.68,0.212813904598271,0.0452897579903621
49.102,0.634,25.36,0.409260659730011,0.167494287602644
49.102,0.44,17.6,0.167494287602644,0.0280543363795171
49.121,0.608,24.32,0.363078054770101,0.131825673855641
49.139,0.362,14.48,0.116949939101987,0.0136772882559585
49.139,0.595,23.8,0.341979442513709,0.116949939101987
49.157,0.673,26.92,0.489778819368446,0.239883291901949
49.175,0.556,22.24,0.285759054337495,0.0816582371358593
49.175,0.66,26.4,0.461317574560379,0.212813904598271
49.192,0.712,28.48,0.586138164514029,0.343557947899875
49.21,0.647,25.88,0.434510224171572,0.188799134909629
49.21,0.712,28.48,0.586138164514029,0.343557947899875
49.229,0.725,29,0.622300285169159,0.387257644921617
49.248,0.699,27.96,0.552077439280757,0.304789498962798
49.248,0.725,29,0.622300285169159,0.387257644921617
49.266,0.712,28.48,0.586138164514029,0.343557947899875
49.286,0.725,29,0.622300285169159,0.387257644921617
49.286,0.712,28.48,0.586138164514029,0.343557947899875
49.305,0.673,26.92,0.489778819368446,0.239883291901949
49.305,0.725,29,0.622300285169159,0.387257644921617
49.326,0.686,27.44,0.519995996533516,0.270395836410885
49.345,0.595,23.8,0.341979442513709,0.116949939101987
49.345,0.699,27.96,0.552077439280757,0.304789498962798
49.365,0.621,24.84,0.385478357665772,0.148593564228701
49.365,0.453,18.12,0.177827941003892,0.0316227766016838
49.384,0.647,25.88,0.434510224171572,0.188799134909629
49.404,0.505,20.2,0.225943577022098,0.0510504999975407
49.404,0.22,8.8,0.0608135001278718,0.00369828179780266
49.422,0.544,21.76,0.270395836410884,0.0731139083483418
49.441,0.207,8.28,0.057279603098583,0.00328095293113119
49.441,0.505,20.2,0.225943577022098,0.0510504999975407
49.46,0.531,21.24,0.254683025258504,0.0648634433548238
49.46,0.466,18.64,0.188799134909629,0.0356451133426244
49.477,0.621,24.84,0.385478357665772,0.148593564228701
49.497,0.388,15.52,0.131825673855641,0.0173780082874938
49.497,0.608,24.32,0.363078054770101,0.131825673855641
49.516,0.298,11.92,0.0870963589956081,0.00758577575029184
49.534,0.569,22.76,0.303389118419427,0.0920449571753171
49.535,0.673,26.92,0.489778819368446,0.239883291901949
49.554,0.544,21.76,0.270395836410884,0.0731139083483418
49.554,0.66,26.4,0.461317574560379,0.212813904598271
49.574,0.699,27.96,0.552077439280757,0.304789498962798
49.593,0.647,25.88,0.434510224171572,0.188799134909629
49.593,0.712,28.48,0.586138164514029,0.343557947899875
49.612,0.725,29,0.622300285169159,0.387257644921617
49.63,0.699,27.96,0.552077439280757,0.304789498962798
49.63,0.725,29,0.622300285169159,0.387257644921617
49.649,0.699,27.96,0.552077439280757,0.304789498962798
49.649,0.725,29,0.622300285169159,0.387257644921617
49.667,0.712,28.48,0.586138164514029,0.343557947899875
49.685,0.673,26.92,0.489778819368446,0.239883291901949
49.685,0.712,28.48,0.586138164514029,0.343557947899875
49.703,0.686,27.44,0.519995996533516,0.270395836410885
49.721,0.608,24.32,0.363078054770101,0.131825673855641
49.722,0.699,27.96,0.552077439280757,0.304789498962798
49.738,0.634,25.36,0.409260659730011,0.167494287602644
49.756,0.479,19.16,0.200447202736516,0.040179081084894
49.756,0.647,25.88,0.434510224171572,0.188799134909629
49.775,0.531,21.24,0.254683025258504,0.0648634433548238
49.792,0.168,6.72,0.0478630092322639,0.00229086765276777
49.793,0.556,22.24,0.285759054337495,0.0816582371358593
49.811,0.259,10.36,0.0727779804536824,0.00529663443891658
49.828,0.466,18.64,0.188799134909629,0.0356451133426244
49.828,0.349,13.96,0.110153930954142,0.0121338885046498
49.846,0.44,17.6,0.167494287602644,0.0280543363795171
49.865,0.608,24.32,0.363078054770101,0.131825673855641
49.865,0.336,13.44,0.103752841581801,0.0107646521362983
49.883,0.582,23.28,0.322106879128343,0.103752841581801
49.901,0.246,9.84,0.0685488226452662,0.00469894108605216
49.901,0.544,21.76,0.270395836410884,0.0731139083483418
49.92,0.66,26.4,0.461317574560379,0.212813904598271
49.937,0.531,21.24,0.254683025258504,0.0648634433548238
49.937,0.66,26.4,0.461317574560379,0.212813904598271
49.955,0.712,28.48,0.586138164514029,0.343557947899875
49.973,0.634,25.36,0.409260659730011,0.167494287602644
49.973,0.699,27.96,0.552077439280757,0.304789498962798
49.992,0.712,28.48,0.586138164514029,0.343557947899875
50.011,0.686,27.44,0.519995996533516,0.270395836410885
50.011,0.712,28.48,0.586138164514029,0.343557947899875
50.03,0.712,28.48,0.586138164514029,0.343557947899875
50.03,0.712,28.48,0.586138164514029,0.343557947899875
50.048,0.725,29,0.622300285169159,0.387257644921617
50.067,0.686,27.44,0.519995996533516,0.270395836410885
50.067,0.725,29,0.622300285169159,0.387257644921617
50.087,0.686,27.44,0.519995996533516,0.270395836410885
50.104,0.621,24.84,0.385478357665772,0.148593564228701
50.104,0.699,27.96,0.552077439280757,0.304789498962798
50.123,0.647,25.88,0.434510224171572,0.188799134909629
50.141,0.505,20.2,0.225943577022098,0.0510504999975407
50.141,0.66,26.4,0.461317574560379,0.212813904598271
50.159,0.544,21.76,0.270395836410884,0.0731139083483418
50.176,0.155,6.2,0.045081670454146,0.00203235701093622
50.176,0.556,22.24,0.285759054337495,0.0816582371358593
50.195,0.285,11.4,0.0820351544329818,0.00672976656284318
50.213,0.453,18.12,0.177827941003892,0.0316227766016838
50.213,0.375,15,0.124165230759241,0.0154170045294956
50.231,0.388,15.52,0.131825673855641,0.0173780082874938
50.247,0.595,23.8,0.341979442513709,0.116949939101987
50.249,0.285,11.4,0.0820351544329818,0.00672976656284318
50.266,0.569,22.76,0.303389118419427,0.0920449571753171
50.283,0.233,9.32,0.0645654229034656,0.00416869383470336
50.283,0.544,21.76,0.270395836410884,0.0731139083483418
50.302,0.66,26.4,0.461317574560379,0.212813904598271
50.32,0.518,20.72,0.239883291901949,0.0575439937337157
50.32,0.647,25.88,0.434510224171572,0.188799134909629
50.337,0.699,27.96,0.552077439280757,0.304789498962798
50.355,0.621,24.84,0.385478357665772,0.148593564228701
50.356,0.699,27.96,0.552077439280757,0.304789498962798
50.374,0.712,28.48,0.586138164514029,0.343557947899875
50.391,0.686,27.44,0.519995996533516,0.270395836410885
50.391,0.712,28.48,0.586138164514029,0.343557947899875
50.413,0.725,29,0.622300285169159,0.387257644921617
50.413,0.712,28.48,0.586138164514029,0.343557947899875
50.431,0.712,28.48,0.586138164514029,0.343557947899875
50.448,0.686,27.44,0.519995996533516,0.270395836410885
50.448,0.712,28.48,0.586138164514029,0.343557947899875
50.465,0.686,27.44,0.519995996533516,0.270395836410885
50.482,0.634,25.36,0.409260659730011,0.167494287602644
50.482,0.699,27.96,0.552077439280757,0.304789498962798
50.5,0.647,25.88,0.434510224171572,0.188799134909629
50.518,0.531,21.24,0.254683025258504,0.0648634433548238
50.518,0.66,26.4,0.461317574560379,0.212813904598271
50.536,0.556,22.24,0.285759054337495,0.0816582371358593
50.555,0.246,9.84,0.0685488226452662,0.00469894108605216
50.555,0.595,23.8,0.341979442513709,0.116949939101987
50.572,0.647,25.88,0.434510224171572,0.188799134909629
50.589,0.427,17.08,0.157761126969935,0.0248885731828239
50.589,0.414,16.56,0.148593564228701,0.022080047330189
50.608,0.349,13.96,0.110153930954142,0.0121338885046498
50.626,0.595,23.8,0.341979442513709,0.116949939101987
50.626,0.22,8.8,0.0608135001278718,0.00369828179780266
50.644,0.556,22.24,0.285759054337495,0.0816582371358593
50.662,0.259,10.36,0.0727779804536824,0.00529663443891658
50.662,0.531,21.24,0.254683025258504,0.0648634433548238
50.68,0.647,25.88,0.434510224171572,0.188799134909629
50.697,0.466,18.64,0.188799134909629,0.0356451133426244
50.697,0.634,25.36,0.409260659730011,0.167494287602644
50.716,0.699,27.96,0.552077439280757,0.304789498962798
50.734,0.608,24.32,0.363078054770101,0.131825673855641
50.734,0.686,27.44,0.519995996533516,0.270395836410885
50.751,0.725,29,0.622300285169159,0.387257644921617
50.769,0.686,27.44,0.519995996533516,0.270395836410885
50.769,0.712,28.48,0.586138164514029,0.343557947899875
50.788,0.725,29,0.622300285169159,0.387257644921617
50.806,0.712,28.48,0.586138164514029,0.343557947899875
50.806,0.712,28.48,0.586138164514029,0.343557947899875
50.823,0.699,27.96,0.552077439280757,0.304789498962798
50.841,0.712,28.48,0.586138164514029,0.343557947899875
50.841,0.699,27.96,0.552077439280757,0.304789498962798
50.858,0.647,25.88,0.434510224171572,0.188799134909629
50.875,0.712,28.48,0.586138164514029,0.343557947899875
50.875,0.66,26.4,0.461317574560379,0.212813904598271
50.893,0.544,21.76,0.270395836410884,0.0731139083483418
50.91,0.673,26.92,0.489778819368446,0.239883291901949
50.928,0.569,22.76,0.303389118419427,0.0920449571753171
50.928,0.272,10.88,0.0772680585095703,0.00597035286583838
50.947,0.595,23.8,0.341979442513709,0.116949939101987
50.947,0.375,15,0.124165230759241,0.0154170045294956
50.965,0.388,15.52,0.131825673855641,0.0173780082874938
50.983,0.453,18.12,0.177827941003892,0.0316227766016838
50.983,0.479,19.16,0.200447202736516,0.040179081084894
51.001,0.569,22.76,0.303389118419427,0.0920449571753171
51.017,0.194,7.76,0.0539510622515128,0.00291071711806661
51.036,0.544,21.76,0.270395836410884,0.0731139083483418
51.036,0.66,26.4,0.461317574560379,0.212813904598271
51.053,0.505,20.2,0.225943577022098,0.0510504999975407
51.071,0.647,25.88,0.434510224171572,0.188799134909629
51.071,0.466,18.64,0.188799134909629,0.0356451133426244
51.089,0.608,24.32,0.363078054770101,0.131825673855641
51.106,0.686,27.44,0.519995996533516,0.270395836410885
51.106,0.608,24.32,0.363078054770101,0.131825673855641
51.123,0.686,27.44,0.519995996533516,0.270395836410885
51.141,0.712,28.48,0.586138164514029,0.343557947899875
51.141,0.673,26.92,0.489778819368446,0.239883291901949
51.159,0.699,27.96,0.552077439280757,0.304789498962798
51.176,0.712,28.48,0.586138164514029,0.343557947899875
51.176,0.712,28.48,0.586138164514029,0.343557947899875
51.194,0.712,28.48,0.586138164514029,0.343557947899875
51.211,0.699,27.96,0.552077439280757,0.304789498962798
51.211,0.712,28.48,0.586138164514029,0.343557947899875
51.23,0.712,28.48,0.586138164514029,0.343557947899875
51.247,0.647,25.88,0.434510224171572,0.188799134909629
51.247,0.712,28.48,0.586138164514029,0.343557947899875
51.264,0.673,26.92,0.489778819368446,0.239883291901949
51.282,0.569,22.76,0.303389118419427,0.0920449571753171
51.282,0.673,26.92,0.489778819368446,0.239883291901949
51.3,0.582,23.28,0.322106879128343,0.103752841581801
51.318,0.336,13.44,0.103752841581801,0.0107646521362983
51.318,0.608,24.32,0.363078054770101,0.131825673855641
51.336,0.427,17.08,0.157761126969935,0.0248885731828239
51.354,0.349,13.96,0.110153930954142,0.0121338885046498
51.354,0.492,19.68,0.212813904598271,0.0452897579903621
51.372,0.22,8.8,0.0608135001278718,0.00369828179780266
51.391,0.556,22.24,0.285759054337495,0.0816582371358593
51.391,0.142,5.68,0.0424619563946313,0.00180301774085957
51.409,0.518,20.72,0.239883291901949,0.0575439937337157
51.428,0.647,25.88,0.434510224171572,0.188799134909629
51.428,0.479,19.16,0.200447202736516,0.040179081084894
51.446,0.634,25.36,0.409260659730011,0.167494287602644
51.466,0.414,16.56,0.148593564228701,0.022080047330189
51.466,0.608,24.32,0.363078054770101,0.131825673855641
51.485,0.686,27.44,0.519995996533516,0.270395836410885
51.485,0.582,23.28,0.322106879128343,0.103752841581801
51.505,0.686,27.44,0.519995996533516,0.270395836410885
51.524,0.712,28.48,0.586138164514029,0.343557947899875
51.524,0.66,26.4,0.461317574560379,0.212813904598271
51.544,0.712,28.48,0.586138164514029,0.343557947899875
51.544,0.712,28.48,0.586138164514029,0.343557947899875
51.563,0.712,28.48,0.586138164514029,0.343557947899875
51.583,0.725,29,0.622300285169159,0.387257644921617
51.583,0.699,27.96,0.552077439280757,0.304789498962798
51.605,0.725,29,0.622300285169159,0.387257644921617
51.605,0.712,28.48,0.586138164514029,0.343557947899875
51.627,0.66,26.4,0.461317574560379,0.212813904598271
51.627,0.725,29,0.622300285169159,0.387257644921617
51.647,0.673,26.92,0.489778819368446,0.239883291901949
51.668,0.569,22.76,0.303389118419427,0.0920449571753171
51.668,0.686,27.44,0.519995996533516,0.270395836410885
51.687,0.608,24.32,0.363078054770101,0.131825673855641
51.687,0.401,16.04,0.139958732257262,0.0195884467350599
51.706,0.621,24.84,0.385478357665772,0.148593564228701
51.73,0.453,18.12,0.177827941003892,0.0316227766016838
51.73,0.298,11.92,0.0870963589956081,0.00758577575029184
51.751,0.492,19.68,0.212813904598271,0.0452897579903621
51.751,0.207,8.28,0.057279603098583,0.00328095293113119
51.771,0.544,21.76,0.270395836410884,0.0731139083483418
51.771,0.181,7.24,0.0508159442560561,0.0025822601906346
51.793,0.492,19.68,0.212813904598271,0.0452897579903621
51.812,0.647,25.88,0.434510224171572,0.188799134909629
51.812,0.453,18.12,0.177827941003892,0.0316227766016838
51.833,0.621,24.84,0.385478357665772,0.148593564228701
51.833,0.388,15.52,0.131825673855641,0.0173780082874938
51.854,0.595,23.8,0.341979442513709,0.116949939101987
51.854,0.686,27.44,0.519995996533516,0.270395836410885
51.874,0.569,22.76,0.303389118419427,0.0920449571753171
51.894,0.673,26.92,0.489778819368446,0.239883291901949
51.894,0.699,27.96,0.552077439280757,0.304789498962798
51.914,0.66,26.4,0.461317574560379,0.212813904598271
51.915,0.712,28.48,0.586138164514029,0.343557947899875
51.934,0.712,28.48,0.586138164514029,0.343557947899875
51.952,0.699,27.96,0.552077439280757,0.304789498962798
51.952,0.725,29,0.622300285169159,0.387257644921617
51.97,0.699,27.96,0.552077439280757,0.304789498962798
51.987,0.712,28.48,0.586138164514029,0.343557947899875
51.987,0.712,28.48,0.586138164514029,0.343557947899875
52.005,0.673,26.92,0.489778819368446,0.239883291901949
52.022,0.712,28.48,0.586138164514029,0.343557947899875
52.022,0.673,26.92,0.489778819368446,0.239883291901949
52.042,0.595,23.8,0.341979442513709,0.116949939101987
52.06,0.686,27.44,0.519995996533516,0.270395836410885
52.06,0.608,24.32,0.363078054770101,0.131825673855641
52.078,0.427,17.08,0.157761126969935,0.0248885731828239
52.095,0.634,25.36,0.409260659730011,0.167494287602644
52.095,0.479,19.16,0.200447202736516,0.040179081084894
52.112,0.233,9.32,0.0645654229034656,0.00416869383470336
52.13,0.531,21.24,0.254683025258504,0.0648634433548238
52.131,0.207,8.28,0.057279603098583,0.00328095293113119
52.148,0.518,20.72,0.239883291901949,0.0575439937337157
52.166,0.259,10.36,0.0727779804536824,0.00529663443891658
52.166,0.479,19.16,0.200447202736516,0.040179081084894
52.183,0.634,25.36,0.409260659730011,0.167494287602644
52.202,0.414,16.56,0.148593564228701,0.022080047330189
52.202,0.621,24.84,0.385478357665772,0.148593564228701
52.219,0.336,13.44,0.103752841581801,0.0107646521362983
52.237,0.595,23.8,0.341979442513709,0.116949939101987
52.237,0.673,26.92,0.489778819368446,0.239883291901949
52.255,0.556,22.24,0.285759054337495,0.0816582371358593
52.273,0.66,26.4,0.461317574560379,0.212813904598271
52.273,0.712,28.48,0.586138164514029,0.343557947899875
52.291,0.647,25.88,0.434510224171572,0.188799134909629
52.308,0.699,27.96,0.552077439280757,0.304789498962798
52.308,0.725,29,0.622300285169159,0.387257644921617
52.326,0.712,28.48,0.586138164514029,0.343557947899875
52.343,0.725,29,0.622300285169159,0.387257644921617
52.343,0.699,27.96,0.552077439280757,0.304789498962798
52.361,0.712,28.48,0.586138164514029,0.343557947899875
52.378,0.712,28.48,0.586138164514029,0.343557947899875
52.378,0.673,26.92,0.489778819368446,0.239883291901949
52.395,0.712,28.48,0.586138164514029,0.343557947899875
52.414,0.686,27.44,0.519995996533516,0.270395836410885
52.414,0.595,23.8,0.341979442513709,0.116949939101987
52.434,0.686,27.44,0.519995996533516,0.270395836410885
52.451,0.621,24.84,0.385478357665772,0.148593564228701
52.451,0.479,19.16,0.200447202736516,0.040179081084894
52.468,0.647,25.88,0.434510224171572,0.188799134909629
52.487,0.505,20.2,0.225943577022098,0.0510504999975407
52.487,0.466,18.64,0.188799134909629,0.0356451133426244
52.505,0.544,21.76,0.270395836410884,0.0731139083483418
52.523,0.22,8.8,0.0608135001278718,0.00369828179780266
52.523,0.505,20.2,0.225943577022098,0.0510504999975407
52.541,0.311,12.44,0.0924698173938222,0.00855066712884683
52.558,0.44,17.6,0.167494287602644,0.0280543363795171
52.558,0.621,24.84,0.385478357665772,0.148593564228701
52.576,0.388,15.52,0.131825673855641,0.0173780082874938
52.595,0.595,23.8,0.341979442513709,0.116949939101987
52.595,0.544,21.76,0.270395836410884,0.0731139083483418
52.613,0.569,22.76,0.303389118419427,0.0920449571753171
52.632,0.673,26.92,0.489778819368446,0.239883291901949
52.632,0.544,21.76,0.270395836410884,0.0731139083483418
52.651,0.647,25.88,0.434510224171572,0.188799134909629
52.651,0.699,27.96,0.552077439280757,0.304789498962798
52.669,0.647,25.88,0.434510224171572,0.188799134909629
52.687,0.699,27.96,0.552077439280757,0.304789498962798
52.687,0.725,29,0.622300285169159,0.387257644921617
52.705,0.686,27.44,0.519995996533516,0.270395836410885
52.725,0.725,29,0.622300285169159,0.387257644921617
52.725,0.712,28.48,0.586138164514029,0.343557947899875
52.744,0.725,29,0.622300285169159,0.387257644921617
52.761,0.712,28.48,0.586138164514029,0.343557947899875
52.761,0.673,26.92,0.489778819368446,0.239883291901949
52.779,0.712,28.48,0.586138164514029,0.343557947899875
52.798,0.686,27.44,0.519995996533516,0.270395836410885
52.798,0.608,24.32,0.363078054770101,0.131825673855641
52.814,0.686,27.44,0.519995996533516,0.270395836410885
52.834,0.647,25.88,0.434510224171572,0.188799134909629
52.834,0.466,18.64,0.188799134909629,0.0356451133426244
52.852,0.647,25.88,0.434510224171572,0.188799134909629
52.87,0.518,20.72,0.239883291901949,0.0575439937337157
52.87,0.194,7.76,0.0539510622515128,0.00291071711806661
52.887,0.556,22.24,0.285759054337495,0.0816582371358593
52.905,0.259,10.36,0.0727779804536824,0.00529663443891658
52.905,0.479,19.16,0.200447202736516,0.040179081084894
52.924,0.336,13.44,0.103752841581801,0.0107646521362983
52.924,0.414,16.56,0.148593564228701,0.022080047330189
52.942,0.608,24.32,0.363078054770101,0.131825673855641
52.96,0.336,13.44,0.103752841581801,0.0107646521362983
52.96,0.582,23.28,0.322106879128343,0.103752841581801
52.978,0.272,10.88,0.0772680585095703,0.00597035286583838
52.999,0.556,22.24,0.285759054337495,0.0816582371358593
52.999,0.647,25.88,0.434510224171572,0.188799134909629
53.018,0.518,20.72,0.239883291901949,0.0575439937337157
53.036,0.647,25.88,0.434510224171572,0.188799134909629
53.036,0.699,27.96,0.552077439280757,0.304789498962798
53.054,0.634,25.36,0.409260659730011,0.167494287602644
53.054,0.699,27.96,0.552077439280757,0.304789498962798
53.073,0.712,28.48,0.586138164514029,0.343557947899875
53.091,0.699,27.96,0.552077439280757,0.304789498962798
53.091,0.712,28.48,0.586138164514029,0.343557947899875
53.11,0.712,28.48,0.586138164514029,0.343557947899875
53.128,0.712,28.48,0.586138164514029,0.343557947899875
53.128,0.725,29,0.622300285169159,0.387257644921617
53.146,0.673,26.92,0.489778819368446,0.239883291901949
53.164,0.725,29,0.622300285169159,0.387257644921617
53.164,0.699,27.96,0.552077439280757,0.304789498962798
53.181,0.621,24.84,0.385478357665772,0.148593564228701
53.198,0.699,27.96,0.552077439280757,0.304789498962798
53.198,0.634,25.36,0.409260659730011,0.167494287602644
53.218,0.518,20.72,0.239883291901949,0.0575439937337157
53.235,0.647,25.88,0.434510224171572,0.188799134909629
53.235,0.556,22.24,0.285759054337495,0.0816582371358593
53.255,0.259,10.36,0.0727779804536824,0.00529663443891658
53.272,0.569,22.76,0.303389118419427,0.0920449571753171
53.272,0.285,11.4,0.0820351544329818,0.00672976656284318
53.29,0.44,17.6,0.167494287602644,0.0280543363795171
53.307,0.388,15.52,0.131825673855641,0.0173780082874938
53.307,0.375,15,0.124165230759241,0.0154170045294956
53.325,0.595,23.8,0.341979442513709,0.116949939101987
53.344,0.608,24.32,0.363078054770101,0.131825673855641
53.344,0.569,22.76,0.303389118419427,0.0920449571753171
53.362,0.246,9.84,0.0685488226452662,0.00469894108605216
53.379,0.544,21.76,0.270395836410884,0.0731139083483418
53.379,0.66,26.4,0.461317574560379,0.212813904598271
53.398,0.492,19.68,0.212813904598271,0.0452897579903621
53.417,0.634,25.36,0.409260659730011,0.167494287602644
53.417,0.699,27.96,0.552077439280757,0.304789498962798
53.435,0.621,24.84,0.385478357665772,0.148593564228701
53.454,0.699,27.96,0.552077439280757,0.304789498962798
53.454,0.712,28.48,0.586138164514029,0.343557947899875
53.472,0.686,27.44,0.519995996533516,0.270395836410885
53.472,0.712,28.48,0.586138164514029,0.343557947899875
53.491,0.699,27.96,0.552077439280757,0.304789498962798
53.508,0.712,28.48,0.586138164514029,0.343557947899875
53.508,0.712,28.48,0.586138164514029,0.343557947899875
53.527,0.686,27.44,0.519995996533516,0.270395836410885
53.546,0.725,29,0.622300285169159,0.387257644921617
53.546,0.699,27.96,0.552077439280757,0.304789498962798
53.564,0.634,25.36,0.409260659730011,0.167494287602644
53.584,0.699,27.96,0.552077439280757,0.304789498962798
53.584,0.647,25.88,0.434510224171572,0.188799134909629
53.602,0.518,20.72,0.239883291901949,0.0575439937337157
53.62,0.673,26.92,0.489778819368446,0.239883291901949
53.62,0.556,22.24,0.285759054337495,0.0816582371358593
53.637,0.233,9.32,0.0645654229034656,0.00416869383470336
53.655,0.595,23.8,0.341979442513709,0.116949939101987
53.655,0.349,13.96,0.110153930954142,0.0121338885046498
53.674,0.414,16.56,0.148593564228701,0.022080047330189
53.691,0.427,17.08,0.157761126969935,0.0248885731828239
53.692,0.324,12.96,0.0981747943019985,0.00963829023623972
53.71,0.582,23.28,0.322106879128343,0.103752841581801
53.727,0.259,10.36,0.0727779804536824,0.00529663443891658
53.727,0.556,22.24,0.285759054337495,0.0816582371358593
53.745,0.285,11.4,0.0820351544329818,0.00672976656284318
53.763,0.531,21.24,0.254683025258504,0.0648634433548238
53.763,0.647,25.88,0.434510224171572,0.188799134909629
53.78,0.492,19.68,0.212813904598271,0.0452897579903621
53.798,0.634,25.36,0.409260659730011,0.167494287602644
53.798,0.699,27.96,0.552077439280757,0.304789498962798
53.816,0.608,24.32,0.363078054770101,0.131825673855641
53.833,0.686,27.44,0.519995996533516,0.270395836410885
53.833,0.712,28.48,0.586138164514029,0.343557947899875
53.852,0.673,26.92,0.489778819368446,0.239883291901949
53.868,0.712,28.48,0.586138164514029,0.343557947899875
53.868,0.712,28.48,0.586138164514029,0.343557947899875
53.886,0.699,27.96,0.552077439280757,0.304789498962798
53.904,0.712,28.48,0.586138164514029,0.343557947899875
53.904,0.699,27.96,0.552077439280757,0.304789498962798
53.922,0.725,29,0.622300285169159,0.387257644921617
53.94,0.699,27.96,0.552077439280757,0.304789498962798
53.94,0.647,25.88,0.434510224171572,0.188799134909629
53.957,0.699,27.96,0.552077439280757,0.304789498962798
53.975,0.66,26.4,0.461317574560379,0.212813904598271
53.975,0.531,21.24,0.254683025258504,0.0648634433548238
53.993,0.673,26.92,0.489778819368446,0.239883291901949
54.011,0.569,22.76,0.303389118419427,0.0920449571753171
54.011,0.298,11.92,0.0870963589956081,0.00758577575029184
54.029,0.608,24.32,0.363078054770101,0.131825673855641
54.049,0.388,15.52,0.131825673855641,0.0173780082874938
54.049,0.388,15.52,0.131825673855641,0.0173780082874938
54.067,0.466,18.64,0.188799134909629,0.0356451133426244
54.067,0.285,11.4,0.0820351544329818,0.00672976656284318
54.085,0.569,22.76,0.303389118419427,0.0920449571753171
54.104,0.194,7.76,0.0539510622515128,0.00291071711806661
54.104,0.544,21.76,0.270395836410884,0.0731139083483418
54.122,0.66,26.4,0.461317574560379,0.212813904598271
54.14,0.505,20.2,0.225943577022098,0.0510504999975407
54.14,0.647,25.88,0.434510224171572,0.188799134909629
54.158,0.453,18.12,0.177827941003892,0.0316227766016838
54.177,0.621,24.84,0.385478357665772,0.148593564228701
54.177,0.686,27.44,0.519995996533516,0.270395836410885
54.194,0.595,23.8,0.341979442513709,0.116949939101987
54.211,0.686,27.44,0.519995996533516,0.270395836410885
54.211,0.712,28.48,0.586138164514029,0.343557947899875
54.23,0.673,26.92,0.489778819368446,0.239883291901949
54.248,0.725,29,0.622300285169159,0.387257644921617
54.248,0.712,28.48,0.586138164514029,0.343557947899875
54.266,0.712,28.48,0.586138164514029,0.343557947899875
54.284,0.725,29,0.622300285169159,0.387257644921617
54.284,0.699,27.96,0.552077439280757,0.304789498962798
54.301,0.725,29,0.622300285169159,0.387257644921617
54.319,0.699,27.96,0.552077439280757,0.304789498962798
54.319,0.647,25.88,0.434510224171572,0.188799134909629
54.336,0.712,28.48,0.586138164514029,0.343557947899875
54.354,0.66,26.4,0.461317574560379,0.212813904598271
54.354,0.634,25.36,0.409260659730011,0.167494287602644
54.371,0.673,26.92,0.489778819368446,0.239883291901949
54.389,0.582,23.28,0.322106879128343,0.103752841581801
54.389,0.375,15,0.124165230759241,0.0154170045294956
54.408,0.608,24.32,0.363078054770101,0.131825673855641
54.426,0.414,16.56,0.148593564228701,0.022080047330189
54.426,0.336,13.44,0.103752841581801,0.0107646521362983
54.443,0.479,19.16,0.200447202736516,0.040179081084894
54.462,0.22,8.8,0.0608135001278718,0.00369828179780266
54.462,0.608,24.32,0.363078054770101,0.131825673855641
54.479,0.181,7.24,0.0508159442560561,0.0025822601906346
54.497,0.518,20.72,0.239883291901949,0.0575439937337157
54.497,0.647,25.88,0.434510224171572,0.188799134909629
54.515,0.466,18.64,0.188799134909629,0.0356451133426244
54.532,0.621,24.84,0.385478357665772,0.148593564228701
54.532,0.414,16.56,0.148593564228701,0.022080047330189
54.55,0.608,24.32,0.363078054770101,0.131825673855641
54.567,0.686,27.44,0.519995996533516,0.270395836410885
54.567,0.582,23.28,0.322106879128343,0.103752841581801
54.585,0.673,26.92,0.489778819368446,0.239883291901949
54.602,0.712,28.48,0.586138164514029,0.343557947899875
54.62,0.66,26.4,0.461317574560379,0.212813904598271
54.62,0.712,28.48,0.586138164514029,0.343557947899875
54.639,0.712,28.48,0.586138164514029,0.343557947899875
54.657,0.699,27.96,0.552077439280757,0.304789498962798
54.657,0.725,29,0.622300285169159,0.387257644921617
54.675,0.699,27.96,0.552077439280757,0.304789498962798
54.675,0.712,28.48,0.586138164514029,0.343557947899875
54.695,0.712,28.48,0.586138164514029,0.343557947899875
54.715,0.66,26.4,0.461317574560379,0.212813904598271
54.715,0.712,28.48,0.586138164514029,0.343557947899875
54.735,0.673,26.92,0.489778819368446,0.239883291901949
54.735,0.582,23.28,0.322106879128343,0.103752841581801
54.756,0.686,27.44,0.519995996533516,0.270395836410885
54.778,0.595,23.8,0.341979442513709,0.116949939101987
54.778,0.388,15.52,0.131825673855641,0.0173780082874938
54.799,0.621,24.84,0.385478357665772,0.148593564228701
54.799,0.453,18.12,0.177827941003892,0.0316227766016838
54.817,0.272,10.88,0.0772680585095703,0.00597035286583838
54.835,0.505,20.2,0.225943577022098,0.0510504999975407
54.835,0.207,8.28,0.057279603098583,0.00328095293113119
54.853,0.544,21.76,0.270395836410884,0.0731139083483418
54.853,0.181,7.24,0.0508159442560561,0.0025822601906346
54.871,0.569,22.76,0.303389118419427,0.0920449571753171
54.889,0.634,25.36,0.409260659730011,0.167494287602644
54.889,0.453,18.12,0.177827941003892,0.0316227766016838
54.907,0.621,24.84,0.385478357665772,0.148593564228701
54.926,0.388,15.52,0.131825673855641,0.0173780082874938
54.926,0.595,23.8,0.341979442513709,0.116949939101987
54.947,0.686,27.44,0.519995996533516,0.270395836410885
54.967,0.569,22.76,0.303389118419427,0.0920449571753171
54.967,0.66,26.4,0.461317574560379,0.212813904598271
54.988,0.712,28.48,0.586138164514029,0.343557947899875
54.988,0.66,26.4,0.461317574560379,0.212813904598271
55.007,0.699,27.96,0.552077439280757,0.304789498962798
55.026,0.725,29,0.622300285169159,0.387257644921617
55.026,0.699,27.96,0.552077439280757,0.304789498962798
55.046,0.712,28.48,0.586138164514029,0.343557947899875
55.046,0.712,28.48,0.586138164514029,0.343557947899875
55.065,0.725,29,0.622300285169159,0.387257644921617
55.085,0.699,27.96,0.552077439280757,0.304789498962798
55.085,0.66,26.4,0.461317574560379,0.212813904598271
55.104,0.712,28.48,0.586138164514029,0.343557947899875
55.104,0.686,27.44,0.519995996533516,0.270395836410885
55.122,0.582,23.28,0.322106879128343,0.103752841581801
55.14,0.673,26.92,0.489778819368446,0.239883291901949
55.14,0.621,24.84,0.385478357665772,0.148593564228701
55.158,0.44,17.6,0.167494287602644,0.0280543363795171
55.175,0.634,25.36,0.409260659730011,0.167494287602644
55.175,0.518,20.72,0.239883291901949,0.0575439937337157
55.193,0.207,8.28,0.057279603098583,0.00328095293113119
55.211,0.531,21.24,0.254683025258504,0.0648634433548238
55.212,0.194,7.76,0.0539510622515128,0.00291071711806661
55.229,0.518,20.72,0.239883291901949,0.0575439937337157
55.246,0.259,10.36,0.0727779804536824,0.00529663443891658
55.246,0.466,18.64,0.188799134909629,0.0356451133426244
55.265,0.621,24.84,0.385478357665772,0.148593564228701
55.283,0.388,15.52,0.131825673855641,0.0173780082874938
55.283,0.608,24.32,0.363078054770101,0.131825673855641
55.3,0.324,12.96,0.0981747943019985,0.00963829023623972
55.319,0.582,23.28,0.322106879128343,0.103752841581801
55.319,0.673,26.92,0.489778819368446,0.239883291901949
55.338,0.544,21.76,0.270395836410884,0.0731139083483418
55.356,0.66,26.4,0.461317574560379,0.212813904598271
55.356,0.699,27.96,0.552077439280757,0.304789498962798
55.376,0.634,25.36,0.409260659730011,0.167494287602644
55.395,0.699,27.96,0.552077439280757,0.304789498962798
55.396,0.725,29,0.622300285169159,0.387257644921617
55.414,0.699,27.96,0.552077439280757,0.304789498962798
55.414,0.725,29,0.622300285169159,0.387257644921617
55.433,0.712,28.48,0.586138164514029,0.343557947899875
55.451,0.712,28.48,0.586138164514029,0.343557947899875
55.451,0.712,28.48,0.586138164514029,0.343557947899875
55.473,0.66,26.4,0.461317574560379,0.212813904598271
55.473,0.712,28.48,0.586138164514029,0.343557947899875
55.493,0.686,27.44,0.519995996533516,0.270395836410885
55.51,0.608,24.32,0.363078054770101,0.131825673855641
55.51,0.699,27.96,0.552077439280757,0.304789498962798
55.528,0.634,25.36,0.409260659730011,0.167494287602644
55.546,0.466,18.64,0.188799134909629,0.0356451133426244
55.546,0.647,25.88,0.434510224171572,0.188799134909629
55.564,0.505,20.2,0.225943577022098,0.0510504999975407
55.581,0.155,6.2,0.045081670454146,0.00203235701093622
55.581,0.544,21.76,0.270395836410884,0.0731139083483418
55.6,0.207,8.28,0.057279603098583,0.00328095293113119
55.617,0.492,19.68,0.212813904598271,0.0452897579903621
55.617,0.285,11.4,0.0820351544329818,0.00672976656284318
55.635,0.466,18.64,0.188799134909629,0.0356451133426244
55.653,0.621,24.84,0.385478357665772,0.148593564228701
55.653,0.375,15,0.124165230759241,0.0154170045294956
55.672,0.595,23.8,0.341979442513709,0.116949939101987
55.689,0.285,11.4,0.0820351544329818,0.00672976656284318
55.689,0.569,22.76,0.303389118419427,0.0920449571753171
55.707,0.673,26.92,0.489778819368446,0.239883291901949
55.726,0.544,21.76,0.270395836410884,0.0731139083483418
55.726,0.647,25.88,0.434510224171572,0.188799134909629
55.743,0.699,27.96,0.552077439280757,0.304789498962798
55.762,0.647,25.88,0.434510224171572,0.188799134909629
55.763,0.699,27.96,0.552077439280757,0.304789498962798
55.781,0.725,29,0.622300285169159,0.387257644921617
55.799,0.699,27.96,0.552077439280757,0.304789498962798
55.799,0.725,29,0.622300285169159,0.387257644921617
55.818,0.712,28.48,0.586138164514029,0.343557947899875
55.835,0.725,29,0.622300285169159,0.387257644921617
55.835,0.712,28.48,0.586138164514029,0.343557947899875
55.854,0.673,26.92,0.489778819368446,0.239883291901949
55.854,0.712,28.48,0.586138164514029,0.343557947899875
55.873,0.686,27.44,0.519995996533516,0.270395836410885
55.89,0.621,24.84,0.385478357665772,0.148593564228701
55.89,0.699,27.96,0.552077439280757,0.304789498962798
55.907,0.634,25.36,0.409260659730011,0.167494287602644
55.926,0.492,19.68,0.212813904598271,0.0452897579903621
55.926,0.66,26.4,0.461317574560379,0.212813904598271
55.944,0.531,21.24,0.254683025258504,0.0648634433548238
55.962,0.181,7.24,0.0508159442560561,0.0025822601906346
55.962,0.569,22.76,0.303389118419427,0.0920449571753171
55.981,0.259,10.36,0.0727779804536824,0.00529663443891658
55.999,0.466,18.64,0.188799134909629,0.0356451133426244
55.999,0.44,17.6,0.167494287602644,0.0280543363795171
56.017,0.401,16.04,0.139958732257262,0.0195884467350599
56.035,0.608,24.32,0.363078054770101,0.131825673855641
56.035,0.311,12.44,0.0924698173938222,0.00855066712884683
56.054,0.582,23.28,0.322106879128343,0.103752841581801
56.073,0.194,7.76,0.0539510622515128,0.00291071711806661
56.073,0.569,22.76,0.303389118419427,0.0920449571753171
56.092,0.66,26.4,0.461317574560379,0.212813904598271
56.11,0.518,20.72,0.239883291901949,0.0575439937337157
56.11,0.647,25.88,0.434510224171572,0.188799134909629
56.127,0.699,27.96,0.552077439280757,0.304789498962798
56.145,0.634,25.36,0.409260659730011,0.167494287602644
56.145,0.699,27.96,0.552077439280757,0.304789498962798
56.163,0.725,29,0.622300285169159,0.387257644921617
56.182,0.686,27.44,0.519995996533516,0.270395836410885
56.182,0.712,28.48,0.586138164514029,0.343557947899875
56.2,0.712,28.48,0.586138164514029,0.343557947899875
56.2,0.712,28.48,0.586138164514029,0.343557947899875
56.217,0.725,29,0.622300285169159,0.387257644921617
56.235,0.686,27.44,0.519995996533516,0.270395836410885
56.235,0.712,28.48,0.586138164514029,0.343557947899875
56.253,0.699,27.96,0.552077439280757,0.304789498962798
56.271,0.621,24.84,0.385478357665772,0.148593564228701
56.271,0.699,27.96,0.552077439280757,0.304789498962798
56.29,0.647,25.88,0.434510224171572,0.188799134909629
56.307,0.518,20.72,0.239883291901949,0.0575439937337157
56.307,0.66,26.4,0.461317574560379,0.212813904598271
56.326,0.544,21.76,0.270395836410884,0.0731139083483418
56.344,0.207,8.28,0.057279603098583,0.00328095293113119
56.344,0.569,22.76,0.303389118419427,0.0920449571753171
56.362,0.298,11.92,0.0870963589956081,0.00758577575029184
56.38,0.44,17.6,0.167494287602644,0.0280543363795171
56.38,0.388,15.52,0.131825673855641,0.0173780082874938
56.399,0.362,14.48,0.116949939101987,0.0136772882559585
56.417,0.595,23.8,0.341979442513709,0.116949939101987
56.418,0.285,11.4,0.0820351544329818,0.00672976656284318
56.435,0.569,22.76,0.303389118419427,0.0920449571753171
56.452,0.181,7.24,0.0508159442560561,0.0025822601906346
56.452,0.518,20.72,0.239883291901949,0.0575439937337157
56.472,0.647,25.88,0.434510224171572,0.188799134909629
56.49,0.492,19.68,0.212813904598271,0.0452897579903621
56.49,0.634,25.36,0.409260659730011,0.167494287602644
56.509,0.686,27.44,0.519995996533516,0.270395836410885
56.509,0.621,24.84,0.385478357665772,0.148593564228701
56.527,0.686,27.44,0.519995996533516,0.270395836410885
56.546,0.725,29,0.622300285169159,0.387257644921617
56.546,0.686,27.44,0.519995996533516,0.270395836410885
56.564,0.725,29,0.622300285169159,0.387257644921617
56.581,0.712,28.48,0.586138164514029,0.343557947899875
56.581,0.712,28.48,0.586138164514029,0.343557947899875
56.599,0.712,28.48,0.586138164514029,0.343557947899875
56.617,0.686,27.44,0.519995996533516,0.270395836410885
56.617,0.712,28.48,0.586138164514029,0.343557947899875
56.635,0.699,27.96,0.552077439280757,0.304789498962798
56.652,0.647,25.88,0.434510224171572,0.188799134909629
56.653,0.699,27.96,0.552077439280757,0.304789498962798
56.67,0.66,26.4,0.461317574560379,0.212813904598271
56.688,0.531,21.24,0.254683025258504,0.0648634433548238
56.688,0.673,26.92,0.489778819368446,0.239883291901949
56.705,0.569,22.76,0.303389118419427,0.0920449571753171
56.723,0.505,20.2,0.225943577022098,0.0510504999975407
56.723,0.595,23.8,0.341979442513709,0.116949939101987
56.742,0.375,15,0.124165230759241,0.0154170045294956
56.76,0.401,16.04,0.139958732257262,0.0195884467350599
56.76,0.453,18.12,0.177827941003892,0.0316227766016838
56.777,0.336,13.44,0.103752841581801,0.0107646521362983
56.797,0.582,23.28,0.322106879128343,0.103752841581801
56.797,0.207,8.28,0.057279603098583,0.00328095293113119
56.814,0.556,22.24,0.285759054337495,0.0816582371358593
56.832,0.66,26.4,0.461317574560379,0.212813904598271
56.832,0.505,20.2,0.225943577022098,0.0510504999975407
56.851,0.647,25.88,0.434510224171572,0.188799134909629
56.868,0.466,18.64,0.188799134909629,0.0356451133426244
56.868,0.634,25.36,0.409260659730011,0.167494287602644
56.886,0.699,27.96,0.552077439280757,0.304789498962798
56.905,0.608,24.32,0.363078054770101,0.131825673855641
56.905,0.686,27.44,0.519995996533516,0.270395836410885
56.923,0.712,28.48,0.586138164514029,0.343557947899875
56.942,0.673,26.92,0.489778819368446,0.239883291901949
56.942,0.712,28.48,0.586138164514029,0.343557947899875
56.959,0.712,28.48,0.586138164514029,0.343557947899875
56.977,0.712,28.48,0.586138164514029,0.343557947899875
56.977,0.725,29,0.622300285169159,0.387257644921617
56.995,0.686,27.44,0.519995996533516,0.270395836410885
57.013,0.725,29,0.622300285169159,0.387257644921617
57.013,0.699,27.96,0.552077439280757,0.304789498962798
57.031,0.647,25.88,0.434510224171572,0.188799134909629
57.049,0.699,27.96,0.552077439280757,0.304789498962798
57.049,0.66,26.4,0.461317574560379,0.212813904598271
57.067,0.544,21.76,0.270395836410884,0.0731139083483418
57.087,0.673,26.92,0.489778819368446,0.239883291901949
57.087,0.569,22.76,0.303389118419427,0.0920449571753171
57.105,0.311,12.44,0.0924698173938222,0.00855066712884683
57.105,0.608,24.32,0.363078054770101,0.131825673855641
57.122,0.401,16.04,0.139958732257262,0.0195884467350599
57.139,0.362,14.48,0.116949939101987,0.0136772882559585
57.157,0.466,18.64,0.188799134909629,0.0356451133426244
57.157,0.285,11.4,0.0820351544329818,0.00672976656284318
57.176,0.556,22.24,0.285759054337495,0.0816582371358593
57.176,0.181,7.24,0.0508159442560561,0.0025822601906346
57.194,0.531,21.24,0.254683025258504,0.0648634433548238
57.213,0.673,26.92,0.489778819368446,0.239883291901949
57.213,0.479,19.16,0.200447202736516,0.040179081084894
57.231,0.634,25.36,0.409260659730011,0.167494287602644
57.248,0.44,17.6,0.167494287602644,0.0280543363795171
57.248,0.608,24.32,0.363078054770101,0.131825673855641
57.267,0.686,27.44,0.519995996533516,0.270395836410885
57.285,0.595,23.8,0.341979442513709,0.116949939101987
57.285,0.673,26.92,0.489778819368446,0.239883291901949
57.303,0.712,28.48,0.586138164514029,0.343557947899875
57.321,0.66,26.4,0.461317574560379,0.212813904598271
57.321,0.712,28.48,0.586138164514029,0.343557947899875
57.339,0.725,29,0.622300285169159,0.387257644921617
57.358,0.686,27.44,0.519995996533516,0.270395836410885
57.358,0.725,29,0.622300285169159,0.387257644921617
57.375,0.699,27.96,0.552077439280757,0.304789498962798
57.393,0.725,29,0.622300285169159,0.387257644921617
57.393,0.712,28.48,0.586138164514029,0.343557947899875
57.411,0.66,26.4,0.461317574560379,0.212813904598271
57.428,0.712,28.48,0.586138164514029,0.343557947899875
57.428,0.673,26.92,0.489778819368446,0.239883291901949
57.447,0.556,22.24,0.285759054337495,0.0816582371358593
57.464,0.686,27.44,0.519995996533516,0.270395836410885
57.464,0.595,23.8,0.341979442513709,0.116949939101987
57.482,0.362,14.48,0.116949939101987,0.0136772882559585
57.502,0.621,24.84,0.385478357665772,0.148593564228701
57.502,0.466,18.64,0.188799134909629,0.0356451133426244
57.52,0.336,13.44,0.103752841581801,0.0107646521362983
57.539,0.492,19.68,0.212813904598271,0.0452897579903621
57.539,0.233,9.32,0.0645654229034656,0.00416869383470336
57.558,0.544,21.76,0.270395836410884,0.0731139083483418
57.558,0.181,7.24,0.0508159442560561,0.0025822601906346
57.575,0.518,20.72,0.239883291901949,0.0575439937337157
57.593,0.647,25.88,0.434510224171572,0.188799134909629
57.593,0.466,18.64,0.188799134909629,0.0356451133426244
57.612,0.621,24.84,0.385478357665772,0.148593564228701
57.63,0.414,16.56,0.148593564228701,0.022080047330189
57.63,0.608,24.32,0.363078054770101,0.131825673855641
57.65,0.673,26.92,0.489778819368446,0.239883291901949
57.667,0.582,23.28,0.322106879128343,0.103752841581801
57.667,0.673,26.92,0.489778819368446,0.239883291901949
57.685,0.712,28.48,0.586138164514029,0.343557947899875
57.704,0.66,26.4,0.461317574560379,0.212813904598271
57.704,0.699,27.96,0.552077439280757,0.304789498962798
57.721,0.712,28.48,0.586138164514029,0.343557947899875
57.739,0.712,28.48,0.586138164514029,0.343557947899875
57.739,0.725,29,0.622300285169159,0.387257644921617
57.758,0.699,27.96,0.552077439280757,0.304789498962798
57.776,0.725,29,0.622300285169159,0.387257644921617
57.776,0.699,27.96,0.552077439280757,0.304789498962798
57.794,0.66,26.4,0.461317574560379,0.212813904598271
57.811,0.712,28.48,0.586138164514029,0.343557947899875
57.811,0.673,26.92,0.489778819368446,0.239883291901949
57.829,0.595,23.8,0.341979442513709,0.116949939101987
57.846,0.686,27.44,0.519995996533516,0.270395836410885
57.846,0.608,24.32,0.363078054770101,0.131825673855641
57.865,0.414,16.56,0.148593564228701,0.022080047330189
57.882,0.621,24.84,0.385478357665772,0.148593564228701
57.882,0.479,19.16,0.200447202736516,0.040179081084894
57.901,0.246,9.84,0.0685488226452662,0.00469894108605216
57.918,0.518,20.72,0.239883291901949,0.0575439937337157
57.918,0.168,6.72,0.0478630092322639,0.00229086765276777
57.936,0.531,21.24,0.254683025258504,0.0648634433548238
57.954,0.233,9.32,0.0645654229034656,0.00416869383470336
57.954,0.492,19.68,0.212813904598271,0.0452897579903621
57.972,0.647,25.88,0.434510224171572,0.188799134909629
57.991,0.44,17.6,0.167494287602644,0.0280543363795171
57.991,0.608,24.32,0.363078054770101,0.131825673855641
58.009,0.362,14.48,0.116949939101987,0.0136772882559585
58.009,0.595,23.8,0.341979442513709,0.116949939101987
58.027,0.686,27.44,0.519995996533516,0.270395836410885
58.046,0.569,22.76,0.303389118419427,0.0920449571753171
58.046,0.673,26.92,0.489778819368446,0.239883291901949
58.065,0.712,28.48,0.586138164514029,0.343557947899875
58.082,0.647,25.88,0.434510224171572,0.188799134909629
58.082,0.699,27.96,0.552077439280757,0.304789498962798
58.1,0.725,29,0.622300285169159,0.387257644921617
58.119,0.699,27.96,0.552077439280757,0.304789498962798
58.119,0.712,28.48,0.586138164514029,0.343557947899875
58.138,0.712,28.48,0.586138164514029,0.343557947899875
58.155,0.725,29,0.622300285169159,0.387257644921617
58.156,0.712,28.48,0.586138164514029,0.343557947899875
58.174,0.673,26.92,0.489778819368446,0.239883291901949
58.191,0.712,28.48,0.586138164514029,0.343557947899875
58.191,0.686,27.44,0.519995996533516,0.270395836410885
58.21,0.595,23.8,0.341979442513709,0.116949939101987
58.227,0.699,27.96,0.552077439280757,0.304789498962798
58.227,0.621,24.84,0.385478357665772,0.148593564228701
58.245,0.44,17.6,0.167494287602644,0.0280543363795171
58.262,0.647,25.88,0.434510224171572,0.188799134909629
58.262,0.479,19.16,0.200447202736516,0.040179081084894
58.279,0.207,8.28,0.057279603098583,0.00328095293113119
58.298,0.531,21.24,0.254683025258504,0.0648634433548238
58.298,0.181,7.24,0.0508159442560561,0.0025822601906346
58.316,0.518,20.72,0.239883291901949,0.0575439937337157
58.334,0.272,10.88,0.0772680585095703,0.00597035286583838
58.334,0.479,19.16,0.200447202736516,0.040179081084894
58.353,0.621,24.84,0.385478357665772,0.148593564228701
58.37,0.531,21.24,0.254683025258504,0.0648634433548238
58.37,0.608,24.32,0.363078054770101,0.131825673855641
58.388,0.311,12.44,0.0924698173938222,0.00855066712884683
58.406,0.582,23.28,0.322106879128343,0.103752841581801
58.407,0.673,26.92,0.489778819368446,0.239883291901949
58.425,0.544,21.76,0.270395836410884,0.0731139083483418
58.443,0.66,26.4,0.461317574560379,0.212813904598271
58.443,0.699,27.96,0.552077439280757,0.304789498962798
58.461,0.647,25.88,0.434510224171572,0.188799134909629
58.479,0.699,27.96,0.552077439280757,0.304789498962798
58.479,0.712,28.48,0.586138164514029,0.343557947899875
58.497,0.699,27.96,0.552077439280757,0.304789498962798
58.497,0.725,29,0.622300285169159,0.387257644921617
58.516,0.712,28.48,0.586138164514029,0.343557947899875
58.533,0.712,28.48,0.586138164514029,0.343557947899875
58.533,0.712,28.48,0.586138164514029,0.343557947899875
58.552,0.673,26.92,0.489778819368446,0.239883291901949
58.57,0.712,28.48,0.586138164514029,0.343557947899875
58.571,0.686,27.44,0.519995996533516,0.270395836410885
58.589,0.608,24.32,0.363078054770101,0.131825673855641
58.608,0.699,27.96,0.552077439280757,0.304789498962798
58.608,0.634,25.36,0.409260659730011,0.167494287602644
58.626,0.479,19.16,0.200447202736516,0.040179081084894
58.643,0.66,26.4,0.461317574560379,0.212813904598271
58.643,0.531,21.24,0.254683025258504,0.0648634433548238
58.661,0.181,7.24,0.0508159442560561,0.0025822601906346
58.679,0.556,22.24,0.285759054337495,0.0816582371358593
58.679,0.246,9.84,0.0685488226452662,0.00469894108605216
58.697,0.479,19.16,0.200447202736516,0.040179081084894
58.716,0.336,13.44,0.103752841581801,0.0107646521362983
58.716,0.427,17.08,0.157761126969935,0.0248885731828239
58.734,0.608,24.32,0.363078054770101,0.131825673855641
58.753,0.362,14.48,0.116949939101987,0.0136772882559585
58.753,0.595,23.8,0.341979442513709,0.116949939101987
58.77,0.582,23.28,0.322106879128343,0.103752841581801
58.788,0.569,22.76,0.303389118419427,0.0920449571753171
58.788,0.673,26.92,0.489778819368446,0.239883291901949
58.807,0.518,20.72,0.239883291901949,0.0575439937337157
58.807,0.634,25.36,0.409260659730011,0.167494287602644
58.824,0.712,28.48,0.586138164514029,0.343557947899875
58.843,0.634,25.36,0.409260659730011,0.167494287602644
58.843,0.699,27.96,0.552077439280757,0.304789498962798
58.861,0.712,28.48,0.586138164514029,0.343557947899875
58.879,0.699,27.96,0.552077439280757,0.304789498962798
58.879,0.712,28.48,0.586138164514029,0.343557947899875
58.898,0.712,28.48,0.586138164514029,0.343557947899875
58.915,0.712,28.48,0.586138164514029,0.343557947899875
58.915,0.712,28.48,0.586138164514029,0.343557947899875
58.933,0.686,27.44,0.519995996533516,0.270395836410885
58.95,0.712,28.48,0.586138164514029,0.343557947899875
58.95,0.699,27.96,0.552077439280757,0.304789498962798
58.969,0.621,24.84,0.385478357665772,0.148593564228701
58.986,0.699,27.96,0.552077439280757,0.304789498962798
58.986,0.647,25.88,0.434510224171572,0.188799134909629
59.005,0.492,19.68,0.212813904598271,0.0452897579903621
59.023,0.647,25.88,0.434510224171572,0.188799134909629
59.023,0.544,21.76,0.270395836410884,0.0731139083483418
59.04,0.181,7.24,0.0508159442560561,0.0025822601906346
59.058,0.556,22.24,0.285759054337495,0.0816582371358593
59.059,0.272,10.88,0.0772680585095703,0.00597035286583838
59.076,0.453,18.12,0.177827941003892,0.0316227766016838
59.094,0.582,23.28,0.322106879128343,0.103752841581801
59.094,0.401,16.04,0.139958732257262,0.0195884467350599
59.112,0.595,23.8,0.341979442513709,0.116949939101987
59.131,0.336,13.44,0.103752841581801,0.0107646521362983
59.131,0.569,22.76,0.303389118419427,0.0920449571753171
59.149,0.233,9.32,0.0645654229034656,0.00416869383470336
59.166,0.544,21.76,0.270395836410884,0.0731139083483418
59.166,0.66,26.4,0.461317574560379,0.212813904598271
59.184,0.518,20.72,0.239883291901949,0.0575439937337157
59.203,0.634,25.36,0.409260659730011,0.167494287602644
59.203,0.699,27.96,0.552077439280757,0.304789498962798
59.221,0.621,24.84,0.385478357665772,0.148593564228701
59.239,0.686,27.44,0.519995996533516,0.270395836410885
59.239,0.712,28.48,0.586138164514029,0.343557947899875
59.256,0.686,27.44,0.519995996533516,0.270395836410885
59.274,0.712,28.48,0.586138164514029,0.343557947899875
59.274,0.712,28.48,0.586138164514029,0.343557947899875
59.292,0.712,28.48,0.586138164514029,0.343557947899875
59.31,0.712,28.48,0.586138164514029,0.343557947899875
59.31,0.686,27.44,0.519995996533516,0.270395836410885
59.328,0.712,28.48,0.586138164514029,0.343557947899875
59.346,0.699,27.96,0.552077439280757,0.304789498962798
59.346,0.634,25.36,0.409260659730011,0.167494287602644
59.363,0.699,27.96,0.552077439280757,0.304789498962798
59.382,0.647,25.88,0.434510224171572,0.188799134909629
59.382,0.634,25.36,0.409260659730011,0.167494287602644
59.4,0.673,26.92,0.489778819368446,0.239883291901949
59.417,0.556,22.24,0.285759054337495,0.0816582371358593
59.417,0.246,9.84,0.0685488226452662,0.00469894108605216
59.435,0.595,23.8,0.341979442513709,0.116949939101987
59.453,0.336,13.44,0.103752841581801,0.0107646521362983
59.453,0.427,17.08,0.157761126969935,0.0248885731828239
59.472,0.427,17.08,0.157761126969935,0.0248885731828239
59.489,0.362,14.48,0.116949939101987,0.0136772882559585
59.489,0.582,23.28,0.322106879128343,0.103752841581801
59.509,0.259,10.36,0.0727779804536824,0.00529663443891658
59.527,0.556,22.24,0.285759054337495,0.0816582371358593
59.527,0.194,7.76,0.0539510622515128,0.00291071711806661
59.545,0.531,21.24,0.254683025258504,0.0648634433548238
59.545,0.647,25.88,0.434510224171572,0.188799134909629
59.563,0.492,19.68,0.212813904598271,0.0452897579903621
59.581,0.634,25.36,0.409260659730011,0.167494287602644
59.581,0.699,27.96,0.552077439280757,0.304789498962798
59.599,0.621,24.84,0.385478357665772,0.148593564228701
59.617,0.686,27.44,0.519995996533516,0.270395836410885
59.635,0.712,28.48,0.586138164514029,0.343557947899875
59.635,0.686,27.44,0.519995996533516,0.270395836410885
59.653,0.712,28.48,0.586138164514029,0.343557947899875
59.653,0.699,27.96,0.552077439280757,0.304789498962798
59.671,0.712,28.48,0.586138164514029,0.343557947899875
59.688,0.712,28.48,0.586138164514029,0.343557947899875
59.688,0.699,27.96,0.552077439280757,0.304789498962798
59.707,0.712,28.48,0.586138164514029,0.343557947899875
59.725,0.699,27.96,0.552077439280757,0.304789498962798
59.725,0.634,25.36,0.409260659730011,0.167494287602644
59.743,0.699,27.96,0.552077439280757,0.304789498962798
59.76,0.647,25.88,0.434510224171572,0.188799134909629
59.76,0.544,21.76,0.270395836410884,0.0731139083483418
59.78,0.673,26.92,0.489778819368446,0.239883291901949
59.797,0.569,22.76,0.303389118419427,0.0920449571753171
59.797,0.285,11.4,0.0820351544329818,0.00672976656284318
59.815,0.595,23.8,0.341979442513709,0.116949939101987
59.832,0.388,15.52,0.131825673855641,0.0173780082874938
59.832,0.375,15,0.124165230759241,0.0154170045294956
59.85,0.453,18.12,0.177827941003892,0.0316227766016838
59.869,0.285,11.4,0.0820351544329818,0.00672976656284318
59.869,0.569,22.76,0.303389118419427,0.0920449571753171
59.887,0.233,9.32,0.0645654229034656,0.00416869383470336
59.905,0.556,22.24,0.285759054337495,0.0816582371358593
59.905,0.66,26.4,0.461317574560379,0.212813904598271
59.922,0.505,20.2,0.225943577022098,0.0510504999975407
59.941,0.647,25.88,0.434510224171572,0.188799134909629
59.941,0.466,18.64,0.188799134909629,0.0356451133426244
59.958,0.621,24.84,0.385478357665772,0.148593564228701
59.976,0.686,27.44,0.519995996533516,0.270395836410885
59.976,0.595,23.8,0.341979442513709,0.116949939101987
59.994,0.673,26.92,0.489778819368446,0.239883291901949
60.013,0.712,28.48,0.586138164514029,0.343557947899875
60.013,0.673,26.92,0.489778819368446,0.239883291901949
60.032,0.712,28.48,0.586138164514029,0.343557947899875
60.051,0.712,28.48,0.586138164514029,0.343557947899875
60.051,0.699,27.96,0.552077439280757,0.304789498962798
60.069,0.725,29,0.622300285169159,0.387257644921617
60.087,0.699,27.96,0.552077439280757,0.304789498962798
60.087,0.725,29,0.622300285169159,0.387257644921617
60.105,0.699,27.96,0.552077439280757,0.304789498962798
60.105,0.647,25.88,0.434510224171572,0.188799134909629
60.125,0.712,28.48,0.586138164514029,0.343557947899875
60.143,0.66,26.4,0.461317574560379,0.212813904598271
60.143,0.556,22.24,0.285759054337495,0.0816582371358593
60.164,0.673,26.92,0.489778819368446,0.239883291901949
60.183,0.595,23.8,0.341979442513709,0.116949939101987
60.183,0.336,13.44,0.103752841581801,0.0107646521362983
60.202,0.621,24.84,0.385478357665772,0.148593564228701
60.202,0.401,16.04,0.139958732257262,0.0195884467350599
60.222,0.362,14.48,0.116949939101987,0.0136772882559585
60.241,0.479,19.16,0.200447202736516,0.040179081084894
60.241,0.272,10.88,0.0772680585095703,0.00597035286583838
60.261,0.556,22.24,0.285759054337495,0.0816582371358593
60.261,0.155,6.2,0.045081670454146,0.00203235701093622
60.279,0.518,20.72,0.239883291901949,0.0575439937337157
60.297,0.647,25.88,0.434510224171572,0.188799134909629
60.298,0.479,19.16,0.200447202736516,0.040179081084894
60.315,0.634,25.36,0.409260659730011,0.167494287602644
60.334,0.401,16.04,0.139958732257262,0.0195884467350599
60.334,0.608,24.32,0.363078054770101,0.131825673855641
60.351,0.686,27.44,0.519995996533516,0.270395836410885
60.372,0.582,23.28,0.322106879128343,0.103752841581801
60.372,0.673,26.92,0.489778819368446,0.239883291901949
60.391,0.712,28.48,0.586138164514029,0.343557947899875
60.391,0.66,26.4,0.461317574560379,0.212813904598271
60.41,0.712,28.48,0.586138164514029,0.343557947899875
60.429,0.725,29,0.622300285169159,0.387257644921617
60.43,0.712,28.48,0.586138164514029,0.343557947899875
60.449,0.712,28.48,0.586138164514029,0.343557947899875
60.468,0.699,27.96,0.552077439280757,0.304789498962798
60.468,0.725,29,0.622300285169159,0.387257644921617
60.487,0.712,28.48,0.586138164514029,0.343557947899875
60.487,0.66,26.4,0.461317574560379,0.212813904598271
60.505,0.712,28.48,0.586138164514029,0.343557947899875
60.526,0.673,26.92,0.489778819368446,0.239883291901949
60.527,0.582,23.28,0.322106879128343,0.103752841581801
60.544,0.686,27.44,0.519995996533516,0.270395836410885
60.562,0.595,23.8,0.341979442513709,0.116949939101987
60.562,0.401,16.04,0.139958732257262,0.0195884467350599
60.58,0.621,24.84,0.385478357665772,0.148593564228701
60.598,0.466,18.64,0.188799134909629,0.0356451133426244
60.598,0.285,11.4,0.0820351544329818,0.00672976656284318
60.616,0.518,20.72,0.239883291901949,0.0575439937337157
60.634,0.22,8.8,0.0608135001278718,0.00369828179780266
60.634,0.531,21.24,0.254683025258504,0.0648634433548238
60.652,0.168,6.72,0.0478630092322639,0.00229086765276777
60.67,0.505,20.2,0.225943577022098,0.0510504999975407
60.67,0.634,25.36,0.409260659730011,0.167494287602644
60.688,0.453,18.12,0.177827941003892,0.0316227766016838
60.706,0.621,24.84,0.385478357665772,0.148593564228701
60.706,0.388,15.52,0.131825673855641,0.0173780082874938
60.725,0.595,23.8,0.341979442513709,0.116949939101987
60.725,0.686,27.44,0.519995996533516,0.270395836410885
60.742,0.569,22.76,0.303389118419427,0.0920449571753171
60.761,0.673,26.92,0.489778819368446,0.239883291901949
60.761,0.712,28.48,0.586138164514029,0.343557947899875
60.779,0.66,26.4,0.461317574560379,0.212813904598271
60.798,0.712,28.48,0.586138164514029,0.343557947899875
60.798,0.725,29,0.622300285169159,0.387257644921617
60.816,0.699,27.96,0.552077439280757,0.304789498962798
60.833,0.725,29,0.622300285169159,0.387257644921617
60.833,0.699,27.96,0.552077439280757,0.304789498962798
60.851,0.725,29,0.622300285169159,0.387257644921617
60.869,0.712,28.48,0.586138164514029,0.343557947899875
60.869,0.66,26.4,0.461317574560379,0.212813904598271
60.887,0.712,28.48,0.586138164514029,0.343557947899875
60.905,0.673,26.92,0.489778819368446,0.239883291901949
60.905,0.582,23.28,0.322106879128343,0.103752841581801
60.923,0.686,27.44,0.519995996533516,0.270395836410885
60.942,0.621,24.84,0.385478357665772,0.148593564228701
60.942,0.414,16.56,0.148593564228701,0.022080047330189
60.959,0.621,24.84,0.385478357665772,0.148593564228701
60.977,0.466,18.64,0.188799134909629,0.0356451133426244
60.977,0.233,9.32,0.0645654229034656,0.00416869383470336
60.995,0.531,21.24,0.254683025258504,0.0648634433548238
61.012,0.155,6.2,0.045081670454146,0.00203235701093622
61.012,0.621,24.84,0.385478357665772,0.148593564228701
61.03,0.233,9.32,0.0645654229034656,0.00416869383470336
61.048,0.479,19.16,0.200447202736516,0.040179081084894
61.048,0.634,25.36,0.409260659730011,0.167494287602644
61.067,0.414,16.56,0.148593564228701,0.022080047330189
61.085,0.608,24.32,0.363078054770101,0.131825673855641
61.085,0.336,13.44,0.103752841581801,0.0107646521362983
61.103,0.582,23.28,0.322106879128343,0.103752841581801
61.121,0.673,26.92,0.489778819368446,0.239883291901949
61.122,0.621,24.84,0.385478357665772,0.148593564228701
61.141,0.66,26.4,0.461317574560379,0.212813904598271
61.158,0.712,28.48,0.586138164514029,0.343557947899875
61.158,0.66,26.4,0.461317574560379,0.212813904598271
61.175,0.712,28.48,0.586138164514029,0.343557947899875
61.193,0.725,29,0.622300285169159,0.387257644921617
61.193,0.686,27.44,0.519995996533516,0.270395836410885
61.212,0.725,29,0.622300285169159,0.387257644921617
61.229,0.712,28.48,0.586138164514029,0.343557947899875
61.229,0.712,28.48,0.586138164514029,0.343557947899875
61.247,0.712,28.48,0.586138164514029,0.343557947899875
61.264,0.673,26.92,0.489778819368446,0.239883291901949
61.266,0.712,28.48,0.586138164514029,0.343557947899875
61.283,0.686,27.44,0.519995996533516,0.270395836410885
61.301,0.608,24.32,0.363078054770101,0.131825673855641
61.301,0.686,27.44,0.519995996533516,0.270395836410885
61.321,0.634,25.36,0.409260659730011,0.167494287602644
61.322,0.466,18.64,0.188799134909629,0.0356451133426244
61.34,0.647,25.88,0.434510224171572,0.188799134909629
61.357,0.518,20.72,0.239883291901949,0.0575439937337157
61.357,0.181,7.24,0.0508159442560561,0.0025822601906346
61.375,0.556,22.24,0.285759054337495,0.0816582371358593
61.393,0.22,8.8,0.0608135001278718,0.00369828179780266
61.393,0.505,20.2,0.225943577022098,0.0510504999975407
61.41,0.298,11.92,0.0870963589956081,0.00758577575029184
61.429,0.453,18.12,0.177827941003892,0.0316227766016838
61.429,0.621,24.84,0.385478357665772,0.148593564228701
61.447,0.388,15.52,0.131825673855641,0.0173780082874938
61.465,0.595,23.8,0.341979442513709,0.116949939101987
61.465,0.272,10.88,0.0772680585095703,0.00597035286583838
61.482,0.569,22.76,0.303389118419427,0.0920449571753171
61.499,0.673,26.92,0.489778819368446,0.239883291901949
61.499,0.544,21.76,0.270395836410884,0.0731139083483418
61.518,0.66,26.4,0.461317574560379,0.212813904598271
61.536,0.699,27.96,0.552077439280757,0.304789498962798
61.536,0.647,25.88,0.434510224171572,0.188799134909629
61.555,0.712,28.48,0.586138164514029,0.343557947899875
61.573,0.712,28.48,0.586138164514029,0.343557947899875
61.574,0.699,27.96,0.552077439280757,0.304789498962798
61.591,0.738,29.52,0.660693448007596,0.436515832240166
61.609,0.712,28.48,0.586138164514029,0.343557947899875
61.609,0.725,29,0.622300285169159,0.387257644921617
61.628,0.725,29,0.622300285169159,0.387257644921617
61.645,0.686,27.44,0.519995996533516,0.270395836410885
61.645,0.712,28.48,0.586138164514029,0.343557947899875
61.663,0.686,27.44,0.519995996533516,0.270395836410885
61.682,0.621,24.84,0.385478357665772,0.148593564228701
61.682,0.699,27.96,0.552077439280757,0.304789498962798
61.7,0.621,24.84,0.385478357665772,0.148593564228701
61.717,0.479,19.16,0.200447202736516,0.040179081084894
61.717,0.647,25.88,0.434510224171572,0.188799134909629
61.735,0.518,20.72,0.239883291901949,0.0575439937337157
61.753,0.142,5.68,0.0424619563946313,0.00180301774085957
61.753,0.556,22.24,0.285759054337495,0.0816582371358593
61.771,0.233,9.32,0.0645654229034656,0.00416869383470336
61.788,0.466,18.64,0.188799134909629,0.0356451133426244
61.788,0.362,14.48,0.116949939101987,0.0136772882559585
61.807,0.401,16.04,0.139958732257262,0.0195884467350599
61.824,0.608,24.32,0.363078054770101,0.131825673855641
61.824,0.324,12.96,0.0981747943019985,0.00963829023623972
61.843,0.608,24.32,0.363078054770101,0.131825673855641
61.862,0.233,9.32,0.0645654229034656,0.00416869383470336
61.862,0.556,22.24,0.285759054337495,0.0816582371358593
61.88,0.66,26.4,0.461317574560379,0.212813904598271
61.88,0.518,20.72,0.239883291901949,0.0575439937337157
61.898,0.634,25.36,0.409260659730011,0.167494287602644
61.917,0.699,27.96,0.552077439280757,0.304789498962798
61.917,0.621,24.84,0.385478357665772,0.148593564228701
61.935,0.699,27.96,0.552077439280757,0.304789498962798
61.953,0.725,29,0.622300285169159,0.387257644921617
61.953,0.699,27.96,0.552077439280757,0.304789498962798
61.97,0.725,29,0.622300285169159,0.387257644921617
61.987,0.712,28.48,0.586138164514029,0.343557947899875
61.987,0.712,28.48,0.586138164514029,0.343557947899875
62.005,0.699,27.96,0.552077439280757,0.304789498962798
62.024,0.686,27.44,0.519995996533516,0.270395836410885
62.024,0.712,28.48,0.586138164514029,0.343557947899875
62.042,0.699,27.96,0.552077439280757,0.304789498962798
62.06,0.634,25.36,0.409260659730011,0.167494287602644
62.06,0.699,27.96,0.552077439280757,0.304789498962798
62.079,0.66,26.4,0.461317574560379,0.212813904598271
62.096,0.518,20.72,0.239883291901949,0.0575439937337157
62.096,0.66,26.4,0.461317574560379,0.212813904598271
62.114,0.556,22.24,0.285759054337495,0.0816582371358593
62.133,0.194,7.76,0.0539510622515128,0.00291071711806661
62.133,0.582,23.28,0.322106879128343,0.103752841581801
62.151,0.298,11.92,0.0870963589956081,0.00758577575029184
62.17,0.453,18.12,0.177827941003892,0.0316227766016838
62.17,0.388,15.52,0.131825673855641,0.0173780082874938
62.187,0.375,15,0.124165230759241,0.0154170045294956
62.205,0.595,23.8,0.341979442513709,0.116949939101987
62.205,0.272,10.88,0.0772680585095703,0.00597035286583838
62.222,0.569,22.76,0.303389118419427,0.0920449571753171
62.24,0.181,7.24,0.0508159442560561,0.0025822601906346
62.24,0.544,21.76,0.270395836410884,0.0731139083483418
62.258,0.673,26.92,0.489778819368446,0.239883291901949
62.276,0.518,20.72,0.239883291901949,0.0575439937337157
62.276,0.66,26.4,0.461317574560379,0.212813904598271
62.294,0.725,29,0.622300285169159,0.387257644921617
62.313,0.647,25.88,0.434510224171572,0.188799134909629
62.313,0.725,29,0.622300285169159,0.387257644921617
62.33,0.751,30.04,0.701455298419971,0.492039535681451
62.348,0.712,28.48,0.586138164514029,0.343557947899875
62.348,0.751,30.04,0.701455298419971,0.492039535681451
62.366,0.751,30.04,0.701455298419971,0.492039535681451
62.385,0.738,29.52,0.660693448007596,0.436515832240166
62.385,0.751,30.04,0.701455298419971,0.492039535681451
62.403,0.725,29,0.622300285169159,0.387257644921617
62.421,0.751,30.04,0.701455298419971,0.492039535681451
62.421,0.725,29,0.622300285169159,0.387257644921617
62.44,0.66,26.4,0.461317574560379,0.212813904598271
62.457,0.738,29.52,0.660693448007596,0.436515832240166
62.457,0.686,27.44,0.519995996533516,0.270395836410885
62.474,0.556,22.24,0.285759054337495,0.0816582371358593
62.493,0.699,27.96,0.552077439280757,0.304789498962798
62.493,0.582,23.28,0.322106879128343,0.103752841581801
62.51,0.285,11.4,0.0820351544329818,0.00672976656284318
62.529,0.621,24.84,0.385478357665772,0.148593564228701
62.529,0.401,16.04,0.139958732257262,0.0195884467350599
62.547,0.414,16.56,0.148593564228701,0.022080047330189
62.547,0.466,18.64,0.188799134909629,0.0356451133426244
62.566,0.324,12.96,0.0981747943019985,0.00963829023623972
62.584,0.608,24.32,0.363078054770101,0.131825673855641
62.584,0.22,8.8,0.0608135001278718,0.00369828179780266
62.603,0.582,23.28,0.322106879128343,0.103752841581801
62.62,0.686,27.44,0.519995996533516,0.270395836410885
62.62,0.544,21.76,0.270395836410884,0.0731139083483418
62.64,0.673,26.92,0.489778819368446,0.239883291901949
62.658,0.505,20.2,0.225943577022098,0.0510504999975407
62.659,0.66,26.4,0.461317574560379,0.212813904598271
62.677,0.725,29,0.622300285169159,0.387257644921617
62.695,0.634,25.36,0.409260659730011,0.167494287602644
62.695,0.725,29,0.622300285169159,0.387257644921617
62.713,0.751,30.04,0.701455298419971,0.492039535681451
62.732,0.712,28.48,0.586138164514029,0.343557947899875
62.732,0.751,30.04,0.701455298419971,0.492039535681451
62.75,0.751,30.04,0.701455298419971,0.492039535681451
62.75,0.738,29.52,0.660693448007596,0.436515832240166
62.768,0.751,30.04,0.701455298419971,0.492039535681451
62.786,0.738,29.52,0.660693448007596,0.436515832240166
62.786,0.751,30.04,0.701455298419971,0.492039535681451
62.804,0.738,29.52,0.660693448007596,0.436515832240166
62.821,0.673,26.92,0.489778819368446,0.239883291901949
62.821,0.751,30.04,0.701455298419971,0.492039535681451
62.84,0.699,27.96,0.552077439280757,0.304789498962798
62.858,0.582,23.28,0.322106879128343,0.103752841581801
62.858,0.712,28.48,0.586138164514029,0.343557947899875
62.876,0.621,24.84,0.385478357665772,0.148593564228701
62.894,0.324,12.96,0.0981747943019985,0.00963829023623972
62.894,0.647,25.88,0.434510224171572,0.188799134909629
62.913,0.427,17.08,0.157761126969935,0.0248885731828239
62.932,0.414,16.56,0.148593564228701,0.022080047330189
62.932,0.518,20.72,0.239883291901949,0.0575439937337157
62.952,0.311,12.44,0.0924698173938222,0.00855066712884683
62.97,0.608,24.32,0.363078054770101,0.131825673855641
62.97,0.181,7.24,0.0508159442560561,0.0025822601906346
62.989,0.582,23.28,0.322106879128343,0.103752841581801
62.989,0.699,27.96,0.552077439280757,0.304789498962798
63.008,0.544,21.76,0.270395836410884,0.0731139083483418
63.026,0.673,26.92,0.489778819368446,0.239883291901949
63.026,0.492,19.68,0.212813904598271,0.0452897579903621
63.045,0.66,26.4,0.461317574560379,0.212813904598271
63.064,0.725,29,0.622300285169159,0.387257644921617
63.064,0.647,25.88,0.434510224171572,0.188799134909629
63.083,0.725,29,0.622300285169159,0.387257644921617
63.083,0.751,30.04,0.701455298419971,0.492039535681451
63.101,0.725,29,0.622300285169159,0.387257644921617
63.121,0.751,30.04,0.701455298419971,0.492039535681451
63.121,0.764,30.56,0.744731973905989,0.554625712957911
63.139,0.751,30.04,0.701455298419971,0.492039535681451
63.158,0.751,30.04,0.701455298419971,0.492039535681451
63.158,0.738,29.52,0.660693448007596,0.436515832240166
63.176,0.764,30.56,0.744731973905989,0.554625712957911
63.193,0.751,30.04,0.701455298419971,0.492039535681451
63.193,0.699,27.96,0.552077439280757,0.304789498962798
63.211,0.751,30.04,0.701455298419971,0.492039535681451
63.229,0.712,28.48,0.586138164514029,0.343557947899875
63.229,0.608,24.32,0.363078054770101,0.131825673855641
63.246,0.725,29,0.622300285169159,0.387257644921617
63.264,0.634,25.36,0.409260659730011,0.167494287602644
63.265,0.427,17.08,0.157761126969935,0.0248885731828239
63.282,0.673,26.92,0.489778819368446,0.239883291901949
63.3,0.492,19.68,0.212813904598271,0.0452897579903621
63.3,0.336,13.44,0.103752841581801,0.0107646521362983
63.318,0.544,21.76,0.270395836410884,0.0731139083483418
63.336,0.207,8.28,0.057279603098583,0.00328095293113119
63.336,0.595,23.8,0.341979442513709,0.116949939101987
63.355,0.194,7.76,0.0539510622515128,0.00291071711806661
63.373,0.556,22.24,0.285759054337495,0.0816582371358593
63.373,0.699,27.96,0.552077439280757,0.304789498962798
63.39,0.505,20.2,0.225943577022098,0.0510504999975407
63.409,0.673,26.92,0.489778819368446,0.239883291901949
63.409,0.44,17.6,0.167494287602644,0.0280543363795171
63.426,0.647,25.88,0.434510224171572,0.188799134909629
63.445,0.725,29,0.622300285169159,0.387257644921617
63.445,0.621,24.84,0.385478357665772,0.148593564228701
63.464,0.712,28.48,0.586138164514029,0.343557947899875
63.464,0.751,30.04,0.701455298419971,0.492039535681451
63.481,0.699,27.96,0.552077439280757,0.304789498962798
63.5,0.751,30.04,0.701455298419971,0.492039535681451
63.501,0.751,30.04,0.701455298419971,0.492039535681451
63.518,0.738,29.52,0.660693448007596,0.436515832240166
63.538,0.751,30.04,0.701455298419971,0.492039535681451
63.538,0.738,29.52,0.660693448007596,0.436515832240166
63.556,0.751,30.04,0.701455298419971,0.492039535681451
63.576,0.751,30.04,0.701455298419971,0.492039535681451
63.576,0.699,27.96,0.552077439280757,0.304789498962798
63.593,0.751,30.04,0.701455298419971,0.492039535681451
63.612,0.712,28.48,0.586138164514029,0.343557947899875
63.612,0.608,24.32,0.363078054770101,0.131825673855641
63.629,0.712,28.48,0.586138164514029,0.343557947899875
63.648,0.647,25.88,0.434510224171572,0.188799134909629
63.648,0.44,17.6,0.167494287602644,0.0280543363795171
63.665,0.673,26.92,0.489778819368446,0.239883291901949
63.683,0.505,20.2,0.225943577022098,0.0510504999975407
63.683,0.336,13.44,0.103752841581801,0.0107646521362983
63.702,0.556,22.24,0.285759054337495,0.0816582371358593
63.702,0.155,6.2,0.045081670454146,0.00203235701093622
63.721,0.556,22.24,0.285759054337495,0.0816582371358593
63.739,0.233,9.32,0.0645654229034656,0.00416869383470336
63.739,0.531,21.24,0.254683025258504,0.0648634433548238
63.758,0.673,26.92,0.489778819368446,0.239883291901949
63.776,0.479,19.16,0.200447202736516,0.040179081084894
63.776,0.647,25.88,0.434510224171572,0.188799134909629
63.794,0.414,16.56,0.148593564228701,0.022080047330189
63.811,0.634,25.36,0.409260659730011,0.167494287602644
63.811,0.699,27.96,0.552077439280757,0.304789498962798
63.829,0.608,24.32,0.363078054770101,0.131825673855641
63.847,0.699,27.96,0.552077439280757,0.304789498962798
63.847,0.751,30.04,0.701455298419971,0.492039535681451
63.864,0.699,27.96,0.552077439280757,0.304789498962798
63.882,0.738,29.52,0.660693448007596,0.436515832240166
63.882,0.751,30.04,0.701455298419971,0.492039535681451
63.901,0.738,29.52,0.660693448007596,0.436515832240166
63.918,0.751,30.04,0.701455298419971,0.492039535681451
63.918,0.751,30.04,0.701455298419971,0.492039535681451
63.937,0.751,30.04,0.701455298419971,0.492039535681451
63.954,0.751,30.04,0.701455298419971,0.492039535681451
63.954,0.725,29,0.622300285169159,0.387257644921617
63.972,0.764,30.56,0.744731973905989,0.554625712957911
63.99,0.725,29,0.622300285169159,0.387257644921617
63.99,0.647,25.88,0.434510224171572,0.188799134909629
64.008,0.738,29.52,0.660693448007596,0.436515832240166
64.027,0.673,26.92,0.489778819368446,0.239883291901949
64.027,0.505,20.2,0.225943577022098,0.0510504999975407
64.046,0.686,27.44,0.519995996533516,0.270395836410885
64.063,0.544,21.76,0.270395836410884,0.0731139083483418
64.063,0.194,7.76,0.0539510622515128,0.00291071711806661
64.081,0.582,23.28,0.322106879128343,0.103752841581801
64.099,0.453,18.12,0.177827941003892,0.0316227766016838
64.099,0.531,21.24,0.254683025258504,0.0648634433548238
64.117,0.336,13.44,0.103752841581801,0.0107646521362983
64.135,0.492,19.68,0.212813904598271,0.0452897579903621
64.135,0.66,26.4,0.461317574560379,0.212813904598271
64.153,0.427,17.08,0.157761126969935,0.0248885731828239
64.172,0.634,25.36,0.409260659730011,0.167494287602644
64.172,0.324,12.96,0.0981747943019985,0.00963829023623972
64.189,0.595,23.8,0.341979442513709,0.116949939101987
64.208,0.686,27.44,0.519995996533516,0.270395836410885
64.208,0.569,22.76,0.303389118419427,0.0920449571753171
64.225,0.686,27.44,0.519995996533516,0.270395836410885
64.245,0.725,29,0.622300285169159,0.387257644921617
64.245,0.699,27.96,0.552077439280757,0.304789498962798
64.265,0.725,29,0.622300285169159,0.387257644921617
64.265,0.738,29.52,0.660693448007596,0.436515832240166
64.282,0.725,29,0.622300285169159,0.387257644921617
64.3,0.751,30.04,0.701455298419971,0.492039535681451
64.3,0.738,29.52,0.660693448007596,0.436515832240166
64.318,0.751,30.04,0.701455298419971,0.492039535681451
64.335,0.751,30.04,0.701455298419971,0.492039535681451
64.335,0.712,28.48,0.586138164514029,0.343557947899875
64.354,0.751,30.04,0.701455298419971,0.492039535681451
64.373,0.712,28.48,0.586138164514029,0.343557947899875
64.373,0.647,25.88,0.434510224171572,0.188799134909629
64.389,0.738,29.52,0.660693448007596,0.436515832240166
64.407,0.673,26.92,0.489778819368446,0.239883291901949
64.407,0.518,20.72,0.239883291901949,0.0575439937337157
64.424,0.686,27.44,0.519995996533516,0.270395836410885
64.442,0.556,22.24,0.285759054337495,0.0816582371358593
64.442,0.155,6.2,0.045081670454146,0.00203235701093622
64.461,0.582,23.28,0.322106879128343,0.103752841581801
64.48,0.259,10.36,0.0727779804536824,0.00529663443891658
64.48,0.518,20.72,0.239883291901949,0.0575439937337157
64.498,0.349,13.96,0.110153930954142,0.0121338885046498
64.516,0.466,18.64,0.188799134909629,0.0356451133426244
64.516,0.634,25.36,0.409260659730011,0.167494287602644
64.533,0.388,15.52,0.131825673855641,0.0173780082874938
64.552,0.621,24.84,0.385478357665772,0.148593564228701
64.552,0.272,10.88,0.0772680585095703,0.00597035286583838
64.57,0.582,23.28,0.322106879128343,0.103752841581801
64.59,0.699,27.96,0.552077439280757,0.304789498962798
64.59,0.556,22.24,0.285759054337495,0.0816582371358593
64.608,0.686,27.44,0.519995996533516,0.270395836410885
64.609,0.751,30.04,0.701455298419971,0.492039535681451
64.626,0.686,27.44,0.519995996533516,0.270395836410885
64.645,0.738,29.52,0.660693448007596,0.436515832240166
64.645,0.764,30.56,0.744731973905989,0.554625712957911
64.662,0.738,29.52,0.660693448007596,0.436515832240166
64.681,0.764,30.56,0.744731973905989,0.554625712957911
64.681,0.751,30.04,0.701455298419971,0.492039535681451
64.7,0.751,30.04,0.701455298419971,0.492039535681451
64.719,0.764,30.56,0.744731973905989,0.554625712957911
64.719,0.738,29.52,0.660693448007596,0.436515832240166
64.738,0.764,30.56,0.744731973905989,0.554625712957911
64.738,0.738,29.52,0.660693448007596,0.436515832240166
64.759,0.673,26.92,0.489778819368446,0.239883291901949
64.777,0.751,30.04,0.701455298419971,0.492039535681451
64.777,0.686,27.44,0.519995996533516,0.270395836410885
64.796,0.544,21.76,0.270395836410884,0.0731139083483418
64.815,0.699,27.96,0.552077439280757,0.304789498962798
64.815,0.582,23.28,0.322106879128343,0.103752841581801
64.833,0.194,7.76,0.0539510622515128,0.00291071711806661
64.851,0.621,24.84,0.385478357665772,0.148593564228701
64.851,0.336,13.44,0.103752841581801,0.0107646521362983
64.87,0.505,20.2,0.225943577022098,0.0510504999975407
64.87,0.44,17.6,0.167494287602644,0.0280543363795171
64.887,0.44,17.6,0.167494287602644,0.0280543363795171
64.906,0.647,25.88,0.434510224171572,0.188799134909629
64.906,0.466,18.64,0.188799134909629,0.0356451133426244
64.924,0.621,24.84,0.385478357665772,0.148593564228701
64.941,0.168,6.72,0.0478630092322639,0.00229086765276777
64.941,0.595,23.8,0.341979442513709,0.116949939101987
64.96,0.712,28.48,0.586138164514029,0.343557947899875
64.979,0.544,21.76,0.270395836410884,0.0731139083483418
64.979,0.699,27.96,0.552077439280757,0.304789498962798
64.997,0.751,30.04,0.701455298419971,0.492039535681451
65.014,0.66,26.4,0.461317574560379,0.212813904598271
65.015,0.738,29.52,0.660693448007596,0.436515832240166
65.033,0.764,30.56,0.744731973905989,0.554625712957911
65.052,0.725,29,0.622300285169159,0.387257644921617
65.052,0.764,30.56,0.744731973905989,0.554625712957911
65.069,0.751,30.04,0.701455298419971,0.492039535681451
65.088,0.751,30.04,0.701455298419971,0.492039535681451
65.088,0.751,30.04,0.701455298419971,0.492039535681451
65.107,0.725,29,0.622300285169159,0.387257644921617
65.126,0.751,30.04,0.701455298419971,0.492039535681451
65.126,0.738,29.52,0.660693448007596,0.436515832240166
65.144,0.673,26.92,0.489778819368446,0.239883291901949
65.144,0.738,29.52,0.660693448007596,0.436515832240166
65.164,0.686,27.44,0.519995996533516,0.270395836410885
65.183,0.569,22.76,0.303389118419427,0.0920449571753171
65.183,0.712,28.48,0.586138164514029,0.343557947899875
65.202,0.608,24.32,0.363078054770101,0.131825673855641
65.221,0.285,11.4,0.0820351544329818,0.00672976656284318
65.221,0.634,25.36,0.409260659730011,0.167494287602644
65.24,0.401,16.04,0.139958732257262,0.0195884467350599
65.24,0.466,18.64,0.188799134909629,0.0356451133426244
65.258,0.492,19.68,0.212813904598271,0.0452897579903621
65.277,0.388,15.52,0.131825673855641,0.0173780082874938
65.277,0.647,25.88,0.434510224171572,0.188799134909629
65.296,0.259,10.36,0.0727779804536824,0.00529663443891658
65.314,0.608,24.32,0.363078054770101,0.131825673855641
65.314,0.311,12.44,0.0924698173938222,0.00855066712884683
65.332,0.569,22.76,0.303389118419427,0.0920449571753171
65.351,0.699,27.96,0.552077439280757,0.304789498962798
65.351,0.518,20.72,0.239883291901949,0.0575439937337157
65.369,0.686,27.44,0.519995996533516,0.270395836410885
65.369,0.738,29.52,0.660693448007596,0.436515832240166
65.388,0.66,26.4,0.461317574560379,0.212813904598271
65.406,0.738,29.52,0.660693448007596,0.436515832240166
65.406,0.764,30.56,0.744731973905989,0.554625712957911
65.423,0.725,29,0.622300285169159,0.387257644921617
65.441,0.764,30.56,0.744731973905989,0.554625712957911
65.441,0.751,30.04,0.701455298419971,0.492039535681451
65.458,0.751,30.04,0.701455298419971,0.492039535681451
65.475,0.751,30.04,0.701455298419971,0.492039535681451
65.494,0.725,29,0.622300285169159,0.387257644921617
65.494,0.764,30.56,0.744731973905989,0.554625712957911
65.511,0.751,30.04,0.701455298419971,0.492039535681451
65.53,0.686,27.44,0.519995996533516,0.270395836410885
65.53,0.751,30.04,0.701455298419971,0.492039535681451
65.549,0.699,27.96,0.552077439280757,0.304789498962798
65.549,0.582,23.28,0.322106879128343,0.103752841581801
65.567,0.712,28.48,0.586138164514029,0.343557947899875
65.586,0.621,24.84,0.385478357665772,0.148593564228701
65.586,0.349,13.96,0.110153930954142,0.0121338885046498
65.609,0.647,25.88,0.434510224171572,0.188799134909629
65.609,0.427,17.08,0.157761126969935,0.0248885731828239
65.628,0.427,17.08,0.157761126969935,0.0248885731828239
65.646,0.492,19.68,0.212813904598271,0.0452897579903621
65.646,0.336,13.44,0.103752841581801,0.0107646521362983
65.666,0.621,24.84,0.385478357665772,0.148593564228701
65.688,0.181,7.24,0.0508159442560561,0.0025822601906346
65.688,0.582,23.28,0.322106879128343,0.103752841581801
65.707,0.699,27.96,0.552077439280757,0.304789498962798
65.707,0.544,21.76,0.270395836410884,0.0731139083483418
65.725,0.673,26.92,0.489778819368446,0.239883291901949
65.743,0.492,19.68,0.212813904598271,0.0452897579903621
65.743,0.673,26.92,0.489778819368446,0.239883291901949
65.761,0.738,29.52,0.660693448007596,0.436515832240166
65.781,0.647,25.88,0.434510224171572,0.188799134909629
65.781,0.738,29.52,0.660693448007596,0.436515832240166
65.802,0.764,30.56,0.744731973905989,0.554625712957911
65.802,0.712,28.48,0.586138164514029,0.343557947899875
65.821,0.751,30.04,0.701455298419971,0.492039535681451
65.84,0.764,30.56,0.744731973905989,0.554625712957911
65.84,0.751,30.04,0.701455298419971,0.492039535681451
65.859,0.764,30.56,0.744731973905989,0.554625712957911
65.859,0.751,30.04,0.701455298419971,0.492039535681451
65.88,0.764,30.56,0.744731973905989,0.554625712957911
65.899,0.751,30.04,0.701455298419971,0.492039535681451
65.899,0.712,28.48,0.586138164514029,0.343557947899875
65.918,0.764,30.56,0.744731973905989,0.554625712957911
65.918,0.712,28.48,0.586138164514029,0.343557947899875
65.938,0.621,24.84,0.385478357665772,0.148593564228701
65.956,0.725,29,0.622300285169159,0.387257644921617
65.956,0.634,25.36,0.409260659730011,0.167494287602644
65.975,0.401,16.04,0.139958732257262,0.0195884467350599
65.993,0.66,26.4,0.461317574560379,0.212813904598271
65.993,0.479,19.16,0.200447202736516,0.040179081084894
66.013,0.375,15,0.124165230759241,0.0154170045294956
66.013,0.544,21.76,0.270395836410884,0.0731139083483418
66.031,0.246,9.84,0.0685488226452662,0.00469894108605216
66.051,0.595,23.8,0.341979442513709,0.116949939101987
66.051,0.194,7.76,0.0539510622515128,0.00291071711806661
66.07,0.569,22.76,0.303389118419427,0.0920449571753171
66.089,0.699,27.96,0.552077439280757,0.304789498962798
66.089,0.518,20.72,0.239883291901949,0.0575439937337157
66.107,0.686,27.44,0.519995996533516,0.270395836410885
66.125,0.44,17.6,0.167494287602644,0.0280543363795171
66.125,0.66,26.4,0.461317574560379,0.212813904598271
66.142,0.725,29,0.622300285169159,0.387257644921617
66.162,0.634,25.36,0.409260659730011,0.167494287602644
66.162,0.725,29,0.622300285169159,0.387257644921617
66.18,0.751,30.04,0.701455298419971,0.492039535681451
66.18,0.712,28.48,0.586138164514029,0.343557947899875
66.199,0.751,30.04,0.701455298419971,0.492039535681451
66.217,0.764,30.56,0.744731973905989,0.554625712957911
66.217,0.738,29.52,0.660693448007596,0.436515832240166
66.235,0.764,30.56,0.744731973905989,0.554625712957911
66.253,0.751,30.04,0.701455298419971,0.492039535681451
66.253,0.764,30.56,0.744731973905989,0.554625712957911
66.271,0.751,30.04,0.701455298419971,0.492039535681451
66.289,0.712,28.48,0.586138164514029,0.343557947899875
66.289,0.764,30.56,0.744731973905989,0.554625712957911
66.308,0.712,28.48,0.586138164514029,0.343557947899875
66.325,0.621,24.84,0.385478357665772,0.148593564228701
66.326,0.725,29,0.622300285169159,0.387257644921617
66.344,0.66,26.4,0.461317574560379,0.212813904598271
66.362,0.44,17.6,0.167494287602644,0.0280543363795171
66.362,0.673,26.92,0.489778819368446,0.239883291901949
66.381,0.505,20.2,0.225943577022098,0.0510504999975407
66.398,0.324,12.96,0.0981747943019985,0.00963829023623972
66.399,0.544,21.76,0.270395836410884,0.0731139083483418
66.417,0.181,7.24,0.0508159442560561,0.0025822601906346
66.435,0.556,22.24,0.285759054337495,0.0816582371358593
66.435,0.194,7.76,0.0539510622515128,0.00291071711806661
66.452,0.544,21.76,0.270395836410884,0.0731139083483418
66.471,0.673,26.92,0.489778819368446,0.239883291901949
66.471,0.492,19.68,0.212813904598271,0.0452897579903621
66.489,0.66,26.4,0.461317574560379,0.212813904598271
66.489,0.427,17.08,0.157761126969935,0.0248885731828239
66.507,0.634,25.36,0.409260659730011,0.167494287602644
66.525,0.712,28.48,0.586138164514029,0.343557947899875
66.525,0.608,24.32,0.363078054770101,0.131825673855641
66.543,0.699,27.96,0.552077439280757,0.304789498962798
66.561,0.751,30.04,0.701455298419971,0.492039535681451
66.561,0.699,27.96,0.552077439280757,0.304789498962798
66.58,0.738,29.52,0.660693448007596,0.436515832240166
66.599,0.764,30.56,0.744731973905989,0.554625712957911
66.599,0.725,29,0.622300285169159,0.387257644921617
66.619,0.751,30.04,0.701455298419971,0.492039535681451
66.638,0.738,29.52,0.660693448007596,0.436515832240166
66.638,0.751,30.04,0.701455298419971,0.492039535681451
66.658,0.738,29.52,0.660693448007596,0.436515832240166
66.658,0.712,28.48,0.586138164514029,0.343557947899875
66.675,0.751,30.04,0.701455298419971,0.492039535681451
66.693,0.712,28.48,0.586138164514029,0.343557947899875
66.693,0.634,25.36,0.409260659730011,0.167494287602644
66.713,0.725,29,0.622300285169159,0.387257644921617
66.733,0.66,26.4,0.461317574560379,0.212813904598271
66.733,0.479,19.16,0.200447202736516,0.040179081084894
66.751,0.673,26.92,0.489778819368446,0.239883291901949
66.751,0.531,21.24,0.254683025258504,0.0648634433548238
66.77,0.272,10.88,0.0772680585095703,0.00597035286583838
66.79,0.569,22.76,0.303389118419427,0.0920449571753171
66.79,0.168,6.72,0.0478630092322639,0.00229086765276777
66.807,0.556,22.24,0.285759054337495,0.0816582371358593
66.825,0.311,12.44,0.0924698173938222,0.00855066712884683
66.825,0.492,19.68,0.212813904598271,0.0452897579903621
66.844,0.66,26.4,0.461317574560379,0.212813904598271
66.863,0.556,22.24,0.285759054337495,0.0816582371358593
66.863,0.634,25.36,0.409260659730011,0.167494287602644
66.882,0.336,13.44,0.103752841581801,0.0107646521362983
66.901,0.621,24.84,0.385478357665772,0.148593564228701
66.901,0.712,28.48,0.586138164514029,0.343557947899875
66.919,0.582,23.28,0.322106879128343,0.103752841581801
66.919,0.699,27.96,0.552077439280757,0.304789498962798
66.937,0.738,29.52,0.660693448007596,0.436515832240166
66.962,0.673,26.92,0.489778819368446,0.239883291901949
66.962,0.738,29.52,0.660693448007596,0.436515832240166
66.984,0.738,29.52,0.660693448007596,0.436515832240166
66.984,0.725,29,0.622300285169159,0.387257644921617
67.003,0.751,30.04,0.701455298419971,0.492039535681451
67.003,0.725,29,0.622300285169159,0.387257644921617
67.023,0.738,29.52,0.660693448007596,0.436515832240166
67.041,0.725,29,0.622300285169159,0.387257644921617
67.041,0.686,27.44,0.519995996533516,0.270395836410885
67.06,0.725,29,0.622300285169159,0.387257644921617
67.08,0.686,27.44,0.519995996533516,0.270395836410885
67.08,0.608,24.32,0.363078054770101,0.131825673855641
67.098,0.699,27.96,0.552077439280757,0.304789498962798
67.098,0.634,25.36,0.409260659730011,0.167494287602644
67.116,0.466,18.64,0.188799134909629,0.0356451133426244
67.134,0.647,25.88,0.434510224171572,0.188799134909629
67.136,0.505,20.2,0.225943577022098,0.0510504999975407
67.154,0.181,7.24,0.0508159442560561,0.0025822601906346
67.173,0.647,25.88,0.434510224171572,0.188799134909629
67.173,0.22,8.8,0.0608135001278718,0.00369828179780266
67.192,0.479,19.16,0.200447202736516,0.040179081084894
67.192,0.298,11.92,0.0870963589956081,0.00758577575029184
67.21,0.414,16.56,0.148593564228701,0.022080047330189
67.229,0.608,24.32,0.363078054770101,0.131825673855641
67.229,0.349,13.96,0.110153930954142,0.0121338885046498
67.248,0.582,23.28,0.322106879128343,0.103752841581801
67.265,0.362,14.48,0.116949939101987,0.0136772882559585
67.266,0.556,22.24,0.285759054337495,0.0816582371358593
67.285,0.647,25.88,0.434510224171572,0.188799134909629
67.304,0.518,20.72,0.239883291901949,0.0575439937337157
67.304,0.634,25.36,0.409260659730011,0.167494287602644
67.323,0.699,27.96,0.552077439280757,0.304789498962798
67.323,0.621,24.84,0.385478357665772,0.148593564228701
67.342,0.686,27.44,0.519995996533516,0.270395836410885
67.36,0.712,28.48,0.586138164514029,0.343557947899875
67.36,0.686,27.44,0.519995996533516,0.270395836410885
67.379,0.712,28.48,0.586138164514029,0.343557947899875
67.398,0.699,27.96,0.552077439280757,0.304789498962798
67.399,0.712,28.48,0.586138164514029,0.343557947899875
67.417,0.712,28.48,0.586138164514029,0.343557947899875
67.435,0.673,26.92,0.489778819368446,0.239883291901949
67.435,0.712,28.48,0.586138164514029,0.343557947899875
67.453,0.673,26.92,0.489778819368446,0.239883291901949
67.472,0.621,24.84,0.385478357665772,0.148593564228701
67.472,0.699,27.96,0.552077439280757,0.304789498962798
67.49,0.634,25.36,0.409260659730011,0.167494287602644
67.49,0.492,19.68,0.212813904598271,0.0452897579903621
67.509,0.647,25.88,0.434510224171572,0.188799134909629
67.527,0.531,21.24,0.254683025258504,0.0648634433548238
67.527,0.207,8.28,0.057279603098583,0.00328095293113119
67.547,0.556,22.24,0.285759054337495,0.0816582371358593
67.565,0.259,10.36,0.0727779804536824,0.00529663443891658
67.565,0.453,18.12,0.177827941003892,0.0316227766016838
67.584,0.388,15.52,0.131825673855641,0.0173780082874938
67.584,0.388,15.52,0.131825673855641,0.0173780082874938
67.603,0.582,23.28,0.322106879128343,0.103752841581801
67.622,0.298,11.92,0.0870963589956081,0.00758577575029184
67.623,0.556,22.24,0.285759054337495,0.0816582371358593
67.639,0.194,7.76,0.0539510622515128,0.00291071711806661
67.658,0.518,20.72,0.239883291901949,0.0575439937337157
67.658,0.621,24.84,0.385478357665772,0.148593564228701
67.676,0.518,20.72,0.239883291901949,0.0575439937337157
67.694,0.595,23.8,0.341979442513709,0.116949939101987
67.694,0.66,26.4,0.461317574560379,0.212813904598271
67.712,0.582,23.28,0.322106879128343,0.103752841581801
67.73,0.647,25.88,0.434510224171572,0.188799134909629
67.73,0.66,26.4,0.461317574560379,0.212813904598271
67.748,0.634,25.36,0.409260659730011,0.167494287602644
67.765,0.66,26.4,0.461317574560379,0.212813904598271
67.765,0.647,25.88,0.434510224171572,0.188799134909629
67.784,0.66,26.4,0.461317574560379,0.212813904598271
67.802,0.66,26.4,0.461317574560379,0.212813904598271
67.802,0.647,25.88,0.434510224171572,0.188799134909629
67.821,0.686,27.44,0.519995996533516,0.270395836410885
67.838,0.673,26.92,0.489778819368446,0.239883291901949
67.838,0.634,25.36,0.409260659730011,0.167494287602644
67.857,0.725,29,0.622300285169159,0.387257644921617
67.874,0.686,27.44,0.519995996533516,0.270395836410885
67.874,0.608,24.32,0.363078054770101,0.131825673855641
67.893,0.725,29,0.622300285169159,0.387257644921617
67.911,0.621,24.84,0.385478357665772,0.148593564228701
67.911,0.285,11.4,0.0820351544329818,0.00672976656284318
67.929,0.66,26.4,0.461317574560379,0.212813904598271
67.947,0.414,16.56,0.148593564228701,0.022080047330189
67.947,0.492,19.68,0.212813904598271,0.0452897579903621
67.965,0.505,20.2,0.225943577022098,0.0510504999975407
67.965,0.427,17.08,0.157761126969935,0.0248885731828239
67.985,0.673,26.92,0.489778819368446,0.239883291901949
68.002,0.298,11.92,0.0870963589956081,0.00758577575029184
68.002,0.647,25.88,0.434510224171572,0.188799134909629
68.02,0.168,6.72,0.0478630092322639,0.00229086765276777
68.038,0.608,24.32,0.363078054770101,0.131825673855641
68.038,0.725,29,0.622300285169159,0.387257644921617
68.057,0.569,22.76,0.303389118419427,0.0920449571753171
68.075,0.712,28.48,0.586138164514029,0.343557947899875
68.075,0.789,31.56,0.835603018231248,0.698232404077172
68.093,0.699,27.96,0.552077439280757,0.304789498962798
68.11,0.776,31.04,0.787045789695099,0.619441075076782
68.111,0.802,32.08,0.887156012037961,0.787045789695099
68.128,0.764,30.56,0.744731973905989,0.554625712957911
68.147,0.789,31.56,0.835603018231248,0.698232404077172
68.147,0.776,31.04,0.787045789695099,0.619441075076782
68.164,0.751,30.04,0.701455298419971,0.492039535681451
68.183,0.764,30.56,0.744731973905989,0.554625712957911
68.183,0.712,28.48,0.586138164514029,0.343557947899875
68.2,0.712,28.48,0.586138164514029,0.343557947899875
68.219,0.673,26.92,0.489778819368446,0.239883291901949
68.219,0.595,23.8,0.341979442513709,0.116949939101987
68.237,0.634,25.36,0.409260659730011,0.167494287602644
68.254,0.544,21.76,0.270395836410884,0.0731139083483418
68.254,0.401,16.04,0.139958732257262,0.0195884467350599
68.273,0.518,20.72,0.239883291901949,0.0575439937337157
68.291,0.388,15.52,0.131825673855641,0.0173780082874938
68.291,0.194,7.76,0.0539510622515128,0.00291071711806661
68.309,0.414,16.56,0.148593564228701,0.022080047330189
68.327,0.233,9.32,0.0645654229034656,0.00416869383470336
68.327,0.246,9.84,0.0685488226452662,0.00469894108605216
68.345,0.311,12.44,0.0924698173938222,0.00855066712884683
68.363,0.207,8.28,0.057279603098583,0.00328095293113119
68.363,0.453,18.12,0.177827941003892,0.0316227766016838
68.383,0.194,7.76,0.0539510622515128,0.00291071711806661
68.383,0.479,19.16,0.200447202736516,0.040179081084894
68.401,0.582,23.28,0.322106879128343,0.103752841581801
68.418,0.44,17.6,0.167494287602644,0.0280543363795171
68.418,0.582,23.28,0.322106879128343,0.103752841581801
68.436,0.414,16.56,0.148593564228701,0.022080047330189
68.455,0.582,23.28,0.322106879128343,0.103752841581801
68.455,0.647,25.88,0.434510224171572,0.188799134909629
68.473,0.582,23.28,0.322106879128343,0.103752841581801
68.491,0.66,26.4,0.461317574560379,0.212813904598271
68.492,0.699,27.96,0.552077439280757,0.304789498962798
68.511,0.66,26.4,0.461317574560379,0.212813904598271
68.528,0.699,27.96,0.552077439280757,0.304789498962798
68.528,0.712,28.48,0.586138164514029,0.343557947899875
68.546,0.712,28.48,0.586138164514029,0.343557947899875
68.564,0.725,29,0.622300285169159,0.387257644921617
68.564,0.712,28.48,0.586138164514029,0.343557947899875
68.582,0.738,29.52,0.660693448007596,0.436515832240166
68.601,0.725,29,0.622300285169159,0.387257644921617
68.601,0.673,26.92,0.489778819368446,0.239883291901949
68.619,0.738,29.52,0.660693448007596,0.436515832240166
68.637,0.699,27.96,0.552077439280757,0.304789498962798
68.637,0.608,24.32,0.363078054770101,0.131825673855641
68.655,0.712,28.48,0.586138164514029,0.343557947899875
68.672,0.647,25.88,0.434510224171572,0.188799134909629
68.672,0.401,16.04,0.139958732257262,0.0195884467350599
68.69,0.686,27.44,0.519995996533516,0.270395836410885
68.708,0.531,21.24,0.254683025258504,0.0648634433548238
68.708,0.427,17.08,0.157761126969935,0.0248885731828239
68.726,0.569,22.76,0.303389118419427,0.0920449571753171
68.744,0.298,11.92,0.0870963589956081,0.00758577575029184
68.744,0.647,25.88,0.434510224171572,0.188799134909629
68.762,0.155,6.2,0.045081670454146,0.00203235701093622
68.779,0.608,24.32,0.363078054770101,0.131825673855641
68.779,0.751,30.04,0.701455298419971,0.492039535681451
68.797,0.556,22.24,0.285759054337495,0.0816582371358593
68.815,0.725,29,0.622300285169159,0.387257644921617
68.815,0.505,20.2,0.225943577022098,0.0510504999975407
68.832,0.712,28.48,0.586138164514029,0.343557947899875
68.85,0.789,31.56,0.835603018231248,0.698232404077172
68.85,0.686,27.44,0.519995996533516,0.270395836410885
68.869,0.776,31.04,0.787045789695099,0.619441075076782
68.886,0.815,32.6,0.941889596522841,0.88715601203796
68.886,0.764,30.56,0.744731973905989,0.554625712957911
68.904,0.802,32.08,0.887156012037961,0.787045789695099
68.923,0.815,32.6,0.941889596522841,0.88715601203796
68.923,0.802,32.08,0.887156012037961,0.787045789695099
68.94,0.802,32.08,0.887156012037961,0.787045789695099
68.958,0.802,32.08,0.887156012037961,0.787045789695099
68.958,0.815,32.6,0.941889596522841,0.88715601203796
68.976,0.802,32.08,0.887156012037961,0.787045789695099
68.994,0.764,30.56,0.744731973905989,0.554625712957911
68.994,0.789,31.56,0.835603018231248,0.698232404077172
69.013,0.764,30.56,0.744731973905989,0.554625712957911
69.031,0.686,27.44,0.519995996533516,0.270395836410885
69.031,0.776,31.04,0.787045789695099,0.619441075076782
69.049,0.686,27.44,0.519995996533516,0.270395836410885
69.049,0.479,19.16,0.200447202736516,0.040179081084894
69.068,0.712,28.48,0.586138164514029,0.343557947899875
69.086,0.531,21.24,0.254683025258504,0.0648634433548238
69.086,0.362,14.48,0.116949939101987,0.0136772882559585
69.104,0.582,23.28,0.322106879128343,0.103752841581801
69.123,0.673,26.92,0.489778819368446,0.239883291901949
69.123,0.621,24.84,0.385478357665772,0.148593564228701
69.142,0.22,8.8,0.0608135001278718,0.00369828179780266
69.16,0.582,23.28,0.322106879128343,0.103752841581801
69.16,0.712,28.48,0.586138164514029,0.343557947899875
69.178,0.531,21.24,0.254683025258504,0.0648634433548238
69.197,0.699,27.96,0.552077439280757,0.304789498962798
69.197,0.466,18.64,0.188799134909629,0.0356451133426244
69.215,0.673,26.92,0.489778819368446,0.239883291901949
69.233,0.764,30.56,0.744731973905989,0.554625712957911
69.233,0.66,26.4,0.461317574560379,0.212813904598271
69.25,0.751,30.04,0.701455298419971,0.492039535681451
69.268,0.802,32.08,0.887156012037961,0.787045789695099
69.268,0.738,29.52,0.660693448007596,0.436515832240166
69.286,0.776,31.04,0.787045789695099,0.619441075076782
69.305,0.789,31.56,0.835603018231248,0.698232404077172
69.305,0.764,30.56,0.744731973905989,0.554625712957911
69.322,0.789,31.56,0.835603018231248,0.698232404077172
69.34,0.789,31.56,0.835603018231248,0.698232404077172
69.34,0.776,31.04,0.787045789695099,0.619441075076782
69.357,0.776,31.04,0.787045789695099,0.619441075076782
69.375,0.738,29.52,0.660693448007596,0.436515832240166
69.375,0.776,31.04,0.787045789695099,0.619441075076782
69.395,0.751,30.04,0.701455298419971,0.492039535681451
69.414,0.66,26.4,0.461317574560379,0.212813904598271
69.414,0.764,30.56,0.744731973905989,0.554625712957911
69.432,0.673,26.92,0.489778819368446,0.239883291901949
69.432,0.479,19.16,0.200447202736516,0.040179081084894
69.45,0.699,27.96,0.552077439280757,0.304789498962798
69.468,0.531,21.24,0.254683025258504,0.0648634433548238
69.468,0.272,10.88,0.0772680585095703,0.00597035286583838
69.487,0.582,23.28,0.322106879128343,0.103752841581801
69.505,0.181,7.24,0.0508159442560561,0.0025822601906346
69.505,0.569,22.76,0.303389118419427,0.0920449571753171
69.522,0.285,11.4,0.0820351544329818,0.00672976656284318
69.54,0.544,21.76,0.270395836410884,0.0731139083483418
69.54,0.673,26.92,0.489778819368446,0.239883291901949
69.559,0.479,19.16,0.200447202736516,0.040179081084894
69.577,0.66,26.4,0.461317574560379,0.212813904598271
69.577,0.375,15,0.124165230759241,0.0154170045294956
69.597,0.634,25.36,0.409260659730011,0.167494287602644
69.597,0.712,28.48,0.586138164514029,0.343557947899875
69.615,0.595,23.8,0.341979442513709,0.116949939101987
69.635,0.699,27.96,0.552077439280757,0.304789498962798
69.636,0.738,29.52,0.660693448007596,0.436515832240166
69.656,0.673,26.92,0.489778819368446,0.239883291901949
69.674,0.725,29,0.622300285169159,0.387257644921617
69.674,0.738,29.52,0.660693448007596,0.436515832240166
69.692,0.725,29,0.622300285169159,0.387257644921617
69.711,0.738,29.52,0.660693448007596,0.436515832240166
69.711,0.712,28.48,0.586138164514029,0.343557947899875
69.729,0.725,29,0.622300285169159,0.387257644921617
69.729,0.725,29,0.622300285169159,0.387257644921617
69.748,0.673,26.92,0.489778819368446,0.239883291901949
69.766,0.712,28.48,0.586138164514029,0.343557947899875
69.766,0.673,26.92,0.489778819368446,0.239883291901949
69.784,0.595,23.8,0.341979442513709,0.116949939101987
69.801,0.686,27.44,0.519995996533516,0.270395836410885
69.802,0.621,24.84,0.385478357665772,0.148593564228701
69.82,0.44,17.6,0.167494287602644,0.0280543363795171
69.838,0.621,24.84,0.385478357665772,0.148593564228701
69.838,0.492,19.68,0.212813904598271,0.0452897579903621
69.857,0.207,8.28,0.057279603098583,0.00328095293113119
69.876,0.531,21.24,0.254683025258504,0.0648634433548238
69.876,0.207,8.28,0.057279603098583,0.00328095293113119
69.894,0.466,18.64,0.188799134909629,0.0356451133426244
69.912,0.285,11.4,0.0820351544329818,0.00672976656284318
69.912,0.427,17.08,0.157761126969935,0.0248885731828239
69.932,0.595,23.8,0.341979442513709,0.116949939101987
69.932,0.362,14.48,0.116949939101987,0.0136772882559585
69.949,0.556,22.24,0.285759054337495,0.0816582371358593
69.968,0.272,10.88,0.0772680585095703,0.00597035286583838
69.968,0.518,20.72,0.239883291901949,0.0575439937337157
69.986,0.634,25.36,0.409260659730011,0.167494287602644
70.005,0.492,19.68,0.212813904598271,0.0452897579903621
70.005,0.608,24.32,0.363078054770101,0.131825673855641
70.025,0.66,26.4,0.461317574560379,0.212813904598271
70.042,0.582,23.28,0.322106879128343,0.103752841581801
70.043,0.647,25.88,0.434510224171572,0.188799134909629
70.062,0.66,26.4,0.461317574560379,0.212813904598271
70.062,0.634,25.36,0.409260659730011,0.167494287602644
70.081,0.66,26.4,0.461317574560379,0.212813904598271
70.101,0.647,25.88,0.434510224171572,0.188799134909629
70.101,0.647,25.88,0.434510224171572,0.188799134909629
70.121,0.647,25.88,0.434510224171572,0.188799134909629
70.121,0.608,24.32,0.363078054770101,0.131825673855641
70.14,0.647,25.88,0.434510224171572,0.188799134909629
70.16,0.608,24.32,0.363078054770101,0.131825673855641
70.16,0.531,21.24,0.254683025258504,0.0648634433548238
70.179,0.608,24.32,0.363078054770101,0.131825673855641
70.198,0.544,21.76,0.270395836410884,0.0731139083483418
70.198,0.388,15.52,0.131825673855641,0.0173780082874938
70.219,0.556,22.24,0.285759054337495,0.0816582371358593
70.219,0.44,17.6,0.167494287602644,0.0280543363795171
70.239,0.531,21.24,0.254683025258504,0.0648634433548238
70.259,0.453,18.12,0.177827941003892,0.0316227766016838
70.259,0.194,7.76,0.0539510622515128,0.00291071711806661
70.278,0.388,15.52,0.131825673855641,0.0173780082874938
70.278,0.259,10.36,0.0727779804536824,0.00529663443891658
70.297,0.324,12.96,0.0981747943019985,0.00963829023623972
70.318,0.505,20.2,0.225943577022098,0.0510504999975407
70.318,0.259,10.36,0.0727779804536824,0.00529663443891658
70.338,0.479,19.16,0.200447202736516,0.040179081084894
70.338,0.259,10.36,0.0727779804536824,0.00529663443891658
70.358,0.44,17.6,0.167494287602644,0.0280543363795171
70.377,0.544,21.76,0.270395836410884,0.0731139083483418
70.377,0.401,16.04,0.139958732257262,0.0195884467350599
70.396,0.531,21.24,0.254683025258504,0.0648634433548238
70.396,0.582,23.28,0.322106879128343,0.103752841581801
70.415,0.505,20.2,0.225943577022098,0.0510504999975407
70.434,0.582,23.28,0.322106879128343,0.103752841581801
70.434,0.595,23.8,0.341979442513709,0.116949939101987
70.454,0.608,24.32,0.363078054770101,0.131825673855641
70.474,0.582,23.28,0.322106879128343,0.103752841581801
70.474,0.569,22.76,0.303389118419427,0.0920449571753171
70.495,0.582,23.28,0.322106879128343,0.103752841581801
70.495,0.569,22.76,0.303389118419427,0.0920449571753171
70.514,0.544,21.76,0.270395836410884,0.0731139083483418
70.533,0.569,22.76,0.303389118419427,0.0920449571753171
70.533,0.544,21.76,0.270395836410884,0.0731139083483418
70.552,0.544,21.76,0.270395836410884,0.0731139083483418
70.554,0.544,21.76,0.270395836410884,0.0731139083483418
70.573,0.492,19.68,0.212813904598271,0.0452897579903621
70.592,0.349,13.96,0.110153930954142,0.0121338885046498
70.592,0.492,19.68,0.212813904598271,0.0452897579903621
70.611,0.388,15.52,0.131825673855641,0.0173780082874938
70.611,0.22,8.8,0.0608135001278718,0.00369828179780266
70.63,0.414,16.56,0.148593564228701,0.022080047330189
70.65,0.207,8.28,0.057279603098583,0.00328095293113119
70.65,0.324,12.96,0.0981747943019985,0.00963829023623972
70.67,0.246,9.84,0.0685488226452662,0.00469894108605216
70.67,0.285,11.4,0.0820351544329818,0.00672976656284318
70.689,0.453,18.12,0.177827941003892,0.0316227766016838
70.708,0.259,10.36,0.0727779804536824,0.00529663443891658
70.708,0.427,17.08,0.157761126969935,0.0248885731828239
70.729,0.194,7.76,0.0539510622515128,0.00291071711806661
70.729,0.388,15.52,0.131825673855641,0.0173780082874938
70.748,0.673,26.92,0.489778819368446,0.239883291901949
70.767,0.375,15,0.124165230759241,0.0154170045294956
70.767,0.492,19.68,0.212813904598271,0.0452897579903621
70.786,0.569,22.76,0.303389118419427,0.0920449571753171
70.806,0.492,19.68,0.212813904598271,0.0452897579903621
70.806,0.556,22.24,0.285759054337495,0.0816582371358593
70.824,0.595,23.8,0.341979442513709,0.116949939101987
70.824,0.556,22.24,0.285759054337495,0.0816582371358593
70.843,0.595,23.8,0.341979442513709,0.116949939101987
70.862,0.647,25.88,0.434510224171572,0.188799134909629
70.862,0.595,23.8,0.341979442513709,0.116949939101987
70.88,0.608,24.32,0.363078054770101,0.131825673855641
70.899,0.582,23.28,0.322106879128343,0.103752841581801
70.899,0.621,24.84,0.385478357665772,0.148593564228701
70.918,0.608,24.32,0.363078054770101,0.131825673855641
70.938,0.531,21.24,0.254683025258504,0.0648634433548238
70.938,0.608,24.32,0.363078054770101,0.131825673855641
70.958,0.582,23.28,0.322106879128343,0.103752841581801
70.958,0.44,17.6,0.167494287602644,0.0280543363795171
70.978,0.595,23.8,0.341979442513709,0.116949939101987
70.999,0.479,19.16,0.200447202736516,0.040179081084894
70.999,0.22,8.8,0.0608135001278718,0.00369828179780266
71.019,0.518,20.72,0.239883291901949,0.0575439937337157
71.019,0.272,10.88,0.0772680585095703,0.00597035286583838
71.04,0.362,14.48,0.116949939101987,0.0136772882559585
71.042,0.362,14.48,0.116949939101987,0.0136772882559585
71.063,0.311,12.44,0.0924698173938222,0.00855066712884683
71.063,0.531,21.24,0.254683025258504,0.0648634433548238
71.085,0.272,10.88,0.0772680585095703,0.00597035286583838
71.107,0.505,20.2,0.225943577022098,0.0510504999975407
71.108,0.362,14.48,0.116949939101987,0.0136772882559585
71.127,0.492,19.68,0.212813904598271,0.0452897579903621
71.127,0.608,24.32,0.363078054770101,0.131825673855641
71.147,0.453,18.12,0.177827941003892,0.0316227766016838
71.147,0.608,24.32,0.363078054770101,0.131825673855641
71.166,0.673,26.92,0.489778819368446,0.239883291901949
71.186,0.595,23.8,0.341979442513709,0.116949939101987
71.186,0.673,26.92,0.489778819368446,0.239883291901949
71.206,0.699,27.96,0.552077439280757,0.304789498962798
71.206,0.66,26.4,0.461317574560379,0.212813904598271
71.227,0.699,27.96,0.552077439280757,0.304789498962798
71.247,0.699,27.96,0.552077439280757,0.304789498962798
71.247,0.699,27.96,0.552077439280757,0.304789498962798
71.268,0.712,28.48,0.586138164514029,0.343557947899875
71.268,0.699,27.96,0.552077439280757,0.304789498962798
71.288,0.725,29,0.622300285169159,0.387257644921617
71.289,0.699,27.96,0.552077439280757,0.304789498962798
71.309,0.647,25.88,0.434510224171572,0.188799134909629
71.331,0.712,28.48,0.586138164514029,0.343557947899875
71.331,0.673,26.92,0.489778819368446,0.239883291901949
71.351,0.556,22.24,0.285759054337495,0.0816582371358593
71.351,0.673,26.92,0.489778819368446,0.239883291901949
71.371,0.595,23.8,0.341979442513709,0.116949939101987
71.39,0.336,13.44,0.103752841581801,0.0107646521362983
71.39,0.621,24.84,0.385478357665772,0.148593564228701
71.41,0.401,16.04,0.139958732257262,0.0195884467350599
71.41,0.414,16.56,0.148593564228701,0.022080047330189
71.429,0.466,18.64,0.188799134909629,0.0356451133426244
71.448,0.311,12.44,0.0924698173938222,0.00855066712884683
71.448,0.608,24.32,0.363078054770101,0.131825673855641
71.468,0.492,19.68,0.212813904598271,0.0452897579903621
71.468,0.582,23.28,0.322106879128343,0.103752841581801
71.487,0.686,27.44,0.519995996533516,0.270395836410885
71.506,0.544,21.76,0.270395836410884,0.0731139083483418
71.506,0.686,27.44,0.519995996533516,0.270395836410885
71.525,0.492,19.68,0.212813904598271,0.0452897579903621
71.546,0.673,26.92,0.489778819368446,0.239883291901949
71.546,0.738,29.52,0.660693448007596,0.436515832240166
71.566,0.647,25.88,0.434510224171572,0.188799134909629
71.566,0.738,29.52,0.660693448007596,0.436515832240166
71.585,0.764,30.56,0.744731973905989,0.554625712957911
71.605,0.725,29,0.622300285169159,0.387257644921617
71.605,0.764,30.56,0.744731973905989,0.554625712957911
71.624,0.764,30.56,0.744731973905989,0.554625712957911
71.624,0.764,30.56,0.744731973905989,0.554625712957911
71.645,0.776,31.04,0.787045789695099,0.619441075076782
71.664,0.751,30.04,0.701455298419971,0.492039535681451
71.664,0.776,31.04,0.787045789695099,0.619441075076782
71.685,0.764,30.56,0.744731973905989,0.554625712957911
71.685,0.699,27.96,0.552077439280757,0.304789498962798
71.704,0.764,30.56,0.744731973905989,0.554625712957911
71.724,0.712,28.48,0.586138164514029,0.343557947899875
71.724,0.621,24.84,0.385478357665772,0.148593564228701
71.744,0.738,29.52,0.660693448007596,0.436515832240166
71.744,0.634,25.36,0.409260659730011,0.167494287602644
71.764,0.388,15.52,0.131825673855641,0.0173780082874938
71.783,0.673,26.92,0.489778819368446,0.239883291901949
71.784,0.518,20.72,0.239883291901949,0.0575439937337157
71.804,0.414,16.56,0.148593564228701,0.022080047330189
71.805,0.531,21.24,0.254683025258504,0.0648634433548238
71.824,0.285,11.4,0.0820351544329818,0.00672976656284318
71.824,0.621,24.84,0.385478357665772,0.148593564228701
71.845,0.142,5.68,0.0424619563946313,0.00180301774085957
71.864,0.582,23.28,0.322106879128343,0.103752841581801
71.864,0.712,28.48,0.586138164514029,0.343557947899875
71.884,0.531,21.24,0.254683025258504,0.0648634433548238
71.884,0.699,27.96,0.552077439280757,0.304789498962798
71.904,0.492,19.68,0.212813904598271,0.0452897579903621
71.924,0.686,27.44,0.519995996533516,0.270395836410885
71.924,0.738,29.52,0.660693448007596,0.436515832240166
71.945,0.66,26.4,0.461317574560379,0.212813904598271
71.945,0.738,29.52,0.660693448007596,0.436515832240166
71.964,0.776,31.04,0.787045789695099,0.619441075076782
71.983,0.738,29.52,0.660693448007596,0.436515832240166
71.983,0.776,31.04,0.787045789695099,0.619441075076782
72.001,0.789,31.56,0.835603018231248,0.698232404077172
72.02,0.776,31.04,0.787045789695099,0.619441075076782
72.02,0.789,31.56,0.835603018231248,0.698232404077172
72.039,0.776,31.04,0.787045789695099,0.619441075076782
72.039,0.789,31.56,0.835603018231248,0.698232404077172
72.059,0.776,31.04,0.787045789695099,0.619441075076782
72.078,0.738,29.52,0.660693448007596,0.436515832240166
72.078,0.776,31.04,0.787045789695099,0.619441075076782
72.096,0.738,29.52,0.660693448007596,0.436515832240166
72.116,0.647,25.88,0.434510224171572,0.188799134909629
72.116,0.764,30.56,0.744731973905989,0.554625712957911
72.134,0.673,26.92,0.489778819368446,0.239883291901949
72.134,0.453,18.12,0.177827941003892,0.0316227766016838
72.154,0.699,27.96,0.552077439280757,0.304789498962798
72.172,0.544,21.76,0.270395836410884,0.0731139083483418
72.172,0.362,14.48,0.116949939101987,0.0136772882559585
72.192,0.569,22.76,0.303389118419427,0.0920449571753171
72.211,0.155,6.2,0.045081670454146,0.00203235701093622
72.211,0.621,24.84,0.385478357665772,0.148593564228701
72.23,0.181,7.24,0.0508159442560561,0.0025822601906346
72.23,0.582,23.28,0.322106879128343,0.103752841581801
72.25,0.712,28.48,0.586138164514029,0.343557947899875
72.267,0.531,21.24,0.254683025258504,0.0648634433548238
72.267,0.699,27.96,0.552077439280757,0.304789498962798
72.287,0.518,20.72,0.239883291901949,0.0575439937337157
72.307,0.673,26.92,0.489778819368446,0.239883291901949
72.307,0.751,30.04,0.701455298419971,0.492039535681451
72.326,0.66,26.4,0.461317574560379,0.212813904598271
72.326,0.738,29.52,0.660693448007596,0.436515832240166
72.345,0.776,31.04,0.787045789695099,0.619441075076782
72.364,0.738,29.52,0.660693448007596,0.436515832240166
72.364,0.776,31.04,0.787045789695099,0.619441075076782
72.383,0.776,31.04,0.787045789695099,0.619441075076782
72.401,0.776,31.04,0.787045789695099,0.619441075076782
72.401,0.789,31.56,0.835603018231248,0.698232404077172
72.42,0.764,30.56,0.744731973905989,0.554625712957911
72.42,0.789,31.56,0.835603018231248,0.698232404077172
72.44,0.776,31.04,0.787045789695099,0.619441075076782
72.459,0.725,29,0.622300285169159,0.387257644921617
72.459,0.776,31.04,0.787045789695099,0.619441075076782
72.478,0.751,30.04,0.701455298419971,0.492039535681451
72.496,0.647,25.88,0.434510224171572,0.188799134909629
72.496,0.764,30.56,0.744731973905989,0.554625712957911
72.516,0.686,27.44,0.519995996533516,0.270395836410885
72.516,0.492,19.68,0.212813904598271,0.0452897579903621
72.536,0.699,27.96,0.552077439280757,0.304789498962798
72.556,0.544,21.76,0.270395836410884,0.0731139083483418
72.556,0.259,10.36,0.0727779804536824,0.00529663443891658
72.575,0.595,23.8,0.341979442513709,0.116949939101987
72.575,0.142,5.68,0.0424619563946313,0.00180301774085957
72.596,0.647,25.88,0.434510224171572,0.188799134909629
72.615,0.285,11.4,0.0820351544329818,0.00672976656284318
72.615,0.531,21.24,0.254683025258504,0.0648634433548238
72.635,0.699,27.96,0.552077439280757,0.304789498962798
72.635,0.479,19.16,0.200447202736516,0.040179081084894
72.655,0.673,26.92,0.489778819368446,0.239883291901949
72.673,0.388,15.52,0.131825673855641,0.0173780082874938
72.673,0.66,26.4,0.461317574560379,0.212813904598271
72.693,0.738,29.52,0.660693448007596,0.436515832240166
72.713,0.621,24.84,0.385478357665772,0.148593564228701
72.713,0.725,29,0.622300285169159,0.387257644921617
72.732,0.776,31.04,0.787045789695099,0.619441075076782
72.732,0.712,28.48,0.586138164514029,0.343557947899875
72.752,0.764,30.56,0.744731973905989,0.554625712957911
72.771,0.789,31.56,0.835603018231248,0.698232404077172
72.771,0.764,30.56,0.744731973905989,0.554625712957911
72.789,0.776,31.04,0.787045789695099,0.619441075076782
72.789,0.764,30.56,0.744731973905989,0.554625712957911
72.809,0.802,32.08,0.887156012037961,0.787045789695099
72.827,0.776,31.04,0.787045789695099,0.619441075076782
72.827,0.738,29.52,0.660693448007596,0.436515832240166
72.847,0.776,31.04,0.787045789695099,0.619441075076782
72.865,0.751,30.04,0.701455298419971,0.492039535681451
72.865,0.673,26.92,0.489778819368446,0.239883291901949
72.884,0.764,30.56,0.744731973905989,0.554625712957911
72.902,0.686,27.44,0.519995996533516,0.270395836410885
72.902,0.518,20.72,0.239883291901949,0.0575439937337157
72.921,0.712,28.48,0.586138164514029,0.343557947899875
72.921,0.569,22.76,0.303389118419427,0.0920449571753171
72.94,0.168,6.72,0.0478630092322639,0.00229086765276777
72.958,0.608,24.32,0.363078054770101,0.131825673855641
72.958,0.388,15.52,0.131825673855641,0.0173780082874938
72.977,0.569,22.76,0.303389118419427,0.0920449571753171
72.997,0.324,12.96,0.0981747943019985,0.00963829023623972
72.997,0.544,21.76,0.270395836410884,0.0731139083483418
73.016,0.686,27.44,0.519995996533516,0.270395836410885
73.016,0.466,18.64,0.188799134909629,0.0356451133426244
73.035,0.673,26.92,0.489778819368446,0.239883291901949
73.054,0.362,14.48,0.116949939101987,0.0136772882559585
73.054,0.634,25.36,0.409260659730011,0.167494287602644
73.073,0.738,29.52,0.660693448007596,0.436515832240166
73.091,0.608,24.32,0.363078054770101,0.131825673855641
73.091,0.725,29,0.622300285169159,0.387257644921617
73.11,0.764,30.56,0.744731973905989,0.554625712957911
73.132,0.699,27.96,0.552077439280757,0.304789498962798
73.132,0.764,30.56,0.744731973905989,0.554625712957911
73.153,0.776,31.04,0.787045789695099,0.619441075076782
73.153,0.751,30.04,0.701455298419971,0.492039535681451
73.174,0.764,30.56,0.744731973905989,0.554625712957911
73.174,0.764,30.56,0.744731973905989,0.554625712957911
73.193,0.776,31.04,0.787045789695099,0.619441075076782
73.212,0.764,30.56,0.744731973905989,0.554625712957911
73.212,0.725,29,0.622300285169159,0.387257644921617
73.23,0.764,30.56,0.744731973905989,0.554625712957911
73.23,0.738,29.52,0.660693448007596,0.436515832240166
73.249,0.673,26.92,0.489778819368446,0.239883291901949
73.268,0.751,30.04,0.701455298419971,0.492039535681451
73.268,0.686,27.44,0.519995996533516,0.270395836410885
73.287,0.544,21.76,0.270395836410884,0.0731139083483418
73.305,0.699,27.96,0.552077439280757,0.304789498962798
73.305,0.608,24.32,0.363078054770101,0.131825673855641
73.324,0.181,7.24,0.0508159442560561,0.0025822601906346
73.343,0.621,24.84,0.385478357665772,0.148593564228701
73.343,0.298,11.92,0.0870963589956081,0.00758577575029184
73.361,0.518,20.72,0.239883291901949,0.0575439937337157
73.361,0.414,16.56,0.148593564228701,0.022080047330189
73.38,0.466,18.64,0.188799134909629,0.0356451133426244
73.4,0.673,26.92,0.489778819368446,0.239883291901949
73.4,0.388,15.52,0.131825673855641,0.0173780082874938
73.419,0.634,25.36,0.409260659730011,0.167494287602644
73.437,0.259,10.36,0.0727779804536824,0.00529663443891658
73.437,0.608,24.32,0.363078054770101,0.131825673855641
73.456,0.712,28.48,0.586138164514029,0.343557947899875
73.457,0.569,22.76,0.303389118419427,0.0920449571753171
73.476,0.699,27.96,0.552077439280757,0.304789498962798
73.495,0.751,30.04,0.701455298419971,0.492039535681451
73.495,0.673,26.92,0.489778819368446,0.239883291901949
73.513,0.738,29.52,0.660693448007596,0.436515832240166
73.532,0.764,30.56,0.744731973905989,0.554625712957911
73.532,0.738,29.52,0.660693448007596,0.436515832240166
73.552,0.764,30.56,0.744731973905989,0.554625712957911
73.552,0.751,30.04,0.701455298419971,0.492039535681451
73.57,0.764,30.56,0.744731973905989,0.554625712957911
73.588,0.764,30.56,0.744731973905989,0.554625712957911
73.588,0.725,29,0.622300285169159,0.387257644921617
73.608,0.751,30.04,0.701455298419971,0.492039535681451
73.626,0.725,29,0.622300285169159,0.387257644921617
73.626,0.66,26.4,0.461317574560379,0.212813904598271
73.644,0.751,30.04,0.701455298419971,0.492039535681451
73.665,0.673,26.92,0.489778819368446,0.239883291901949
73.665,0.544,21.76,0.270395836410884,0.0731139083483418
73.683,0.699,27.96,0.552077439280757,0.304789498962798
73.683,0.582,23.28,0.322106879128343,0.103752841581801
73.702,0.194,7.76,0.0539510622515128,0.00291071711806661
73.722,0.608,24.32,0.363078054770101,0.131825673855641
73.722,0.324,12.96,0.0981747943019985,0.00963829023623972
73.739,0.479,19.16,0.200447202736516,0.040179081084894
73.758,0.427,17.08,0.157761126969935,0.0248885731828239
73.758,0.414,16.56,0.148593564228701,0.022080047330189
73.777,0.634,25.36,0.409260659730011,0.167494287602644
73.795,0.336,13.44,0.103752841581801,0.0107646521362983
73.795,0.608,24.32,0.363078054770101,0.131825673855641
73.813,0.194,7.76,0.0539510622515128,0.00291071711806661
73.813,0.647,25.88,0.434510224171572,0.188799134909629
73.831,0.686,27.44,0.519995996533516,0.270395836410885
73.849,0.531,21.24,0.254683025258504,0.0648634433548238
73.849,0.66,26.4,0.461317574560379,0.212813904598271
73.867,0.725,29,0.622300285169159,0.387257644921617
73.884,0.647,25.88,0.434510224171572,0.188799134909629
73.884,0.725,29,0.622300285169159,0.387257644921617
73.903,0.738,29.52,0.660693448007596,0.436515832240166
73.92,0.699,27.96,0.552077439280757,0.304789498962798
73.938,0.738,29.52,0.660693448007596,0.436515832240166
73.938,0.738,29.52,0.660693448007596,0.436515832240166
73.956,0.725,29,0.622300285169159,0.387257644921617
73.956,0.738,29.52,0.660693448007596,0.436515832240166
73.975,0.712,28.48,0.586138164514029,0.343557947899875
73.993,0.738,29.52,0.660693448007596,0.436515832240166
73.993,0.712,28.48,0.586138164514029,0.343557947899875
74.015,0.647,25.88,0.434510224171572,0.188799134909629
74.035,0.712,28.48,0.586138164514029,0.343557947899875
74.035,0.66,26.4,0.461317574560379,0.212813904598271
74.056,0.531,21.24,0.254683025258504,0.0648634433548238
74.056,0.673,26.92,0.489778819368446,0.239883291901949
74.075,0.569,22.76,0.303389118419427,0.0920449571753171
74.094,0.272,10.88,0.0772680585095703,0.00597035286583838
74.094,0.608,24.32,0.363078054770101,0.131825673855641
74.114,0.362,14.48,0.116949939101987,0.0136772882559585
74.114,0.427,17.08,0.157761126969935,0.0248885731828239
74.133,0.44,17.6,0.167494287602644,0.0280543363795171
74.156,0.336,13.44,0.103752841581801,0.0107646521362983
74.157,0.595,23.8,0.341979442513709,0.116949939101987
74.182,0.22,8.8,0.0608135001278718,0.00369828179780266
74.182,0.556,22.24,0.285759054337495,0.0816582371358593
74.182,0.66,26.4,0.461317574560379,0.212813904598271
74.209,0.518,20.72,0.239883291901949,0.0575439937337157
74.21,0.647,25.88,0.434510224171572,0.188799134909629
74.231,0.479,19.16,0.200447202736516,0.040179081084894
74.231,0.634,25.36,0.409260659730011,0.167494287602644
74.252,0.699,27.96,0.552077439280757,0.304789498962798
74.274,0.608,24.32,0.363078054770101,0.131825673855641
74.274,0.686,27.44,0.519995996533516,0.270395836410885
74.296,0.712,28.48,0.586138164514029,0.343557947899875
74.296,0.673,26.92,0.489778819368446,0.239883291901949
74.316,0.699,27.96,0.552077439280757,0.304789498962798
74.316,0.712,28.48,0.586138164514029,0.343557947899875
74.335,0.686,27.44,0.519995996533516,0.270395836410885
74.359,0.699,27.96,0.552077439280757,0.304789498962798
74.359,0.686,27.44,0.519995996533516,0.270395836410885
74.384,0.712,28.48,0.586138164514029,0.343557947899875
74.384,0.699,27.96,0.552077439280757,0.304789498962798
74.384,0.621,24.84,0.385478357665772,0.148593564228701
74.405,0.686,27.44,0.519995996533516,0.270395836410885
74.426,0.634,25.36,0.409260659730011,0.167494287602644
74.426,0.518,20.72,0.239883291901949,0.0575439937337157
74.447,0.647,25.88,0.434510224171572,0.188799134909629
74.447,0.544,21.76,0.270395836410884,0.0731139083483418
74.469,0.285,11.4,0.0820351544329818,0.00672976656284318
74.469,0.569,22.76,0.303389118419427,0.0920449571753171
74.495,0.362,14.48,0.116949939101987,0.0136772882559585
74.495,0.324,12.96,0.0981747943019985,0.00963829023623972
74.517,0.414,16.56,0.148593564228701,0.022080047330189
74.517,0.233,9.32,0.0645654229034656,0.00416869383470336
74.535,0.518,20.72,0.239883291901949,0.0575439937337157
74.554,0.181,7.24,0.0508159442560561,0.0025822601906346
74.555,0.479,19.16,0.200447202736516,0.040179081084894
74.572,0.608,24.32,0.363078054770101,0.131825673855641
74.59,0.453,18.12,0.177827941003892,0.0316227766016838
74.59,0.582,23.28,0.322106879128343,0.103752841581801
74.608,0.414,16.56,0.148593564228701,0.022080047330189
74.625,0.556,22.24,0.285759054337495,0.0816582371358593
74.625,0.634,25.36,0.409260659730011,0.167494287602644
74.643,0.582,23.28,0.322106879128343,0.103752841581801
74.661,0.621,24.84,0.385478357665772,0.148593564228701
74.661,0.66,26.4,0.461317574560379,0.212813904598271
74.68,0.608,24.32,0.363078054770101,0.131825673855641
74.701,0.647,25.88,0.434510224171572,0.188799134909629
74.701,0.647,25.88,0.434510224171572,0.188799134909629
74.725,0.647,25.88,0.434510224171572,0.188799134909629
74.725,0.647,25.88,0.434510224171572,0.188799134909629
74.744,0.621,24.84,0.385478357665772,0.148593564228701
74.744,0.647,25.88,0.434510224171572,0.188799134909629
74.763,0.634,25.36,0.409260659730011,0.167494287602644
74.782,0.582,23.28,0.322106879128343,0.103752841581801
74.782,0.634,25.36,0.409260659730011,0.167494287602644
74.801,0.595,23.8,0.341979442513709,0.116949939101987
74.802,0.492,19.68,0.212813904598271,0.0452897579903621
74.821,0.595,23.8,0.341979442513709,0.116949939101987
74.839,0.518,20.72,0.239883291901949,0.0575439937337157
74.839,0.427,17.08,0.157761126969935,0.0248885731828239
74.858,0.531,21.24,0.254683025258504,0.0648634433548238
74.876,0.349,13.96,0.110153930954142,0.0121338885046498
74.876,0.272,10.88,0.0772680585095703,0.00597035286583838
74.894,0.401,16.04,0.139958732257262,0.0195884467350599
74.912,0.194,7.76,0.0539510622515128,0.00291071711806661
74.912,0.466,18.64,0.188799134909629,0.0356451133426244
74.929,0.155,6.2,0.045081670454146,0.00203235701093622
74.947,0.44,17.6,0.167494287602644,0.0280543363795171
74.947,0.569,22.76,0.303389118419427,0.0920449571753171
74.965,0.388,15.52,0.131825673855641,0.0173780082874938
74.984,0.544,21.76,0.270395836410884,0.0731139083483418
74.984,0.336,13.44,0.103752841581801,0.0107646521362983
75.003,0.518,20.72,0.239883291901949,0.0575439937337157
75.021,0.595,23.8,0.341979442513709,0.116949939101987
75.022,0.492,19.68,0.212813904598271,0.0452897579903621
75.039,0.595,23.8,0.341979442513709,0.116949939101987
75.058,0.634,25.36,0.409260659730011,0.167494287602644
75.058,0.582,23.28,0.322106879128343,0.103752841581801
75.077,0.621,24.84,0.385478357665772,0.148593564228701
75.077,0.621,24.84,0.385478357665772,0.148593564228701
75.094,0.608,24.32,0.363078054770101,0.131825673855641
75.112,0.621,24.84,0.385478357665772,0.148593564228701
75.112,0.608,24.32,0.363078054770101,0.131825673855641
75.13,0.634,25.36,0.409260659730011,0.167494287602644
75.148,0.608,24.32,0.363078054770101,0.131825673855641
75.148,0.569,22.76,0.303389118419427,0.0920449571753171
75.166,0.621,24.84,0.385478357665772,0.148593564228701
75.183,0.582,23.28,0.322106879128343,0.103752841581801
75.183,0.492,19.68,0.212813904598271,0.0452897579903621
75.202,0.595,23.8,0.341979442513709,0.116949939101987
75.219,0.505,20.2,0.225943577022098,0.0510504999975407
75.219,0.324,12.96,0.0981747943019985,0.00963829023623972
75.236,0.531,21.24,0.254683025258504,0.0648634433548238
75.255,0.375,15,0.124165230759241,0.0154170045294956
75.255,0.194,7.76,0.0539510622515128,0.00291071711806661
75.273,0.414,16.56,0.148593564228701,0.022080047330189
75.291,0.207,8.28,0.057279603098583,0.00328095293113119
75.291,0.453,18.12,0.177827941003892,0.0316227766016838
75.309,0.168,6.72,0.0478630092322639,0.00229086765276777
75.326,0.401,16.04,0.139958732257262,0.0195884467350599
75.326,0.544,21.76,0.270395836410884,0.0731139083483418
75.344,0.349,13.96,0.110153930954142,0.0121338885046498
75.362,0.531,21.24,0.254683025258504,0.0648634433548238
75.362,0.311,12.44,0.0924698173938222,0.00855066712884683
75.38,0.505,20.2,0.225943577022098,0.0510504999975407
75.398,0.595,23.8,0.341979442513709,0.116949939101987
75.398,0.479,19.16,0.200447202736516,0.040179081084894
75.417,0.582,23.28,0.322106879128343,0.103752841581801
75.434,0.621,24.84,0.385478357665772,0.148593564228701
75.434,0.569,22.76,0.303389118419427,0.0920449571753171
75.453,0.621,24.84,0.385478357665772,0.148593564228701
75.47,0.634,25.36,0.409260659730011,0.167494287602644
75.47,0.608,24.32,0.363078054770101,0.131825673855641
75.489,0.634,25.36,0.409260659730011,0.167494287602644
75.505,0.621,24.84,0.385478357665772,0.148593564228701
75.505,0.634,25.36,0.409260659730011,0.167494287602644
75.524,0.621,24.84,0.385478357665772,0.148593564228701
75.542,0.582,23.28,0.322106879128343,0.103752841581801
75.542,0.647,25.88,0.434510224171572,0.188799134909629
75.56,0.595,23.8,0.341979442513709,0.116949939101987
75.578,0.505,20.2,0.225943577022098,0.0510504999975407
75.578,0.608,24.32,0.363078054770101,0.131825673855641
75.595,0.544,21.76,0.270395836410884,0.0731139083483418
75.613,0.349,13.96,0.110153930954142,0.0121338885046498
75.613,0.569,22.76,0.303389118419427,0.0920449571753171
75.63,0.414,16.56,0.148593564228701,0.022080047330189
75.648,0.207,8.28,0.057279603098583,0.00328095293113119
75.648,0.466,18.64,0.188799134909629,0.0356451133426244
75.666,0.207,8.28,0.057279603098583,0.00328095293113119
75.684,0.453,18.12,0.177827941003892,0.0316227766016838
75.684,0.22,8.8,0.0608135001278718,0.00369828179780266
75.701,0.401,16.04,0.139958732257262,0.0195884467350599
75.72,0.556,22.24,0.285759054337495,0.0816582371358593
75.72,0.349,13.96,0.110153930954142,0.0121338885046498
75.738,0.544,21.76,0.270395836410884,0.0731139083483418
75.755,0.285,11.4,0.0820351544329818,0.00672976656284318
75.755,0.518,20.72,0.239883291901949,0.0575439937337157
75.774,0.608,24.32,0.363078054770101,0.131825673855641
75.793,0.479,19.16,0.200447202736516,0.040179081084894
75.793,0.595,23.8,0.341979442513709,0.116949939101987
75.81,0.647,25.88,0.434510224171572,0.188799134909629
75.829,0.582,23.28,0.322106879128343,0.103752841581801
75.829,0.634,25.36,0.409260659730011,0.167494287602644
75.847,0.66,26.4,0.461317574560379,0.212813904598271
75.865,0.621,24.84,0.385478357665772,0.148593564228701
75.865,0.647,25.88,0.434510224171572,0.188799134909629
75.882,0.634,25.36,0.409260659730011,0.167494287602644
75.901,0.647,25.88,0.434510224171572,0.188799134909629
75.901,0.647,25.88,0.434510224171572,0.188799134909629
75.921,0.608,24.32,0.363078054770101,0.131825673855641
75.938,0.647,25.88,0.434510224171572,0.188799134909629
75.938,0.621,24.84,0.385478357665772,0.148593564228701
75.955,0.544,21.76,0.270395836410884,0.0731139083483418
75.974,0.621,24.84,0.385478357665772,0.148593564228701
75.974,0.556,22.24,0.285759054337495,0.0816582371358593
75.992,0.401,16.04,0.139958732257262,0.0195884467350599
76.01,0.582,23.28,0.322106879128343,0.103752841581801
76.01,0.453,18.12,0.177827941003892,0.0316227766016838
76.028,0.168,6.72,0.0478630092322639,0.00229086765276777
76.046,0.479,19.16,0.200447202736516,0.040179081084894
76.046,0.194,7.76,0.0539510622515128,0.00291071711806661
76.065,0.414,16.56,0.148593564228701,0.022080047330189
76.065,0.285,11.4,0.0820351544329818,0.00672976656284318
76.083,0.388,15.52,0.131825673855641,0.0173780082874938
76.101,0.556,22.24,0.285759054337495,0.0816582371358593
76.101,0.311,12.44,0.0924698173938222,0.00855066712884683
76.12,0.544,21.76,0.270395836410884,0.0731139083483418
76.137,0.246,9.84,0.0685488226452662,0.00469894108605216
76.137,0.505,20.2,0.225943577022098,0.0510504999975407
76.155,0.608,24.32,0.363078054770101,0.131825673855641
76.173,0.479,19.16,0.200447202736516,0.040179081084894
76.174,0.595,23.8,0.341979442513709,0.116949939101987
76.192,0.647,25.88,0.434510224171572,0.188799134909629
76.21,0.569,22.76,0.303389118419427,0.0920449571753171
76.21,0.647,25.88,0.434510224171572,0.188799134909629
76.229,0.66,26.4,0.461317574560379,0.212813904598271
76.248,0.634,25.36,0.409260659730011,0.167494287602644
76.249,0.673,26.92,0.489778819368446,0.239883291901949
76.267,0.66,26.4,0.461317574560379,0.212813904598271
76.267,0.66,26.4,0.461317574560379,0.212813904598271
76.287,0.673,26.92,0.489778819368446,0.239883291901949
76.305,0.621,24.84,0.385478357665772,0.148593564228701
76.305,0.673,26.92,0.489778819368446,0.239883291901949
76.329,0.634,25.36,0.409260659730011,0.167494287602644
76.329,0.569,22.76,0.303389118419427,0.0920449571753171
76.351,0.647,25.88,0.434510224171572,0.188799134909629
76.351,0.582,23.28,0.322106879128343,0.103752841581801
76.371,0.44,17.6,0.167494287602644,0.0280543363795171
76.395,0.595,23.8,0.341979442513709,0.116949939101987
76.396,0.492,19.68,0.212813904598271,0.0452897579903621
76.422,0.181,7.24,0.0508159442560561,0.0025822601906346
76.422,0.518,20.72,0.239883291901949,0.0575439937337157
76.422,0.207,8.28,0.057279603098583,0.00328095293113119
76.446,0.414,16.56,0.148593564228701,0.022080047330189
76.446,0.311,12.44,0.0924698173938222,0.00855066712884683
76.47,0.349,13.96,0.110153930954142,0.0121338885046498
76.47,0.556,22.24,0.285759054337495,0.0816582371358593
76.495,0.298,11.92,0.0870963589956081,0.00758577575029184
76.495,0.531,21.24,0.254683025258504,0.0648634433548238
76.519,0.207,8.28,0.057279603098583,0.00328095293113119
76.519,0.505,20.2,0.225943577022098,0.0510504999975407
76.543,0.608,24.32,0.363078054770101,0.131825673855641
76.543,0.466,18.64,0.188799134909629,0.0356451133426244
76.562,0.595,23.8,0.341979442513709,0.116949939101987
76.583,0.66,26.4,0.461317574560379,0.212813904598271
76.583,0.582,23.28,0.322106879128343,0.103752841581801
76.605,0.647,25.88,0.434510224171572,0.188799134909629
76.605,0.66,26.4,0.461317574560379,0.212813904598271
76.623,0.634,25.36,0.409260659730011,0.167494287602644
76.624,0.66,26.4,0.461317574560379,0.212813904598271
76.644,0.66,26.4,0.461317574560379,0.212813904598271
76.664,0.673,26.92,0.489778819368446,0.239883291901949
76.664,0.673,26.92,0.489778819368446,0.239883291901949
76.683,0.634,25.36,0.409260659730011,0.167494287602644
76.704,0.66,26.4,0.461317574560379,0.212813904598271
76.704,0.647,25.88,0.434510224171572,0.188799134909629
76.728,0.595,23.8,0.341979442513709,0.116949939101987
76.728,0.66,26.4,0.461317574560379,0.212813904598271
76.751,0.595,23.8,0.341979442513709,0.116949939101987
76.751,0.479,19.16,0.200447202736516,0.040179081084894
76.778,0.608,24.32,0.363078054770101,0.131825673855641
76.778,0.492,19.68,0.212813904598271,0.0452897579903621
76.802,0.207,8.28,0.057279603098583,0.00328095293113119
76.802,0.531,21.24,0.254683025258504,0.0648634433548238
76.802,0.298,11.92,0.0870963589956081,0.00758577575029184
76.832,0.388,15.52,0.131825673855641,0.0173780082874938
76.832,0.375,15,0.124165230759241,0.0154170045294956
76.853,0.324,12.96,0.0981747943019985,0.00963829023623972
76.853,0.556,22.24,0.285759054337495,0.0816582371358593
76.873,0.22,8.8,0.0608135001278718,0.00369828179780266
76.893,0.518,20.72,0.239883291901949,0.0575439937337157
76.893,0.44,17.6,0.167494287602644,0.0280543363795171
76.914,0.492,19.68,0.212813904598271,0.0452897579903621
76.914,0.608,24.32,0.363078054770101,0.131825673855641
76.935,0.44,17.6,0.167494287602644,0.0280543363795171
76.935,0.582,23.28,0.322106879128343,0.103752841581801
76.955,0.66,26.4,0.461317574560379,0.212813904598271
76.976,0.582,23.28,0.322106879128343,0.103752841581801
76.976,0.647,25.88,0.434510224171572,0.188799134909629
76.995,0.66,26.4,0.461317574560379,0.212813904598271
76.995,0.634,25.36,0.409260659730011,0.167494287602644
77.013,0.673,26.92,0.489778819368446,0.239883291901949
77.032,0.66,26.4,0.461317574560379,0.212813904598271
77.032,0.673,26.92,0.489778819368446,0.239883291901949
77.05,0.673,26.92,0.489778819368446,0.239883291901949
77.07,0.647,25.88,0.434510224171572,0.188799134909629
77.07,0.686,27.44,0.519995996533516,0.270395836410885
77.09,0.66,26.4,0.461317574560379,0.212813904598271
77.09,0.595,23.8,0.341979442513709,0.116949939101987
77.108,0.673,26.92,0.489778819368446,0.239883291901949
77.127,0.608,24.32,0.363078054770101,0.131825673855641
77.127,0.492,19.68,0.212813904598271,0.0452897579903621
77.145,0.634,25.36,0.409260659730011,0.167494287602644
77.164,0.518,20.72,0.239883291901949,0.0575439937337157
77.164,0.233,9.32,0.0645654229034656,0.00416869383470336
77.182,0.544,21.76,0.270395836410884,0.0731139083483418
77.2,0.324,12.96,0.0981747943019985,0.00963829023623972
77.2,0.556,22.24,0.285759054337495,0.0816582371358593
77.219,0.401,16.04,0.139958732257262,0.0195884467350599
77.219,0.272,10.88,0.0772680585095703,0.00597035286583838
77.238,0.531,21.24,0.254683025258504,0.0648634433548238
77.256,0.181,7.24,0.0508159442560561,0.0025822601906346
77.256,0.505,20.2,0.225943577022098,0.0510504999975407
77.275,0.621,24.84,0.385478357665772,0.148593564228701
77.294,0.479,19.16,0.200447202736516,0.040179081084894
77.294,0.608,24.32,0.363078054770101,0.131825673855641
77.313,0.427,17.08,0.157761126969935,0.0248885731828239
77.331,0.582,23.28,0.322106879128343,0.103752841581801
77.331,0.647,25.88,0.434510224171572,0.188799134909629
77.349,0.556,22.24,0.285759054337495,0.0816582371358593
77.368,0.647,25.88,0.434510224171572,0.188799134909629
77.368,0.673,26.92,0.489778819368446,0.239883291901949
77.387,0.634,25.36,0.409260659730011,0.167494287602644
77.388,0.686,27.44,0.519995996533516,0.270395836410885
77.406,0.686,27.44,0.519995996533516,0.270395836410885
77.424,0.673,26.92,0.489778819368446,0.239883291901949
77.424,0.686,27.44,0.519995996533516,0.270395836410885
77.443,0.66,26.4,0.461317574560379,0.212813904598271
77.461,0.686,27.44,0.519995996533516,0.270395836410885
77.461,0.673,26.92,0.489778819368446,0.239883291901949
77.479,0.621,24.84,0.385478357665772,0.148593564228701
77.498,0.673,26.92,0.489778819368446,0.239883291901949
77.498,0.634,25.36,0.409260659730011,0.167494287602644
77.516,0.531,21.24,0.254683025258504,0.0648634433548238
77.535,0.647,25.88,0.434510224171572,0.188799134909629
77.535,0.556,22.24,0.285759054337495,0.0816582371358593
77.553,0.298,11.92,0.0870963589956081,0.00758577575029184
77.553,0.569,22.76,0.303389118419427,0.0920449571753171
77.572,0.388,15.52,0.131825673855641,0.0173780082874938
77.59,0.349,13.96,0.110153930954142,0.0121338885046498
77.59,0.44,17.6,0.167494287602644,0.0280543363795171
77.608,0.272,10.88,0.0772680585095703,0.00597035286583838
77.628,0.544,21.76,0.270395836410884,0.0731139083483418
77.628,0.194,7.76,0.0539510622515128,0.00291071711806661
77.645,0.505,20.2,0.225943577022098,0.0510504999975407
77.664,0.608,24.32,0.363078054770101,0.131825673855641
77.664,0.466,18.64,0.188799134909629,0.0356451133426244
77.682,0.608,24.32,0.363078054770101,0.131825673855641
77.701,0.401,16.04,0.139958732257262,0.0195884467350599
77.701,0.595,23.8,0.341979442513709,0.116949939101987
77.721,0.66,26.4,0.461317574560379,0.212813904598271
77.721,0.569,22.76,0.303389118419427,0.0920449571753171
77.739,0.66,26.4,0.461317574560379,0.212813904598271
77.757,0.686,27.44,0.519995996533516,0.270395836410885
77.757,0.634,25.36,0.409260659730011,0.167494287602644
77.775,0.686,27.44,0.519995996533516,0.270395836410885
77.794,0.686,27.44,0.519995996533516,0.270395836410885
77.794,0.686,27.44,0.519995996533516,0.270395836410885
77.812,0.699,27.96,0.552077439280757,0.304789498962798
77.83,0.673,26.92,0.489778819368446,0.239883291901949
77.83,0.699,27.96,0.552077439280757,0.304789498962798
77.848,0.686,27.44,0.519995996533516,0.270395836410885
77.868,0.634,25.36,0.409260659730011,0.167494287602644
77.868,0.699,27.96,0.552077439280757,0.304789498962798
77.887,0.673,26.92,0.489778819368446,0.239883291901949
77.887,0.569,22.76,0.303389118419427,0.0920449571753171
77.905,0.686,27.44,0.519995996533516,0.270395836410885
77.925,0.608,24.32,0.363078054770101,0.131825673855641
77.925,0.388,15.52,0.131825673855641,0.0173780082874938
77.943,0.634,25.36,0.409260659730011,0.167494287602644
77.963,0.466,18.64,0.188799134909629,0.0356451133426244
77.963,0.324,12.96,0.0981747943019985,0.00963829023623972
77.982,0.518,20.72,0.239883291901949,0.0575439937337157
77.982,0.194,7.76,0.0539510622515128,0.00291071711806661
78.001,0.582,23.28,0.322106879128343,0.103752841581801
78.019,0.168,6.72,0.0478630092322639,0.00229086765276777
78.019,0.531,21.24,0.254683025258504,0.0648634433548238
78.041,0.673,26.92,0.489778819368446,0.239883291901949
78.041,0.466,18.64,0.188799134909629,0.0356451133426244
78.06,0.621,24.84,0.385478357665772,0.148593564228701
78.079,0.401,16.04,0.139958732257262,0.0195884467350599
78.079,0.595,23.8,0.341979442513709,0.116949939101987
78.097,0.686,27.44,0.519995996533516,0.270395836410885
78.115,0.569,22.76,0.303389118419427,0.0920449571753171
78.115,0.673,26.92,0.489778819368446,0.239883291901949
78.133,0.712,28.48,0.586138164514029,0.343557947899875
78.151,0.66,26.4,0.461317574560379,0.212813904598271
78.151,0.712,28.48,0.586138164514029,0.343557947899875
78.17,0.725,29,0.622300285169159,0.387257644921617
78.188,0.712,28.48,0.586138164514029,0.343557947899875
78.188,0.725,29,0.622300285169159,0.387257644921617
78.206,0.712,28.48,0.586138164514029,0.343557947899875
78.223,0.725,29,0.622300285169159,0.387257644921617
78.223,0.725,29,0.622300285169159,0.387257644921617
78.242,0.673,26.92,0.489778819368446,0.239883291901949
78.258,0.725,29,0.622300285169159,0.387257644921617
78.258,0.686,27.44,0.519995996533516,0.270395836410885
78.276,0.595,23.8,0.341979442513709,0.116949939101987
78.296,0.699,27.96,0.552077439280757,0.304789498962798
78.296,0.608,24.32,0.363078054770101,0.131825673855641
78.314,0.427,17.08,0.157761126969935,0.0248885731828239
78.331,0.647,25.88,0.434510224171572,0.188799134909629
78.331,0.466,18.64,0.188799134909629,0.0356451133426244
78.349,0.246,9.84,0.0685488226452662,0.00469894108605216
78.367,0.518,20.72,0.239883291901949,0.0575439937337157
78.367,0.233,9.32,0.0645654229034656,0.00416869383470336
78.385,0.531,21.24,0.254683025258504,0.0648634433548238
78.403,0.207,8.28,0.057279603098583,0.00328095293113119
78.403,0.492,19.68,0.212813904598271,0.0452897579903621
78.421,0.634,25.36,0.409260659730011,0.167494287602644
78.439,0.621,24.84,0.385478357665772,0.148593564228701
78.439,0.621,24.84,0.385478357665772,0.148593564228701
78.456,0.375,15,0.124165230759241,0.0154170045294956
78.474,0.595,23.8,0.341979442513709,0.116949939101987
78.474,0.673,26.92,0.489778819368446,0.239883291901949
78.492,0.569,22.76,0.303389118419427,0.0920449571753171
78.51,0.673,26.92,0.489778819368446,0.239883291901949
78.51,0.712,28.48,0.586138164514029,0.343557947899875
78.528,0.66,26.4,0.461317574560379,0.212813904598271
78.546,0.699,27.96,0.552077439280757,0.304789498962798
78.546,0.725,29,0.622300285169159,0.387257644921617
78.564,0.712,28.48,0.586138164514029,0.343557947899875
78.582,0.725,29,0.622300285169159,0.387257644921617
78.582,0.712,28.48,0.586138164514029,0.343557947899875
78.599,0.725,29,0.622300285169159,0.387257644921617
78.618,0.712,28.48,0.586138164514029,0.343557947899875
78.618,0.673,26.92,0.489778819368446,0.239883291901949
78.636,0.725,29,0.622300285169159,0.387257644921617
78.654,0.686,27.44,0.519995996533516,0.270395836410885
78.654,0.608,24.32,0.363078054770101,0.131825673855641
78.671,0.686,27.44,0.519995996533516,0.270395836410885
78.689,0.621,24.84,0.385478357665772,0.148593564228701
78.689,0.453,18.12,0.177827941003892,0.0316227766016838
78.71,0.647,25.88,0.434510224171572,0.188799134909629
78.71,0.492,19.68,0.212813904598271,0.0452897579903621
78.729,0.336,13.44,0.103752841581801,0.0107646521362983
78.746,0.544,21.76,0.270395836410884,0.0731139083483418
78.746,0.233,9.32,0.0645654229034656,0.00416869383470336
78.766,0.505,20.2,0.225943577022098,0.0510504999975407
78.783,0.285,11.4,0.0820351544329818,0.00672976656284318
78.783,0.44,17.6,0.167494287602644,0.0280543363795171
78.8,0.608,24.32,0.363078054770101,0.131825673855641
78.818,0.375,15,0.124165230759241,0.0154170045294956
78.819,0.595,23.8,0.341979442513709,0.116949939101987
78.837,0.285,11.4,0.0820351544329818,0.00672976656284318
78.854,0.569,22.76,0.303389118419427,0.0920449571753171
78.855,0.673,26.92,0.489778819368446,0.239883291901949
78.873,0.544,21.76,0.270395836410884,0.0731139083483418
78.89,0.66,26.4,0.461317574560379,0.212813904598271
78.89,0.712,28.48,0.586138164514029,0.343557947899875
78.908,0.647,25.88,0.434510224171572,0.188799134909629
78.926,0.712,28.48,0.586138164514029,0.343557947899875
78.926,0.725,29,0.622300285169159,0.387257644921617
78.945,0.699,27.96,0.552077439280757,0.304789498962798
78.963,0.725,29,0.622300285169159,0.387257644921617
78.963,0.712,28.48,0.586138164514029,0.343557947899875
78.98,0.725,29,0.622300285169159,0.387257644921617
78.997,0.725,29,0.622300285169159,0.387257644921617
78.997,0.673,26.92,0.489778819368446,0.239883291901949
79.016,0.725,29,0.622300285169159,0.387257644921617
79.033,0.699,27.96,0.552077439280757,0.304789498962798
79.033,0.608,24.32,0.363078054770101,0.131825673855641
79.051,0.699,27.96,0.552077439280757,0.304789498962798
79.068,0.634,25.36,0.409260659730011,0.167494287602644
79.068,0.479,19.16,0.200447202736516,0.040179081084894
79.086,0.647,25.88,0.434510224171572,0.188799134909629
79.105,0.518,20.72,0.239883291901949,0.0575439937337157
79.105,0.142,5.68,0.0424619563946313,0.00180301774085957
79.123,0.556,22.24,0.285759054337495,0.0816582371358593
79.14,0.246,9.84,0.0685488226452662,0.00469894108605216
79.14,0.492,19.68,0.212813904598271,0.0452897579903621
79.158,0.324,12.96,0.0981747943019985,0.00963829023623972
79.175,0.44,17.6,0.167494287602644,0.0280543363795171
79.175,0.608,24.32,0.363078054770101,0.131825673855641
79.194,0.362,14.48,0.116949939101987,0.0136772882559585
79.212,0.595,23.8,0.341979442513709,0.116949939101987
79.212,0.259,10.36,0.0727779804536824,0.00529663443891658
79.23,0.556,22.24,0.285759054337495,0.0816582371358593
79.247,0.673,26.92,0.489778819368446,0.239883291901949
79.247,0.531,21.24,0.254683025258504,0.0648634433548238
79.265,0.647,25.88,0.434510224171572,0.188799134909629
79.284,0.712,28.48,0.586138164514029,0.343557947899875
79.284,0.634,25.36,0.409260659730011,0.167494287602644
79.301,0.699,27.96,0.552077439280757,0.304789498962798
79.32,0.712,28.48,0.586138164514029,0.343557947899875
79.32,0.686,27.44,0.519995996533516,0.270395836410885
79.338,0.712,28.48,0.586138164514029,0.343557947899875
79.355,0.712,28.48,0.586138164514029,0.343557947899875
79.355,0.725,29,0.622300285169159,0.387257644921617
79.373,0.712,28.48,0.586138164514029,0.343557947899875
79.391,0.686,27.44,0.519995996533516,0.270395836410885
79.391,0.725,29,0.622300285169159,0.387257644921617
79.41,0.699,27.96,0.552077439280757,0.304789498962798
79.427,0.621,24.84,0.385478357665772,0.148593564228701
79.427,0.699,27.96,0.552077439280757,0.304789498962798
79.445,0.647,25.88,0.434510224171572,0.188799134909629
79.462,0.492,19.68,0.212813904598271,0.0452897579903621
79.462,0.66,26.4,0.461317574560379,0.212813904598271
79.48,0.531,21.24,0.254683025258504,0.0648634433548238
79.498,0.207,8.28,0.057279603098583,0.00328095293113119
79.498,0.569,22.76,0.303389118419427,0.0920449571753171
79.517,0.285,11.4,0.0820351544329818,0.00672976656284318
79.534,0.466,18.64,0.188799134909629,0.0356451133426244
79.534,0.388,15.52,0.131825673855641,0.0173780082874938
79.552,0.388,15.52,0.131825673855641,0.0173780082874938
79.57,0.608,24.32,0.363078054770101,0.131825673855641
79.57,0.285,11.4,0.0820351544329818,0.00672976656284318
79.588,0.569,22.76,0.303389118419427,0.0920449571753171
79.607,0.194,7.76,0.0539510622515128,0.00291071711806661
79.607,0.556,22.24,0.285759054337495,0.0816582371358593
79.625,0.673,26.92,0.489778819368446,0.239883291901949
79.625,0.505,20.2,0.225943577022098,0.0510504999975407
79.644,0.647,25.88,0.434510224171572,0.188799134909629
79.662,0.699,27.96,0.552077439280757,0.304789498962798
79.662,0.66,26.4,0.461317574560379,0.212813904598271
79.68,0.699,27.96,0.552077439280757,0.304789498962798
79.697,0.712,28.48,0.586138164514029,0.343557947899875
79.697,0.686,27.44,0.519995996533516,0.270395836410885
79.716,0.712,28.48,0.586138164514029,0.343557947899875
79.733,0.712,28.48,0.586138164514029,0.343557947899875
79.733,0.712,28.48,0.586138164514029,0.343557947899875
79.751,0.725,29,0.622300285169159,0.387257644921617
79.771,0.686,27.44,0.519995996533516,0.270395836410885
79.771,0.725,29,0.622300285169159,0.387257644921617
79.788,0.686,27.44,0.519995996533516,0.270395836410885
79.805,0.621,24.84,0.385478357665772,0.148593564228701
79.806,0.699,27.96,0.552077439280757,0.304789498962798
79.824,0.647,25.88,0.434510224171572,0.188799134909629
79.841,0.518,20.72,0.239883291901949,0.0575439937337157
79.841,0.673,26.92,0.489778819368446,0.239883291901949
79.859,0.556,22.24,0.285759054337495,0.0816582371358593
79.876,0.608,24.32,0.363078054770101,0.131825673855641
79.876,0.582,23.28,0.322106879128343,0.103752841581801
79.895,0.336,13.44,0.103752841581801,0.0107646521362983
79.913,0.414,16.56,0.148593564228701,0.022080047330189
79.913,0.414,16.56,0.148593564228701,0.022080047330189
79.933,0.324,12.96,0.0981747943019985,0.00963829023623972
79.951,0.595,23.8,0.341979442513709,0.116949939101987
79.951,0.246,9.84,0.0685488226452662,0.00469894108605216
79.969,0.556,22.24,0.285759054337495,0.0816582371358593
79.987,0.181,7.24,0.0508159442560561,0.0025822601906346
79.987,0.531,21.24,0.254683025258504,0.0648634433548238
80.004,0.647,25.88,0.434510224171572,0.188799134909629
80.022,0.479,19.16,0.200447202736516,0.040179081084894
80.022,0.634,25.36,0.409260659730011,0.167494287602644
80.04,0.699,27.96,0.552077439280757,0.304789498962798
80.058,0.608,24.32,0.363078054770101,0.131825673855641
80.058,0.686,27.44,0.519995996533516,0.270395836410885
80.076,0.712,28.48,0.586138164514029,0.343557947899875
80.093,0.673,26.92,0.489778819368446,0.239883291901949
80.093,0.712,28.48,0.586138164514029,0.343557947899875
80.11,0.712,28.48,0.586138164514029,0.343557947899875
80.128,0.712,28.48,0.586138164514029,0.343557947899875
80.128,0.725,29,0.622300285169159,0.387257644921617
80.146,0.699,27.96,0.552077439280757,0.304789498962798
80.164,0.712,28.48,0.586138164514029,0.343557947899875
80.164,0.699,27.96,0.552077439280757,0.304789498962798
80.182,0.634,25.36,0.409260659730011,0.167494287602644
80.2,0.712,28.48,0.586138164514029,0.343557947899875
80.2,0.66,26.4,0.461317574560379,0.212813904598271
80.217,0.544,21.76,0.270395836410884,0.0731139083483418
80.236,0.673,26.92,0.489778819368446,0.239883291901949
80.236,0.569,22.76,0.303389118419427,0.0920449571753171
80.253,0.272,10.88,0.0772680585095703,0.00597035286583838
80.27,0.608,24.32,0.363078054770101,0.131825673855641
80.27,0.673,26.92,0.489778819368446,0.239883291901949
80.288,0.388,15.52,0.131825673855641,0.0173780082874938
80.307,0.453,18.12,0.177827941003892,0.0316227766016838
80.307,0.298,11.92,0.0870963589956081,0.00758577575029184
80.325,0.569,22.76,0.303389118419427,0.0920449571753171
80.343,0.168,6.72,0.0478630092322639,0.00229086765276777
80.343,0.544,21.76,0.270395836410884,0.0731139083483418
80.361,0.66,26.4,0.461317574560379,0.212813904598271
80.379,0.531,21.24,0.254683025258504,0.0648634433548238
80.379,0.634,25.36,0.409260659730011,0.167494287602644
80.396,0.453,18.12,0.177827941003892,0.0316227766016838
80.414,0.621,24.84,0.385478357665772,0.148593564228701
80.414,0.699,27.96,0.552077439280757,0.304789498962798
80.432,0.608,24.32,0.363078054770101,0.131825673855641
80.45,0.686,27.44,0.519995996533516,0.270395836410885
80.45,0.712,28.48,0.586138164514029,0.343557947899875
80.47,0.66,26.4,0.461317574560379,0.212813904598271
80.487,0.686,27.44,0.519995996533516,0.270395836410885
80.487,0.712,28.48,0.586138164514029,0.343557947899875
80.504,0.712,28.48,0.586138164514029,0.343557947899875
80.522,0.712,28.48,0.586138164514029,0.343557947899875
80.522,0.699,27.96,0.552077439280757,0.304789498962798
80.541,0.725,29,0.622300285169159,0.387257644921617
80.558,0.699,27.96,0.552077439280757,0.304789498962798
80.558,0.647,25.88,0.434510224171572,0.188799134909629
80.576,0.712,28.48,0.586138164514029,0.343557947899875
80.593,0.673,26.92,0.489778819368446,0.239883291901949
80.593,0.569,22.76,0.303389118419427,0.0920449571753171
80.612,0.673,26.92,0.489778819368446,0.239883291901949
80.631,0.595,23.8,0.341979442513709,0.116949939101987
80.631,0.362,14.48,0.116949939101987,0.0136772882559585
80.65,0.608,24.32,0.363078054770101,0.131825673855641
80.65,0.466,18.64,0.188799134909629,0.0356451133426244
80.668,0.336,13.44,0.103752841581801,0.0107646521362983
80.685,0.479,19.16,0.200447202736516,0.040179081084894
80.703,0.22,8.8,0.0608135001278718,0.00369828179780266
80.703,0.556,22.24,0.285759054337495,0.0816582371358593
80.72,0.168,6.72,0.0478630092322639,0.00229086765276777
80.72,0.518,20.72,0.239883291901949,0.0575439937337157
80.738,0.647,25.88,0.434510224171572,0.188799134909629
80.757,0.479,19.16,0.200447202736516,0.040179081084894
80.757,0.634,25.36,0.409260659730011,0.167494287602644
80.774,0.427,17.08,0.157761126969935,0.0248885731828239
80.793,0.608,24.32,0.363078054770101,0.131825673855641
80.793,0.686,27.44,0.519995996533516,0.270395836410885
80.811,0.595,23.8,0.341979442513709,0.116949939101987
80.829,0.673,26.92,0.489778819368446,0.239883291901949
80.829,0.712,28.48,0.586138164514029,0.343557947899875
80.846,0.66,26.4,0.461317574560379,0.212813904598271
80.864,0.712,28.48,0.586138164514029,0.343557947899875
80.864,0.725,29,0.622300285169159,0.387257644921617
80.883,0.712,28.48,0.586138164514029,0.343557947899875
80.901,0.725,29,0.622300285169159,0.387257644921617
80.901,0.712,28.48,0.586138164514029,0.343557947899875
80.919,0.725,29,0.622300285169159,0.387257644921617
80.936,0.712,28.48,0.586138164514029,0.343557947899875
80.936,0.66,26.4,0.461317574560379,0.212813904598271
80.954,0.712,28.48,0.586138164514029,0.343557947899875
80.971,0.673,26.92,0.489778819368446,0.239883291901949
80.971,0.569,22.76,0.303389118419427,0.0920449571753171
80.988,0.686,27.44,0.519995996533516,0.270395836410885
81.006,0.608,24.32,0.363078054770101,0.131825673855641
81.006,0.401,16.04,0.139958732257262,0.0195884467350599
81.025,0.634,25.36,0.409260659730011,0.167494287602644
81.042,0.453,18.12,0.177827941003892,0.0316227766016838
81.059,0.298,11.92,0.0870963589956081,0.00758577575029184
81.059,0.505,20.2,0.225943577022098,0.0510504999975407
81.077,0.233,9.32,0.0645654229034656,0.00416869383470336
81.095,0.544,21.76,0.270395836410884,0.0731139083483418
81.095,0.194,7.76,0.0539510622515128,0.00291071711806661
81.112,0.505,20.2,0.225943577022098,0.0510504999975407
81.13,0.647,25.88,0.434510224171572,0.188799134909629
81.13,0.453,18.12,0.177827941003892,0.0316227766016838
81.148,0.621,24.84,0.385478357665772,0.148593564228701
81.165,0.375,15,0.124165230759241,0.0154170045294956
81.165,0.595,23.8,0.341979442513709,0.116949939101987
81.183,0.673,26.92,0.489778819368446,0.239883291901949
81.2,0.582,23.28,0.322106879128343,0.103752841581801
81.201,0.673,26.92,0.489778819368446,0.239883291901949
81.22,0.712,28.48,0.586138164514029,0.343557947899875
81.239,0.66,26.4,0.461317574560379,0.212813904598271
81.239,0.712,28.48,0.586138164514029,0.343557947899875
81.256,0.712,28.48,0.586138164514029,0.343557947899875
81.273,0.699,27.96,0.552077439280757,0.304789498962798
81.273,0.725,29,0.622300285169159,0.387257644921617
81.291,0.699,27.96,0.552077439280757,0.304789498962798
81.309,0.712,28.48,0.586138164514029,0.343557947899875
81.309,0.699,27.96,0.552077439280757,0.304789498962798
81.329,0.673,26.92,0.489778819368446,0.239883291901949
81.329,0.712,28.48,0.586138164514029,0.343557947899875
81.348,0.673,26.92,0.489778819368446,0.239883291901949
81.368,0.582,23.28,0.322106879128343,0.103752841581801
81.368,0.686,27.44,0.519995996533516,0.270395836410885
81.386,0.608,24.32,0.363078054770101,0.131825673855641
81.405,0.505,20.2,0.225943577022098,0.0510504999975407
81.405,0.634,25.36,0.409260659730011,0.167494287602644
81.424,0.492,19.68,0.212813904598271,0.0452897579903621
81.424,0.22,8.8,0.0608135001278718,0.00369828179780266
81.443,0.531,21.24,0.254683025258504,0.0648634433548238
81.463,0.168,6.72,0.0478630092322639,0.00229086765276777
81.463,0.518,20.72,0.239883291901949,0.0575439937337157
81.481,0.272,10.88,0.0772680585095703,0.00597035286583838
81.499,0.466,18.64,0.188799134909629,0.0356451133426244
81.499,0.634,25.36,0.409260659730011,0.167494287602644
81.516,0.414,16.56,0.148593564228701,0.022080047330189
81.535,0.608,24.32,0.363078054770101,0.131825673855641
81.535,0.311,12.44,0.0924698173938222,0.00855066712884683
81.553,0.582,23.28,0.322106879128343,0.103752841581801
81.57,0.686,27.44,0.519995996533516,0.270395836410885
81.57,0.556,22.24,0.285759054337495,0.0816582371358593
81.589,0.673,26.92,0.489778819368446,0.239883291901949
81.607,0.712,28.48,0.586138164514029,0.343557947899875
81.607,0.647,25.88,0.434510224171572,0.188799134909629
81.624,0.699,27.96,0.552077439280757,0.304789498962798
81.642,0.725,29,0.622300285169159,0.387257644921617
81.642,0.699,27.96,0.552077439280757,0.304789498962798
81.66,0.725,29,0.622300285169159,0.387257644921617
81.678,0.712,28.48,0.586138164514029,0.343557947899875
81.678,0.725,29,0.622300285169159,0.387257644921617
81.695,0.712,28.48,0.586138164514029,0.343557947899875
81.713,0.673,26.92,0.489778819368446,0.239883291901949
81.713,0.712,28.48,0.586138164514029,0.343557947899875
81.731,0.686,27.44,0.519995996533516,0.270395836410885
81.748,0.608,24.32,0.363078054770101,0.131825673855641
81.748,0.699,27.96,0.552077439280757,0.304789498962798
81.767,0.621,24.84,0.385478357665772,0.148593564228701
81.786,0.466,18.64,0.188799134909629,0.0356451133426244
81.787,0.647,25.88,0.434510224171572,0.188799134909629
81.806,0.505,20.2,0.225943577022098,0.0510504999975407
81.806,0.168,6.72,0.0478630092322639,0.00229086765276777
81.824,0.544,21.76,0.270395836410884,0.0731139083483418
81.842,0.22,8.8,0.0608135001278718,0.00369828179780266
81.842,0.492,19.68,0.212813904598271,0.0452897579903621
81.86,0.285,11.4,0.0820351544329818,0.00672976656284318
81.877,0.453,18.12,0.177827941003892,0.0316227766016838
81.878,0.621,24.84,0.385478357665772,0.148593564228701
81.899,0.388,15.52,0.131825673855641,0.0173780082874938
81.917,0.621,24.84,0.385478357665772,0.148593564228701
81.917,0.285,11.4,0.0820351544329818,0.00672976656284318
81.937,0.569,22.76,0.303389118419427,0.0920449571753171
81.937,0.673,26.92,0.489778819368446,0.239883291901949
81.956,0.544,21.76,0.270395836410884,0.0731139083483418
81.976,0.647,25.88,0.434510224171572,0.188799134909629
81.976,0.699,27.96,0.552077439280757,0.304789498962798
81.997,0.634,25.36,0.409260659730011,0.167494287602644
81.997,0.699,27.96,0.552077439280757,0.304789498962798
82.017,0.725,29,0.622300285169159,0.387257644921617
82.037,0.686,27.44,0.519995996533516,0.270395836410885
82.037,0.725,29,0.622300285169159,0.387257644921617
82.055,0.712,28.48,0.586138164514029,0.343557947899875
82.056,0.712,28.48,0.586138164514029,0.343557947899875
82.074,0.712,28.48,0.586138164514029,0.343557947899875
82.091,0.673,26.92,0.489778819368446,0.239883291901949
82.091,0.712,28.48,0.586138164514029,0.343557947899875
82.109,0.686,27.44,0.519995996533516,0.270395836410885
82.127,0.621,24.84,0.385478357665772,0.148593564228701
82.127,0.699,27.96,0.552077439280757,0.304789498962798
82.146,0.647,25.88,0.434510224171572,0.188799134909629
82.165,0.492,19.68,0.212813904598271,0.0452897579903621
82.165,0.647,25.88,0.434510224171572,0.188799134909629
82.183,0.531,21.24,0.254683025258504,0.0648634433548238
82.201,0.181,7.24,0.0508159442560561,0.0025822601906346
82.201,0.569,22.76,0.303389118419427,0.0920449571753171
82.22,0.272,10.88,0.0772680585095703,0.00597035286583838
82.239,0.608,24.32,0.363078054770101,0.131825673855641
82.239,0.375,15,0.124165230759241,0.0154170045294956
82.258,0.401,16.04,0.139958732257262,0.0195884467350599
82.259,0.621,24.84,0.385478357665772,0.148593564228701
82.278,0.336,13.44,0.103752841581801,0.0107646521362983
82.294,0.582,23.28,0.322106879128343,0.103752841581801
82.294,0.22,8.8,0.0608135001278718,0.00369828179780266
82.313,0.556,22.24,0.285759054337495,0.0816582371358593
82.331,0.66,26.4,0.461317574560379,0.212813904598271
82.331,0.518,20.72,0.239883291901949,0.0575439937337157
82.348,0.66,26.4,0.461317574560379,0.212813904598271
82.369,0.712,28.48,0.586138164514029,0.343557947899875
82.369,0.634,25.36,0.409260659730011,0.167494287602644
82.387,0.699,27.96,0.552077439280757,0.304789498962798
82.404,0.712,28.48,0.586138164514029,0.343557947899875
82.404,0.686,27.44,0.519995996533516,0.270395836410885
82.421,0.712,28.48,0.586138164514029,0.343557947899875
82.439,0.712,28.48,0.586138164514029,0.343557947899875
82.44,0.725,29,0.622300285169159,0.387257644921617
82.458,0.712,28.48,0.586138164514029,0.343557947899875
82.475,0.686,27.44,0.519995996533516,0.270395836410885
82.475,0.725,29,0.622300285169159,0.387257644921617
82.493,0.699,27.96,0.552077439280757,0.304789498962798
82.511,0.621,24.84,0.385478357665772,0.148593564228701
82.511,0.699,27.96,0.552077439280757,0.304789498962798
82.53,0.647,25.88,0.434510224171572,0.188799134909629
82.549,0.505,20.2,0.225943577022098,0.0510504999975407
82.549,0.66,26.4,0.461317574560379,0.212813904598271
82.568,0.556,22.24,0.285759054337495,0.0816582371358593
82.568,0.22,8.8,0.0608135001278718,0.00369828179780266
82.586,0.582,23.28,0.322106879128343,0.103752841581801
82.605,0.311,12.44,0.0924698173938222,0.00855066712884683
82.605,0.44,17.6,0.167494287602644,0.0280543363795171
82.623,0.401,16.04,0.139958732257262,0.0195884467350599
82.642,0.349,13.96,0.110153930954142,0.0121338885046498
82.642,0.595,23.8,0.341979442513709,0.116949939101987
82.661,0.272,10.88,0.0772680585095703,0.00597035286583838
82.682,0.556,22.24,0.285759054337495,0.0816582371358593
82.682,0.168,6.72,0.0478630092322639,0.00229086765276777
82.701,0.518,20.72,0.239883291901949,0.0575439937337157
82.701,0.647,25.88,0.434510224171572,0.188799134909629
82.72,0.492,19.68,0.212813904598271,0.0452897579903621
82.738,0.634,25.36,0.409260659730011,0.167494287602644
82.739,0.699,27.96,0.552077439280757,0.304789498962798
82.756,0.621,24.84,0.385478357665772,0.148593564228701
82.775,0.686,27.44,0.519995996533516,0.270395836410885
82.775,0.712,28.48,0.586138164514029,0.343557947899875
82.793,0.686,27.44,0.519995996533516,0.270395836410885
82.794,0.712,28.48,0.586138164514029,0.343557947899875
82.813,0.712,28.48,0.586138164514029,0.343557947899875
82.833,0.712,28.48,0.586138164514029,0.343557947899875
82.833,0.712,28.48,0.586138164514029,0.343557947899875
82.853,0.686,27.44,0.519995996533516,0.270395836410885
82.853,0.725,29,0.622300285169159,0.387257644921617
82.872,0.699,27.96,0.552077439280757,0.304789498962798
82.89,0.634,25.36,0.409260659730011,0.167494287602644
82.89,0.712,28.48,0.586138164514029,0.343557947899875
82.909,0.66,26.4,0.461317574560379,0.212813904598271
82.928,0.531,21.24,0.254683025258504,0.0648634433548238
82.928,0.673,26.92,0.489778819368446,0.239883291901949
82.947,0.582,23.28,0.322106879128343,0.103752841581801
82.967,0.272,10.88,0.0772680585095703,0.00597035286583838
82.967,0.595,23.8,0.341979442513709,0.116949939101987
82.985,0.375,15,0.124165230759241,0.0154170045294956
82.985,0.414,16.56,0.148593564228701,0.022080047330189
83.004,0.44,17.6,0.167494287602644,0.0280543363795171
83.024,0.324,12.96,0.0981747943019985,0.00963829023623972
83.024,0.582,23.28,0.322106879128343,0.103752841581801
83.042,0.233,9.32,0.0645654229034656,0.00416869383470336
83.06,0.544,21.76,0.270395836410884,0.0731139083483418
83.06,0.66,26.4,0.461317574560379,0.212813904598271
83.078,0.505,20.2,0.225943577022098,0.0510504999975407
83.097,0.634,25.36,0.409260659730011,0.167494287602644
83.097,0.466,18.64,0.188799134909629,0.0356451133426244
83.115,0.621,24.84,0.385478357665772,0.148593564228701
83.115,0.686,27.44,0.519995996533516,0.270395836410885
83.133,0.608,24.32,0.363078054770101,0.131825673855641
83.151,0.699,27.96,0.552077439280757,0.304789498962798
83.151,0.712,28.48,0.586138164514029,0.343557947899875
83.169,0.673,26.92,0.489778819368446,0.239883291901949
83.188,0.712,28.48,0.586138164514029,0.343557947899875
83.188,0.712,28.48,0.586138164514029,0.343557947899875
83.206,0.699,27.96,0.552077439280757,0.304789498962798
83.223,0.725,29,0.622300285169159,0.387257644921617
83.223,0.699,27.96,0.552077439280757,0.304789498962798
83.241,0.712,28.48,0.586138164514029,0.343557947899875
83.259,0.712,28.48,0.586138164514029,0.343557947899875
83.259,0.647,25.88,0.434510224171572,0.188799134909629
83.276,0.712,28.48,0.586138164514029,0.343557947899875
83.293,0.673,26.92,0.489778819368446,0.239883291901949
83.293,0.556,22.24,0.285759054337495,0.0816582371358593
83.311,0.673,26.92,0.489778819368446,0.239883291901949
83.33,0.582,23.28,0.322106879128343,0.103752841581801
83.33,0.336,13.44,0.103752841581801,0.0107646521362983
83.348,0.608,24.32,0.363078054770101,0.131825673855641
83.367,0.414,16.56,0.148593564228701,0.022080047330189
83.367,0.336,13.44,0.103752841581801,0.0107646521362983
83.385,0.466,18.64,0.188799134909629,0.0356451133426244
83.402,0.233,9.32,0.0645654229034656,0.00416869383470336
83.402,0.569,22.76,0.303389118419427,0.0920449571753171
83.42,0.194,7.76,0.0539510622515128,0.00291071711806661
83.438,0.531,21.24,0.254683025258504,0.0648634433548238
83.438,0.66,26.4,0.461317574560379,0.212813904598271
83.458,0.492,19.68,0.212813904598271,0.0452897579903621
83.475,0.634,25.36,0.409260659730011,0.167494287602644
83.475,0.44,17.6,0.167494287602644,0.0280543363795171
83.494,0.621,24.84,0.385478357665772,0.148593564228701
83.512,0.686,27.44,0.519995996533516,0.270395836410885
83.512,0.595,23.8,0.341979442513709,0.116949939101987
83.53,0.673,26.92,0.489778819368446,0.239883291901949
83.547,0.725,29,0.622300285169159,0.387257644921617
83.547,0.673,26.92,0.489778819368446,0.239883291901949
83.565,0.699,27.96,0.552077439280757,0.304789498962798
83.583,0.712,28.48,0.586138164514029,0.343557947899875
83.583,0.699,27.96,0.552077439280757,0.304789498962798
83.6,0.712,28.48,0.586138164514029,0.343557947899875
83.618,0.712,28.48,0.586138164514029,0.343557947899875
83.619,0.725,29,0.622300285169159,0.387257644921617
83.637,0.712,28.48,0.586138164514029,0.343557947899875
83.655,0.673,26.92,0.489778819368446,0.239883291901949
83.655,0.712,28.48,0.586138164514029,0.343557947899875
83.673,0.673,26.92,0.489778819368446,0.239883291901949
83.69,0.582,23.28,0.322106879128343,0.103752841581801
83.69,0.686,27.44,0.519995996533516,0.270395836410885
83.709,0.595,23.8,0.341979442513709,0.116949939101987
83.73,0.375,15,0.124165230759241,0.0154170045294956
83.73,0.621,24.84,0.385478357665772,0.148593564228701
83.754,0.453,18.12,0.177827941003892,0.0316227766016838
83.754,0.311,12.44,0.0924698173938222,0.00855066712884683
83.775,0.569,22.76,0.303389118419427,0.0920449571753171
83.775,0.233,9.32,0.0645654229034656,0.00416869383470336
83.795,0.556,22.24,0.285759054337495,0.0816582371358593
83.795,0.22,8.8,0.0608135001278718,0.00369828179780266
83.815,0.518,20.72,0.239883291901949,0.0575439937337157
83.836,0.634,25.36,0.409260659730011,0.167494287602644
83.836,0.466,18.64,0.188799134909629,0.0356451133426244
83.856,0.621,24.84,0.385478357665772,0.148593564228701
83.856,0.401,16.04,0.139958732257262,0.0195884467350599
83.876,0.595,23.8,0.341979442513709,0.116949939101987
83.899,0.686,27.44,0.519995996533516,0.270395836410885
83.899,0.582,23.28,0.322106879128343,0.103752841581801
83.921,0.673,26.92,0.489778819368446,0.239883291901949
83.921,0.712,28.48,0.586138164514029,0.343557947899875
83.943,0.66,26.4,0.461317574560379,0.212813904598271
83.943,0.712,28.48,0.586138164514029,0.343557947899875
83.964,0.725,29,0.622300285169159,0.387257644921617
83.964,0.712,28.48,0.586138164514029,0.343557947899875
83.984,0.712,28.48,0.586138164514029,0.343557947899875
83.984,0.699,27.96,0.552077439280757,0.304789498962798
84.004,0.725,29,0.622300285169159,0.387257644921617
84.026,0.699,27.96,0.552077439280757,0.304789498962798
84.026,0.66,26.4,0.461317574560379,0.212813904598271
84.046,0.712,28.48,0.586138164514029,0.343557947899875
84.046,0.673,26.92,0.489778819368446,0.239883291901949
84.068,0.595,23.8,0.341979442513709,0.116949939101987
84.068,0.686,27.44,0.519995996533516,0.270395836410885
84.094,0.608,24.32,0.363078054770101,0.131825673855641
84.094,0.414,16.56,0.148593564228701,0.022080047330189
84.118,0.634,25.36,0.409260659730011,0.167494287602644
84.118,0.479,19.16,0.200447202736516,0.040179081084894
84.138,0.246,9.84,0.0685488226452662,0.00469894108605216
84.159,0.518,20.72,0.239883291901949,0.0575439937337157
84.159,0.22,8.8,0.0608135001278718,0.00369828179780266
84.18,0.531,21.24,0.254683025258504,0.0648634433548238
84.18,0.259,10.36,0.0727779804536824,0.00529663443891658
84.201,0.492,19.68,0.212813904598271,0.0452897579903621
84.201,0.634,25.36,0.409260659730011,0.167494287602644
84.219,0.44,17.6,0.167494287602644,0.0280543363795171
84.236,0.621,24.84,0.385478357665772,0.148593564228701
84.236,0.362,14.48,0.116949939101987,0.0136772882559585
84.253,0.595,23.8,0.341979442513709,0.116949939101987
84.271,0.673,26.92,0.489778819368446,0.239883291901949
84.271,0.569,22.76,0.303389118419427,0.0920449571753171
84.29,0.673,26.92,0.489778819368446,0.239883291901949
84.308,0.712,28.48,0.586138164514029,0.343557947899875
84.308,0.647,25.88,0.434510224171572,0.188799134909629
84.325,0.699,27.96,0.552077439280757,0.304789498962798
84.343,0.712,28.48,0.586138164514029,0.343557947899875
84.343,0.699,27.96,0.552077439280757,0.304789498962798
84.36,0.725,29,0.622300285169159,0.387257644921617
84.379,0.699,27.96,0.552077439280757,0.304789498962798
84.379,0.725,29,0.622300285169159,0.387257644921617
84.397,0.725,29,0.622300285169159,0.387257644921617
84.415,0.66,26.4,0.461317574560379,0.212813904598271
84.415,0.725,29,0.622300285169159,0.387257644921617
84.433,0.686,27.44,0.519995996533516,0.270395836410885
84.451,0.608,24.32,0.363078054770101,0.131825673855641
84.451,0.699,27.96,0.552077439280757,0.304789498962798
84.469,0.621,24.84,0.385478357665772,0.148593564228701
84.486,0.505,20.2,0.225943577022098,0.0510504999975407
84.486,0.647,25.88,0.434510224171572,0.188799134909629
84.504,0.505,20.2,0.225943577022098,0.0510504999975407
84.523,0.22,8.8,0.0608135001278718,0.00369828179780266
84.523,0.544,21.76,0.270395836410884,0.0731139083483418
84.54,0.233,9.32,0.0645654229034656,0.00416869383470336
84.558,0.505,20.2,0.225943577022098,0.0510504999975407
84.558,0.272,10.88,0.0772680585095703,0.00597035286583838
84.576,0.466,18.64,0.188799134909629,0.0356451133426244
84.593,0.621,24.84,0.385478357665772,0.148593564228701
84.593,0.388,15.52,0.131825673855641,0.0173780082874938
84.611,0.595,23.8,0.341979442513709,0.116949939101987
84.629,0.311,12.44,0.0924698173938222,0.00855066712884683
84.629,0.569,22.76,0.303389118419427,0.0920449571753171
84.647,0.66,26.4,0.461317574560379,0.212813904598271
84.664,0.544,21.76,0.270395836410884,0.0731139083483418
84.664,0.66,26.4,0.461317574560379,0.212813904598271
84.682,0.712,28.48,0.586138164514029,0.343557947899875
84.7,0.647,25.88,0.434510224171572,0.188799134909629
84.7,0.699,27.96,0.552077439280757,0.304789498962798
84.72,0.725,29,0.622300285169159,0.387257644921617
84.739,0.699,27.96,0.552077439280757,0.304789498962798
84.739,0.725,29,0.622300285169159,0.387257644921617
84.758,0.712,28.48,0.586138164514029,0.343557947899875
84.776,0.725,29,0.622300285169159,0.387257644921617
84.776,0.725,29,0.622300285169159,0.387257644921617
84.794,0.686,27.44,0.519995996533516,0.270395836410885
84.794,0.712,28.48,0.586138164514029,0.343557947899875
84.814,0.699,27.96,0.552077439280757,0.304789498962798
84.832,0.621,24.84,0.385478357665772,0.148593564228701
84.832,0.699,27.96,0.552077439280757,0.304789498962798
84.852,0.634,25.36,0.409260659730011,0.167494287602644
84.87,0.479,19.16,0.200447202736516,0.040179081084894
84.87,0.647,25.88,0.434510224171572,0.188799134909629
84.888,0.531,21.24,0.254683025258504,0.0648634433548238
84.904,0.233,9.32,0.0645654229034656,0.00416869383470336
84.904,0.556,22.24,0.285759054337495,0.0816582371358593
84.923,0.246,9.84,0.0685488226452662,0.00469894108605216
84.941,0.479,19.16,0.200447202736516,0.040179081084894
84.941,0.362,14.48,0.116949939101987,0.0136772882559585
84.959,0.427,17.08,0.157761126969935,0.0248885731828239
84.977,0.621,24.84,0.385478357665772,0.148593564228701
84.977,0.336,13.44,0.103752841581801,0.0107646521362983
84.995,0.582,23.28,0.322106879128343,0.103752841581801
85.013,0.233,9.32,0.0645654229034656,0.00416869383470336
85.013,0.556,22.24,0.285759054337495,0.0816582371358593
85.03,0.66,26.4,0.461317574560379,0.212813904598271
85.048,0.531,21.24,0.254683025258504,0.0648634433548238
85.048,0.647,25.88,0.434510224171572,0.188799134909629
85.067,0.712,28.48,0.586138164514029,0.343557947899875
85.084,0.634,25.36,0.409260659730011,0.167494287602644
85.085,0.699,27.96,0.552077439280757,0.304789498962798
85.101,0.712,28.48,0.586138164514029,0.343557947899875
85.119,0.686,27.44,0.519995996533516,0.270395836410885
85.119,0.712,28.48,0.586138164514029,0.343557947899875
85.136,0.712,28.48,0.586138164514029,0.343557947899875
85.154,0.725,29,0.622300285169159,0.387257644921617
85.154,0.712,28.48,0.586138164514029,0.343557947899875
85.172,0.686,27.44,0.519995996533516,0.270395836410885
85.191,0.725,29,0.622300285169159,0.387257644921617
85.191,0.686,27.44,0.519995996533516,0.270395836410885
85.209,0.621,24.84,0.385478357665772,0.148593564228701
85.226,0.699,27.96,0.552077439280757,0.304789498962798
85.226,0.647,25.88,0.434510224171572,0.188799134909629
85.243,0.505,20.2,0.225943577022098,0.0510504999975407
85.262,0.647,25.88,0.434510224171572,0.188799134909629
85.262,0.544,21.76,0.270395836410884,0.0731139083483418
85.28,0.207,8.28,0.057279603098583,0.00328095293113119
85.297,0.582,23.28,0.322106879128343,0.103752841581801
85.297,0.336,13.44,0.103752841581801,0.0107646521362983
85.315,0.44,17.6,0.167494287602644,0.0280543363795171
85.332,0.388,15.52,0.131825673855641,0.0173780082874938
85.332,0.388,15.52,0.131825673855641,0.0173780082874938
85.349,0.608,24.32,0.363078054770101,0.131825673855641
85.367,0.324,12.96,0.0981747943019985,0.00963829023623972
85.367,0.569,22.76,0.303389118419427,0.0920449571753171
85.385,0.168,6.72,0.0478630092322639,0.00229086765276777
85.404,0.531,21.24,0.254683025258504,0.0648634433548238
85.404,0.66,26.4,0.461317574560379,0.212813904598271
85.421,0.505,20.2,0.225943577022098,0.0510504999975407
85.439,0.634,25.36,0.409260659730011,0.167494287602644
85.439,0.699,27.96,0.552077439280757,0.304789498962798
85.457,0.621,24.84,0.385478357665772,0.148593564228701
85.475,0.686,27.44,0.519995996533516,0.270395836410885
85.476,0.712,28.48,0.586138164514029,0.343557947899875
85.493,0.673,26.92,0.489778819368446,0.239883291901949
85.511,0.712,28.48,0.586138164514029,0.343557947899875
85.511,0.712,28.48,0.586138164514029,0.343557947899875
85.529,0.699,27.96,0.552077439280757,0.304789498962798
85.548,0.712,28.48,0.586138164514029,0.343557947899875
85.548,0.686,27.44,0.519995996533516,0.270395836410885
85.565,0.712,28.48,0.586138164514029,0.343557947899875
85.583,0.699,27.96,0.552077439280757,0.304789498962798
85.583,0.634,25.36,0.409260659730011,0.167494287602644
85.602,0.699,27.96,0.552077439280757,0.304789498962798
85.62,0.647,25.88,0.434510224171572,0.188799134909629
85.62,0.518,20.72,0.239883291901949,0.0575439937337157
85.636,0.66,26.4,0.461317574560379,0.212813904598271
85.655,0.556,22.24,0.285759054337495,0.0816582371358593
85.655,0.233,9.32,0.0645654229034656,0.00416869383470336
85.673,0.595,23.8,0.341979442513709,0.116949939101987
85.691,0.349,13.96,0.110153930954142,0.0121338885046498
85.691,0.414,16.56,0.148593564228701,0.022080047330189
85.708,0.44,17.6,0.167494287602644,0.0280543363795171
85.727,0.324,12.96,0.0981747943019985,0.00963829023623972
85.727,0.582,23.28,0.322106879128343,0.103752841581801
85.746,0.246,9.84,0.0685488226452662,0.00469894108605216
85.763,0.556,22.24,0.285759054337495,0.0816582371358593
85.763,0.66,26.4,0.461317574560379,0.212813904598271
85.782,0.518,20.72,0.239883291901949,0.0575439937337157
85.801,0.634,25.36,0.409260659730011,0.167494287602644
85.801,0.479,19.16,0.200447202736516,0.040179081084894
85.82,0.634,25.36,0.409260659730011,0.167494287602644
85.82,0.686,27.44,0.519995996533516,0.270395836410885
85.837,0.608,24.32,0.363078054770101,0.131825673855641
85.855,0.686,27.44,0.519995996533516,0.270395836410885
85.855,0.712,28.48,0.586138164514029,0.343557947899875
85.873,0.673,26.92,0.489778819368446,0.239883291901949
85.893,0.712,28.48,0.586138164514029,0.343557947899875
85.893,0.712,28.48,0.586138164514029,0.343557947899875
85.911,0.699,27.96,0.552077439280757,0.304789498962798
85.93,0.712,28.48,0.586138164514029,0.343557947899875
85.93,0.699,27.96,0.552077439280757,0.304789498962798
85.947,0.725,29,0.622300285169159,0.387257644921617
85.964,0.699,27.96,0.552077439280757,0.304789498962798
85.964,0.647,25.88,0.434510224171572,0.188799134909629
85.982,0.699,27.96,0.552077439280757,0.304789498962798
86,0.647,25.88,0.434510224171572,0.188799134909629
86,0.544,21.76,0.270395836410884,0.0731139083483418
86.017,0.66,26.4,0.461317574560379,0.212813904598271
86.035,0.569,22.76,0.303389118419427,0.0920449571753171
86.036,0.311,12.44,0.0924698173938222,0.00855066712884683
86.053,0.595,23.8,0.341979442513709,0.116949939101987
86.07,0.388,15.52,0.131825673855641,0.0173780082874938
86.07,0.349,13.96,0.110153930954142,0.0121338885046498
86.088,0.453,18.12,0.177827941003892,0.0316227766016838
86.105,0.246,9.84,0.0685488226452662,0.00469894108605216
86.105,0.556,22.24,0.285759054337495,0.0816582371358593
86.124,0.194,7.76,0.0539510622515128,0.00291071711806661
86.142,0.531,21.24,0.254683025258504,0.0648634433548238
86.142,0.647,25.88,0.434510224171572,0.188799134909629
86.16,0.492,19.68,0.212813904598271,0.0452897579903621
86.177,0.634,25.36,0.409260659730011,0.167494287602644
86.177,0.44,17.6,0.167494287602644,0.0280543363795171
86.194,0.621,24.84,0.385478357665772,0.148593564228701
86.211,0.686,27.44,0.519995996533516,0.270395836410885
86.212,0.595,23.8,0.341979442513709,0.116949939101987
86.229,0.673,26.92,0.489778819368446,0.239883291901949
86.247,0.712,28.48,0.586138164514029,0.343557947899875
86.248,0.673,26.92,0.489778819368446,0.239883291901949
86.265,0.712,28.48,0.586138164514029,0.343557947899875
86.283,0.725,29,0.622300285169159,0.387257644921617
86.283,0.699,27.96,0.552077439280757,0.304789498962798
86.301,0.712,28.48,0.586138164514029,0.343557947899875
86.318,0.699,27.96,0.552077439280757,0.304789498962798
86.318,0.712,28.48,0.586138164514029,0.343557947899875
86.336,0.699,27.96,0.552077439280757,0.304789498962798
86.354,0.66,26.4,0.461317574560379,0.212813904598271
86.354,0.712,28.48,0.586138164514029,0.343557947899875
86.372,0.66,26.4,0.461317574560379,0.212813904598271
86.39,0.556,22.24,0.285759054337495,0.0816582371358593
86.39,0.673,26.92,0.489778819368446,0.239883291901949
86.409,0.582,23.28,0.322106879128343,0.103752841581801
86.426,0.349,13.96,0.110153930954142,0.0121338885046498
86.426,0.608,24.32,0.363078054770101,0.131825673855641
86.445,0.427,17.08,0.157761126969935,0.0248885731828239
86.462,0.324,12.96,0.0981747943019985,0.00963829023623972
86.462,0.492,19.68,0.212813904598271,0.0452897579903621
86.483,0.233,9.32,0.0645654229034656,0.00416869383470336
86.5,0.556,22.24,0.285759054337495,0.0816582371358593
86.5,0.22,8.8,0.0608135001278718,0.00369828179780266
86.518,0.518,20.72,0.239883291901949,0.0575439937337157
86.536,0.647,25.88,0.434510224171572,0.188799134909629
86.536,0.466,18.64,0.188799134909629,0.0356451133426244
86.554,0.621,24.84,0.385478357665772,0.148593564228701
86.572,0.414,16.56,0.148593564228701,0.022080047330189
86.572,0.608,24.32,0.363078054770101,0.131825673855641
86.591,0.686,27.44,0.519995996533516,0.270395836410885
86.608,0.595,23.8,0.341979442513709,0.116949939101987
86.608,0.673,26.92,0.489778819368446,0.239883291901949
86.627,0.712,28.48,0.586138164514029,0.343557947899875
86.644,0.66,26.4,0.461317574560379,0.212813904598271
86.644,0.699,27.96,0.552077439280757,0.304789498962798
86.661,0.712,28.48,0.586138164514029,0.343557947899875
86.678,0.699,27.96,0.552077439280757,0.304789498962798
86.678,0.725,29,0.622300285169159,0.387257644921617
86.697,0.712,28.48,0.586138164514029,0.343557947899875
86.715,0.725,29,0.622300285169159,0.387257644921617
86.715,0.712,28.48,0.586138164514029,0.343557947899875
86.733,0.673,26.92,0.489778819368446,0.239883291901949
86.75,0.725,29,0.622300285169159,0.387257644921617
86.75,0.673,26.92,0.489778819368446,0.239883291901949
86.767,0.595,23.8,0.341979442513709,0.116949939101987
86.784,0.686,27.44,0.519995996533516,0.270395836410885
86.784,0.608,24.32,0.363078054770101,0.131825673855641
86.803,0.414,16.56,0.148593564228701,0.022080047330189
86.821,0.634,25.36,0.409260659730011,0.167494287602644
86.821,0.479,19.16,0.200447202736516,0.040179081084894
86.838,0.259,10.36,0.0727779804536824,0.00529663443891658
86.856,0.518,20.72,0.239883291901949,0.0575439937337157
86.856,0.207,8.28,0.057279603098583,0.00328095293113119
86.874,0.518,20.72,0.239883291901949,0.0575439937337157
86.893,0.233,9.32,0.0645654229034656,0.00416869383470336
86.893,0.479,19.16,0.200447202736516,0.040179081084894
86.91,0.634,25.36,0.409260659730011,0.167494287602644
86.927,0.427,17.08,0.157761126969935,0.0248885731828239
86.927,0.608,24.32,0.363078054770101,0.131825673855641
86.945,0.362,14.48,0.116949939101987,0.0136772882559585
86.964,0.582,23.28,0.322106879128343,0.103752841581801
86.964,0.686,27.44,0.519995996533516,0.270395836410885
86.98,0.569,22.76,0.303389118419427,0.0920449571753171
86.998,0.66,26.4,0.461317574560379,0.212813904598271
86.998,0.712,28.48,0.586138164514029,0.343557947899875
87.017,0.647,25.88,0.434510224171572,0.188799134909629
87.034,0.699,27.96,0.552077439280757,0.304789498962798
87.034,0.712,28.48,0.586138164514029,0.343557947899875
87.051,0.699,27.96,0.552077439280757,0.304789498962798
87.071,0.712,28.48,0.586138164514029,0.343557947899875
87.071,0.712,28.48,0.586138164514029,0.343557947899875
87.088,0.712,28.48,0.586138164514029,0.343557947899875
87.106,0.712,28.48,0.586138164514029,0.343557947899875
87.106,0.66,26.4,0.461317574560379,0.212813904598271
87.123,0.712,28.48,0.586138164514029,0.343557947899875
87.14,0.686,27.44,0.519995996533516,0.270395836410885
87.14,0.595,23.8,0.341979442513709,0.116949939101987
87.158,0.699,27.96,0.552077439280757,0.304789498962798
87.176,0.608,24.32,0.363078054770101,0.131825673855641
87.176,0.44,17.6,0.167494287602644,0.0280543363795171
87.194,0.647,25.88,0.434510224171572,0.188799134909629
87.212,0.505,20.2,0.225943577022098,0.0510504999975407
87.212,0.22,8.8,0.0608135001278718,0.00369828179780266
87.23,0.544,21.76,0.270395836410884,0.0731139083483418
87.247,0.207,8.28,0.057279603098583,0.00328095293113119
87.247,0.518,20.72,0.239883291901949,0.0575439937337157
87.266,0.272,10.88,0.0772680585095703,0.00597035286583838
87.284,0.466,18.64,0.188799134909629,0.0356451133426244
87.284,0.621,24.84,0.385478357665772,0.148593564228701
87.303,0.401,16.04,0.139958732257262,0.0195884467350599
87.322,0.595,23.8,0.341979442513709,0.116949939101987
87.322,0.311,12.44,0.0924698173938222,0.00855066712884683
87.34,0.569,22.76,0.303389118419427,0.0920449571753171
87.359,0.673,26.92,0.489778819368446,0.239883291901949
87.359,0.544,21.76,0.270395836410884,0.0731139083483418
87.378,0.66,26.4,0.461317574560379,0.212813904598271
87.378,0.699,27.96,0.552077439280757,0.304789498962798
87.397,0.634,25.36,0.409260659730011,0.167494287602644
87.415,0.699,27.96,0.552077439280757,0.304789498962798
87.415,0.712,28.48,0.586138164514029,0.343557947899875
87.436,0.686,27.44,0.519995996533516,0.270395836410885
87.454,0.712,28.48,0.586138164514029,0.343557947899875
87.454,0.712,28.48,0.586138164514029,0.343557947899875
87.473,0.725,29,0.622300285169159,0.387257644921617
87.492,0.712,28.48,0.586138164514029,0.343557947899875
87.492,0.673,26.92,0.489778819368446,0.239883291901949
87.51,0.712,28.48,0.586138164514029,0.343557947899875
87.51,0.673,26.92,0.489778819368446,0.239883291901949
87.529,0.621,24.84,0.385478357665772,0.148593564228701
87.547,0.699,27.96,0.552077439280757,0.304789498962798
87.547,0.621,24.84,0.385478357665772,0.148593564228701
87.566,0.466,18.64,0.188799134909629,0.0356451133426244
87.585,0.647,25.88,0.434510224171572,0.188799134909629
87.585,0.518,20.72,0.239883291901949,0.0575439937337157
87.604,0.298,11.92,0.0870963589956081,0.00758577575029184
87.623,0.556,22.24,0.285759054337495,0.0816582371358593
87.623,0.233,9.32,0.0645654229034656,0.00416869383470336
87.641,0.479,19.16,0.200447202736516,0.040179081084894
87.641,0.336,13.44,0.103752841581801,0.0107646521362983
87.662,0.66,26.4,0.461317574560379,0.212813904598271
87.68,0.608,24.32,0.363078054770101,0.131825673855641
87.68,0.349,13.96,0.110153930954142,0.0121338885046498
87.7,0.582,23.28,0.322106879128343,0.103752841581801
87.7,0.22,8.8,0.0608135001278718,0.00369828179780266
87.718,0.556,22.24,0.285759054337495,0.0816582371358593
87.735,0.66,26.4,0.461317574560379,0.212813904598271
87.735,0.531,21.24,0.254683025258504,0.0648634433548238
87.754,0.647,25.88,0.434510224171572,0.188799134909629
87.773,0.699,27.96,0.552077439280757,0.304789498962798
87.773,0.621,24.84,0.385478357665772,0.148593564228701
87.79,0.686,27.44,0.519995996533516,0.270395836410885
87.809,0.699,27.96,0.552077439280757,0.304789498962798
87.809,0.686,27.44,0.519995996533516,0.270395836410885
87.827,0.712,28.48,0.586138164514029,0.343557947899875
87.845,0.712,28.48,0.586138164514029,0.343557947899875
87.845,0.712,28.48,0.586138164514029,0.343557947899875
87.864,0.712,28.48,0.586138164514029,0.343557947899875
87.884,0.673,26.92,0.489778819368446,0.239883291901949
87.884,0.712,28.48,0.586138164514029,0.343557947899875
87.903,0.686,27.44,0.519995996533516,0.270395836410885
87.903,0.621,24.84,0.385478357665772,0.148593564228701
87.921,0.699,27.96,0.552077439280757,0.304789498962798
87.939,0.647,25.88,0.434510224171572,0.188799134909629
87.939,0.505,20.2,0.225943577022098,0.0510504999975407
87.957,0.66,26.4,0.461317574560379,0.212813904598271
87.975,0.544,21.76,0.270395836410884,0.0731139083483418
87.975,0.22,8.8,0.0608135001278718,0.00369828179780266
87.993,0.569,22.76,0.303389118419427,0.0920449571753171
88.014,0.285,11.4,0.0820351544329818,0.00672976656284318
88.014,0.453,18.12,0.177827941003892,0.0316227766016838
88.031,0.375,15,0.124165230759241,0.0154170045294956
88.05,0.375,15,0.124165230759241,0.0154170045294956
88.05,0.595,23.8,0.341979442513709,0.116949939101987
88.067,0.298,11.92,0.0870963589956081,0.00758577575029184
88.085,0.569,22.76,0.303389118419427,0.0920449571753171
88.085,0.181,7.24,0.0508159442560561,0.0025822601906346
88.103,0.531,21.24,0.254683025258504,0.0648634433548238
88.122,0.647,25.88,0.434510224171572,0.188799134909629
88.122,0.505,20.2,0.225943577022098,0.0510504999975407
88.14,0.634,25.36,0.409260659730011,0.167494287602644
88.158,0.686,27.44,0.519995996533516,0.270395836410885
88.158,0.608,24.32,0.363078054770101,0.131825673855641
88.176,0.699,27.96,0.552077439280757,0.304789498962798
88.176,0.725,29,0.622300285169159,0.387257644921617
88.194,0.686,27.44,0.519995996533516,0.270395836410885
88.213,0.712,28.48,0.586138164514029,0.343557947899875
88.213,0.712,28.48,0.586138164514029,0.343557947899875
88.232,0.712,28.48,0.586138164514029,0.343557947899875
88.25,0.725,29,0.622300285169159,0.387257644921617
88.25,0.686,27.44,0.519995996533516,0.270395836410885
88.268,0.712,28.48,0.586138164514029,0.343557947899875
88.286,0.699,27.96,0.552077439280757,0.304789498962798
88.286,0.621,24.84,0.385478357665772,0.148593564228701
88.304,0.699,27.96,0.552077439280757,0.304789498962798
88.324,0.647,25.88,0.434510224171572,0.188799134909629
88.324,0.518,20.72,0.239883291901949,0.0575439937337157
88.342,0.66,26.4,0.461317574560379,0.212813904598271
88.359,0.556,22.24,0.285759054337495,0.0816582371358593
88.359,0.233,9.32,0.0645654229034656,0.00416869383470336
88.376,0.582,23.28,0.322106879128343,0.103752841581801
88.394,0.336,13.44,0.103752841581801,0.0107646521362983
88.394,0.414,16.56,0.148593564228701,0.022080047330189
88.413,0.414,16.56,0.148593564228701,0.022080047330189
88.431,0.362,14.48,0.116949939101987,0.0136772882559585
88.431,0.595,23.8,0.341979442513709,0.116949939101987
88.449,0.272,10.88,0.0772680585095703,0.00597035286583838
88.467,0.556,22.24,0.285759054337495,0.0816582371358593
88.467,0.233,9.32,0.0645654229034656,0.00416869383470336
88.485,0.518,20.72,0.239883291901949,0.0575439937337157
88.503,0.647,25.88,0.434510224171572,0.188799134909629
88.503,0.479,19.16,0.200447202736516,0.040179081084894
88.521,0.634,25.36,0.409260659730011,0.167494287602644
88.54,0.686,27.44,0.519995996533516,0.270395836410885
88.54,0.621,24.84,0.385478357665772,0.148593564228701
88.559,0.686,27.44,0.519995996533516,0.270395836410885
88.559,0.712,28.48,0.586138164514029,0.343557947899875
88.576,0.673,26.92,0.489778819368446,0.239883291901949
88.595,0.712,28.48,0.586138164514029,0.343557947899875
88.595,0.712,28.48,0.586138164514029,0.343557947899875
88.612,0.699,27.96,0.552077439280757,0.304789498962798
88.63,0.712,28.48,0.586138164514029,0.343557947899875
88.63,0.699,27.96,0.552077439280757,0.304789498962798
88.648,0.712,28.48,0.586138164514029,0.343557947899875
88.666,0.699,27.96,0.552077439280757,0.304789498962798
88.666,0.634,25.36,0.409260659730011,0.167494287602644
88.685,0.699,27.96,0.552077439280757,0.304789498962798
88.703,0.647,25.88,0.434510224171572,0.188799134909629
88.703,0.544,21.76,0.270395836410884,0.0731139083483418
88.722,0.673,26.92,0.489778819368446,0.239883291901949
88.741,0.569,22.76,0.303389118419427,0.0920449571753171
88.741,0.285,11.4,0.0820351544329818,0.00672976656284318
88.759,0.595,23.8,0.341979442513709,0.116949939101987
88.759,0.401,16.04,0.139958732257262,0.0195884467350599
88.778,0.375,15,0.124165230759241,0.0154170045294956
88.798,0.453,18.12,0.177827941003892,0.0316227766016838
88.798,0.285,11.4,0.0820351544329818,0.00672976656284318
88.815,0.569,22.76,0.303389118419427,0.0920449571753171
88.834,0.168,6.72,0.0478630092322639,0.00229086765276777
88.834,0.531,21.24,0.254683025258504,0.0648634433548238
88.852,0.673,26.92,0.489778819368446,0.239883291901949
88.87,0.492,19.68,0.212813904598271,0.0452897579903621
88.87,0.647,25.88,0.434510224171572,0.188799134909629
88.887,0.453,18.12,0.177827941003892,0.0316227766016838
88.907,0.621,24.84,0.385478357665772,0.148593564228701
88.907,0.686,27.44,0.519995996533516,0.270395836410885
88.925,0.595,23.8,0.341979442513709,0.116949939101987
88.944,0.673,26.92,0.489778819368446,0.239883291901949
88.944,0.712,28.48,0.586138164514029,0.343557947899875
88.961,0.673,26.92,0.489778819368446,0.239883291901949
88.979,0.712,28.48,0.586138164514029,0.343557947899875
88.979,0.712,28.48,0.586138164514029,0.343557947899875
88.998,0.699,27.96,0.552077439280757,0.304789498962798
88.998,0.712,28.48,0.586138164514029,0.343557947899875
89.016,0.699,27.96,0.552077439280757,0.304789498962798
89.034,0.712,28.48,0.586138164514029,0.343557947899875
89.034,0.699,27.96,0.552077439280757,0.304789498962798
89.052,0.647,25.88,0.434510224171572,0.188799134909629
89.07,0.712,28.48,0.586138164514029,0.343557947899875
89.07,0.66,26.4,0.461317574560379,0.212813904598271
89.089,0.556,22.24,0.285759054337495,0.0816582371358593
89.108,0.673,26.92,0.489778819368446,0.239883291901949
89.108,0.569,22.76,0.303389118419427,0.0920449571753171
89.125,0.336,13.44,0.103752841581801,0.0107646521362983
89.146,0.608,24.32,0.363078054770101,0.131825673855641
89.146,0.388,15.52,0.131825673855641,0.0173780082874938
89.164,0.362,14.48,0.116949939101987,0.0136772882559585
89.184,0.466,18.64,0.188799134909629,0.0356451133426244
89.184,0.246,9.84,0.0685488226452662,0.00469894108605216
89.202,0.556,22.24,0.285759054337495,0.0816582371358593
89.202,0.129,5.16,0.0399944749761098,0.00159955802861467
89.221,0.505,20.2,0.225943577022098,0.0510504999975407
89.24,0.647,25.88,0.434510224171572,0.188799134909629
89.241,0.479,19.16,0.200447202736516,0.040179081084894
89.26,0.621,24.84,0.385478357665772,0.148593564228701
89.26,0.427,17.08,0.157761126969935,0.0248885731828239
89.279,0.608,24.32,0.363078054770101,0.131825673855641
89.3,0.673,26.92,0.489778819368446,0.239883291901949
89.3,0.595,23.8,0.341979442513709,0.116949939101987
89.318,0.673,26.92,0.489778819368446,0.239883291901949
89.337,0.712,28.48,0.586138164514029,0.343557947899875
89.337,0.66,26.4,0.461317574560379,0.212813904598271
89.354,0.699,27.96,0.552077439280757,0.304789498962798
89.372,0.712,28.48,0.586138164514029,0.343557947899875
89.372,0.699,27.96,0.552077439280757,0.304789498962798
89.391,0.712,28.48,0.586138164514029,0.343557947899875
89.391,0.699,27.96,0.552077439280757,0.304789498962798
89.408,0.699,27.96,0.552077439280757,0.304789498962798
89.427,0.712,28.48,0.586138164514029,0.343557947899875
89.427,0.66,26.4,0.461317574560379,0.212813904598271
89.445,0.699,27.96,0.552077439280757,0.304789498962798
89.463,0.673,26.92,0.489778819368446,0.239883291901949
89.463,0.569,22.76,0.303389118419427,0.0920449571753171
89.481,0.673,26.92,0.489778819368446,0.239883291901949
89.5,0.595,23.8,0.341979442513709,0.116949939101987
89.5,0.388,15.52,0.131825673855641,0.0173780082874938
89.518,0.608,24.32,0.363078054770101,0.131825673855641
89.536,0.453,18.12,0.177827941003892,0.0316227766016838
89.536,0.285,11.4,0.0820351544329818,0.00672976656284318
89.555,0.492,19.68,0.212813904598271,0.0452897579903621
89.576,0.194,7.76,0.0539510622515128,0.00291071711806661
89.576,0.544,21.76,0.270395836410884,0.0731139083483418
89.595,0.181,7.24,0.0508159442560561,0.0025822601906346
89.595,0.492,19.68,0.212813904598271,0.0452897579903621
89.614,0.647,25.88,0.434510224171572,0.188799134909629
89.633,0.453,18.12,0.177827941003892,0.0316227766016838
89.633,0.608,24.32,0.363078054770101,0.131825673855641
89.652,0.388,15.52,0.131825673855641,0.0173780082874938
89.652,0.582,23.28,0.322106879128343,0.103752841581801
89.672,0.673,26.92,0.489778819368446,0.239883291901949
89.692,0.569,22.76,0.303389118419427,0.0920449571753171
89.692,0.66,26.4,0.461317574560379,0.212813904598271
89.71,0.712,28.48,0.586138164514029,0.343557947899875
89.728,0.647,25.88,0.434510224171572,0.188799134909629
89.728,0.699,27.96,0.552077439280757,0.304789498962798
89.748,0.712,28.48,0.586138164514029,0.343557947899875
89.765,0.699,27.96,0.552077439280757,0.304789498962798
89.765,0.712,28.48,0.586138164514029,0.343557947899875
89.784,0.699,27.96,0.552077439280757,0.304789498962798
89.784,0.725,29,0.622300285169159,0.387257644921617
89.802,0.699,27.96,0.552077439280757,0.304789498962798
89.821,0.66,26.4,0.461317574560379,0.212813904598271
89.821,0.712,28.48,0.586138164514029,0.343557947899875
89.84,0.673,26.92,0.489778819368446,0.239883291901949
89.859,0.569,22.76,0.303389118419427,0.0920449571753171
89.859,0.686,27.44,0.519995996533516,0.270395836410885
89.877,0.595,23.8,0.341979442513709,0.116949939101987
89.894,0.401,16.04,0.139958732257262,0.0195884467350599
89.894,0.621,24.84,0.385478357665772,0.148593564228701
89.914,0.531,21.24,0.254683025258504,0.0648634433548238
89.934,0.22,8.8,0.0608135001278718,0.00369828179780266
89.934,0.505,20.2,0.225943577022098,0.0510504999975407
89.952,0.168,6.72,0.0478630092322639,0.00229086765276777
89.952,0.505,20.2,0.225943577022098,0.0510504999975407
89.971,0.233,9.32,0.0645654229034656,0.00416869383470336
89.99,0.466,18.64,0.188799134909629,0.0356451133426244
89.99,0.621,24.84,0.385478357665772,0.148593564228701
90.008,0.414,16.56,0.148593564228701,0.022080047330189
90.028,0.608,24.32,0.363078054770101,0.131825673855641
90.028,0.336,13.44,0.103752841581801,0.0107646521362983
90.047,0.569,22.76,0.303389118419427,0.0920449571753171
90.047,0.673,26.92,0.489778819368446,0.239883291901949
90.065,0.556,22.24,0.285759054337495,0.0816582371358593
90.084,0.66,26.4,0.461317574560379,0.212813904598271
90.084,0.712,28.48,0.586138164514029,0.343557947899875
90.102,0.647,25.88,0.434510224171572,0.188799134909629
90.121,0.699,27.96,0.552077439280757,0.304789498962798
90.121,0.712,28.48,0.586138164514029,0.343557947899875
90.14,0.686,27.44,0.519995996533516,0.270395836410885
90.16,0.725,29,0.622300285169159,0.387257644921617
90.16,0.699,27.96,0.552077439280757,0.304789498962798
90.178,0.712,28.48,0.586138164514029,0.343557947899875
90.178,0.712,28.48,0.586138164514029,0.343557947899875
90.196,0.673,26.92,0.489778819368446,0.239883291901949
90.214,0.712,28.48,0.586138164514029,0.343557947899875
90.214,0.686,27.44,0.519995996533516,0.270395836410885
90.233,0.595,23.8,0.341979442513709,0.116949939101987
90.25,0.686,27.44,0.519995996533516,0.270395836410885
90.25,0.621,24.84,0.385478357665772,0.148593564228701
90.27,0.453,18.12,0.177827941003892,0.0316227766016838
90.288,0.634,25.36,0.409260659730011,0.167494287602644
90.288,0.505,20.2,0.225943577022098,0.0510504999975407
90.307,0.22,8.8,0.0608135001278718,0.00369828179780266
90.325,0.544,21.76,0.270395836410884,0.0731139083483418
90.325,0.194,7.76,0.0539510622515128,0.00291071711806661
90.344,0.518,20.72,0.239883291901949,0.0575439937337157
90.344,0.272,10.88,0.0772680585095703,0.00597035286583838
90.361,0.466,18.64,0.188799134909629,0.0356451133426244
90.38,0.621,24.84,0.385478357665772,0.148593564228701
90.381,0.401,16.04,0.139958732257262,0.0195884467350599
90.399,0.595,23.8,0.341979442513709,0.116949939101987
90.418,0.298,11.92,0.0870963589956081,0.00758577575029184
90.418,0.569,22.76,0.303389118419427,0.0920449571753171
90.437,0.673,26.92,0.489778819368446,0.239883291901949
90.455,0.544,21.76,0.270395836410884,0.0731139083483418
90.455,0.66,26.4,0.461317574560379,0.212813904598271
90.474,0.686,27.44,0.519995996533516,0.270395836410885
90.474,0.634,25.36,0.409260659730011,0.167494287602644
90.493,0.686,27.44,0.519995996533516,0.270395836410885
90.511,0.712,28.48,0.586138164514029,0.343557947899875
90.511,0.686,27.44,0.519995996533516,0.270395836410885
90.531,0.725,29,0.622300285169159,0.387257644921617
90.55,0.699,27.96,0.552077439280757,0.304789498962798
90.55,0.699,27.96,0.552077439280757,0.304789498962798
90.568,0.699,27.96,0.552077439280757,0.304789498962798
90.587,0.673,26.92,0.489778819368446,0.239883291901949
90.587,0.738,29.52,0.660693448007596,0.436515832240166
90.605,0.686,27.44,0.519995996533516,0.270395836410885
90.623,0.608,24.32,0.363078054770101,0.131825673855641
90.623,0.686,27.44,0.519995996533516,0.270395836410885
90.642,0.621,24.84,0.385478357665772,0.148593564228701
90.642,0.466,18.64,0.188799134909629,0.0356451133426244
90.659,0.647,25.88,0.434510224171572,0.188799134909629
90.677,0.518,20.72,0.239883291901949,0.0575439937337157
90.677,0.168,6.72,0.0478630092322639,0.00229086765276777
90.695,0.544,21.76,0.270395836410884,0.0731139083483418
90.714,0.233,9.32,0.0645654229034656,0.00416869383470336
90.714,0.479,19.16,0.200447202736516,0.040179081084894
90.733,0.336,13.44,0.103752841581801,0.0107646521362983
90.752,0.414,16.56,0.148593564228701,0.022080047330189
90.752,0.608,24.32,0.363078054770101,0.131825673855641
90.769,0.336,13.44,0.103752841581801,0.0107646521362983
90.787,0.582,23.28,0.322106879128343,0.103752841581801
90.787,0.259,10.36,0.0727779804536824,0.00529663443891658
90.804,0.556,22.24,0.285759054337495,0.0816582371358593
90.824,0.66,26.4,0.461317574560379,0.212813904598271
90.824,0.518,20.72,0.239883291901949,0.0575439937337157
90.844,0.647,25.88,0.434510224171572,0.188799134909629
90.844,0.699,27.96,0.552077439280757,0.304789498962798
90.862,0.634,25.36,0.409260659730011,0.167494287602644
90.882,0.686,27.44,0.519995996533516,0.270395836410885
90.882,0.712,28.48,0.586138164514029,0.343557947899875
90.9,0.686,27.44,0.519995996533516,0.270395836410885
90.92,0.725,29,0.622300285169159,0.387257644921617
90.92,0.712,28.48,0.586138164514029,0.343557947899875
90.939,0.712,28.48,0.586138164514029,0.343557947899875
90.957,0.712,28.48,0.586138164514029,0.343557947899875
90.957,0.673,26.92,0.489778819368446,0.239883291901949
90.975,0.673,26.92,0.489778819368446,0.239883291901949
90.976,0.686,27.44,0.519995996533516,0.270395836410885
90.993,0.608,24.32,0.363078054770101,0.131825673855641
91.011,0.686,27.44,0.519995996533516,0.270395836410885
91.011,0.634,25.36,0.409260659730011,0.167494287602644
91.03,0.505,20.2,0.225943577022098,0.0510504999975407
91.047,0.66,26.4,0.461317574560379,0.212813904598271
91.048,0.544,21.76,0.270395836410884,0.0731139083483418
91.065,0.155,6.2,0.045081670454146,0.00203235701093622
91.085,0.569,22.76,0.303389118419427,0.0920449571753171
91.085,0.272,10.88,0.0772680585095703,0.00597035286583838
91.103,0.453,18.12,0.177827941003892,0.0316227766016838
91.121,0.375,15,0.124165230759241,0.0154170045294956
91.121,0.466,18.64,0.188799134909629,0.0356451133426244
91.14,0.595,23.8,0.341979442513709,0.116949939101987
91.16,0.298,11.92,0.0870963589956081,0.00758577575029184
91.16,0.569,22.76,0.303389118419427,0.0920449571753171
91.178,0.168,6.72,0.0478630092322639,0.00229086765276777
91.178,0.544,21.76,0.270395836410884,0.0731139083483418
91.196,0.66,26.4,0.461317574560379,0.212813904598271
91.214,0.505,20.2,0.225943577022098,0.0510504999975407
91.214,0.634,25.36,0.409260659730011,0.167494287602644
91.233,0.699,27.96,0.552077439280757,0.304789498962798
91.251,0.608,24.32,0.363078054770101,0.131825673855641
91.251,0.699,27.96,0.552077439280757,0.304789498962798
91.269,0.712,28.48,0.586138164514029,0.343557947899875
91.287,0.673,26.92,0.489778819368446,0.239883291901949
91.287,0.712,28.48,0.586138164514029,0.343557947899875
91.305,0.712,28.48,0.586138164514029,0.343557947899875
91.324,0.712,28.48,0.586138164514029,0.343557947899875
91.324,0.712,28.48,0.586138164514029,0.343557947899875
91.342,0.673,26.92,0.489778819368446,0.239883291901949
91.36,0.712,28.48,0.586138164514029,0.343557947899875
91.36,0.699,27.96,0.552077439280757,0.304789498962798
91.378,0.621,24.84,0.385478357665772,0.148593564228701
91.396,0.699,27.96,0.552077439280757,0.304789498962798
91.396,0.66,26.4,0.461317574560379,0.212813904598271
91.414,0.531,21.24,0.254683025258504,0.0648634433548238
91.433,0.66,26.4,0.461317574560379,0.212813904598271
91.433,0.582,23.28,0.322106879128343,0.103752841581801
91.451,0.336,13.44,0.103752841581801,0.0107646521362983
91.451,0.582,23.28,0.322106879128343,0.103752841581801
91.47,0.349,13.96,0.110153930954142,0.0121338885046498
91.488,0.466,18.64,0.188799134909629,0.0356451133426244
91.488,0.44,17.6,0.167494287602644,0.0280543363795171
91.506,0.336,13.44,0.103752841581801,0.0107646521362983
91.524,0.608,24.32,0.363078054770101,0.131825673855641
91.524,0.246,9.84,0.0685488226452662,0.00469894108605216
91.542,0.556,22.24,0.285759054337495,0.0816582371358593
91.561,0.168,6.72,0.0478630092322639,0.00229086765276777
91.561,0.518,20.72,0.239883291901949,0.0575439937337157
91.578,0.647,25.88,0.434510224171572,0.188799134909629
91.596,0.479,19.16,0.200447202736516,0.040179081084894
91.596,0.621,24.84,0.385478357665772,0.148593564228701
91.616,0.699,27.96,0.552077439280757,0.304789498962798
91.633,0.608,24.32,0.363078054770101,0.131825673855641
91.633,0.686,27.44,0.519995996533516,0.270395836410885
91.652,0.712,28.48,0.586138164514029,0.343557947899875
91.672,0.673,26.92,0.489778819368446,0.239883291901949
91.672,0.712,28.48,0.586138164514029,0.343557947899875
91.689,0.712,28.48,0.586138164514029,0.343557947899875
91.689,0.712,28.48,0.586138164514029,0.343557947899875
91.708,0.712,28.48,0.586138164514029,0.343557947899875
91.727,0.686,27.44,0.519995996533516,0.270395836410885
91.727,0.712,28.48,0.586138164514029,0.343557947899875
91.745,0.699,27.96,0.552077439280757,0.304789498962798
91.764,0.634,25.36,0.409260659730011,0.167494287602644
91.764,0.699,27.96,0.552077439280757,0.304789498962798
91.781,0.647,25.88,0.434510224171572,0.188799134909629
91.8,0.544,21.76,0.270395836410884,0.0731139083483418
91.8,0.673,26.92,0.489778819368446,0.239883291901949
91.818,0.556,22.24,0.285759054337495,0.0816582371358593
91.836,0.272,10.88,0.0772680585095703,0.00597035286583838
91.836,0.582,23.28,0.322106879128343,0.103752841581801
91.855,0.375,15,0.124165230759241,0.0154170045294956
91.874,0.375,15,0.124165230759241,0.0154170045294956
91.874,0.44,17.6,0.167494287602644,0.0280543363795171
91.894,0.285,11.4,0.0820351544329818,0.00672976656284318
91.894,0.569,22.76,0.303389118419427,0.0920449571753171
91.912,0.168,6.72,0.0478630092322639,0.00229086765276777
91.931,0.531,21.24,0.254683025258504,0.0648634433548238
91.931,0.647,25.88,0.434510224171572,0.188799134909629
91.95,0.505,20.2,0.225943577022098,0.0510504999975407
91.97,0.634,25.36,0.409260659730011,0.167494287602644
91.97,0.466,18.64,0.188799134909629,0.0356451133426244
91.987,0.621,24.84,0.385478357665772,0.148593564228701
91.987,0.686,27.44,0.519995996533516,0.270395836410885
92.005,0.595,23.8,0.341979442513709,0.116949939101987
92.022,0.673,26.92,0.489778819368446,0.239883291901949
92.022,0.712,28.48,0.586138164514029,0.343557947899875
92.041,0.66,26.4,0.461317574560379,0.212813904598271
92.059,0.712,28.48,0.586138164514029,0.343557947899875
92.059,0.712,28.48,0.586138164514029,0.343557947899875
92.077,0.699,27.96,0.552077439280757,0.304789498962798
92.095,0.712,28.48,0.586138164514029,0.343557947899875
92.095,0.699,27.96,0.552077439280757,0.304789498962798
92.113,0.725,29,0.622300285169159,0.387257644921617
92.131,0.699,27.96,0.552077439280757,0.304789498962798
92.131,0.647,25.88,0.434510224171572,0.188799134909629
92.15,0.699,27.96,0.552077439280757,0.304789498962798
92.167,0.673,26.92,0.489778819368446,0.239883291901949
92.167,0.556,22.24,0.285759054337495,0.0816582371358593
92.186,0.673,26.92,0.489778819368446,0.239883291901949
92.203,0.595,23.8,0.341979442513709,0.116949939101987
92.203,0.362,14.48,0.116949939101987,0.0136772882559585
92.222,0.608,24.32,0.363078054770101,0.131825673855641
92.24,0.427,17.08,0.157761126969935,0.0248885731828239
92.24,0.349,13.96,0.110153930954142,0.0121338885046498
92.259,0.479,19.16,0.200447202736516,0.040179081084894
92.278,0.233,9.32,0.0645654229034656,0.00416869383470336
92.278,0.556,22.24,0.285759054337495,0.0816582371358593
92.295,0.181,7.24,0.0508159442560561,0.0025822601906346
92.315,0.518,20.72,0.239883291901949,0.0575439937337157
92.315,0.647,25.88,0.434510224171572,0.188799134909629
92.333,0.466,18.64,0.188799134909629,0.0356451133426244
92.333,0.634,25.36,0.409260659730011,0.167494287602644
92.352,0.414,16.56,0.148593564228701,0.022080047330189
92.372,0.608,24.32,0.363078054770101,0.131825673855641
92.372,0.686,27.44,0.519995996533516,0.270395836410885
92.39,0.582,23.28,0.322106879128343,0.103752841581801
92.408,0.673,26.92,0.489778819368446,0.239883291901949
92.408,0.712,28.48,0.586138164514029,0.343557947899875
92.425,0.66,26.4,0.461317574560379,0.212813904598271
92.443,0.712,28.48,0.586138164514029,0.343557947899875
92.443,0.712,28.48,0.586138164514029,0.343557947899875
92.462,0.712,28.48,0.586138164514029,0.343557947899875
92.48,0.725,29,0.622300285169159,0.387257644921617
92.48,0.699,27.96,0.552077439280757,0.304789498962798
92.499,0.712,28.48,0.586138164514029,0.343557947899875
92.516,0.699,27.96,0.552077439280757,0.304789498962798
92.516,0.66,26.4,0.461317574560379,0.212813904598271
92.535,0.712,28.48,0.586138164514029,0.343557947899875
92.535,0.673,26.92,0.489778819368446,0.239883291901949
92.552,0.569,22.76,0.303389118419427,0.0920449571753171
92.571,0.673,26.92,0.489778819368446,0.239883291901949
92.571,0.595,23.8,0.341979442513709,0.116949939101987
92.589,0.388,15.52,0.131825673855641,0.0173780082874938
92.608,0.621,24.84,0.385478357665772,0.148593564228701
92.608,0.453,18.12,0.177827941003892,0.0316227766016838
92.625,0.272,10.88,0.0772680585095703,0.00597035286583838
92.644,0.492,19.68,0.212813904598271,0.0452897579903621
92.644,0.155,6.2,0.045081670454146,0.00203235701093622
92.662,0.531,21.24,0.254683025258504,0.0648634433548238
92.681,0.194,7.76,0.0539510622515128,0.00291071711806661
92.682,0.505,20.2,0.225943577022098,0.0510504999975407
92.699,0.634,25.36,0.409260659730011,0.167494287602644
92.718,0.453,18.12,0.177827941003892,0.0316227766016838
92.718,0.621,24.84,0.385478357665772,0.148593564228701
92.736,0.388,15.52,0.131825673855641,0.0173780082874938
92.755,0.595,23.8,0.341979442513709,0.116949939101987
92.755,0.673,26.92,0.489778819368446,0.239883291901949
92.775,0.582,23.28,0.322106879128343,0.103752841581801
92.775,0.673,26.92,0.489778819368446,0.239883291901949
92.796,0.712,28.48,0.586138164514029,0.343557947899875
92.819,0.647,25.88,0.434510224171572,0.188799134909629
92.819,0.699,27.96,0.552077439280757,0.304789498962798
92.838,0.699,27.96,0.552077439280757,0.304789498962798
92.838,0.686,27.44,0.519995996533516,0.270395836410885
92.857,0.712,28.48,0.586138164514029,0.343557947899875
92.857,0.699,27.96,0.552077439280757,0.304789498962798
92.877,0.712,28.48,0.586138164514029,0.343557947899875
92.894,0.699,27.96,0.552077439280757,0.304789498962798
92.894,0.673,26.92,0.489778819368446,0.239883291901949
92.914,0.712,28.48,0.586138164514029,0.343557947899875
92.932,0.673,26.92,0.489778819368446,0.239883291901949
92.932,0.582,23.28,0.322106879128343,0.103752841581801
92.95,0.686,27.44,0.519995996533516,0.270395836410885
92.968,0.608,24.32,0.363078054770101,0.131825673855641
92.968,0.427,17.08,0.157761126969935,0.0248885731828239
92.987,0.621,24.84,0.385478357665772,0.148593564228701
93.007,0.479,19.16,0.200447202736516,0.040179081084894
93.007,0.246,9.84,0.0685488226452662,0.00469894108605216
93.027,0.518,20.72,0.239883291901949,0.0575439937337157
93.027,0.207,8.28,0.057279603098583,0.00328095293113119
93.045,0.531,21.24,0.254683025258504,0.0648634433548238
93.063,0.233,9.32,0.0645654229034656,0.00416869383470336
93.063,0.479,19.16,0.200447202736516,0.040179081084894
93.082,0.621,24.84,0.385478357665772,0.148593564228701
93.1,0.414,16.56,0.148593564228701,0.022080047330189
93.1,0.608,24.32,0.363078054770101,0.131825673855641
93.121,0.336,13.44,0.103752841581801,0.0107646521362983
93.121,0.582,23.28,0.322106879128343,0.103752841581801
93.139,0.673,26.92,0.489778819368446,0.239883291901949
93.158,0.556,22.24,0.285759054337495,0.0816582371358593
93.158,0.66,26.4,0.461317574560379,0.212813904598271
93.177,0.699,27.96,0.552077439280757,0.304789498962798
93.195,0.634,25.36,0.409260659730011,0.167494287602644
93.195,0.699,27.96,0.552077439280757,0.304789498962798
93.213,0.725,29,0.622300285169159,0.387257644921617
93.231,0.699,27.96,0.552077439280757,0.304789498962798
93.231,0.712,28.48,0.586138164514029,0.343557947899875
93.249,0.699,27.96,0.552077439280757,0.304789498962798
93.266,0.712,28.48,0.586138164514029,0.343557947899875
93.266,0.712,28.48,0.586138164514029,0.343557947899875
93.285,0.673,26.92,0.489778819368446,0.239883291901949
93.285,0.712,28.48,0.586138164514029,0.343557947899875
93.302,0.673,26.92,0.489778819368446,0.239883291901949
93.32,0.595,23.8,0.341979442513709,0.116949939101987
93.339,0.699,27.96,0.552077439280757,0.304789498962798
93.339,0.621,24.84,0.385478357665772,0.148593564228701
93.359,0.466,18.64,0.188799134909629,0.0356451133426244
93.359,0.634,25.36,0.409260659730011,0.167494287602644
93.377,0.505,20.2,0.225943577022098,0.0510504999975407
93.396,0.324,12.96,0.0981747943019985,0.00963829023623972
93.396,0.544,21.76,0.270395836410884,0.0731139083483418
93.415,0.181,7.24,0.0508159442560561,0.0025822601906346
93.433,0.492,19.68,0.212813904598271,0.0452897579903621
93.433,0.285,11.4,0.0820351544329818,0.00672976656284318
93.452,0.44,17.6,0.167494287602644,0.0280543363795171
93.452,0.621,24.84,0.385478357665772,0.148593564228701
93.47,0.375,15,0.124165230759241,0.0154170045294956
93.488,0.595,23.8,0.341979442513709,0.116949939101987
93.488,0.298,11.92,0.0870963589956081,0.00758577575029184
93.506,0.569,22.76,0.303389118419427,0.0920449571753171
93.524,0.66,26.4,0.461317574560379,0.212813904598271
93.524,0.544,21.76,0.270395836410884,0.0731139083483418
93.543,0.66,26.4,0.461317574560379,0.212813904598271
93.571,0.699,27.96,0.552077439280757,0.304789498962798
93.571,0.647,25.88,0.434510224171572,0.188799134909629
93.571,0.699,27.96,0.552077439280757,0.304789498962798
93.592,0.712,28.48,0.586138164514029,0.343557947899875
93.614,0.699,27.96,0.552077439280757,0.304789498962798
93.614,0.712,28.48,0.586138164514029,0.343557947899875
93.637,0.699,27.96,0.552077439280757,0.304789498962798
93.637,0.712,28.48,0.586138164514029,0.343557947899875
93.658,0.699,27.96,0.552077439280757,0.304789498962798
93.658,0.673,26.92,0.489778819368446,0.239883291901949
93.679,0.712,28.48,0.586138164514029,0.343557947899875
93.679,0.686,27.44,0.519995996533516,0.270395836410885
93.699,0.608,24.32,0.363078054770101,0.131825673855641
93.717,0.699,27.96,0.552077439280757,0.304789498962798
93.717,0.634,25.36,0.409260659730011,0.167494287602644
93.737,0.466,18.64,0.188799134909629,0.0356451133426244
93.737,0.647,25.88,0.434510224171572,0.188799134909629
93.758,0.518,20.72,0.239883291901949,0.0575439937337157
93.776,0.142,5.68,0.0424619563946313,0.00180301774085957
93.776,0.556,22.24,0.285759054337495,0.0816582371358593
93.797,0.246,9.84,0.0685488226452662,0.00469894108605216
93.818,0.479,19.16,0.200447202736516,0.040179081084894
93.818,0.336,13.44,0.103752841581801,0.0107646521362983
93.846,0.414,16.56,0.148593564228701,0.022080047330189
93.846,0.608,24.32,0.363078054770101,0.131825673855641
93.846,0.324,12.96,0.0981747943019985,0.00963829023623972
93.87,0.582,23.28,0.322106879128343,0.103752841581801
93.87,0.207,8.28,0.057279603098583,0.00328095293113119
93.894,0.699,27.96,0.552077439280757,0.304789498962798
93.894,0.66,26.4,0.461317574560379,0.212813904598271
93.917,0.518,20.72,0.239883291901949,0.0575439937337157
93.917,0.647,25.88,0.434510224171572,0.188799134909629
93.94,0.699,27.96,0.552077439280757,0.304789498962798
93.94,0.634,25.36,0.409260659730011,0.167494287602644
93.968,0.686,27.44,0.519995996533516,0.270395836410885
93.968,0.725,29,0.622300285169159,0.387257644921617
93.992,0.686,27.44,0.519995996533516,0.270395836410885
93.992,0.712,28.48,0.586138164514029,0.343557947899875
94.012,0.712,28.48,0.586138164514029,0.343557947899875
94.012,0.712,28.48,0.586138164514029,0.343557947899875
94.031,0.712,28.48,0.586138164514029,0.343557947899875
94.051,0.686,27.44,0.519995996533516,0.270395836410885
94.051,0.712,28.48,0.586138164514029,0.343557947899875
94.071,0.686,27.44,0.519995996533516,0.270395836410885
94.071,0.621,24.84,0.385478357665772,0.148593564228701
94.094,0.686,27.44,0.519995996533516,0.270395836410885
94.115,0.647,25.88,0.434510224171572,0.188799134909629
94.116,0.518,20.72,0.239883291901949,0.0575439937337157
94.134,0.66,26.4,0.461317574560379,0.212813904598271
94.135,0.544,21.76,0.270395836410884,0.0731139083483418
94.156,0.194,7.76,0.0539510622515128,0.00291071711806661
94.156,0.582,23.28,0.322106879128343,0.103752841581801
94.177,0.324,12.96,0.0981747943019985,0.00963829023623972
94.198,0.44,17.6,0.167494287602644,0.0280543363795171
94.199,0.582,23.28,0.322106879128343,0.103752841581801
94.22,0.375,15,0.124165230759241,0.0154170045294956
94.22,0.595,23.8,0.341979442513709,0.116949939101987
94.239,0.272,10.88,0.0772680585095703,0.00597035286583838
94.239,0.569,22.76,0.303389118419427,0.0920449571753171
94.258,0.142,5.68,0.0424619563946313,0.00180301774085957
94.277,0.544,21.76,0.270395836410884,0.0731139083483418
94.277,0.647,25.88,0.434510224171572,0.188799134909629
94.296,0.492,19.68,0.212813904598271,0.0452897579903621
94.316,0.634,25.36,0.409260659730011,0.167494287602644
94.316,0.686,27.44,0.519995996533516,0.270395836410885
94.336,0.621,24.84,0.385478357665772,0.148593564228701
94.336,0.686,27.44,0.519995996533516,0.270395836410885
94.357,0.712,28.48,0.586138164514029,0.343557947899875
94.377,0.673,26.92,0.489778819368446,0.239883291901949
94.377,0.712,28.48,0.586138164514029,0.343557947899875
94.397,0.712,28.48,0.586138164514029,0.343557947899875
94.397,0.712,28.48,0.586138164514029,0.343557947899875
94.416,0.712,28.48,0.586138164514029,0.343557947899875
94.436,0.686,27.44,0.519995996533516,0.270395836410885
94.436,0.712,28.48,0.586138164514029,0.343557947899875
94.454,0.686,27.44,0.519995996533516,0.270395836410885
94.454,0.634,25.36,0.409260659730011,0.167494287602644
94.474,0.699,27.96,0.552077439280757,0.304789498962798
94.494,0.647,25.88,0.434510224171572,0.188799134909629
94.494,0.518,20.72,0.239883291901949,0.0575439937337157
94.515,0.66,26.4,0.461317574560379,0.212813904598271
94.515,0.544,21.76,0.270395836410884,0.0731139083483418
94.534,0.233,9.32,0.0645654229034656,0.00416869383470336
94.553,0.582,23.28,0.322106879128343,0.103752841581801
94.553,0.336,13.44,0.103752841581801,0.0107646521362983
94.572,0.414,16.56,0.148593564228701,0.022080047330189
94.573,0.414,16.56,0.148593564228701,0.022080047330189
94.591,0.336,13.44,0.103752841581801,0.0107646521362983
94.61,0.569,22.76,0.303389118419427,0.0920449571753171
94.61,0.207,8.28,0.057279603098583,0.00328095293113119
94.629,0.544,21.76,0.270395836410884,0.0731139083483418
94.647,0.181,7.24,0.0508159442560561,0.0025822601906346
94.647,0.518,20.72,0.239883291901949,0.0575439937337157
94.665,0.647,25.88,0.434510224171572,0.188799134909629
94.684,0.479,19.16,0.200447202736516,0.040179081084894
94.684,0.621,24.84,0.385478357665772,0.148593564228701
94.703,0.699,27.96,0.552077439280757,0.304789498962798
94.703,0.608,24.32,0.363078054770101,0.131825673855641
94.722,0.673,26.92,0.489778819368446,0.239883291901949
94.74,0.725,29,0.622300285169159,0.387257644921617
94.741,0.673,26.92,0.489778819368446,0.239883291901949
94.76,0.699,27.96,0.552077439280757,0.304789498962798
94.78,0.712,28.48,0.586138164514029,0.343557947899875
94.78,0.712,28.48,0.586138164514029,0.343557947899875
94.8,0.712,28.48,0.586138164514029,0.343557947899875
94.8,0.699,27.96,0.552077439280757,0.304789498962798
94.821,0.712,28.48,0.586138164514029,0.343557947899875
94.841,0.699,27.96,0.552077439280757,0.304789498962798
94.841,0.634,25.36,0.409260659730011,0.167494287602644
94.861,0.712,28.48,0.586138164514029,0.343557947899875
94.861,0.66,26.4,0.461317574560379,0.212813904598271
94.881,0.544,21.76,0.270395836410884,0.0731139083483418
94.901,0.66,26.4,0.461317574560379,0.212813904598271
94.901,0.582,23.28,0.322106879128343,0.103752841581801
94.92,0.556,22.24,0.285759054337495,0.0816582371358593
94.92,0.608,24.32,0.363078054770101,0.131825673855641
94.939,0.401,16.04,0.139958732257262,0.0195884467350599
94.957,0.388,15.52,0.131825673855641,0.0173780082874938
94.957,0.453,18.12,0.177827941003892,0.0316227766016838
94.978,0.272,10.88,0.0772680585095703,0.00597035286583838
94.978,0.569,22.76,0.303389118419427,0.0920449571753171
94.999,0.155,6.2,0.045081670454146,0.00203235701093622
95.017,0.531,21.24,0.254683025258504,0.0648634433548238
95.017,0.66,26.4,0.461317574560379,0.212813904598271
95.036,0.492,19.68,0.212813904598271,0.0452897579903621
95.036,0.634,25.36,0.409260659730011,0.167494287602644
95.057,0.44,17.6,0.167494287602644,0.0280543363795171
95.076,0.608,24.32,0.363078054770101,0.131825673855641
95.076,0.699,27.96,0.552077439280757,0.304789498962798
95.095,0.595,23.8,0.341979442513709,0.116949939101987
95.113,0.686,27.44,0.519995996533516,0.270395836410885
95.113,0.725,29,0.622300285169159,0.387257644921617
95.133,0.673,26.92,0.489778819368446,0.239883291901949
95.133,0.712,28.48,0.586138164514029,0.343557947899875
95.151,0.725,29,0.622300285169159,0.387257644921617
95.17,0.699,27.96,0.552077439280757,0.304789498962798
95.17,0.725,29,0.622300285169159,0.387257644921617
95.188,0.699,27.96,0.552077439280757,0.304789498962798
95.206,0.712,28.48,0.586138164514029,0.343557947899875
95.206,0.699,27.96,0.552077439280757,0.304789498962798
95.226,0.647,25.88,0.434510224171572,0.188799134909629
95.244,0.712,28.48,0.586138164514029,0.343557947899875
95.244,0.66,26.4,0.461317574560379,0.212813904598271
95.264,0.569,22.76,0.303389118419427,0.0920449571753171
95.264,0.673,26.92,0.489778819368446,0.239883291901949
95.283,0.582,23.28,0.322106879128343,0.103752841581801
95.3,0.349,13.96,0.110153930954142,0.0121338885046498
95.3,0.608,24.32,0.363078054770101,0.131825673855641
95.318,0.427,17.08,0.157761126969935,0.0248885731828239
95.337,0.311,12.44,0.0924698173938222,0.00855066712884683
95.337,0.479,19.16,0.200447202736516,0.040179081084894
95.357,0.194,7.76,0.0539510622515128,0.00291071711806661
95.374,0.544,21.76,0.270395836410884,0.0731139083483418
95.374,0.142,5.68,0.0424619563946313,0.00180301774085957
95.393,0.518,20.72,0.239883291901949,0.0575439937337157
95.412,0.647,25.88,0.434510224171572,0.188799134909629
95.412,0.479,19.16,0.200447202736516,0.040179081084894
95.43,0.66,26.4,0.461317574560379,0.212813904598271
95.43,0.414,16.56,0.148593564228701,0.022080047330189
95.448,0.608,24.32,0.363078054770101,0.131825673855641
95.466,0.673,26.92,0.489778819368446,0.239883291901949
95.467,0.569,22.76,0.303389118419427,0.0920449571753171
95.485,0.673,26.92,0.489778819368446,0.239883291901949
95.503,0.712,28.48,0.586138164514029,0.343557947899875
95.504,0.647,25.88,0.434510224171572,0.188799134909629
95.522,0.699,27.96,0.552077439280757,0.304789498962798
95.54,0.712,28.48,0.586138164514029,0.343557947899875
95.54,0.699,27.96,0.552077439280757,0.304789498962798
95.558,0.712,28.48,0.586138164514029,0.343557947899875
95.577,0.699,27.96,0.552077439280757,0.304789498962798
95.577,0.712,28.48,0.586138164514029,0.343557947899875
95.595,0.712,28.48,0.586138164514029,0.343557947899875
95.595,0.66,26.4,0.461317574560379,0.212813904598271
95.614,0.712,28.48,0.586138164514029,0.343557947899875
95.633,0.673,26.92,0.489778819368446,0.239883291901949
95.633,0.582,23.28,0.322106879128343,0.103752841581801
95.653,0.686,27.44,0.519995996533516,0.270395836410885
95.673,0.608,24.32,0.363078054770101,0.131825673855641
95.673,0.401,16.04,0.139958732257262,0.0195884467350599
95.691,0.621,24.84,0.385478357665772,0.148593564228701
95.691,0.466,18.64,0.188799134909629,0.0356451133426244
95.709,0.285,11.4,0.0820351544329818,0.00672976656284318
95.728,0.492,19.68,0.212813904598271,0.0452897579903621
95.728,0.155,6.2,0.045081670454146,0.00203235701093622
95.746,0.531,21.24,0.254683025258504,0.0648634433548238
95.764,0.194,7.76,0.0539510622515128,0.00291071711806661
95.764,0.492,19.68,0.212813904598271,0.0452897579903621
95.782,0.647,25.88,0.434510224171572,0.188799134909629
95.801,0.44,17.6,0.167494287602644,0.0280543363795171
95.801,0.608,24.32,0.363078054770101,0.131825673855641
95.82,0.375,15,0.124165230759241,0.0154170045294956
95.84,0.582,23.28,0.322106879128343,0.103752841581801
95.84,0.686,27.44,0.519995996533516,0.270395836410885
95.859,0.569,22.76,0.303389118419427,0.0920449571753171
95.859,0.673,26.92,0.489778819368446,0.239883291901949
95.881,0.712,28.48,0.586138164514029,0.343557947899875
95.901,0.66,26.4,0.461317574560379,0.212813904598271
95.901,0.699,27.96,0.552077439280757,0.304789498962798
95.921,0.712,28.48,0.586138164514029,0.343557947899875
95.921,0.699,27.96,0.552077439280757,0.304789498962798
95.941,0.725,29,0.622300285169159,0.387257644921617
95.941,0.712,28.48,0.586138164514029,0.343557947899875
95.966,0.725,29,0.622300285169159,0.387257644921617
95.966,0.699,27.96,0.552077439280757,0.304789498962798
95.989,0.66,26.4,0.461317574560379,0.212813904598271
95.989,0.712,28.48,0.586138164514029,0.343557947899875
96.009,0.66,26.4,0.461317574560379,0.212813904598271
96.028,0.582,23.28,0.322106879128343,0.103752841581801
96.028,0.686,27.44,0.519995996533516,0.270395836410885
96.051,0.608,24.32,0.363078054770101,0.131825673855641
96.052,0.44,17.6,0.167494287602644,0.0280543363795171
96.073,0.621,24.84,0.385478357665772,0.148593564228701
96.073,0.479,19.16,0.200447202736516,0.040179081084894
96.093,0.207,8.28,0.057279603098583,0.00328095293113119
96.117,0.518,20.72,0.239883291901949,0.0575439937337157
96.117,0.142,5.68,0.0424619563946313,0.00180301774085957
96.138,0.505,20.2,0.225943577022098,0.0510504999975407
96.139,0.259,10.36,0.0727779804536824,0.00529663443891658
96.161,0.466,18.64,0.188799134909629,0.0356451133426244
96.161,0.621,24.84,0.385478357665772,0.148593564228701
96.181,0.401,16.04,0.139958732257262,0.0195884467350599
96.181,0.595,23.8,0.341979442513709,0.116949939101987
96.202,0.311,12.44,0.0924698173938222,0.00855066712884683
96.223,0.569,22.76,0.303389118419427,0.0920449571753171
96.223,0.673,26.92,0.489778819368446,0.239883291901949
96.243,0.544,21.76,0.270395836410884,0.0731139083483418
96.243,0.66,26.4,0.461317574560379,0.212813904598271
96.266,0.699,27.96,0.552077439280757,0.304789498962798
96.266,0.634,25.36,0.409260659730011,0.167494287602644
96.288,0.699,27.96,0.552077439280757,0.304789498962798
96.288,0.712,28.48,0.586138164514029,0.343557947899875
96.313,0.686,27.44,0.519995996533516,0.270395836410885
96.313,0.712,28.48,0.586138164514029,0.343557947899875
96.335,0.712,28.48,0.586138164514029,0.343557947899875
96.335,0.712,28.48,0.586138164514029,0.343557947899875
96.357,0.712,28.48,0.586138164514029,0.343557947899875
96.378,0.673,26.92,0.489778819368446,0.239883291901949
96.378,0.712,28.48,0.586138164514029,0.343557947899875
96.401,0.673,26.92,0.489778819368446,0.239883291901949
96.401,0.595,23.8,0.341979442513709,0.116949939101987
96.424,0.686,27.44,0.519995996533516,0.270395836410885
96.424,0.621,24.84,0.385478357665772,0.148593564228701
96.449,0.466,18.64,0.188799134909629,0.0356451133426244
96.449,0.673,26.92,0.489778819368446,0.239883291901949
96.469,0.505,20.2,0.225943577022098,0.0510504999975407
96.469,0.168,6.72,0.0478630092322639,0.00229086765276777
96.489,0.544,21.76,0.270395836410884,0.0731139083483418
96.489,0.181,7.24,0.0508159442560561,0.0025822601906346
96.51,0.492,19.68,0.212813904598271,0.0452897579903621
96.531,0.285,11.4,0.0820351544329818,0.00672976656284318
96.531,0.44,17.6,0.167494287602644,0.0280543363795171
96.549,0.621,24.84,0.385478357665772,0.148593564228701
96.549,0.375,15,0.124165230759241,0.0154170045294956
96.57,0.595,23.8,0.341979442513709,0.116949939101987
96.588,0.272,10.88,0.0772680585095703,0.00597035286583838
96.588,0.569,22.76,0.303389118419427,0.0920449571753171
96.607,0.66,26.4,0.461317574560379,0.212813904598271
96.627,0.531,21.24,0.254683025258504,0.0648634433548238
96.627,0.647,25.88,0.434510224171572,0.188799134909629
96.647,0.712,28.48,0.586138164514029,0.343557947899875
96.647,0.634,25.36,0.409260659730011,0.167494287602644
96.665,0.699,27.96,0.552077439280757,0.304789498962798
96.688,0.712,28.48,0.586138164514029,0.343557947899875
96.688,0.686,27.44,0.519995996533516,0.270395836410885
96.712,0.712,28.48,0.586138164514029,0.343557947899875
96.712,0.712,28.48,0.586138164514029,0.343557947899875
96.733,0.699,27.96,0.552077439280757,0.304789498962798
96.734,0.712,28.48,0.586138164514029,0.343557947899875
96.755,0.673,26.92,0.489778819368446,0.239883291901949
96.755,0.712,28.48,0.586138164514029,0.343557947899875
96.776,0.686,27.44,0.519995996533516,0.270395836410885
96.776,0.634,25.36,0.409260659730011,0.167494287602644
96.798,0.686,27.44,0.519995996533516,0.270395836410885
96.819,0.634,25.36,0.409260659730011,0.167494287602644
96.819,0.492,19.68,0.212813904598271,0.0452897579903621
96.84,0.647,25.88,0.434510224171572,0.188799134909629
96.84,0.518,20.72,0.239883291901949,0.0575439937337157
96.861,0.142,5.68,0.0424619563946313,0.00180301774085957
96.862,0.556,22.24,0.285759054337495,0.0816582371358593
96.888,0.272,10.88,0.0772680585095703,0.00597035286583838
96.888,0.466,18.64,0.188799134909629,0.0356451133426244
96.909,0.362,14.48,0.116949939101987,0.0136772882559585
96.909,0.388,15.52,0.131825673855641,0.0173780082874938
96.93,0.608,24.32,0.363078054770101,0.131825673855641
96.93,0.298,11.92,0.0870963589956081,0.00758577575029184
96.95,0.569,22.76,0.303389118419427,0.0920449571753171
96.971,0.453,18.12,0.177827941003892,0.0316227766016838
96.971,0.556,22.24,0.285759054337495,0.0816582371358593
96.992,0.66,26.4,0.461317574560379,0.212813904598271
96.992,0.505,20.2,0.225943577022098,0.0510504999975407
97.016,0.647,25.88,0.434510224171572,0.188799134909629
97.016,0.699,27.96,0.552077439280757,0.304789498962798
97.043,0.608,24.32,0.363078054770101,0.131825673855641
97.043,0.699,27.96,0.552077439280757,0.304789498962798
97.067,0.712,28.48,0.586138164514029,0.343557947899875
97.067,0.686,27.44,0.519995996533516,0.270395836410885
97.089,0.725,29,0.622300285169159,0.387257644921617
97.089,0.725,29,0.622300285169159,0.387257644921617
97.11,0.712,28.48,0.586138164514029,0.343557947899875
97.11,0.712,28.48,0.586138164514029,0.343557947899875
97.132,0.673,26.92,0.489778819368446,0.239883291901949
97.132,0.725,29,0.622300285169159,0.387257644921617
97.154,0.699,27.96,0.552077439280757,0.304789498962798
97.178,0.621,24.84,0.385478357665772,0.148593564228701
97.178,0.699,27.96,0.552077439280757,0.304789498962798
97.201,0.647,25.88,0.434510224171572,0.188799134909629
97.201,0.518,20.72,0.239883291901949,0.0575439937337157
97.221,0.647,25.88,0.434510224171572,0.188799134909629
97.221,0.544,21.76,0.270395836410884,0.0731139083483418
97.241,0.324,12.96,0.0981747943019985,0.00963829023623972
97.241,0.582,23.28,0.322106879128343,0.103752841581801
97.26,0.311,12.44,0.0924698173938222,0.00855066712884683
97.28,0.414,16.56,0.148593564228701,0.022080047330189
97.28,0.427,17.08,0.157761126969935,0.0248885731828239
97.299,0.349,13.96,0.110153930954142,0.0121338885046498
97.299,0.582,23.28,0.322106879128343,0.103752841581801
97.318,0.259,10.36,0.0727779804536824,0.00529663443891658
97.337,0.556,22.24,0.285759054337495,0.0816582371358593
97.337,0.168,6.72,0.0478630092322639,0.00229086765276777
97.357,0.531,21.24,0.254683025258504,0.0648634433548238
97.376,0.647,25.88,0.434510224171572,0.188799134909629
97.376,0.518,20.72,0.239883291901949,0.0575439937337157
97.394,0.634,25.36,0.409260659730011,0.167494287602644
97.394,0.686,27.44,0.519995996533516,0.270395836410885
97.412,0.608,24.32,0.363078054770101,0.131825673855641
97.432,0.686,27.44,0.519995996533516,0.270395836410885
97.433,0.712,28.48,0.586138164514029,0.343557947899875
97.45,0.686,27.44,0.519995996533516,0.270395836410885
97.468,0.699,27.96,0.552077439280757,0.304789498962798
97.468,0.712,28.48,0.586138164514029,0.343557947899875
97.49,0.699,27.96,0.552077439280757,0.304789498962798
97.49,0.712,28.48,0.586138164514029,0.343557947899875
97.507,0.686,27.44,0.519995996533516,0.270395836410885
97.527,0.712,28.48,0.586138164514029,0.343557947899875
97.527,0.699,27.96,0.552077439280757,0.304789498962798
97.547,0.634,25.36,0.409260659730011,0.167494287602644
97.565,0.699,27.96,0.552077439280757,0.304789498962798
97.565,0.647,25.88,0.434510224171572,0.188799134909629
97.584,0.531,21.24,0.254683025258504,0.0648634433548238
97.584,0.66,26.4,0.461317574560379,0.212813904598271
97.605,0.569,22.76,0.303389118419427,0.0920449571753171
97.623,0.285,11.4,0.0820351544329818,0.00672976656284318
97.624,0.595,23.8,0.341979442513709,0.116949939101987
97.642,0.362,14.48,0.116949939101987,0.0136772882559585
97.661,0.401,16.04,0.139958732257262,0.0195884467350599
97.661,0.44,17.6,0.167494287602644,0.0280543363795171
97.68,0.311,12.44,0.0924698173938222,0.00855066712884683
97.68,0.569,22.76,0.303389118419427,0.0920449571753171
97.698,0.181,7.24,0.0508159442560561,0.0025822601906346
97.717,0.544,21.76,0.270395836410884,0.0731139083483418
97.717,0.647,25.88,0.434510224171572,0.188799134909629
97.736,0.505,20.2,0.225943577022098,0.0510504999975407
97.755,0.634,25.36,0.409260659730011,0.167494287602644
97.755,0.453,18.12,0.177827941003892,0.0316227766016838
97.772,0.621,24.84,0.385478357665772,0.148593564228701
97.791,0.686,27.44,0.519995996533516,0.270395836410885
97.791,0.595,23.8,0.341979442513709,0.116949939101987
97.81,0.686,27.44,0.519995996533516,0.270395836410885
97.828,0.712,28.48,0.586138164514029,0.343557947899875
97.828,0.673,26.92,0.489778819368446,0.239883291901949
97.846,0.712,28.48,0.586138164514029,0.343557947899875
97.863,0.712,28.48,0.586138164514029,0.343557947899875
97.863,0.712,28.48,0.586138164514029,0.343557947899875
97.883,0.712,28.48,0.586138164514029,0.343557947899875
97.883,0.686,27.44,0.519995996533516,0.270395836410885
97.9,0.712,28.48,0.586138164514029,0.343557947899875
97.919,0.699,27.96,0.552077439280757,0.304789498962798
97.919,0.647,25.88,0.434510224171572,0.188799134909629
97.938,0.699,27.96,0.552077439280757,0.304789498962798
97.956,0.66,26.4,0.461317574560379,0.212813904598271
97.956,0.544,21.76,0.270395836410884,0.0731139083483418
97.974,0.673,26.92,0.489778819368446,0.239883291901949
97.992,0.582,23.28,0.322106879128343,0.103752841581801
97.993,0.324,12.96,0.0981747943019985,0.00963829023623972
98.011,0.595,23.8,0.341979442513709,0.116949939101987
98.03,0.414,16.56,0.148593564228701,0.022080047330189
98.03,0.336,13.44,0.103752841581801,0.0107646521362983
98.049,0.466,18.64,0.188799134909629,0.0356451133426244
98.049,0.246,9.84,0.0685488226452662,0.00469894108605216
98.067,0.556,22.24,0.285759054337495,0.0816582371358593
98.087,0.259,10.36,0.0727779804536824,0.00529663443891658
98.087,0.531,21.24,0.254683025258504,0.0648634433548238
98.105,0.647,25.88,0.434510224171572,0.188799134909629
98.123,0.479,19.16,0.200447202736516,0.040179081084894
98.123,0.621,24.84,0.385478357665772,0.148593564228701
98.142,0.427,17.08,0.157761126969935,0.0248885731828239
98.16,0.608,24.32,0.363078054770101,0.131825673855641
98.16,0.686,27.44,0.519995996533516,0.270395836410885
98.178,0.582,23.28,0.322106879128343,0.103752841581801
98.198,0.673,26.92,0.489778819368446,0.239883291901949
98.198,0.712,28.48,0.586138164514029,0.343557947899875
98.219,0.66,26.4,0.461317574560379,0.212813904598271
98.219,0.712,28.48,0.586138164514029,0.343557947899875
98.241,0.725,29,0.622300285169159,0.387257644921617
98.241,0.699,27.96,0.552077439280757,0.304789498962798
98.261,0.699,27.96,0.552077439280757,0.304789498962798
98.28,0.699,27.96,0.552077439280757,0.304789498962798
98.28,0.712,28.48,0.586138164514029,0.343557947899875
98.299,0.699,27.96,0.552077439280757,0.304789498962798
98.299,0.66,26.4,0.461317574560379,0.212813904598271
98.318,0.712,28.48,0.586138164514029,0.343557947899875
98.339,0.673,26.92,0.489778819368446,0.239883291901949
98.339,0.556,22.24,0.285759054337495,0.0816582371358593
98.358,0.673,26.92,0.489778819368446,0.239883291901949
98.375,0.582,23.28,0.322106879128343,0.103752841581801
98.376,0.362,14.48,0.116949939101987,0.0136772882559585
98.394,0.621,24.84,0.385478357665772,0.148593564228701
98.395,0.44,17.6,0.167494287602644,0.0280543363795171
98.412,0.492,19.68,0.212813904598271,0.0452897579903621
98.431,0.492,19.68,0.212813904598271,0.0452897579903621
98.431,0.181,7.24,0.0508159442560561,0.0025822601906346
98.45,0.544,21.76,0.270395836410884,0.0731139083483418
98.468,0.142,5.68,0.0424619563946313,0.00180301774085957
98.469,0.505,20.2,0.225943577022098,0.0510504999975407
98.487,0.634,25.36,0.409260659730011,0.167494287602644
98.507,0.453,18.12,0.177827941003892,0.0316227766016838
98.508,0.621,24.84,0.385478357665772,0.148593564228701
98.528,0.388,15.52,0.131825673855641,0.0173780082874938
98.528,0.595,23.8,0.341979442513709,0.116949939101987
98.547,0.686,27.44,0.519995996533516,0.270395836410885
98.571,0.569,22.76,0.303389118419427,0.0920449571753171
98.571,0.673,26.92,0.489778819368446,0.239883291901949
98.591,0.712,28.48,0.586138164514029,0.343557947899875
98.591,0.673,26.92,0.489778819368446,0.239883291901949
98.611,0.712,28.48,0.586138164514029,0.343557947899875
98.611,0.712,28.48,0.586138164514029,0.343557947899875
98.63,0.699,27.96,0.552077439280757,0.304789498962798
98.65,0.725,29,0.622300285169159,0.387257644921617
98.65,0.699,27.96,0.552077439280757,0.304789498962798
98.668,0.712,28.48,0.586138164514029,0.343557947899875
98.668,0.699,27.96,0.552077439280757,0.304789498962798
98.687,0.66,26.4,0.461317574560379,0.212813904598271
98.706,0.712,28.48,0.586138164514029,0.343557947899875
98.706,0.686,27.44,0.519995996533516,0.270395836410885
98.725,0.582,23.28,0.322106879128343,0.103752841581801
98.744,0.673,26.92,0.489778819368446,0.239883291901949
98.744,0.595,23.8,0.341979442513709,0.116949939101987
98.769,0.427,17.08,0.157761126969935,0.0248885731828239
98.769,0.634,25.36,0.409260659730011,0.167494287602644
98.789,0.479,19.16,0.200447202736516,0.040179081084894
98.789,0.233,9.32,0.0645654229034656,0.00416869383470336
98.807,0.518,20.72,0.239883291901949,0.0575439937337157
98.83,0.155,6.2,0.045081670454146,0.00203235701093622
98.83,0.518,20.72,0.239883291901949,0.0575439937337157
98.853,0.194,7.76,0.0539510622515128,0.00291071711806661
98.853,0.479,19.16,0.200447202736516,0.040179081084894
98.873,0.621,24.84,0.385478357665772,0.148593564228701
98.873,0.427,17.08,0.157761126969935,0.0248885731828239
98.895,0.608,24.32,0.363078054770101,0.131825673855641
98.895,0.349,13.96,0.110153930954142,0.0121338885046498
98.914,0.621,24.84,0.385478357665772,0.148593564228701
98.934,0.673,26.92,0.489778819368446,0.239883291901949
98.934,0.556,22.24,0.285759054337495,0.0816582371358593
98.953,0.66,26.4,0.461317574560379,0.212813904598271
98.971,0.699,27.96,0.552077439280757,0.304789498962798
98.971,0.647,25.88,0.434510224171572,0.188799134909629
98.993,0.699,27.96,0.552077439280757,0.304789498962798
98.993,0.712,28.48,0.586138164514029,0.343557947899875
99.013,0.699,27.96,0.552077439280757,0.304789498962798
99.013,0.712,28.48,0.586138164514029,0.343557947899875
99.036,0.712,28.48,0.586138164514029,0.343557947899875
99.059,0.712,28.48,0.586138164514029,0.343557947899875
99.059,0.712,28.48,0.586138164514029,0.343557947899875
99.082,0.66,26.4,0.461317574560379,0.212813904598271
99.082,0.712,28.48,0.586138164514029,0.343557947899875
99.103,0.673,26.92,0.489778819368446,0.239883291901949
99.103,0.595,23.8,0.341979442513709,0.116949939101987
99.125,0.686,27.44,0.519995996533516,0.270395836410885
99.125,0.608,24.32,0.363078054770101,0.131825673855641
99.148,0.427,17.08,0.157761126969935,0.0248885731828239
99.148,0.634,25.36,0.409260659730011,0.167494287602644
99.169,0.479,19.16,0.200447202736516,0.040179081084894
99.169,0.181,7.24,0.0508159442560561,0.0025822601906346
99.193,0.531,21.24,0.254683025258504,0.0648634433548238
99.193,0.142,5.68,0.0424619563946313,0.00180301774085957
99.214,0.505,20.2,0.225943577022098,0.0510504999975407
99.237,0.285,11.4,0.0820351544329818,0.00672976656284318
99.237,0.453,18.12,0.177827941003892,0.0316227766016838
99.26,0.608,24.32,0.363078054770101,0.131825673855641
99.26,0.388,15.52,0.131825673855641,0.0173780082874938
99.283,0.608,24.32,0.363078054770101,0.131825673855641
99.283,0.298,11.92,0.0870963589956081,0.00758577575029184
99.305,0.569,22.76,0.303389118419427,0.0920449571753171
99.305,0.66,26.4,0.461317574560379,0.212813904598271
99.327,0.569,22.76,0.303389118419427,0.0920449571753171
99.327,0.647,25.88,0.434510224171572,0.188799134909629
99.348,0.699,27.96,0.552077439280757,0.304789498962798
99.348,0.634,25.36,0.409260659730011,0.167494287602644
99.368,0.699,27.96,0.552077439280757,0.304789498962798
99.386,0.712,28.48,0.586138164514029,0.343557947899875
99.386,0.686,27.44,0.519995996533516,0.270395836410885
99.405,0.712,28.48,0.586138164514029,0.343557947899875
99.425,0.712,28.48,0.586138164514029,0.343557947899875
99.425,0.712,28.48,0.586138164514029,0.343557947899875
99.446,0.699,27.96,0.552077439280757,0.304789498962798
99.446,0.673,26.92,0.489778819368446,0.239883291901949
99.465,0.712,28.48,0.586138164514029,0.343557947899875
99.483,0.686,27.44,0.519995996533516,0.270395836410885
99.483,0.608,24.32,0.363078054770101,0.131825673855641
99.503,0.686,27.44,0.519995996533516,0.270395836410885
99.503,0.621,24.84,0.385478357665772,0.148593564228701
99.522,0.492,19.68,0.212813904598271,0.0452897579903621
99.541,0.647,25.88,0.434510224171572,0.188799134909629
99.541,0.518,20.72,0.239883291901949,0.0575439937337157
99.559,0.168,6.72,0.0478630092322639,0.00229086765276777
99.578,0.556,22.24,0.285759054337495,0.0816582371358593
99.578,0.233,9.32,0.0645654229034656,0.00416869383470336
99.596,0.466,18.64,0.188799134909629,0.0356451133426244
99.615,0.336,13.44,0.103752841581801,0.0107646521362983
99.615,0.427,17.08,0.157761126969935,0.0248885731828239
99.633,0.608,24.32,0.363078054770101,0.131825673855641
99.634,0.336,13.44,0.103752841581801,0.0107646521362983
99.653,0.582,23.28,0.322106879128343,0.103752841581801
99.671,0.22,8.8,0.0608135001278718,0.00369828179780266
99.672,0.556,22.24,0.285759054337495,0.0816582371358593
99.689,0.66,26.4,0.461317574560379,0.212813904598271
99.707,0.518,20.72,0.239883291901949,0.0575439937337157
99.707,0.647,25.88,0.434510224171572,0.188799134909629
99.725,0.699,27.96,0.552077439280757,0.304789498962798
99.745,0.634,25.36,0.409260659730011,0.167494287602644
99.745,0.686,27.44,0.519995996533516,0.270395836410885
99.765,0.712,28.48,0.586138164514029,0.343557947899875
99.765,0.686,27.44,0.519995996533516,0.270395836410885
99.782,0.725,29,0.622300285169159,0.387257644921617
99.802,0.712,28.48,0.586138164514029,0.343557947899875
99.802,0.712,28.48,0.586138164514029,0.343557947899875
99.819,0.712,28.48,0.586138164514029,0.343557947899875
99.838,0.686,27.44,0.519995996533516,0.270395836410885
99.838,0.712,28.48,0.586138164514029,0.343557947899875
99.856,0.686,27.44,0.519995996533516,0.270395836410885
99.875,0.621,24.84,0.385478357665772,0.148593564228701
99.875,0.699,27.96,0.552077439280757,0.304789498962798
99.894,0.621,24.84,0.385478357665772,0.148593564228701
99.912,0.492,19.68,0.212813904598271,0.0452897579903621
99.912,0.647,25.88,0.434510224171572,0.188799134909629
99.931,0.531,21.24,0.254683025258504,0.0648634433548238
99.931,0.375,15,0.124165230759241,0.0154170045294956
99.951,0.569,22.76,0.303389118419427,0.0920449571753171
99.97,0.272,10.88,0.0772680585095703,0.00597035286583838
99.97,0.453,18.12,0.177827941003892,0.0316227766016838
99.988,0.375,15,0.124165230759241,0.0154170045294956
100.007,0.388,15.52,0.131825673855641,0.0173780082874938
100.007,0.582,23.28,0.322106879128343,0.103752841581801
100.026,0.285,11.4,0.0820351544329818,0.00672976656284318
100.026,0.556,22.24,0.285759054337495,0.0816582371358593
100.046,0.544,21.76,0.270395836410884,0.0731139083483418
100.065,0.531,21.24,0.254683025258504,0.0648634433548238
100.065,0.634,25.36,0.409260659730011,0.167494287602644
100.085,0.492,19.68,0.212813904598271,0.0452897579903621
100.104,0.634,25.36,0.409260659730011,0.167494287602644
100.104,0.699,27.96,0.552077439280757,0.304789498962798
100.123,0.621,24.84,0.385478357665772,0.148593564228701
100.123,0.686,27.44,0.519995996533516,0.270395836410885
100.142,0.712,28.48,0.586138164514029,0.343557947899875
100.16,0.686,27.44,0.519995996533516,0.270395836410885
100.16,0.725,29,0.622300285169159,0.387257644921617
100.178,0.712,28.48,0.586138164514029,0.343557947899875
100.197,0.712,28.48,0.586138164514029,0.343557947899875
100.197,0.712,28.48,0.586138164514029,0.343557947899875
100.216,0.673,26.92,0.489778819368446,0.239883291901949
100.234,0.712,28.48,0.586138164514029,0.343557947899875
100.234,0.699,27.96,0.552077439280757,0.304789498962798
100.254,0.621,24.84,0.385478357665772,0.148593564228701
100.254,0.699,27.96,0.552077439280757,0.304789498962798
100.273,0.647,25.88,0.434510224171572,0.188799134909629
100.291,0.518,20.72,0.239883291901949,0.0575439937337157
100.291,0.66,26.4,0.461317574560379,0.212813904598271
100.311,0.556,22.24,0.285759054337495,0.0816582371358593
100.33,0.22,8.8,0.0608135001278718,0.00369828179780266
100.33,0.582,23.28,0.322106879128343,0.103752841581801
100.349,0.556,22.24,0.285759054337495,0.0816582371358593
100.349,0.453,18.12,0.177827941003892,0.0316227766016838
100.368,0.427,17.08,0.157761126969935,0.0248885731828239
100.387,0.324,12.96,0.0981747943019985,0.00963829023623972
100.387,0.569,22.76,0.303389118419427,0.0920449571753171
100.406,0.194,7.76,0.0539510622515128,0.00291071711806661
100.426,0.556,22.24,0.285759054337495,0.0816582371358593
100.426,0.142,5.68,0.0424619563946313,0.00180301774085957
100.444,0.518,20.72,0.239883291901949,0.0575439937337157
100.444,0.647,25.88,0.434510224171572,0.188799134909629
100.465,0.479,19.16,0.200447202736516,0.040179081084894
100.484,0.634,25.36,0.409260659730011,0.167494287602644
100.484,0.699,27.96,0.552077439280757,0.304789498962798
100.505,0.608,24.32,0.363078054770101,0.131825673855641
100.506,0.686,27.44,0.519995996533516,0.270395836410885
100.525,0.712,28.48,0.586138164514029,0.343557947899875
100.544,0.673,26.92,0.489778819368446,0.239883291901949
100.544,0.712,28.48,0.586138164514029,0.343557947899875
100.564,0.712,28.48,0.586138164514029,0.343557947899875
100.564,0.712,28.48,0.586138164514029,0.343557947899875
100.584,0.712,28.48,0.586138164514029,0.343557947899875
100.603,0.673,26.92,0.489778819368446,0.239883291901949
100.603,0.712,28.48,0.586138164514029,0.343557947899875
100.622,0.699,27.96,0.552077439280757,0.304789498962798
100.622,0.634,25.36,0.409260659730011,0.167494287602644
100.64,0.699,27.96,0.552077439280757,0.304789498962798
100.658,0.66,26.4,0.461317574560379,0.212813904598271
100.658,0.544,21.76,0.270395836410884,0.0731139083483418
100.676,0.673,26.92,0.489778819368446,0.239883291901949
100.695,0.569,22.76,0.303389118419427,0.0920449571753171
100.695,0.285,11.4,0.0820351544329818,0.00672976656284318
100.713,0.595,23.8,0.341979442513709,0.116949939101987
100.731,0.388,15.52,0.131825673855641,0.0173780082874938
100.731,0.375,15,0.124165230759241,0.0154170045294956
100.75,0.453,18.12,0.177827941003892,0.0316227766016838
100.768,0.259,10.36,0.0727779804536824,0.00529663443891658
100.768,0.556,22.24,0.285759054337495,0.0816582371358593
100.787,0.155,6.2,0.045081670454146,0.00203235701093622
100.804,0.621,24.84,0.385478357665772,0.148593564228701
100.804,0.647,25.88,0.434510224171572,0.188799134909629
100.823,0.492,19.68,0.212813904598271,0.0452897579903621
100.84,0.634,25.36,0.409260659730011,0.167494287602644
100.84,0.453,18.12,0.177827941003892,0.0316227766016838
100.859,0.608,24.32,0.363078054770101,0.131825673855641
100.859,0.686,27.44,0.519995996533516,0.270395836410885
100.878,0.595,23.8,0.341979442513709,0.116949939101987
100.896,0.686,27.44,0.519995996533516,0.270395836410885
100.896,0.712,28.48,0.586138164514029,0.343557947899875
100.915,0.66,26.4,0.461317574560379,0.212813904598271
100.935,0.712,28.48,0.586138164514029,0.343557947899875
100.935,0.699,27.96,0.552077439280757,0.304789498962798
100.954,0.699,27.96,0.552077439280757,0.304789498962798
100.974,0.712,28.48,0.586138164514029,0.343557947899875
100.974,0.699,27.96,0.552077439280757,0.304789498962798
100.992,0.699,27.96,0.552077439280757,0.304789498962798
100.992,0.699,27.96,0.552077439280757,0.304789498962798
101.01,0.647,25.88,0.434510224171572,0.188799134909629
101.028,0.712,28.48,0.586138164514029,0.343557947899875
101.028,0.673,26.92,0.489778819368446,0.239883291901949
101.047,0.556,22.24,0.285759054337495,0.0816582371358593
101.068,0.673,26.92,0.489778819368446,0.239883291901949
101.068,0.582,23.28,0.322106879128343,0.103752841581801
101.086,0.349,13.96,0.110153930954142,0.0121338885046498
101.086,0.608,24.32,0.363078054770101,0.131825673855641
101.104,0.414,16.56,0.148593564228701,0.022080047330189
101.123,0.349,13.96,0.110153930954142,0.0121338885046498
101.123,0.479,19.16,0.200447202736516,0.040179081084894
101.142,0.22,8.8,0.0608135001278718,0.00369828179780266
101.16,0.556,22.24,0.285759054337495,0.0816582371358593
101.16,0.142,5.68,0.0424619563946313,0.00180301774085957
101.179,0.518,20.72,0.239883291901949,0.0575439937337157
101.197,0.634,25.36,0.409260659730011,0.167494287602644
101.197,0.466,18.64,0.188799134909629,0.0356451133426244
101.215,0.621,24.84,0.385478357665772,0.148593564228701
101.233,0.414,16.56,0.148593564228701,0.022080047330189
101.233,0.608,24.32,0.363078054770101,0.131825673855641
101.251,0.686,27.44,0.519995996533516,0.270395836410885
101.269,0.582,23.28,0.322106879128343,0.103752841581801
101.269,0.673,26.92,0.489778819368446,0.239883291901949
101.289,0.712,28.48,0.586138164514029,0.343557947899875
101.289,0.66,26.4,0.461317574560379,0.212813904598271
101.308,0.712,28.48,0.586138164514029,0.343557947899875
101.325,0.712,28.48,0.586138164514029,0.343557947899875
101.325,0.712,28.48,0.586138164514029,0.343557947899875
101.343,0.712,28.48,0.586138164514029,0.343557947899875
101.361,0.686,27.44,0.519995996533516,0.270395836410885
101.361,0.725,29,0.622300285169159,0.387257644921617
101.38,0.699,27.96,0.552077439280757,0.304789498962798
101.398,0.66,26.4,0.461317574560379,0.212813904598271
101.398,0.699,27.96,0.552077439280757,0.304789498962798
101.418,0.673,26.92,0.489778819368446,0.239883291901949
101.435,0.582,23.28,0.322106879128343,0.103752841581801
101.435,0.673,26.92,0.489778819368446,0.239883291901949
101.453,0.595,23.8,0.341979442513709,0.116949939101987
101.472,0.401,16.04,0.139958732257262,0.0195884467350599
101.472,0.621,24.84,0.385478357665772,0.148593564228701
101.492,0.466,18.64,0.188799134909629,0.0356451133426244
101.492,0.246,9.84,0.0685488226452662,0.00469894108605216
101.512,0.492,19.68,0.212813904598271,0.0452897579903621
101.531,0.168,6.72,0.0478630092322639,0.00229086765276777
101.531,0.518,20.72,0.239883291901949,0.0575439937337157
101.549,0.207,8.28,0.057279603098583,0.00328095293113119
101.566,0.492,19.68,0.212813904598271,0.0452897579903621
101.566,0.647,25.88,0.434510224171572,0.188799134909629
101.586,0.44,17.6,0.167494287602644,0.0280543363795171
101.604,0.621,24.84,0.385478357665772,0.148593564228701
101.604,0.375,15,0.124165230759241,0.0154170045294956
101.622,0.582,23.28,0.322106879128343,0.103752841581801
101.622,0.686,27.44,0.519995996533516,0.270395836410885
101.641,0.556,22.24,0.285759054337495,0.0816582371358593
101.658,0.66,26.4,0.461317574560379,0.212813904598271
101.658,0.712,28.48,0.586138164514029,0.343557947899875
101.677,0.647,25.88,0.434510224171572,0.188799134909629
101.694,0.699,27.96,0.552077439280757,0.304789498962798
101.694,0.712,28.48,0.586138164514029,0.343557947899875
101.713,0.699,27.96,0.552077439280757,0.304789498962798
101.732,0.712,28.48,0.586138164514029,0.343557947899875
101.732,0.699,27.96,0.552077439280757,0.304789498962798
101.75,0.712,28.48,0.586138164514029,0.343557947899875
101.768,0.712,28.48,0.586138164514029,0.343557947899875
101.768,0.66,26.4,0.461317574560379,0.212813904598271
101.786,0.712,28.48,0.586138164514029,0.343557947899875
101.803,0.673,26.92,0.489778819368446,0.239883291901949
101.803,0.582,23.28,0.322106879128343,0.103752841581801
101.82,0.699,27.96,0.552077439280757,0.304789498962798
101.839,0.621,24.84,0.385478357665772,0.148593564228701
101.84,0.427,17.08,0.157761126969935,0.0248885731828239
101.859,0.634,25.36,0.409260659730011,0.167494287602644
101.876,0.479,19.16,0.200447202736516,0.040179081084894
101.876,0.427,17.08,0.157761126969935,0.0248885731828239
101.894,0.531,21.24,0.254683025258504,0.0648634433548238
101.914,0.129,5.16,0.0399944749761098,0.00159955802861467
101.914,0.518,20.72,0.239883291901949,0.0575439937337157
101.934,0.22,8.8,0.0608135001278718,0.00369828179780266
101.934,0.466,18.64,0.188799134909629,0.0356451133426244
101.951,0.608,24.32,0.363078054770101,0.131825673855641
101.969,0.414,16.56,0.148593564228701,0.022080047330189
101.969,0.608,24.32,0.363078054770101,0.131825673855641
101.987,0.336,13.44,0.103752841581801,0.0107646521362983
102.004,0.569,22.76,0.303389118419427,0.0920449571753171
102.004,0.66,26.4,0.461317574560379,0.212813904598271
102.023,0.544,21.76,0.270395836410884,0.0731139083483418
102.041,0.66,26.4,0.461317574560379,0.212813904598271
102.041,0.686,27.44,0.519995996533516,0.270395836410885
102.059,0.647,25.88,0.434510224171572,0.188799134909629
102.079,0.686,27.44,0.519995996533516,0.270395836410885
102.079,0.699,27.96,0.552077439280757,0.304789498962798
102.098,0.686,27.44,0.519995996533516,0.270395836410885
102.115,0.712,28.48,0.586138164514029,0.343557947899875
102.115,0.712,28.48,0.586138164514029,0.343557947899875
102.134,0.712,28.48,0.586138164514029,0.343557947899875
102.135,0.699,27.96,0.552077439280757,0.304789498962798
102.153,0.673,26.92,0.489778819368446,0.239883291901949
102.171,0.712,28.48,0.586138164514029,0.343557947899875
102.171,0.686,27.44,0.519995996533516,0.270395836410885
102.189,0.608,24.32,0.363078054770101,0.131825673855641
102.207,0.699,27.96,0.552077439280757,0.304789498962798
102.207,0.621,24.84,0.385478357665772,0.148593564228701
102.225,0.466,18.64,0.188799134909629,0.0356451133426244
102.242,0.634,25.36,0.409260659730011,0.167494287602644
102.242,0.505,20.2,0.225943577022098,0.0510504999975407
102.26,0.298,11.92,0.0870963589956081,0.00758577575029184
102.279,0.544,21.76,0.270395836410884,0.0731139083483418
102.279,0.22,8.8,0.0608135001278718,0.00369828179780266
102.296,0.492,19.68,0.212813904598271,0.0452897579903621
102.314,0.324,12.96,0.0981747943019985,0.00963829023623972
102.314,0.427,17.08,0.157761126969935,0.0248885731828239
102.331,0.595,23.8,0.341979442513709,0.116949939101987
102.351,0.349,13.96,0.110153930954142,0.0121338885046498
102.351,0.582,23.28,0.322106879128343,0.103752841581801
102.369,0.233,9.32,0.0645654229034656,0.00416869383470336
102.387,0.569,22.76,0.303389118419427,0.0920449571753171
102.387,0.66,26.4,0.461317574560379,0.212813904598271
102.406,0.531,21.24,0.254683025258504,0.0648634433548238
102.422,0.647,25.88,0.434510224171572,0.188799134909629
102.423,0.699,27.96,0.552077439280757,0.304789498962798
102.44,0.621,24.84,0.385478357665772,0.148593564228701
102.46,0.699,27.96,0.552077439280757,0.304789498962798
102.46,0.712,28.48,0.586138164514029,0.343557947899875
102.479,0.686,27.44,0.519995996533516,0.270395836410885
102.497,0.712,28.48,0.586138164514029,0.343557947899875
102.497,0.699,27.96,0.552077439280757,0.304789498962798
102.516,0.712,28.48,0.586138164514029,0.343557947899875
102.516,0.699,27.96,0.552077439280757,0.304789498962798
102.535,0.673,26.92,0.489778819368446,0.239883291901949
102.554,0.712,28.48,0.586138164514029,0.343557947899875
102.554,0.686,27.44,0.519995996533516,0.270395836410885
102.572,0.608,24.32,0.363078054770101,0.131825673855641
102.592,0.686,27.44,0.519995996533516,0.270395836410885
102.592,0.634,25.36,0.409260659730011,0.167494287602644
102.609,0.492,19.68,0.212813904598271,0.0452897579903621
102.628,0.66,26.4,0.461317574560379,0.212813904598271
102.628,0.518,20.72,0.239883291901949,0.0575439937337157
102.646,0.168,6.72,0.0478630092322639,0.00229086765276777
102.664,0.569,22.76,0.303389118419427,0.0920449571753171
102.664,0.272,10.88,0.0772680585095703,0.00597035286583838
102.683,0.466,18.64,0.188799134909629,0.0356451133426244
102.683,0.336,13.44,0.103752841581801,0.0107646521362983
102.7,0.375,15,0.124165230759241,0.0154170045294956
102.719,0.595,23.8,0.341979442513709,0.116949939101987
102.719,0.311,12.44,0.0924698173938222,0.00855066712884683
102.738,0.569,22.76,0.303389118419427,0.0920449571753171
102.755,0.194,7.76,0.0539510622515128,0.00291071711806661
102.755,0.544,21.76,0.270395836410884,0.0731139083483418
102.774,0.647,25.88,0.434510224171572,0.188799134909629
102.792,0.505,20.2,0.225943577022098,0.0510504999975407
102.792,0.634,25.36,0.409260659730011,0.167494287602644
102.81,0.686,27.44,0.519995996533516,0.270395836410885
102.828,0.621,24.84,0.385478357665772,0.148593564228701
102.828,0.686,27.44,0.519995996533516,0.270395836410885
102.846,0.712,28.48,0.586138164514029,0.343557947899875
102.864,0.673,26.92,0.489778819368446,0.239883291901949
102.864,0.699,27.96,0.552077439280757,0.304789498962798
102.881,0.699,27.96,0.552077439280757,0.304789498962798
102.9,0.712,28.48,0.586138164514029,0.343557947899875
102.9,0.712,28.48,0.586138164514029,0.343557947899875
102.919,0.673,26.92,0.489778819368446,0.239883291901949
102.936,0.712,28.48,0.586138164514029,0.343557947899875
102.936,0.686,27.44,0.519995996533516,0.270395836410885
102.955,0.621,24.84,0.385478357665772,0.148593564228701
102.972,0.686,27.44,0.519995996533516,0.270395836410885
102.972,0.647,25.88,0.434510224171572,0.188799134909629
102.991,0.505,20.2,0.225943577022098,0.0510504999975407
103.009,0.66,26.4,0.461317574560379,0.212813904598271
103.009,0.556,22.24,0.285759054337495,0.0816582371358593
103.028,0.207,8.28,0.057279603098583,0.00328095293113119
103.028,0.582,23.28,0.322106879128343,0.103752841581801
103.046,0.336,13.44,0.103752841581801,0.0107646521362983
103.063,0.427,17.08,0.157761126969935,0.0248885731828239
103.063,0.414,16.56,0.148593564228701,0.022080047330189
103.083,0.362,14.48,0.116949939101987,0.0136772882559585
103.102,0.595,23.8,0.341979442513709,0.116949939101987
103.102,0.634,25.36,0.409260659730011,0.167494287602644
103.121,0.556,22.24,0.285759054337495,0.0816582371358593
103.138,0.155,6.2,0.045081670454146,0.00203235701093622
103.138,0.531,21.24,0.254683025258504,0.0648634433548238
103.156,0.647,25.88,0.434510224171572,0.188799134909629
103.174,0.479,19.16,0.200447202736516,0.040179081084894
103.174,0.634,25.36,0.409260659730011,0.167494287602644
103.191,0.699,27.96,0.552077439280757,0.304789498962798
103.21,0.621,24.84,0.385478357665772,0.148593564228701
103.21,0.699,27.96,0.552077439280757,0.304789498962798
103.229,0.712,28.48,0.586138164514029,0.343557947899875
103.246,0.673,26.92,0.489778819368446,0.239883291901949
103.246,0.712,28.48,0.586138164514029,0.343557947899875
103.265,0.712,28.48,0.586138164514029,0.343557947899875
103.283,0.712,28.48,0.586138164514029,0.343557947899875
103.283,0.712,28.48,0.586138164514029,0.343557947899875
103.3,0.686,27.44,0.519995996533516,0.270395836410885
103.319,0.712,28.48,0.586138164514029,0.343557947899875
103.319,0.686,27.44,0.519995996533516,0.270395836410885
103.336,0.634,25.36,0.409260659730011,0.167494287602644
103.356,0.699,27.96,0.552077439280757,0.304789498962798
103.356,0.634,25.36,0.409260659730011,0.167494287602644
103.373,0.531,21.24,0.254683025258504,0.0648634433548238
103.373,0.66,26.4,0.461317574560379,0.212813904598271
103.391,0.556,22.24,0.285759054337495,0.0816582371358593
103.409,0.259,10.36,0.0727779804536824,0.00529663443891658
103.409,0.582,23.28,0.322106879128343,0.103752841581801
103.427,0.362,14.48,0.116949939101987,0.0136772882559585
103.445,0.388,15.52,0.131825673855641,0.0173780082874938
103.445,0.44,17.6,0.167494287602644,0.0280543363795171
103.465,0.272,10.88,0.0772680585095703,0.00597035286583838
103.485,0.556,22.24,0.285759054337495,0.0816582371358593
103.485,0.168,6.72,0.0478630092322639,0.00229086765276777
103.504,0.531,21.24,0.254683025258504,0.0648634433548238
103.504,0.647,25.88,0.434510224171572,0.188799134909629
103.524,0.492,19.68,0.212813904598271,0.0452897579903621
103.544,0.634,25.36,0.409260659730011,0.167494287602644
103.544,0.453,18.12,0.177827941003892,0.0316227766016838
103.564,0.608,24.32,0.363078054770101,0.131825673855641
103.564,0.686,27.44,0.519995996533516,0.270395836410885
103.583,0.595,23.8,0.341979442513709,0.116949939101987
103.606,0.673,26.92,0.489778819368446,0.239883291901949
103.606,0.712,28.48,0.586138164514029,0.343557947899875
103.628,0.673,26.92,0.489778819368446,0.239883291901949
103.628,0.699,27.96,0.552077439280757,0.304789498962798
103.646,0.712,28.48,0.586138164514029,0.343557947899875
103.646,0.699,27.96,0.552077439280757,0.304789498962798
103.666,0.712,28.48,0.586138164514029,0.343557947899875
103.686,0.686,27.44,0.519995996533516,0.270395836410885
103.686,0.712,28.48,0.586138164514029,0.343557947899875
103.706,0.699,27.96,0.552077439280757,0.304789498962798
103.706,0.634,25.36,0.409260659730011,0.167494287602644
103.727,0.712,28.48,0.586138164514029,0.343557947899875
103.748,0.66,26.4,0.461317574560379,0.212813904598271
103.748,0.544,21.76,0.270395836410884,0.0731139083483418
103.768,0.673,26.92,0.489778819368446,0.239883291901949
103.768,0.582,23.28,0.322106879128343,0.103752841581801
103.787,0.336,13.44,0.103752841581801,0.0107646521362983
103.806,0.608,24.32,0.363078054770101,0.131825673855641
103.806,0.401,16.04,0.139958732257262,0.0195884467350599
103.824,0.362,14.48,0.116949939101987,0.0136772882559585
103.843,0.466,18.64,0.188799134909629,0.0356451133426244
103.843,0.259,10.36,0.0727779804536824,0.00529663443891658
103.862,0.544,21.76,0.270395836410884,0.0731139083483418
103.862,0.168,6.72,0.0478630092322639,0.00229086765276777
103.881,0.531,21.24,0.254683025258504,0.0648634433548238
103.901,0.647,25.88,0.434510224171572,0.188799134909629
103.901,0.466,18.64,0.188799134909629,0.0356451133426244
103.92,0.621,24.84,0.385478357665772,0.148593564228701
103.938,0.414,16.56,0.148593564228701,0.022080047330189
103.938,0.608,24.32,0.363078054770101,0.131825673855641
103.957,0.686,27.44,0.519995996533516,0.270395836410885
103.957,0.569,22.76,0.303389118419427,0.0920449571753171
103.977,0.673,26.92,0.489778819368446,0.239883291901949
103.996,0.699,27.96,0.552077439280757,0.304789498962798
103.996,0.66,26.4,0.461317574560379,0.212813904598271
104.015,0.699,27.96,0.552077439280757,0.304789498962798
104.033,0.699,27.96,0.552077439280757,0.304789498962798
104.033,0.686,27.44,0.519995996533516,0.270395836410885
104.051,0.712,28.48,0.586138164514029,0.343557947899875
104.07,0.686,27.44,0.519995996533516,0.270395836410885
104.07,0.712,28.48,0.586138164514029,0.343557947899875
104.089,0.686,27.44,0.519995996533516,0.270395836410885
104.089,0.647,25.88,0.434510224171572,0.188799134909629
104.108,0.699,27.96,0.552077439280757,0.304789498962798
104.126,0.66,26.4,0.461317574560379,0.212813904598271
104.126,0.569,22.76,0.303389118419427,0.0920449571753171
104.143,0.673,26.92,0.489778819368446,0.239883291901949
104.162,0.582,23.28,0.322106879128343,0.103752841581801
104.162,0.375,15,0.124165230759241,0.0154170045294956
104.179,0.608,24.32,0.363078054770101,0.131825673855641
104.196,0.453,18.12,0.177827941003892,0.0316227766016838
104.197,0.259,10.36,0.0727779804536824,0.00529663443891658
104.215,0.492,19.68,0.212813904598271,0.0452897579903621
104.232,0.142,5.68,0.0424619563946313,0.00180301774085957
104.234,0.531,21.24,0.254683025258504,0.0648634433548238
104.251,0.194,7.76,0.0539510622515128,0.00291071711806661
104.269,0.492,19.68,0.212813904598271,0.0452897579903621
104.269,0.634,25.36,0.409260659730011,0.167494287602644
104.288,0.453,18.12,0.177827941003892,0.0316227766016838
104.306,0.621,24.84,0.385478357665772,0.148593564228701
104.306,0.375,15,0.124165230759241,0.0154170045294956
104.326,0.582,23.28,0.322106879128343,0.103752841581801
104.326,0.673,26.92,0.489778819368446,0.239883291901949
104.344,0.569,22.76,0.303389118419427,0.0920449571753171
104.362,0.673,26.92,0.489778819368446,0.239883291901949
104.362,0.712,28.48,0.586138164514029,0.343557947899875
104.378,0.647,25.88,0.434510224171572,0.188799134909629
104.397,0.699,27.96,0.552077439280757,0.304789498962798
104.397,0.712,28.48,0.586138164514029,0.343557947899875
104.415,0.699,27.96,0.552077439280757,0.304789498962798
104.432,0.712,28.48,0.586138164514029,0.343557947899875
104.432,0.699,27.96,0.552077439280757,0.304789498962798
104.45,0.699,27.96,0.552077439280757,0.304789498962798
104.468,0.699,27.96,0.552077439280757,0.304789498962798
104.468,0.66,26.4,0.461317574560379,0.212813904598271
104.487,0.712,28.48,0.586138164514029,0.343557947899875
104.504,0.673,26.92,0.489778819368446,0.239883291901949
104.504,0.569,22.76,0.303389118419427,0.0920449571753171
104.522,0.673,26.92,0.489778819368446,0.239883291901949
104.539,0.608,24.32,0.363078054770101,0.131825673855641
104.539,0.427,17.08,0.157761126969935,0.0248885731828239
104.557,0.621,24.84,0.385478357665772,0.148593564228701
104.575,0.466,18.64,0.188799134909629,0.0356451133426244
104.593,0.22,8.8,0.0608135001278718,0.00369828179780266
104.593,0.505,20.2,0.225943577022098,0.0510504999975407
104.611,0.168,6.72,0.0478630092322639,0.00229086765276777
104.611,0.505,20.2,0.225943577022098,0.0510504999975407
104.63,0.22,8.8,0.0608135001278718,0.00369828179780266
104.648,0.466,18.64,0.188799134909629,0.0356451133426244
104.648,0.621,24.84,0.385478357665772,0.148593564228701
104.667,0.401,16.04,0.139958732257262,0.0195884467350599
104.684,0.595,23.8,0.341979442513709,0.116949939101987
104.685,0.324,12.96,0.0981747943019985,0.00963829023623972
104.704,0.569,22.76,0.303389118419427,0.0920449571753171
104.723,0.66,26.4,0.461317574560379,0.212813904598271
104.723,0.544,21.76,0.270395836410884,0.0731139083483418
104.74,0.66,26.4,0.461317574560379,0.212813904598271
104.761,0.699,27.96,0.552077439280757,0.304789498962798
104.761,0.647,25.88,0.434510224171572,0.188799134909629
104.78,0.699,27.96,0.552077439280757,0.304789498962798
104.78,0.712,28.48,0.586138164514029,0.343557947899875
104.8,0.686,27.44,0.519995996533516,0.270395836410885
104.82,0.712,28.48,0.586138164514029,0.343557947899875
104.82,0.712,28.48,0.586138164514029,0.343557947899875
104.839,0.712,28.48,0.586138164514029,0.343557947899875
104.839,0.699,27.96,0.552077439280757,0.304789498962798
104.859,0.673,26.92,0.489778819368446,0.239883291901949
104.878,0.712,28.48,0.586138164514029,0.343557947899875
104.878,0.686,27.44,0.519995996533516,0.270395836410885
104.895,0.595,23.8,0.341979442513709,0.116949939101987
104.914,0.686,27.44,0.519995996533516,0.270395836410885
104.914,0.621,24.84,0.385478357665772,0.148593564228701
104.932,0.453,18.12,0.177827941003892,0.0316227766016838
104.932,0.647,25.88,0.434510224171572,0.188799134909629
104.952,0.518,20.72,0.239883291901949,0.0575439937337157
104.969,0.142,5.68,0.0424619563946313,0.00180301774085957
104.969,0.544,21.76,0.270395836410884,0.0731139083483418
104.989,0.181,7.24,0.0508159442560561,0.0025822601906346
105.006,0.505,20.2,0.225943577022098,0.0510504999975407
105.006,0.285,11.4,0.0820351544329818,0.00672976656284318
105.026,0.44,17.6,0.167494287602644,0.0280543363795171
105.045,0.608,24.32,0.363078054770101,0.131825673855641
105.045,0.375,15,0.124165230759241,0.0154170045294956
105.061,0.595,23.8,0.341979442513709,0.116949939101987
105.08,0.259,10.36,0.0727779804536824,0.00529663443891658
105.08,0.556,22.24,0.285759054337495,0.0816582371358593
105.098,0.673,26.92,0.489778819368446,0.239883291901949
105.119,0.531,21.24,0.254683025258504,0.0648634433548238
105.119,0.647,25.88,0.434510224171572,0.188799134909629
105.138,0.699,27.96,0.552077439280757,0.304789498962798
105.138,0.634,25.36,0.409260659730011,0.167494287602644
105.156,0.699,27.96,0.552077439280757,0.304789498962798
105.174,0.712,28.48,0.586138164514029,0.343557947899875
105.174,0.686,27.44,0.519995996533516,0.270395836410885
105.192,0.712,28.48,0.586138164514029,0.343557947899875
105.212,0.699,27.96,0.552077439280757,0.304789498962798
105.212,0.712,28.48,0.586138164514029,0.343557947899875
105.23,0.712,28.48,0.586138164514029,0.343557947899875
105.249,0.673,26.92,0.489778819368446,0.239883291901949
105.249,0.712,28.48,0.586138164514029,0.343557947899875
105.267,0.673,26.92,0.489778819368446,0.239883291901949
105.267,0.608,24.32,0.363078054770101,0.131825673855641
105.285,0.686,27.44,0.519995996533516,0.270395836410885
105.303,0.621,24.84,0.385478357665772,0.148593564228701
105.303,0.466,18.64,0.188799134909629,0.0356451133426244
105.321,0.634,25.36,0.409260659730011,0.167494287602644
105.34,0.518,20.72,0.239883291901949,0.0575439937337157
105.34,0.168,6.72,0.0478630092322639,0.00229086765276777
105.359,0.556,22.24,0.285759054337495,0.0816582371358593
105.376,0.233,9.32,0.0645654229034656,0.00416869383470336
105.377,0.466,18.64,0.188799134909629,0.0356451133426244
105.395,0.349,13.96,0.110153930954142,0.0121338885046498
105.415,0.401,16.04,0.139958732257262,0.0195884467350599
105.415,0.595,23.8,0.341979442513709,0.116949939101987
105.433,0.336,13.44,0.103752841581801,0.0107646521362983
105.45,0.582,23.28,0.322106879128343,0.103752841581801
105.45,0.233,9.32,0.0645654229034656,0.00416869383470336
105.468,0.544,21.76,0.270395836410884,0.0731139083483418
105.487,0.647,25.88,0.434510224171572,0.188799134909629
105.487,0.505,20.2,0.225943577022098,0.0510504999975407
105.504,0.634,25.36,0.409260659730011,0.167494287602644
105.523,0.699,27.96,0.552077439280757,0.304789498962798
105.523,0.608,24.32,0.363078054770101,0.131825673855641
105.541,0.686,27.44,0.519995996533516,0.270395836410885
105.541,0.712,28.48,0.586138164514029,0.343557947899875
105.559,0.673,26.92,0.489778819368446,0.239883291901949
105.576,0.712,28.48,0.586138164514029,0.343557947899875
105.576,0.712,28.48,0.586138164514029,0.343557947899875
105.594,0.699,27.96,0.552077439280757,0.304789498962798
105.612,0.712,28.48,0.586138164514029,0.343557947899875
105.612,0.673,26.92,0.489778819368446,0.239883291901949
105.63,0.712,28.48,0.586138164514029,0.343557947899875
105.648,0.686,27.44,0.519995996533516,0.270395836410885
105.648,0.621,24.84,0.385478357665772,0.148593564228701
105.666,0.686,27.44,0.519995996533516,0.270395836410885
105.684,0.634,25.36,0.409260659730011,0.167494287602644
105.684,0.505,20.2,0.225943577022098,0.0510504999975407
105.701,0.66,26.4,0.461317574560379,0.212813904598271
105.719,0.544,21.76,0.270395836410884,0.0731139083483418
105.719,0.155,6.2,0.045081670454146,0.00203235701093622
105.737,0.569,22.76,0.303389118419427,0.0920449571753171
105.755,0.298,11.92,0.0870963589956081,0.00758577575029184
105.755,0.44,17.6,0.167494287602644,0.0280543363795171
105.773,0.388,15.52,0.131825673855641,0.0173780082874938
105.791,0.362,14.48,0.116949939101987,0.0136772882559585
105.791,0.582,23.28,0.322106879128343,0.103752841581801
105.809,0.259,10.36,0.0727779804536824,0.00529663443891658
105.827,0.556,22.24,0.285759054337495,0.0816582371358593
105.827,0.129,5.16,0.0399944749761098,0.00159955802861467
105.846,0.531,21.24,0.254683025258504,0.0648634433548238
105.864,0.647,25.88,0.434510224171572,0.188799134909629
105.864,0.492,19.68,0.212813904598271,0.0452897579903621
105.882,0.634,25.36,0.409260659730011,0.167494287602644
105.9,0.686,27.44,0.519995996533516,0.270395836410885
105.9,0.608,24.32,0.363078054770101,0.131825673855641
105.919,0.686,27.44,0.519995996533516,0.270395836410885
105.937,0.712,28.48,0.586138164514029,0.343557947899875
105.937,0.673,26.92,0.489778819368446,0.239883291901949
105.955,0.712,28.48,0.586138164514029,0.343557947899875
105.974,0.712,28.48,0.586138164514029,0.343557947899875
105.974,0.699,27.96,0.552077439280757,0.304789498962798
105.992,0.712,28.48,0.586138164514029,0.343557947899875
106.009,0.686,27.44,0.519995996533516,0.270395836410885
106.009,0.712,28.48,0.586138164514029,0.343557947899875
106.029,0.673,26.92,0.489778819368446,0.239883291901949
106.029,0.621,24.84,0.385478357665772,0.148593564228701
106.047,0.699,27.96,0.552077439280757,0.304789498962798
106.063,0.647,25.88,0.434510224171572,0.188799134909629
106.063,0.531,21.24,0.254683025258504,0.0648634433548238
106.082,0.66,26.4,0.461317574560379,0.212813904598271
106.1,0.556,22.24,0.285759054337495,0.0816582371358593
106.1,0.285,11.4,0.0820351544329818,0.00672976656284318
106.119,0.569,22.76,0.303389118419427,0.0920449571753171
106.136,0.349,13.96,0.110153930954142,0.0121338885046498
106.136,0.388,15.52,0.131825673855641,0.0173780082874938
106.154,0.427,17.08,0.157761126969935,0.0248885731828239
106.173,0.298,11.92,0.0870963589956081,0.00758577575029184
106.173,0.569,22.76,0.303389118419427,0.0920449571753171
106.193,0.194,7.76,0.0539510622515128,0.00291071711806661
106.211,0.518,20.72,0.239883291901949,0.0575439937337157
106.212,0.647,25.88,0.434510224171572,0.188799134909629
106.23,0.505,20.2,0.225943577022098,0.0510504999975407
106.248,0.634,25.36,0.409260659730011,0.167494287602644
106.248,0.44,17.6,0.167494287602644,0.0280543363795171
106.266,0.608,24.32,0.363078054770101,0.131825673855641
106.283,0.673,26.92,0.489778819368446,0.239883291901949
106.283,0.595,23.8,0.341979442513709,0.116949939101987
106.302,0.673,26.92,0.489778819368446,0.239883291901949
106.302,0.699,27.96,0.552077439280757,0.304789498962798
106.321,0.66,26.4,0.461317574560379,0.212813904598271
106.339,0.712,28.48,0.586138164514029,0.343557947899875
106.339,0.712,28.48,0.586138164514029,0.343557947899875
106.358,0.699,27.96,0.552077439280757,0.304789498962798
106.375,0.712,28.48,0.586138164514029,0.343557947899875
106.375,0.686,27.44,0.519995996533516,0.270395836410885
106.393,0.712,28.48,0.586138164514029,0.343557947899875
106.411,0.699,27.96,0.552077439280757,0.304789498962798
106.411,0.647,25.88,0.434510224171572,0.188799134909629
106.429,0.699,27.96,0.552077439280757,0.304789498962798
106.446,0.66,26.4,0.461317574560379,0.212813904598271
106.446,0.544,21.76,0.270395836410884,0.0731139083483418
106.465,0.673,26.92,0.489778819368446,0.239883291901949
106.482,0.582,23.28,0.322106879128343,0.103752841581801
106.482,0.634,25.36,0.409260659730011,0.167494287602644
106.5,0.608,24.32,0.363078054770101,0.131825673855641
106.52,0.401,16.04,0.139958732257262,0.0195884467350599
106.52,0.362,14.48,0.116949939101987,0.0136772882559585
106.537,0.466,18.64,0.188799134909629,0.0356451133426244
106.554,0.233,9.32,0.0645654229034656,0.00416869383470336
106.554,0.556,22.24,0.285759054337495,0.0816582371358593
106.573,0.233,9.32,0.0645654229034656,0.00416869383470336
106.591,0.531,21.24,0.254683025258504,0.0648634433548238
106.591,0.647,25.88,0.434510224171572,0.188799134909629
106.61,0.479,19.16,0.200447202736516,0.040179081084894
106.628,0.634,25.36,0.409260659730011,0.167494287602644
106.628,0.44,17.6,0.167494287602644,0.0280543363795171
106.646,0.608,24.32,0.363078054770101,0.131825673855641
106.664,0.686,27.44,0.519995996533516,0.270395836410885
106.664,0.582,23.28,0.322106879128343,0.103752841581801
106.683,0.673,26.92,0.489778819368446,0.239883291901949
106.701,0.699,27.96,0.552077439280757,0.304789498962798
106.701,0.66,26.4,0.461317574560379,0.212813904598271
106.72,0.699,27.96,0.552077439280757,0.304789498962798
106.721,0.712,28.48,0.586138164514029,0.343557947899875
106.738,0.699,27.96,0.552077439280757,0.304789498962798
106.756,0.712,28.48,0.586138164514029,0.343557947899875
106.756,0.699,27.96,0.552077439280757,0.304789498962798
106.774,0.712,28.48,0.586138164514029,0.343557947899875
106.792,0.699,27.96,0.552077439280757,0.304789498962798
106.793,0.647,25.88,0.434510224171572,0.188799134909629
106.811,0.699,27.96,0.552077439280757,0.304789498962798
106.829,0.66,26.4,0.461317574560379,0.212813904598271
106.829,0.569,22.76,0.303389118419427,0.0920449571753171
106.847,0.673,26.92,0.489778819368446,0.239883291901949
106.865,0.582,23.28,0.322106879128343,0.103752841581801
106.865,0.362,14.48,0.116949939101987,0.0136772882559585
106.883,0.608,24.32,0.363078054770101,0.131825673855641
106.901,0.44,17.6,0.167494287602644,0.0280543363795171
106.901,0.285,11.4,0.0820351544329818,0.00672976656284318
106.921,0.492,19.68,0.212813904598271,0.0452897579903621
106.939,0.168,6.72,0.0478630092322639,0.00229086765276777
106.939,0.518,20.72,0.239883291901949,0.0575439937337157
106.957,0.246,9.84,0.0685488226452662,0.00469894108605216
106.974,0.505,20.2,0.225943577022098,0.0510504999975407
106.974,0.647,25.88,0.434510224171572,0.188799134909629
106.993,0.453,18.12,0.177827941003892,0.0316227766016838
107.011,0.621,24.84,0.385478357665772,0.148593564228701
107.011,0.388,15.52,0.131825673855641,0.0173780082874938
107.028,0.595,23.8,0.341979442513709,0.116949939101987
107.028,0.673,26.92,0.489778819368446,0.239883291901949
107.047,0.569,22.76,0.303389118419427,0.0920449571753171
107.066,0.673,26.92,0.489778819368446,0.239883291901949
107.066,0.699,27.96,0.552077439280757,0.304789498962798
107.084,0.647,25.88,0.434510224171572,0.188799134909629
107.102,0.699,27.96,0.552077439280757,0.304789498962798
107.102,0.712,28.48,0.586138164514029,0.343557947899875
107.123,0.699,27.96,0.552077439280757,0.304789498962798
107.141,0.712,28.48,0.586138164514029,0.343557947899875
107.141,0.686,27.44,0.519995996533516,0.270395836410885
107.16,0.712,28.48,0.586138164514029,0.343557947899875
107.16,0.699,27.96,0.552077439280757,0.304789498962798
107.178,0.647,25.88,0.434510224171572,0.188799134909629
107.196,0.712,28.48,0.586138164514029,0.343557947899875
107.196,0.673,26.92,0.489778819368446,0.239883291901949
107.213,0.582,23.28,0.322106879128343,0.103752841581801
107.232,0.686,27.44,0.519995996533516,0.270395836410885
107.232,0.595,23.8,0.341979442513709,0.116949939101987
107.25,0.401,16.04,0.139958732257262,0.0195884467350599
107.267,0.621,24.84,0.385478357665772,0.148593564228701
107.267,0.466,18.64,0.188799134909629,0.0356451133426244
107.286,0.233,9.32,0.0645654229034656,0.00416869383470336
107.304,0.518,20.72,0.239883291901949,0.0575439937337157
107.305,0.207,8.28,0.057279603098583,0.00328095293113119
107.321,0.518,20.72,0.239883291901949,0.0575439937337157
107.339,0.207,8.28,0.057279603098583,0.00328095293113119
107.339,0.492,19.68,0.212813904598271,0.0452897579903621
107.358,0.621,24.84,0.385478357665772,0.148593564228701
107.376,0.44,17.6,0.167494287602644,0.0280543363795171
107.376,0.595,23.8,0.341979442513709,0.116949939101987
107.393,0.362,14.48,0.116949939101987,0.0136772882559585
107.412,0.582,23.28,0.322106879128343,0.103752841581801
107.412,0.673,26.92,0.489778819368446,0.239883291901949
107.431,0.544,21.76,0.270395836410884,0.0731139083483418
107.448,0.66,26.4,0.461317574560379,0.212813904598271
107.448,0.712,28.48,0.586138164514029,0.343557947899875
107.467,0.634,25.36,0.409260659730011,0.167494287602644
107.485,0.699,27.96,0.552077439280757,0.304789498962798
107.485,0.699,27.96,0.552077439280757,0.304789498962798
107.503,0.686,27.44,0.519995996533516,0.270395836410885
107.52,0.712,28.48,0.586138164514029,0.343557947899875
107.52,0.699,27.96,0.552077439280757,0.304789498962798
107.538,0.699,27.96,0.552077439280757,0.304789498962798
107.557,0.699,27.96,0.552077439280757,0.304789498962798
107.557,0.673,26.92,0.489778819368446,0.239883291901949
107.574,0.712,28.48,0.586138164514029,0.343557947899875
107.591,0.673,26.92,0.489778819368446,0.239883291901949
107.591,0.582,23.28,0.322106879128343,0.103752841581801
107.609,0.673,26.92,0.489778819368446,0.239883291901949
107.626,0.608,24.32,0.363078054770101,0.131825673855641
107.626,0.44,17.6,0.167494287602644,0.0280543363795171
107.644,0.634,25.36,0.409260659730011,0.167494287602644
107.662,0.492,19.68,0.212813904598271,0.0452897579903621
107.662,0.194,7.76,0.0539510622515128,0.00291071711806661
107.679,0.531,21.24,0.254683025258504,0.0648634433548238
107.696,0.155,6.2,0.045081670454146,0.00203235701093622
107.696,0.492,19.68,0.212813904598271,0.0452897579903621
107.715,0.621,24.84,0.385478357665772,0.148593564228701
107.732,0.453,18.12,0.177827941003892,0.0316227766016838
107.732,0.621,24.84,0.385478357665772,0.148593564228701
107.75,0.388,15.52,0.131825673855641,0.0173780082874938
107.768,0.608,24.32,0.363078054770101,0.131825673855641
107.768,0.285,11.4,0.0820351544329818,0.00672976656284318
107.785,0.569,22.76,0.303389118419427,0.0920449571753171
107.803,0.673,26.92,0.489778819368446,0.239883291901949
107.803,0.531,21.24,0.254683025258504,0.0648634433548238
107.822,0.647,25.88,0.434510224171572,0.188799134909629
107.841,0.699,27.96,0.552077439280757,0.304789498962798
107.841,0.634,25.36,0.409260659730011,0.167494287602644
107.858,0.686,27.44,0.519995996533516,0.270395836410885
107.875,0.712,28.48,0.586138164514029,0.343557947899875
107.875,0.686,27.44,0.519995996533516,0.270395836410885
107.893,0.712,28.48,0.586138164514029,0.343557947899875
107.91,0.699,27.96,0.552077439280757,0.304789498962798
107.91,0.712,28.48,0.586138164514029,0.343557947899875
107.928,0.699,27.96,0.552077439280757,0.304789498962798
107.946,0.66,26.4,0.461317574560379,0.212813904598271
107.946,0.699,27.96,0.552077439280757,0.304789498962798
107.964,0.673,26.92,0.489778819368446,0.239883291901949
107.982,0.608,24.32,0.363078054770101,0.131825673855641
107.982,0.686,27.44,0.519995996533516,0.270395836410885
108.001,0.634,25.36,0.409260659730011,0.167494287602644
108.019,0.466,18.64,0.188799134909629,0.0356451133426244
108.019,0.673,26.92,0.489778819368446,0.239883291901949
108.039,0.518,20.72,0.239883291901949,0.0575439937337157
108.057,0.155,6.2,0.045081670454146,0.00203235701093622
108.057,0.544,21.76,0.270395836410884,0.0731139083483418
108.075,0.22,8.8,0.0608135001278718,0.00369828179780266
108.093,0.466,18.64,0.188799134909629,0.0356451133426244
108.093,0.324,12.96,0.0981747943019985,0.00963829023623972
108.111,0.427,17.08,0.157761126969935,0.0248885731828239
108.129,0.608,24.32,0.363078054770101,0.131825673855641
108.129,0.362,14.48,0.116949939101987,0.0136772882559585
108.148,0.582,23.28,0.322106879128343,0.103752841581801
108.148,0.259,10.36,0.0727779804536824,0.00529663443891658
108.167,0.556,22.24,0.285759054337495,0.0816582371358593
108.184,0.66,26.4,0.461317574560379,0.212813904598271
108.184,0.518,20.72,0.239883291901949,0.0575439937337157
108.202,0.647,25.88,0.434510224171572,0.188799134909629
108.219,0.686,27.44,0.519995996533516,0.270395836410885
108.219,0.621,24.84,0.385478357665772,0.148593564228701
108.238,0.673,26.92,0.489778819368446,0.239883291901949
108.257,0.699,27.96,0.552077439280757,0.304789498962798
108.257,0.686,27.44,0.519995996533516,0.270395836410885
108.276,0.712,28.48,0.586138164514029,0.343557947899875
108.293,0.699,27.96,0.552077439280757,0.304789498962798
108.293,0.712,28.48,0.586138164514029,0.343557947899875
108.312,0.712,28.48,0.586138164514029,0.343557947899875
108.329,0.673,26.92,0.489778819368446,0.239883291901949
108.329,0.712,28.48,0.586138164514029,0.343557947899875
108.347,0.686,27.44,0.519995996533516,0.270395836410885
108.365,0.608,24.32,0.363078054770101,0.131825673855641
108.365,0.686,27.44,0.519995996533516,0.270395836410885
108.383,0.634,25.36,0.409260659730011,0.167494287602644
108.4,0.479,19.16,0.200447202736516,0.040179081084894
108.4,0.647,25.88,0.434510224171572,0.188799134909629
108.418,0.531,21.24,0.254683025258504,0.0648634433548238
108.435,0.142,5.68,0.0424619563946313,0.00180301774085957
108.435,0.556,22.24,0.285759054337495,0.0816582371358593
108.453,0.311,12.44,0.0924698173938222,0.00855066712884683
108.471,0.466,18.64,0.188799134909629,0.0356451133426244
108.471,0.375,15,0.124165230759241,0.0154170045294956
108.489,0.388,15.52,0.131825673855641,0.0173780082874938
108.507,0.595,23.8,0.341979442513709,0.116949939101987
108.507,0.298,11.92,0.0870963589956081,0.00758577575029184
108.524,0.569,22.76,0.303389118419427,0.0920449571753171
108.542,0.181,7.24,0.0508159442560561,0.0025822601906346
108.542,0.531,21.24,0.254683025258504,0.0648634433548238
108.56,0.634,25.36,0.409260659730011,0.167494287602644
108.578,0.492,19.68,0.212813904598271,0.0452897579903621
108.578,0.634,25.36,0.409260659730011,0.167494287602644
108.595,0.686,27.44,0.519995996533516,0.270395836410885
108.614,0.621,24.84,0.385478357665772,0.148593564228701
108.614,0.699,27.96,0.552077439280757,0.304789498962798
108.632,0.712,28.48,0.586138164514029,0.343557947899875
108.65,0.673,26.92,0.489778819368446,0.239883291901949
108.65,0.712,28.48,0.586138164514029,0.343557947899875
108.668,0.699,27.96,0.552077439280757,0.304789498962798
108.686,0.699,27.96,0.552077439280757,0.304789498962798
108.686,0.699,27.96,0.552077439280757,0.304789498962798
108.705,0.673,26.92,0.489778819368446,0.239883291901949
108.722,0.712,28.48,0.586138164514029,0.343557947899875
108.722,0.686,27.44,0.519995996533516,0.270395836410885
108.739,0.621,24.84,0.385478357665772,0.148593564228701
108.757,0.699,27.96,0.552077439280757,0.304789498962798
108.757,0.634,25.36,0.409260659730011,0.167494287602644
108.775,0.518,20.72,0.239883291901949,0.0575439937337157
108.792,0.647,25.88,0.434510224171572,0.188799134909629
108.792,0.544,21.76,0.270395836410884,0.0731139083483418
108.811,0.259,10.36,0.0727779804536824,0.00529663443891658
108.828,0.569,22.76,0.303389118419427,0.0920449571753171
108.828,0.311,12.44,0.0924698173938222,0.00855066712884683
108.846,0.569,22.76,0.303389118419427,0.0920449571753171
108.863,0.401,16.04,0.139958732257262,0.0195884467350599
108.863,0.336,13.44,0.103752841581801,0.0107646521362983
108.881,0.582,23.28,0.322106879128343,0.103752841581801
108.9,0.246,9.84,0.0685488226452662,0.00469894108605216
108.9,0.544,21.76,0.270395836410884,0.0731139083483418
108.917,0.207,8.28,0.057279603098583,0.00328095293113119
108.934,0.505,20.2,0.225943577022098,0.0510504999975407
108.934,0.66,26.4,0.461317574560379,0.212813904598271
108.952,0.466,18.64,0.188799134909629,0.0356451133426244
108.97,0.621,24.84,0.385478357665772,0.148593564228701
108.97,0.699,27.96,0.552077439280757,0.304789498962798
108.988,0.595,23.8,0.341979442513709,0.116949939101987
109.006,0.686,27.44,0.519995996533516,0.270395836410885
109.024,0.712,28.48,0.586138164514029,0.343557947899875
109.024,0.673,26.92,0.489778819368446,0.239883291901949
109.043,0.712,28.48,0.586138164514029,0.343557947899875
109.043,0.699,27.96,0.552077439280757,0.304789498962798
109.063,0.699,27.96,0.552077439280757,0.304789498962798
109.082,0.712,28.48,0.586138164514029,0.343557947899875
109.082,0.686,27.44,0.519995996533516,0.270395836410885
109.103,0.712,28.48,0.586138164514029,0.343557947899875
109.103,0.699,27.96,0.552077439280757,0.304789498962798
109.123,0.647,25.88,0.434510224171572,0.188799134909629
109.144,0.699,27.96,0.552077439280757,0.304789498962798
109.144,0.647,25.88,0.434510224171572,0.188799134909629
109.165,0.531,21.24,0.254683025258504,0.0648634433548238
109.165,0.66,26.4,0.461317574560379,0.212813904598271
109.185,0.569,22.76,0.303389118419427,0.0920449571753171
109.185,0.272,10.88,0.0772680585095703,0.00597035286583838
109.203,0.595,23.8,0.341979442513709,0.116949939101987
109.221,0.362,14.48,0.116949939101987,0.0136772882559585
109.221,0.375,15,0.124165230759241,0.0154170045294956
109.239,0.44,17.6,0.167494287602644,0.0280543363795171
109.259,0.324,12.96,0.0981747943019985,0.00963829023623972
109.259,0.569,22.76,0.303389118419427,0.0920449571753171
109.276,0.22,8.8,0.0608135001278718,0.00369828179780266
109.295,0.531,21.24,0.254683025258504,0.0648634433548238
109.295,0.647,25.88,0.434510224171572,0.188799134909629
109.314,0.492,19.68,0.212813904598271,0.0452897579903621
109.333,0.634,25.36,0.409260659730011,0.167494287602644
109.333,0.466,18.64,0.188799134909629,0.0356451133426244
109.354,0.621,24.84,0.385478357665772,0.148593564228701
109.354,0.699,27.96,0.552077439280757,0.304789498962798
109.375,0.595,23.8,0.341979442513709,0.116949939101987
109.394,0.673,26.92,0.489778819368446,0.239883291901949
109.394,0.699,27.96,0.552077439280757,0.304789498962798
109.413,0.673,26.92,0.489778819368446,0.239883291901949
109.413,0.712,28.48,0.586138164514029,0.343557947899875
109.433,0.699,27.96,0.552077439280757,0.304789498962798
109.454,0.699,27.96,0.552077439280757,0.304789498962798
109.454,0.712,28.48,0.586138164514029,0.343557947899875
109.473,0.699,27.96,0.552077439280757,0.304789498962798
109.475,0.712,28.48,0.586138164514029,0.343557947899875
109.493,0.699,27.96,0.552077439280757,0.304789498962798
109.511,0.634,25.36,0.409260659730011,0.167494287602644
109.511,0.699,27.96,0.552077439280757,0.304789498962798
109.53,0.66,26.4,0.461317574560379,0.212813904598271
109.53,0.544,21.76,0.270395836410884,0.0731139083483418
109.548,0.66,26.4,0.461317574560379,0.212813904598271
109.566,0.595,23.8,0.341979442513709,0.116949939101987
109.566,0.336,13.44,0.103752841581801,0.0107646521362983
109.585,0.595,23.8,0.341979442513709,0.116949939101987
109.603,0.414,16.56,0.148593564228701,0.022080047330189
109.603,0.324,12.96,0.0981747943019985,0.00963829023623972
109.622,0.479,19.16,0.200447202736516,0.040179081084894
109.639,0.207,8.28,0.057279603098583,0.00328095293113119
109.64,0.544,21.76,0.270395836410884,0.0731139083483418
109.658,0.194,7.76,0.0539510622515128,0.00291071711806661
109.675,0.518,20.72,0.239883291901949,0.0575439937337157
109.676,0.647,25.88,0.434510224171572,0.188799134909629
109.693,0.479,19.16,0.200447202736516,0.040179081084894
109.71,0.634,25.36,0.409260659730011,0.167494287602644
109.71,0.427,17.08,0.157761126969935,0.0248885731828239
109.728,0.608,24.32,0.363078054770101,0.131825673855641
109.745,0.686,27.44,0.519995996533516,0.270395836410885
109.745,0.595,23.8,0.341979442513709,0.116949939101987
109.765,0.673,26.92,0.489778819368446,0.239883291901949
109.783,0.699,27.96,0.552077439280757,0.304789498962798
109.783,0.647,25.88,0.434510224171572,0.188799134909629
109.802,0.699,27.96,0.552077439280757,0.304789498962798
109.82,0.699,27.96,0.552077439280757,0.304789498962798
109.82,0.699,27.96,0.552077439280757,0.304789498962798
109.837,0.712,28.48,0.586138164514029,0.343557947899875
109.855,0.699,27.96,0.552077439280757,0.304789498962798
109.855,0.712,28.48,0.586138164514029,0.343557947899875
109.872,0.699,27.96,0.552077439280757,0.304789498962798
109.893,0.647,25.88,0.434510224171572,0.188799134909629
109.893,0.712,28.48,0.586138164514029,0.343557947899875
109.912,0.66,26.4,0.461317574560379,0.212813904598271
109.912,0.556,22.24,0.285759054337495,0.0816582371358593
109.93,0.673,26.92,0.489778819368446,0.239883291901949
109.946,0.582,23.28,0.322106879128343,0.103752841581801
109.947,0.375,15,0.124165230759241,0.0154170045294956
109.965,0.66,26.4,0.461317574560379,0.212813904598271
109.983,0.427,17.08,0.157761126969935,0.0248885731828239
109.983,0.298,11.92,0.0870963589956081,0.00758577575029184
110.001,0.479,19.16,0.200447202736516,0.040179081084894
110.019,0.207,8.28,0.057279603098583,0.00328095293113119
110.019,0.531,21.24,0.254683025258504,0.0648634433548238
110.037,0.194,7.76,0.0539510622515128,0.00291071711806661
110.055,0.505,20.2,0.225943577022098,0.0510504999975407
110.055,0.634,25.36,0.409260659730011,0.167494287602644
110.073,0.453,18.12,0.177827941003892,0.0316227766016838
110.092,0.621,24.84,0.385478357665772,0.148593564228701
110.092,0.401,16.04,0.139958732257262,0.0195884467350599
110.11,0.595,23.8,0.341979442513709,0.116949939101987
110.128,0.673,26.92,0.489778819368446,0.239883291901949
110.128,0.569,22.76,0.303389118419427,0.0920449571753171
110.146,0.66,26.4,0.461317574560379,0.212813904598271
110.164,0.699,27.96,0.552077439280757,0.304789498962798
110.164,0.66,26.4,0.461317574560379,0.212813904598271
110.183,0.699,27.96,0.552077439280757,0.304789498962798
110.202,0.712,28.48,0.586138164514029,0.343557947899875
110.203,0.686,27.44,0.519995996533516,0.270395836410885
110.22,0.712,28.48,0.586138164514029,0.343557947899875
110.22,0.686,27.44,0.519995996533516,0.270395836410885
110.239,0.712,28.48,0.586138164514029,0.343557947899875
110.258,0.699,27.96,0.552077439280757,0.304789498962798
110.258,0.66,26.4,0.461317574560379,0.212813904598271
110.277,0.738,29.52,0.660693448007596,0.436515832240166
110.295,0.673,26.92,0.489778819368446,0.239883291901949
110.295,0.582,23.28,0.322106879128343,0.103752841581801
110.314,0.686,27.44,0.519995996533516,0.270395836410885
110.332,0.595,23.8,0.341979442513709,0.116949939101987
110.333,0.414,16.56,0.148593564228701,0.022080047330189
110.352,0.621,24.84,0.385478357665772,0.148593564228701
110.352,0.466,18.64,0.188799134909629,0.0356451133426244
110.371,0.233,9.32,0.0645654229034656,0.00416869383470336
110.39,0.518,20.72,0.239883291901949,0.0575439937337157
110.39,0.168,6.72,0.0478630092322639,0.00229086765276777
110.408,0.518,20.72,0.239883291901949,0.0575439937337157
110.426,0.233,9.32,0.0645654229034656,0.00416869383470336
110.426,0.479,19.16,0.200447202736516,0.040179081084894
110.445,0.634,25.36,0.409260659730011,0.167494287602644
110.462,0.427,17.08,0.157761126969935,0.0248885731828239
110.462,0.608,24.32,0.363078054770101,0.131825673855641
110.481,0.673,26.92,0.489778819368446,0.239883291901949
110.499,0.595,23.8,0.341979442513709,0.116949939101987
110.499,0.686,27.44,0.519995996533516,0.270395836410885
110.517,0.556,22.24,0.285759054337495,0.0816582371358593
110.534,0.66,26.4,0.461317574560379,0.212813904598271
110.534,0.712,28.48,0.586138164514029,0.343557947899875
110.554,0.647,25.88,0.434510224171572,0.188799134909629
110.571,0.699,27.96,0.552077439280757,0.304789498962798
110.572,0.712,28.48,0.586138164514029,0.343557947899875
110.589,0.699,27.96,0.552077439280757,0.304789498962798
110.589,0.712,28.48,0.586138164514029,0.343557947899875
110.606,0.699,27.96,0.552077439280757,0.304789498962798
110.624,0.712,28.48,0.586138164514029,0.343557947899875
110.643,0.699,27.96,0.552077439280757,0.304789498962798
110.643,0.66,26.4,0.461317574560379,0.212813904598271
110.661,0.699,27.96,0.552077439280757,0.304789498962798
110.661,0.673,26.92,0.489778819368446,0.239883291901949
110.679,0.582,23.28,0.322106879128343,0.103752841581801
110.696,0.686,27.44,0.519995996533516,0.270395836410885
110.696,0.621,24.84,0.385478357665772,0.148593564228701
110.715,0.44,17.6,0.167494287602644,0.0280543363795171
110.732,0.634,25.36,0.409260659730011,0.167494287602644
110.75,0.492,19.68,0.212813904598271,0.0452897579903621
110.75,0.22,8.8,0.0608135001278718,0.00369828179780266
110.768,0.518,20.72,0.239883291901949,0.0575439937337157
110.768,0.22,8.8,0.0608135001278718,0.00369828179780266
110.786,0.699,27.96,0.552077439280757,0.304789498962798
110.804,0.272,10.88,0.0772680585095703,0.00597035286583838
110.821,0.453,18.12,0.177827941003892,0.0316227766016838
110.821,0.608,24.32,0.363078054770101,0.131825673855641
110.84,0.388,15.52,0.131825673855641,0.0173780082874938
110.865,0.595,23.8,0.341979442513709,0.116949939101987
110.865,0.311,12.44,0.0924698173938222,0.00855066712884683
110.865,0.556,22.24,0.285759054337495,0.0816582371358593
110.883,0.66,26.4,0.461317574560379,0.212813904598271
110.902,0.544,21.76,0.270395836410884,0.0731139083483418
110.902,0.647,25.88,0.434510224171572,0.188799134909629
110.919,0.699,27.96,0.552077439280757,0.304789498962798
110.938,0.634,25.36,0.409260659730011,0.167494287602644
110.938,0.699,27.96,0.552077439280757,0.304789498962798
110.955,0.712,28.48,0.586138164514029,0.343557947899875
110.974,0.699,27.96,0.552077439280757,0.304789498962798
110.974,0.699,27.96,0.552077439280757,0.304789498962798
110.992,0.699,27.96,0.552077439280757,0.304789498962798
111.01,0.699,27.96,0.552077439280757,0.304789498962798
111.01,0.699,27.96,0.552077439280757,0.304789498962798
111.027,0.673,26.92,0.489778819368446,0.239883291901949
111.045,0.712,28.48,0.586138164514029,0.343557947899875
111.045,0.673,26.92,0.489778819368446,0.239883291901949
111.062,0.595,23.8,0.341979442513709,0.116949939101987
111.08,0.686,27.44,0.519995996533516,0.270395836410885
111.08,0.621,24.84,0.385478357665772,0.148593564228701
111.099,0.466,18.64,0.188799134909629,0.0356451133426244
111.116,0.634,25.36,0.409260659730011,0.167494287602644
111.117,0.505,20.2,0.225943577022098,0.0510504999975407
111.134,0.155,6.2,0.045081670454146,0.00203235701093622
111.152,0.544,21.76,0.270395836410884,0.0731139083483418
111.152,0.207,8.28,0.057279603098583,0.00328095293113119
111.17,0.466,18.64,0.188799134909629,0.0356451133426244
111.189,0.336,13.44,0.103752841581801,0.0107646521362983
111.189,0.414,16.56,0.148593564228701,0.022080047330189
111.207,0.608,24.32,0.363078054770101,0.131825673855641
111.225,0.336,13.44,0.103752841581801,0.0107646521362983
111.225,0.582,23.28,0.322106879128343,0.103752841581801
111.242,0.246,9.84,0.0685488226452662,0.00469894108605216
111.259,0.556,22.24,0.285759054337495,0.0816582371358593
111.26,0.66,26.4,0.461317574560379,0.212813904598271
111.277,0.531,21.24,0.254683025258504,0.0648634433548238
111.295,0.647,25.88,0.434510224171572,0.188799134909629
111.295,0.699,27.96,0.552077439280757,0.304789498962798
111.314,0.621,24.84,0.385478357665772,0.148593564228701
111.331,0.686,27.44,0.519995996533516,0.270395836410885
111.331,0.712,28.48,0.586138164514029,0.343557947899875
111.349,0.686,27.44,0.519995996533516,0.270395836410885
111.366,0.712,28.48,0.586138164514029,0.343557947899875
111.366,0.699,27.96,0.552077439280757,0.304789498962798
111.385,0.712,28.48,0.586138164514029,0.343557947899875
111.403,0.712,28.48,0.586138164514029,0.343557947899875
111.403,0.673,26.92,0.489778819368446,0.239883291901949
111.422,0.712,28.48,0.586138164514029,0.343557947899875
111.439,0.686,27.44,0.519995996533516,0.270395836410885
111.439,0.608,24.32,0.363078054770101,0.131825673855641
111.458,0.699,27.96,0.552077439280757,0.304789498962798
111.475,0.634,25.36,0.409260659730011,0.167494287602644
111.475,0.505,20.2,0.225943577022098,0.0510504999975407
111.494,0.647,25.88,0.434510224171572,0.188799134909629
111.512,0.544,21.76,0.270395836410884,0.0731139083483418
111.512,0.181,7.24,0.0508159442560561,0.0025822601906346
111.532,0.556,22.24,0.285759054337495,0.0816582371358593
111.533,0.272,10.88,0.0772680585095703,0.00597035286583838
111.551,0.44,17.6,0.167494287602644,0.0280543363795171
111.568,0.362,14.48,0.116949939101987,0.0136772882559585
111.568,0.375,15,0.124165230759241,0.0154170045294956
111.587,0.595,23.8,0.341979442513709,0.116949939101987
111.605,0.285,11.4,0.0820351544329818,0.00672976656284318
111.605,0.556,22.24,0.285759054337495,0.0816582371358593
111.623,0.207,8.28,0.057279603098583,0.00328095293113119
111.641,0.518,20.72,0.239883291901949,0.0575439937337157
111.641,0.647,25.88,0.434510224171572,0.188799134909629
111.658,0.492,19.68,0.212813904598271,0.0452897579903621
111.677,0.634,25.36,0.409260659730011,0.167494287602644
111.677,0.686,27.44,0.519995996533516,0.270395836410885
111.696,0.608,24.32,0.363078054770101,0.131825673855641
111.715,0.686,27.44,0.519995996533516,0.270395836410885
111.715,0.712,28.48,0.586138164514029,0.343557947899875
111.733,0.673,26.92,0.489778819368446,0.239883291901949
111.733,0.712,28.48,0.586138164514029,0.343557947899875
111.752,0.712,28.48,0.586138164514029,0.343557947899875
111.77,0.699,27.96,0.552077439280757,0.304789498962798
111.77,0.712,28.48,0.586138164514029,0.343557947899875
111.79,0.673,26.92,0.489778819368446,0.239883291901949
111.81,0.712,28.48,0.586138164514029,0.343557947899875
111.81,0.686,27.44,0.519995996533516,0.270395836410885
111.829,0.634,25.36,0.409260659730011,0.167494287602644
111.829,0.699,27.96,0.552077439280757,0.304789498962798
111.849,0.647,25.88,0.434510224171572,0.188799134909629
111.866,0.518,20.72,0.239883291901949,0.0575439937337157
111.867,0.673,26.92,0.489778819368446,0.239883291901949
111.886,0.556,22.24,0.285759054337495,0.0816582371358593
111.903,0.246,9.84,0.0685488226452662,0.00469894108605216
111.903,0.582,23.28,0.322106879128343,0.103752841581801
111.921,0.324,12.96,0.0981747943019985,0.00963829023623972
111.939,0.414,16.56,0.148593564228701,0.022080047330189
111.939,0.388,15.52,0.131825673855641,0.0173780082874938
111.957,0.362,14.48,0.116949939101987,0.0136772882559585
111.975,0.582,23.28,0.322106879128343,0.103752841581801
111.975,0.259,10.36,0.0727779804536824,0.00529663443891658
111.993,0.544,21.76,0.270395836410884,0.0731139083483418
112.011,0.155,6.2,0.045081670454146,0.00203235701093622
112.011,0.608,24.32,0.363078054770101,0.131825673855641
112.029,0.634,25.36,0.409260659730011,0.167494287602644
112.047,0.479,19.16,0.200447202736516,0.040179081084894
112.047,0.621,24.84,0.385478357665772,0.148593564228701
112.065,0.686,27.44,0.519995996533516,0.270395836410885
112.084,0.608,24.32,0.363078054770101,0.131825673855641
112.084,0.673,26.92,0.489778819368446,0.239883291901949
112.101,0.712,28.48,0.586138164514029,0.343557947899875
112.118,0.66,26.4,0.461317574560379,0.212813904598271
112.118,0.699,27.96,0.552077439280757,0.304789498962798
112.137,0.712,28.48,0.586138164514029,0.343557947899875
112.154,0.699,27.96,0.552077439280757,0.304789498962798
112.154,0.699,27.96,0.552077439280757,0.304789498962798
112.172,0.673,26.92,0.489778819368446,0.239883291901949
112.189,0.712,28.48,0.586138164514029,0.343557947899875
112.189,0.686,27.44,0.519995996533516,0.270395836410885
112.208,0.634,25.36,0.409260659730011,0.167494287602644
112.225,0.699,27.96,0.552077439280757,0.304789498962798
112.225,0.647,25.88,0.434510224171572,0.188799134909629
112.243,0.531,21.24,0.254683025258504,0.0648634433548238
112.261,0.66,26.4,0.461317574560379,0.212813904598271
112.261,0.556,22.24,0.285759054337495,0.0816582371358593
112.279,0.298,11.92,0.0870963589956081,0.00758577575029184
112.297,0.595,23.8,0.341979442513709,0.116949939101987
112.297,0.375,15,0.124165230759241,0.0154170045294956
112.314,0.375,15,0.124165230759241,0.0154170045294956
112.332,0.466,18.64,0.188799134909629,0.0356451133426244
112.332,0.285,11.4,0.0820351544329818,0.00672976656284318
112.349,0.569,22.76,0.303389118419427,0.0920449571753171
112.367,0.22,8.8,0.0608135001278718,0.00369828179780266
112.367,0.531,21.24,0.254683025258504,0.0648634433548238
112.385,0.647,25.88,0.434510224171572,0.188799134909629
112.403,0.492,19.68,0.212813904598271,0.0452897579903621
112.403,0.634,25.36,0.409260659730011,0.167494287602644
112.422,0.453,18.12,0.177827941003892,0.0316227766016838
112.439,0.621,24.84,0.385478357665772,0.148593564228701
112.439,0.686,27.44,0.519995996533516,0.270395836410885
112.457,0.595,23.8,0.341979442513709,0.116949939101987
112.474,0.673,26.92,0.489778819368446,0.239883291901949
112.474,0.699,27.96,0.552077439280757,0.304789498962798
112.493,0.66,26.4,0.461317574560379,0.212813904598271
112.512,0.712,28.48,0.586138164514029,0.343557947899875
112.512,0.712,28.48,0.586138164514029,0.343557947899875
112.53,0.699,27.96,0.552077439280757,0.304789498962798
112.548,0.712,28.48,0.586138164514029,0.343557947899875
112.548,0.686,27.44,0.519995996533516,0.270395836410885
112.567,0.712,28.48,0.586138164514029,0.343557947899875
112.567,0.699,27.96,0.552077439280757,0.304789498962798
112.585,0.634,25.36,0.409260659730011,0.167494287602644
112.603,0.699,27.96,0.552077439280757,0.304789498962798
112.603,0.647,25.88,0.434510224171572,0.188799134909629
112.622,0.544,21.76,0.270395836410884,0.0731139083483418
112.641,0.66,26.4,0.461317574560379,0.212813904598271
112.641,0.569,22.76,0.303389118419427,0.0920449571753171
112.659,0.336,13.44,0.103752841581801,0.0107646521362983
112.679,0.595,23.8,0.341979442513709,0.116949939101987
112.679,0.401,16.04,0.139958732257262,0.0195884467350599
112.698,0.336,13.44,0.103752841581801,0.0107646521362983
112.698,0.466,18.64,0.188799134909629,0.0356451133426244
112.717,0.233,9.32,0.0645654229034656,0.00416869383470336
112.737,0.544,21.76,0.270395836410884,0.0731139083483418
112.737,0.168,6.72,0.0478630092322639,0.00229086765276777
112.759,0.518,20.72,0.239883291901949,0.0575439937337157
112.759,0.634,25.36,0.409260659730011,0.167494287602644
112.779,0.479,19.16,0.200447202736516,0.040179081084894
112.797,0.621,24.84,0.385478357665772,0.148593564228701
112.797,0.414,16.56,0.148593564228701,0.022080047330189
112.817,0.595,23.8,0.341979442513709,0.116949939101987
112.817,0.673,26.92,0.489778819368446,0.239883291901949
112.835,0.582,23.28,0.322106879128343,0.103752841581801
112.854,0.66,26.4,0.461317574560379,0.212813904598271
112.854,0.712,28.48,0.586138164514029,0.343557947899875
112.873,0.66,26.4,0.461317574560379,0.212813904598271
112.892,0.699,27.96,0.552077439280757,0.304789498962798
112.892,0.712,28.48,0.586138164514029,0.343557947899875
112.911,0.699,27.96,0.552077439280757,0.304789498962798
112.93,0.712,28.48,0.586138164514029,0.343557947899875
112.93,0.699,27.96,0.552077439280757,0.304789498962798
112.948,0.712,28.48,0.586138164514029,0.343557947899875
112.948,0.699,27.96,0.552077439280757,0.304789498962798
112.967,0.647,25.88,0.434510224171572,0.188799134909629
112.986,0.699,27.96,0.552077439280757,0.304789498962798
112.986,0.647,25.88,0.434510224171572,0.188799134909629
113.004,0.569,22.76,0.303389118419427,0.0920449571753171
113.024,0.673,26.92,0.489778819368446,0.239883291901949
113.025,0.595,23.8,0.341979442513709,0.116949939101987
113.044,0.492,19.68,0.212813904598271,0.0452897579903621
113.044,0.621,24.84,0.385478357665772,0.148593564228701
113.062,0.453,18.12,0.177827941003892,0.0316227766016838
113.081,0.272,10.88,0.0772680585095703,0.00597035286583838
113.081,0.505,20.2,0.225943577022098,0.0510504999975407
113.1,0.207,8.28,0.057279603098583,0.00328095293113119
113.119,0.544,21.76,0.270395836410884,0.0731139083483418
113.119,0.22,8.8,0.0608135001278718,0.00369828179780266
113.138,0.492,19.68,0.212813904598271,0.0452897579903621
113.156,0.647,25.88,0.434510224171572,0.188799134909629
113.156,0.453,18.12,0.177827941003892,0.0316227766016838
113.175,0.608,24.32,0.363078054770101,0.131825673855641
113.175,0.388,15.52,0.131825673855641,0.0173780082874938
113.193,0.595,23.8,0.341979442513709,0.116949939101987
113.213,0.673,26.92,0.489778819368446,0.239883291901949
113.213,0.569,22.76,0.303389118419427,0.0920449571753171
113.231,0.673,26.92,0.489778819368446,0.239883291901949
113.252,0.699,27.96,0.552077439280757,0.304789498962798
113.252,0.647,25.88,0.434510224171572,0.188799134909629
113.271,0.699,27.96,0.552077439280757,0.304789498962798
113.271,0.712,28.48,0.586138164514029,0.343557947899875
113.289,0.686,27.44,0.519995996533516,0.270395836410885
113.309,0.712,28.48,0.586138164514029,0.343557947899875
113.309,0.686,27.44,0.519995996533516,0.270395836410885
113.328,0.712,28.48,0.586138164514029,0.343557947899875
113.346,0.686,27.44,0.519995996533516,0.270395836410885
113.346,0.66,26.4,0.461317574560379,0.212813904598271
113.364,0.699,27.96,0.552077439280757,0.304789498962798
113.381,0.673,26.92,0.489778819368446,0.239883291901949
113.382,0.582,23.28,0.322106879128343,0.103752841581801
113.401,0.673,26.92,0.489778819368446,0.239883291901949
113.401,0.595,23.8,0.341979442513709,0.116949939101987
113.419,0.414,16.56,0.148593564228701,0.022080047330189
113.438,0.621,24.84,0.385478357665772,0.148593564228701
113.438,0.466,18.64,0.188799134909629,0.0356451133426244
113.458,0.233,9.32,0.0645654229034656,0.00416869383470336
113.477,0.492,19.68,0.212813904598271,0.0452897579903621
113.477,0.194,7.76,0.0539510622515128,0.00291071711806661
113.497,0.505,20.2,0.225943577022098,0.0510504999975407
113.498,0.259,10.36,0.0727779804536824,0.00529663443891658
113.517,0.466,18.64,0.188799134909629,0.0356451133426244
113.535,0.621,24.84,0.385478357665772,0.148593564228701
113.535,0.414,16.56,0.148593564228701,0.022080047330189
113.555,0.647,25.88,0.434510224171572,0.188799134909629
113.574,0.349,13.96,0.110153930954142,0.0121338885046498
113.574,0.582,23.28,0.322106879128343,0.103752841581801
113.595,0.673,26.92,0.489778819368446,0.239883291901949
113.595,0.544,21.76,0.270395836410884,0.0731139083483418
113.613,0.647,25.88,0.434510224171572,0.188799134909629
113.632,0.699,27.96,0.552077439280757,0.304789498962798
113.632,0.634,25.36,0.409260659730011,0.167494287602644
113.65,0.699,27.96,0.552077439280757,0.304789498962798
113.667,0.712,28.48,0.586138164514029,0.343557947899875
113.667,0.686,27.44,0.519995996533516,0.270395836410885
113.685,0.712,28.48,0.586138164514029,0.343557947899875
113.703,0.699,27.96,0.552077439280757,0.304789498962798
113.703,0.712,28.48,0.586138164514029,0.343557947899875
113.722,0.712,28.48,0.586138164514029,0.343557947899875
113.722,0.673,26.92,0.489778819368446,0.239883291901949
113.741,0.712,28.48,0.586138164514029,0.343557947899875
113.758,0.686,27.44,0.519995996533516,0.270395836410885
113.758,0.582,23.28,0.322106879128343,0.103752841581801
113.776,0.686,27.44,0.519995996533516,0.270395836410885
113.795,0.608,24.32,0.363078054770101,0.131825673855641
113.795,0.44,17.6,0.167494287602644,0.0280543363795171
113.814,0.621,24.84,0.385478357665772,0.148593564228701
113.832,0.492,19.68,0.212813904598271,0.0452897579903621
113.832,0.168,6.72,0.0478630092322639,0.00229086765276777
113.852,0.544,21.76,0.270395836410884,0.0731139083483418
113.871,0.492,19.68,0.212813904598271,0.0452897579903621
113.871,0.492,19.68,0.212813904598271,0.0452897579903621
113.89,0.285,11.4,0.0820351544329818,0.00672976656284318
113.89,0.44,17.6,0.167494287602644,0.0280543363795171
113.91,0.621,24.84,0.385478357665772,0.148593564228701
113.929,0.375,15,0.124165230759241,0.0154170045294956
113.929,0.582,23.28,0.322106879128343,0.103752841581801
113.948,0.298,11.92,0.0870963589956081,0.00758577575029184
113.948,0.569,22.76,0.303389118419427,0.0920449571753171
113.967,0.66,26.4,0.461317574560379,0.212813904598271
113.986,0.544,21.76,0.270395836410884,0.0731139083483418
113.986,0.647,25.88,0.434510224171572,0.188799134909629
114.005,0.699,27.96,0.552077439280757,0.304789498962798
114.024,0.634,25.36,0.409260659730011,0.167494287602644
114.024,0.686,27.44,0.519995996533516,0.270395836410885
114.043,0.712,28.48,0.586138164514029,0.343557947899875
114.06,0.686,27.44,0.519995996533516,0.270395836410885
114.06,0.712,28.48,0.586138164514029,0.343557947899875
114.078,0.699,27.96,0.552077439280757,0.304789498962798
114.096,0.699,27.96,0.552077439280757,0.304789498962798
114.097,0.699,27.96,0.552077439280757,0.304789498962798
114.114,0.66,26.4,0.461317574560379,0.212813904598271
114.133,0.699,27.96,0.552077439280757,0.304789498962798
114.133,0.673,26.92,0.489778819368446,0.239883291901949
114.15,0.595,23.8,0.341979442513709,0.116949939101987
114.15,0.686,27.44,0.519995996533516,0.270395836410885
114.168,0.621,24.84,0.385478357665772,0.148593564228701
114.186,0.479,19.16,0.200447202736516,0.040179081084894
114.204,0.634,25.36,0.409260659730011,0.167494287602644
114.204,0.518,20.72,0.239883291901949,0.0575439937337157
114.222,0.194,7.76,0.0539510622515128,0.00291071711806661
114.223,0.556,22.24,0.285759054337495,0.0816582371358593
114.24,0.233,9.32,0.0645654229034656,0.00416869383470336
114.258,0.466,18.64,0.188799134909629,0.0356451133426244
114.258,0.324,12.96,0.0981747943019985,0.00963829023623972
114.276,0.505,20.2,0.225943577022098,0.0510504999975407
114.294,0.608,24.32,0.363078054770101,0.131825673855641
114.294,0.324,12.96,0.0981747943019985,0.00963829023623972
114.314,0.569,22.76,0.303389118419427,0.0920449571753171
114.332,0.246,9.84,0.0685488226452662,0.00469894108605216
114.332,0.544,21.76,0.270395836410884,0.0731139083483418
114.35,0.647,25.88,0.434510224171572,0.188799134909629
114.369,0.505,20.2,0.225943577022098,0.0510504999975407
114.369,0.634,25.36,0.409260659730011,0.167494287602644
114.387,0.699,27.96,0.552077439280757,0.304789498962798
114.405,0.621,24.84,0.385478357665772,0.148593564228701
114.405,0.686,27.44,0.519995996533516,0.270395836410885
114.423,0.712,28.48,0.586138164514029,0.343557947899875
114.441,0.673,26.92,0.489778819368446,0.239883291901949
114.441,0.712,28.48,0.586138164514029,0.343557947899875
114.459,0.699,27.96,0.552077439280757,0.304789498962798
114.478,0.712,28.48,0.586138164514029,0.343557947899875
114.478,0.712,28.48,0.586138164514029,0.343557947899875
114.496,0.673,26.92,0.489778819368446,0.239883291901949
114.496,0.712,28.48,0.586138164514029,0.343557947899875
114.516,0.686,27.44,0.519995996533516,0.270395836410885
114.535,0.608,24.32,0.363078054770101,0.131825673855641
114.535,0.699,27.96,0.552077439280757,0.304789498962798
114.554,0.634,25.36,0.409260659730011,0.167494287602644
114.575,0.492,19.68,0.212813904598271,0.0452897579903621
114.576,0.66,26.4,0.461317574560379,0.212813904598271
114.597,0.531,21.24,0.254683025258504,0.0648634433548238
114.597,0.207,8.28,0.057279603098583,0.00328095293113119
114.619,0.569,22.76,0.303389118419427,0.0920449571753171
114.619,0.285,11.4,0.0820351544329818,0.00672976656284318
114.637,0.44,17.6,0.167494287602644,0.0280543363795171
114.656,0.375,15,0.124165230759241,0.0154170045294956
114.656,0.375,15,0.124165230759241,0.0154170045294956
114.674,0.582,23.28,0.322106879128343,0.103752841581801
114.692,0.414,16.56,0.148593564228701,0.022080047330189
114.692,0.569,22.76,0.303389118419427,0.0920449571753171
114.712,0.233,9.32,0.0645654229034656,0.00416869383470336
114.712,0.531,21.24,0.254683025258504,0.0648634433548238
114.733,0.66,26.4,0.461317574560379,0.212813904598271
114.753,0.492,19.68,0.212813904598271,0.0452897579903621
114.753,0.621,24.84,0.385478357665772,0.148593564228701
114.773,0.686,27.44,0.519995996533516,0.270395836410885
114.773,0.608,24.32,0.363078054770101,0.131825673855641
114.794,0.673,26.92,0.489778819368446,0.239883291901949
114.794,0.699,27.96,0.552077439280757,0.304789498962798
114.814,0.673,26.92,0.489778819368446,0.239883291901949
114.834,0.699,27.96,0.552077439280757,0.304789498962798
114.834,0.699,27.96,0.552077439280757,0.304789498962798
114.859,0.712,28.48,0.586138164514029,0.343557947899875
114.859,0.699,27.96,0.552077439280757,0.304789498962798
114.878,0.673,26.92,0.489778819368446,0.239883291901949
114.878,0.712,28.48,0.586138164514029,0.343557947899875
114.898,0.686,27.44,0.519995996533516,0.270395836410885
114.916,0.634,25.36,0.409260659730011,0.167494287602644
114.916,0.686,27.44,0.519995996533516,0.270395836410885
114.935,0.634,25.36,0.409260659730011,0.167494287602644
114.956,0.518,20.72,0.239883291901949,0.0575439937337157
114.956,0.647,25.88,0.434510224171572,0.188799134909629
114.974,0.544,21.76,0.270395836410884,0.0731139083483418
114.974,0.233,9.32,0.0645654229034656,0.00416869383470336
114.995,0.582,23.28,0.322106879128343,0.103752841581801
115.013,0.349,13.96,0.110153930954142,0.0121338885046498
115.013,0.414,16.56,0.148593564228701,0.022080047330189
115.033,0.427,17.08,0.157761126969935,0.0248885731828239
115.033,0.324,12.96,0.0981747943019985,0.00963829023623972
115.053,0.569,22.76,0.303389118419427,0.0920449571753171
115.072,0.207,8.28,0.057279603098583,0.00328095293113119
115.072,0.544,21.76,0.270395836410884,0.0731139083483418
115.091,0.492,19.68,0.212813904598271,0.0452897579903621
115.109,0.518,20.72,0.239883291901949,0.0575439937337157
115.11,0.634,25.36,0.409260659730011,0.167494287602644
115.128,0.453,18.12,0.177827941003892,0.0316227766016838
115.128,0.621,24.84,0.385478357665772,0.148593564228701
115.147,0.686,27.44,0.519995996533516,0.270395836410885
115.164,0.595,23.8,0.341979442513709,0.116949939101987
115.164,0.673,26.92,0.489778819368446,0.239883291901949
115.183,0.699,27.96,0.552077439280757,0.304789498962798
115.201,0.673,26.92,0.489778819368446,0.239883291901949
115.201,0.712,28.48,0.586138164514029,0.343557947899875
115.22,0.712,28.48,0.586138164514029,0.343557947899875
115.239,0.699,27.96,0.552077439280757,0.304789498962798
115.239,0.712,28.48,0.586138164514029,0.343557947899875
115.257,0.686,27.44,0.519995996533516,0.270395836410885
115.276,0.712,28.48,0.586138164514029,0.343557947899875
115.277,0.686,27.44,0.519995996533516,0.270395836410885
115.293,0.621,24.84,0.385478357665772,0.148593564228701
115.293,0.699,27.96,0.552077439280757,0.304789498962798
115.312,0.647,25.88,0.434510224171572,0.188799134909629
115.33,0.531,21.24,0.254683025258504,0.0648634433548238
115.33,0.66,26.4,0.461317574560379,0.212813904598271
115.347,0.569,22.76,0.303389118419427,0.0920449571753171
115.365,0.298,11.92,0.0870963589956081,0.00758577575029184
115.384,0.595,23.8,0.341979442513709,0.116949939101987
115.384,0.388,15.52,0.131825673855641,0.0173780082874938
115.401,0.401,16.04,0.139958732257262,0.0195884467350599
115.403,0.44,17.6,0.167494287602644,0.0280543363795171
115.42,0.285,11.4,0.0820351544329818,0.00672976656284318
115.44,0.556,22.24,0.285759054337495,0.0816582371358593
115.44,0.155,6.2,0.045081670454146,0.00203235701093622
115.458,0.531,21.24,0.254683025258504,0.0648634433548238
115.477,0.647,25.88,0.434510224171572,0.188799134909629
115.477,0.492,19.68,0.212813904598271,0.0452897579903621
115.494,0.621,24.84,0.385478357665772,0.148593564228701
115.512,0.44,17.6,0.167494287602644,0.0280543363795171
115.512,0.608,24.32,0.363078054770101,0.131825673855641
115.53,0.673,26.92,0.489778819368446,0.239883291901949
115.548,0.595,23.8,0.341979442513709,0.116949939101987
115.548,0.673,26.92,0.489778819368446,0.239883291901949
115.566,0.699,27.96,0.552077439280757,0.304789498962798
115.584,0.66,26.4,0.461317574560379,0.212813904598271
115.584,0.699,27.96,0.552077439280757,0.304789498962798
115.601,0.699,27.96,0.552077439280757,0.304789498962798
115.619,0.686,27.44,0.519995996533516,0.270395836410885
115.619,0.712,28.48,0.586138164514029,0.343557947899875
115.638,0.686,27.44,0.519995996533516,0.270395836410885
115.655,0.699,27.96,0.552077439280757,0.304789498962798
115.655,0.699,27.96,0.552077439280757,0.304789498962798
115.673,0.647,25.88,0.434510224171572,0.188799134909629
115.69,0.699,27.96,0.552077439280757,0.304789498962798
115.69,0.647,25.88,0.434510224171572,0.188799134909629
115.709,0.556,22.24,0.285759054337495,0.0816582371358593
115.729,0.66,26.4,0.461317574560379,0.212813904598271
115.729,0.582,23.28,0.322106879128343,0.103752841581801
115.747,0.336,13.44,0.103752841581801,0.0107646521362983
115.747,0.608,24.32,0.363078054770101,0.131825673855641
115.765,0.427,17.08,0.157761126969935,0.0248885731828239
115.784,0.324,12.96,0.0981747943019985,0.00963829023623972
115.784,0.492,19.68,0.212813904598271,0.0452897579903621
115.803,0.233,9.32,0.0645654229034656,0.00416869383470336
115.822,0.544,21.76,0.270395836410884,0.0731139083483418
115.822,0.155,6.2,0.045081670454146,0.00203235701093622
115.842,0.518,20.72,0.239883291901949,0.0575439937337157
115.842,0.621,24.84,0.385478357665772,0.148593564228701
115.861,0.466,18.64,0.188799134909629,0.0356451133426244
115.88,0.621,24.84,0.385478357665772,0.148593564228701
115.881,0.414,16.56,0.148593564228701,0.022080047330189
115.898,0.595,23.8,0.341979442513709,0.116949939101987
115.918,0.686,27.44,0.519995996533516,0.270395836410885
115.918,0.582,23.28,0.322106879128343,0.103752841581801
115.937,0.673,26.92,0.489778819368446,0.239883291901949
115.937,0.699,27.96,0.552077439280757,0.304789498962798
115.955,0.647,25.88,0.434510224171572,0.188799134909629
115.973,0.699,27.96,0.552077439280757,0.304789498962798
115.973,0.699,27.96,0.552077439280757,0.304789498962798
115.991,0.699,27.96,0.552077439280757,0.304789498962798
116.01,0.712,28.48,0.586138164514029,0.343557947899875
116.01,0.686,27.44,0.519995996533516,0.270395836410885
116.029,0.699,27.96,0.552077439280757,0.304789498962798
116.047,0.686,27.44,0.519995996533516,0.270395836410885
116.047,0.647,25.88,0.434510224171572,0.188799134909629
116.065,0.699,27.96,0.552077439280757,0.304789498962798
116.084,0.66,26.4,0.461317574560379,0.212813904598271
116.085,0.569,22.76,0.303389118419427,0.0920449571753171
116.103,0.686,27.44,0.519995996533516,0.270395836410885
116.122,0.582,23.28,0.322106879128343,0.103752841581801
116.122,0.388,15.52,0.131825673855641,0.0173780082874938
116.14,0.621,24.84,0.385478357665772,0.148593564228701
116.14,0.453,18.12,0.177827941003892,0.0316227766016838
116.157,0.285,11.4,0.0820351544329818,0.00672976656284318
116.174,0.492,19.68,0.212813904598271,0.0452897579903621
116.193,0.194,7.76,0.0539510622515128,0.00291071711806661
116.193,0.531,21.24,0.254683025258504,0.0648634433548238
116.211,0.207,8.28,0.057279603098583,0.00328095293113119
116.211,0.492,19.68,0.212813904598271,0.0452897579903621
116.23,0.621,24.84,0.385478357665772,0.148593564228701
116.249,0.44,17.6,0.167494287602644,0.0280543363795171
116.249,0.608,24.32,0.363078054770101,0.131825673855641
116.268,0.362,14.48,0.116949939101987,0.0136772882559585
116.286,0.582,23.28,0.322106879128343,0.103752841581801
116.286,0.673,26.92,0.489778819368446,0.239883291901949
116.304,0.556,22.24,0.285759054337495,0.0816582371358593
116.324,0.66,26.4,0.461317574560379,0.212813904598271
116.324,0.699,27.96,0.552077439280757,0.304789498962798
116.342,0.647,25.88,0.434510224171572,0.188799134909629
116.359,0.699,27.96,0.552077439280757,0.304789498962798
116.359,0.712,28.48,0.586138164514029,0.343557947899875
116.377,0.686,27.44,0.519995996533516,0.270395836410885
116.394,0.712,28.48,0.586138164514029,0.343557947899875
116.394,0.699,27.96,0.552077439280757,0.304789498962798
116.413,0.712,28.48,0.586138164514029,0.343557947899875
116.432,0.712,28.48,0.586138164514029,0.343557947899875
116.432,0.66,26.4,0.461317574560379,0.212813904598271
116.45,0.699,27.96,0.552077439280757,0.304789498962798
116.45,0.673,26.92,0.489778819368446,0.239883291901949
116.467,0.582,23.28,0.322106879128343,0.103752841581801
116.485,0.686,27.44,0.519995996533516,0.270395836410885
116.485,0.595,23.8,0.341979442513709,0.116949939101987
116.504,0.414,16.56,0.148593564228701,0.022080047330189
116.522,0.621,24.84,0.385478357665772,0.148593564228701
116.522,0.479,19.16,0.200447202736516,0.040179081084894
116.54,0.207,8.28,0.057279603098583,0.00328095293113119
116.558,0.518,20.72,0.239883291901949,0.0575439937337157
116.558,0.207,8.28,0.057279603098583,0.00328095293113119
116.575,0.505,20.2,0.225943577022098,0.0510504999975407
116.593,0.246,9.84,0.0685488226452662,0.00469894108605216
116.593,0.453,18.12,0.177827941003892,0.0316227766016838
116.611,0.621,24.84,0.385478357665772,0.148593564228701
116.628,0.414,16.56,0.148593564228701,0.022080047330189
116.628,0.595,23.8,0.341979442513709,0.116949939101987
116.647,0.336,13.44,0.103752841581801,0.0107646521362983
116.664,0.569,22.76,0.303389118419427,0.0920449571753171
116.664,0.66,26.4,0.461317574560379,0.212813904598271
116.682,0.544,21.76,0.270395836410884,0.0731139083483418
116.699,0.66,26.4,0.461317574560379,0.212813904598271
116.699,0.699,27.96,0.552077439280757,0.304789498962798
116.717,0.647,25.88,0.434510224171572,0.188799134909629
116.737,0.699,27.96,0.552077439280757,0.304789498962798
116.737,0.712,28.48,0.586138164514029,0.343557947899875
116.757,0.686,27.44,0.519995996533516,0.270395836410885
116.779,0.712,28.48,0.586138164514029,0.343557947899875
116.779,0.699,27.96,0.552077439280757,0.304789498962798
116.8,0.712,28.48,0.586138164514029,0.343557947899875
116.8,0.699,27.96,0.552077439280757,0.304789498962798
116.819,0.66,26.4,0.461317574560379,0.212813904598271
116.819,0.712,28.48,0.586138164514029,0.343557947899875
116.838,0.686,27.44,0.519995996533516,0.270395836410885
116.856,0.608,24.32,0.363078054770101,0.131825673855641
116.856,0.686,27.44,0.519995996533516,0.270395836410885
116.874,0.621,24.84,0.385478357665772,0.148593564228701
116.891,0.453,18.12,0.177827941003892,0.0316227766016838
116.891,0.634,25.36,0.409260659730011,0.167494287602644
116.911,0.492,19.68,0.212813904598271,0.0452897579903621
116.929,0.168,6.72,0.0478630092322639,0.00229086765276777
116.929,0.544,21.76,0.270395836410884,0.0731139083483418
116.949,0.194,7.76,0.0539510622515128,0.00291071711806661
116.967,0.479,19.16,0.200447202736516,0.040179081084894
116.967,0.298,11.92,0.0870963589956081,0.00758577575029184
116.985,0.44,17.6,0.167494287602644,0.0280543363795171
117.003,0.608,24.32,0.363078054770101,0.131825673855641
117.003,0.349,13.96,0.110153930954142,0.0121338885046498
117.02,0.595,23.8,0.341979442513709,0.116949939101987
117.02,0.272,10.88,0.0772680585095703,0.00597035286583838
117.038,0.556,22.24,0.285759054337495,0.0816582371358593
117.056,0.66,26.4,0.461317574560379,0.212813904598271
117.056,0.518,20.72,0.239883291901949,0.0575439937337157
117.074,0.647,25.88,0.434510224171572,0.188799134909629
117.093,0.699,27.96,0.552077439280757,0.304789498962798
117.093,0.634,25.36,0.409260659730011,0.167494287602644
117.11,0.686,27.44,0.519995996533516,0.270395836410885
117.129,0.712,28.48,0.586138164514029,0.343557947899875
117.129,0.686,27.44,0.519995996533516,0.270395836410885
117.146,0.712,28.48,0.586138164514029,0.343557947899875
117.165,0.686,27.44,0.519995996533516,0.270395836410885
117.165,0.699,27.96,0.552077439280757,0.304789498962798
117.183,0.712,28.48,0.586138164514029,0.343557947899875
117.203,0.673,26.92,0.489778819368446,0.239883291901949
117.203,0.712,28.48,0.586138164514029,0.343557947899875
117.22,0.673,26.92,0.489778819368446,0.239883291901949
117.24,0.608,24.32,0.363078054770101,0.131825673855641
117.24,0.686,27.44,0.519995996533516,0.270395836410885
117.256,0.621,24.84,0.385478357665772,0.148593564228701
117.276,0.479,19.16,0.200447202736516,0.040179081084894
117.276,0.647,25.88,0.434510224171572,0.188799134909629
117.296,0.531,21.24,0.254683025258504,0.0648634433548238
117.296,0.155,6.2,0.045081670454146,0.00203235701093622
117.314,0.556,22.24,0.285759054337495,0.0816582371358593
117.333,0.233,9.32,0.0645654229034656,0.00416869383470336
117.333,0.466,18.64,0.188799134909629,0.0356451133426244
117.352,0.349,13.96,0.110153930954142,0.0121338885046498
117.371,0.388,15.52,0.131825673855641,0.0173780082874938
117.371,0.595,23.8,0.341979442513709,0.116949939101987
117.388,0.311,12.44,0.0924698173938222,0.00855066712884683
117.407,0.569,22.76,0.303389118419427,0.0920449571753171
117.407,0.246,9.84,0.0685488226452662,0.00469894108605216
117.425,0.556,22.24,0.285759054337495,0.0816582371358593
117.444,0.66,26.4,0.461317574560379,0.212813904598271
117.444,0.608,24.32,0.363078054770101,0.131825673855641
117.463,0.634,25.36,0.409260659730011,0.167494287602644
117.463,0.712,28.48,0.586138164514029,0.343557947899875
117.482,0.621,24.84,0.385478357665772,0.148593564228701
117.5,0.686,27.44,0.519995996533516,0.270395836410885
117.5,0.699,27.96,0.552077439280757,0.304789498962798
117.518,0.686,27.44,0.519995996533516,0.270395836410885
117.536,0.712,28.48,0.586138164514029,0.343557947899875
117.536,0.699,27.96,0.552077439280757,0.304789498962798
117.554,0.699,27.96,0.552077439280757,0.304789498962798
117.574,0.712,28.48,0.586138164514029,0.343557947899875
117.574,0.673,26.92,0.489778819368446,0.239883291901949
117.592,0.699,27.96,0.552077439280757,0.304789498962798
117.609,0.673,26.92,0.489778819368446,0.239883291901949
117.609,0.608,24.32,0.363078054770101,0.131825673855641
117.628,0.686,27.44,0.519995996533516,0.270395836410885
117.647,0.634,25.36,0.409260659730011,0.167494287602644
117.647,0.505,20.2,0.225943577022098,0.0510504999975407
117.665,0.647,25.88,0.434510224171572,0.188799134909629
117.665,0.531,21.24,0.254683025258504,0.0648634433548238
117.684,0.22,8.8,0.0608135001278718,0.00369828179780266
117.703,0.569,22.76,0.303389118419427,0.0920449571753171
117.703,0.311,12.44,0.0924698173938222,0.00855066712884683
117.722,0.44,17.6,0.167494287602644,0.0280543363795171
117.74,0.401,16.04,0.139958732257262,0.0195884467350599
117.74,0.349,13.96,0.110153930954142,0.0121338885046498
117.759,0.582,23.28,0.322106879128343,0.103752841581801
117.759,0.233,9.32,0.0645654229034656,0.00416869383470336
117.779,0.556,22.24,0.285759054337495,0.0816582371358593
117.796,0.181,7.24,0.0508159442560561,0.0025822601906346
117.796,0.518,20.72,0.239883291901949,0.0575439937337157
117.815,0.647,25.88,0.434510224171572,0.188799134909629
117.832,0.479,19.16,0.200447202736516,0.040179081084894
117.832,0.621,24.84,0.385478357665772,0.148593564228701
117.85,0.699,27.96,0.552077439280757,0.304789498962798
117.869,0.608,24.32,0.363078054770101,0.131825673855641
117.869,0.686,27.44,0.519995996533516,0.270395836410885
117.887,0.699,27.96,0.552077439280757,0.304789498962798
117.904,0.673,26.92,0.489778819368446,0.239883291901949
117.904,0.712,28.48,0.586138164514029,0.343557947899875
117.922,0.712,28.48,0.586138164514029,0.343557947899875
117.941,0.699,27.96,0.552077439280757,0.304789498962798
117.941,0.712,28.48,0.586138164514029,0.343557947899875
117.959,0.686,27.44,0.519995996533516,0.270395836410885
117.978,0.725,29,0.622300285169159,0.387257644921617
117.978,0.699,27.96,0.552077439280757,0.304789498962798
117.996,0.621,24.84,0.385478357665772,0.148593564228701
118.014,0.699,27.96,0.552077439280757,0.304789498962798
118.014,0.634,25.36,0.409260659730011,0.167494287602644
118.032,0.531,21.24,0.254683025258504,0.0648634433548238
118.053,0.66,26.4,0.461317574560379,0.212813904598271
118.053,0.556,22.24,0.285759054337495,0.0816582371358593
118.071,0.272,10.88,0.0772680585095703,0.00597035286583838
118.071,0.582,23.28,0.322106879128343,0.103752841581801
118.09,0.336,13.44,0.103752841581801,0.0107646521362983
118.109,0.401,16.04,0.139958732257262,0.0195884467350599
118.109,0.414,16.56,0.148593564228701,0.022080047330189
118.127,0.298,11.92,0.0870963589956081,0.00758577575029184
118.145,0.556,22.24,0.285759054337495,0.0816582371358593
118.145,0.181,7.24,0.0508159442560561,0.0025822601906346
118.165,0.531,21.24,0.254683025258504,0.0648634433548238
118.165,0.647,25.88,0.434510224171572,0.188799134909629
118.183,0.492,19.68,0.212813904598271,0.0452897579903621
118.202,0.621,24.84,0.385478357665772,0.148593564228701
118.202,0.466,18.64,0.188799134909629,0.0356451133426244
118.22,0.608,24.32,0.363078054770101,0.131825673855641
118.238,0.686,27.44,0.519995996533516,0.270395836410885
118.238,0.595,23.8,0.341979442513709,0.116949939101987
118.256,0.673,26.92,0.489778819368446,0.239883291901949
118.276,0.699,27.96,0.552077439280757,0.304789498962798
118.276,0.66,26.4,0.461317574560379,0.212813904598271
118.294,0.699,27.96,0.552077439280757,0.304789498962798
118.312,0.699,27.96,0.552077439280757,0.304789498962798
118.312,0.699,27.96,0.552077439280757,0.304789498962798
118.33,0.712,28.48,0.586138164514029,0.343557947899875
118.348,0.686,27.44,0.519995996533516,0.270395836410885
118.348,0.712,28.48,0.586138164514029,0.343557947899875
118.367,0.699,27.96,0.552077439280757,0.304789498962798
118.385,0.634,25.36,0.409260659730011,0.167494287602644
118.385,0.712,28.48,0.586138164514029,0.343557947899875
118.403,0.66,26.4,0.461317574560379,0.212813904598271
118.403,0.544,21.76,0.270395836410884,0.0731139083483418
118.42,0.673,26.92,0.489778819368446,0.239883291901949
118.438,0.569,22.76,0.303389118419427,0.0920449571753171
118.456,0.311,12.44,0.0924698173938222,0.00855066712884683
118.456,0.595,23.8,0.341979442513709,0.116949939101987
118.475,0.505,20.2,0.225943577022098,0.0510504999975407
118.476,0.349,13.96,0.110153930954142,0.0121338885046498
118.493,0.453,18.12,0.177827941003892,0.0316227766016838
118.512,0.246,9.84,0.0685488226452662,0.00469894108605216
118.512,0.556,22.24,0.285759054337495,0.0816582371358593
118.529,0.168,6.72,0.0478630092322639,0.00229086765276777
118.547,0.531,21.24,0.254683025258504,0.0648634433548238
118.548,0.647,25.88,0.434510224171572,0.188799134909629
118.565,0.479,19.16,0.200447202736516,0.040179081084894
118.582,0.634,25.36,0.409260659730011,0.167494287602644
118.582,0.427,17.08,0.157761126969935,0.0248885731828239
118.6,0.608,24.32,0.363078054770101,0.131825673855641
118.618,0.673,26.92,0.489778819368446,0.239883291901949
118.619,0.582,23.28,0.322106879128343,0.103752841581801
118.637,0.673,26.92,0.489778819368446,0.239883291901949
118.654,0.686,27.44,0.519995996533516,0.270395836410885
118.655,0.66,26.4,0.461317574560379,0.212813904598271
118.672,0.699,27.96,0.552077439280757,0.304789498962798
118.69,0.712,28.48,0.586138164514029,0.343557947899875
118.69,0.686,27.44,0.519995996533516,0.270395836410885
118.711,0.725,29,0.622300285169159,0.387257644921617
118.734,0.686,27.44,0.519995996533516,0.270395836410885
118.734,0.712,28.48,0.586138164514029,0.343557947899875
118.758,0.699,27.96,0.552077439280757,0.304789498962798
118.759,0.634,25.36,0.409260659730011,0.167494287602644
118.78,0.686,27.44,0.519995996533516,0.270395836410885
118.78,0.673,26.92,0.489778819368446,0.239883291901949
118.799,0.556,22.24,0.285759054337495,0.0816582371358593
118.799,0.673,26.92,0.489778819368446,0.239883291901949
118.817,0.582,23.28,0.322106879128343,0.103752841581801
118.839,0.362,14.48,0.116949939101987,0.0136772882559585
118.839,0.608,24.32,0.363078054770101,0.131825673855641
118.864,0.427,17.08,0.157761126969935,0.0248885731828239
118.864,0.285,11.4,0.0820351544329818,0.00672976656284318
118.883,0.492,19.68,0.212813904598271,0.0452897579903621
118.883,0.181,7.24,0.0508159442560561,0.0025822601906346
118.901,0.531,21.24,0.254683025258504,0.0648634433548238
118.92,0.155,6.2,0.045081670454146,0.00203235701093622
118.921,0.492,19.68,0.212813904598271,0.0452897579903621
118.94,0.634,25.36,0.409260659730011,0.167494287602644
118.94,0.466,18.64,0.188799134909629,0.0356451133426244
118.959,0.621,24.84,0.385478357665772,0.148593564228701
118.976,0.401,16.04,0.139958732257262,0.0195884467350599
118.976,0.699,27.96,0.552077439280757,0.304789498962798
118.994,0.673,26.92,0.489778819368446,0.239883291901949
119.012,0.569,22.76,0.303389118419427,0.0920449571753171
119.012,0.66,26.4,0.461317574560379,0.212813904598271
119.031,0.699,27.96,0.552077439280757,0.304789498962798
119.049,0.647,25.88,0.434510224171572,0.188799134909629
119.049,0.686,27.44,0.519995996533516,0.270395836410885
119.068,0.712,28.48,0.586138164514029,0.343557947899875
119.086,0.699,27.96,0.552077439280757,0.304789498962798
119.086,0.699,27.96,0.552077439280757,0.304789498962798
119.104,0.686,27.44,0.519995996533516,0.270395836410885
119.122,0.712,28.48,0.586138164514029,0.343557947899875
119.122,0.699,27.96,0.552077439280757,0.304789498962798
119.143,0.66,26.4,0.461317574560379,0.212813904598271
119.143,0.699,27.96,0.552077439280757,0.304789498962798
119.163,0.66,26.4,0.461317574560379,0.212813904598271
119.179,0.582,23.28,0.322106879128343,0.103752841581801
119.18,0.725,29,0.622300285169159,0.387257644921617
119.198,0.595,23.8,0.341979442513709,0.116949939101987
119.218,0.401,16.04,0.139958732257262,0.0195884467350599
119.218,0.621,24.84,0.385478357665772,0.148593564228701
119.243,0.466,18.64,0.188799134909629,0.0356451133426244
119.243,0.233,9.32,0.0645654229034656,0.00416869383470336
119.261,0.505,20.2,0.225943577022098,0.0510504999975407
119.261,0.155,6.2,0.045081670454146,0.00203235701093622
119.279,0.518,20.72,0.239883291901949,0.0575439937337157
119.298,0.194,7.76,0.0539510622515128,0.00291071711806661
119.298,0.479,19.16,0.200447202736516,0.040179081084894
119.318,0.621,24.84,0.385478357665772,0.148593564228701
119.336,0.427,17.08,0.157761126969935,0.0248885731828239
119.337,0.608,24.32,0.363078054770101,0.131825673855641
119.358,0.349,13.96,0.110153930954142,0.0121338885046498
119.358,0.582,23.28,0.322106879128343,0.103752841581801
119.378,0.673,26.92,0.489778819368446,0.239883291901949
119.4,0.556,22.24,0.285759054337495,0.0816582371358593
119.4,0.66,26.4,0.461317574560379,0.212813904598271
119.427,0.699,27.96,0.552077439280757,0.304789498962798
119.427,0.647,25.88,0.434510224171572,0.188799134909629
119.427,0.686,27.44,0.519995996533516,0.270395836410885
119.447,0.699,27.96,0.552077439280757,0.304789498962798
119.465,0.699,27.96,0.552077439280757,0.304789498962798
119.465,0.712,28.48,0.586138164514029,0.343557947899875
119.483,0.699,27.96,0.552077439280757,0.304789498962798
119.502,0.712,28.48,0.586138164514029,0.343557947899875
119.502,0.686,27.44,0.519995996533516,0.270395836410885
119.52,0.66,26.4,0.461317574560379,0.212813904598271
119.539,0.712,28.48,0.586138164514029,0.343557947899875
119.539,0.673,26.92,0.489778819368446,0.239883291901949
119.558,0.595,23.8,0.341979442513709,0.116949939101987
119.558,0.686,27.44,0.519995996533516,0.270395836410885
119.576,0.608,24.32,0.363078054770101,0.131825673855641
119.595,0.44,17.6,0.167494287602644,0.0280543363795171
119.595,0.634,25.36,0.409260659730011,0.167494287602644
119.614,0.492,19.68,0.212813904598271,0.0452897579903621
119.633,0.22,8.8,0.0608135001278718,0.00369828179780266
119.633,0.531,21.24,0.254683025258504,0.0648634433548238
119.651,0.207,8.28,0.057279603098583,0.00328095293113119
119.671,0.492,19.68,0.212813904598271,0.0452897579903621
119.671,0.285,11.4,0.0820351544329818,0.00672976656284318
119.693,0.44,17.6,0.167494287602644,0.0280543363795171
119.694,0.621,24.84,0.385478357665772,0.148593564228701
119.714,0.362,14.48,0.116949939101987,0.0136772882559585
119.714,0.582,23.28,0.322106879128343,0.103752841581801
119.735,0.311,12.44,0.0924698173938222,0.00855066712884683
119.755,0.569,22.76,0.303389118419427,0.0920449571753171
119.755,0.66,26.4,0.461317574560379,0.212813904598271
119.775,0.531,21.24,0.254683025258504,0.0648634433548238
119.775,0.647,25.88,0.434510224171572,0.188799134909629
119.793,0.699,27.96,0.552077439280757,0.304789498962798
119.812,0.725,29,0.622300285169159,0.387257644921617
119.812,0.699,27.96,0.552077439280757,0.304789498962798
119.83,0.712,28.48,0.586138164514029,0.343557947899875
119.848,0.686,27.44,0.519995996533516,0.270395836410885
119.848,0.712,28.48,0.586138164514029,0.343557947899875
119.867,0.699,27.96,0.552077439280757,0.304789498962798
119.867,0.712,28.48,0.586138164514029,0.343557947899875
119.887,0.699,27.96,0.552077439280757,0.304789498962798
119.904,0.673,26.92,0.489778819368446,0.239883291901949
119.904,0.712,28.48,0.586138164514029,0.343557947899875
119.924,0.673,26.92,0.489778819368446,0.239883291901949
119.943,0.595,23.8,0.341979442513709,0.116949939101987
119.943,0.686,27.44,0.519995996533516,0.270395836410885
119.964,0.621,24.84,0.385478357665772,0.148593564228701
119.964,0.466,18.64,0.188799134909629,0.0356451133426244
119.984,0.647,25.88,0.434510224171572,0.188799134909629
120.004,0.505,20.2,0.225943577022098,0.0510504999975407
120.004,0.699,27.96,0.552077439280757,0.304789498962798
120.023,0.544,21.76,0.270395836410884,0.0731139083483418
120.023,0.22,8.8,0.0608135001278718,0.00369828179780266
120.043,0.479,19.16,0.200447202736516,0.040179081084894
120.063,0.311,12.44,0.0924698173938222,0.00855066712884683
120.063,0.427,17.08,0.157761126969935,0.0248885731828239
120.081,0.595,23.8,0.341979442513709,0.116949939101987
120.1,0.349,13.96,0.110153930954142,0.0121338885046498
120.1,0.582,23.28,0.322106879128343,0.103752841581801
120.118,0.259,10.36,0.0727779804536824,0.00529663443891658
120.118,0.544,21.76,0.270395836410884,0.0731139083483418
120.137,0.66,26.4,0.461317574560379,0.212813904598271
120.156,0.518,20.72,0.239883291901949,0.0575439937337157
120.156,0.647,25.88,0.434510224171572,0.188799134909629
120.175,0.699,27.96,0.552077439280757,0.304789498962798
120.195,0.621,24.84,0.385478357665772,0.148593564228701
120.195,0.686,27.44,0.519995996533516,0.270395836410885
120.214,0.712,28.48,0.586138164514029,0.343557947899875
120.214,0.673,26.92,0.489778819368446,0.239883291901949
120.234,0.712,28.48,0.586138164514029,0.343557947899875
120.253,0.699,27.96,0.552077439280757,0.304789498962798
120.253,0.712,28.48,0.586138164514029,0.343557947899875
120.272,0.712,28.48,0.586138164514029,0.343557947899875
120.272,0.673,26.92,0.489778819368446,0.239883291901949
120.292,0.712,28.48,0.586138164514029,0.343557947899875
120.313,0.686,27.44,0.519995996533516,0.270395836410885
120.313,0.621,24.84,0.385478357665772,0.148593564228701
120.333,0.699,27.96,0.552077439280757,0.304789498962798
120.333,0.634,25.36,0.409260659730011,0.167494287602644
120.358,0.492,19.68,0.212813904598271,0.0452897579903621
120.358,0.647,25.88,0.434510224171572,0.188799134909629
120.379,0.531,21.24,0.254683025258504,0.0648634433548238
120.397,0.181,7.24,0.0508159442560561,0.0025822601906346
120.397,0.556,22.24,0.285759054337495,0.0816582371358593
120.416,0.298,11.92,0.0870963589956081,0.00758577575029184
120.416,0.44,17.6,0.167494287602644,0.0280543363795171
120.433,0.388,15.52,0.131825673855641,0.0173780082874938
120.451,0.375,15,0.124165230759241,0.0154170045294956
120.451,0.595,23.8,0.341979442513709,0.116949939101987
120.47,0.285,11.4,0.0820351544329818,0.00672976656284318
120.487,0.569,22.76,0.303389118419427,0.0920449571753171
120.487,0.194,7.76,0.0539510622515128,0.00291071711806661
120.506,0.544,21.76,0.270395836410884,0.0731139083483418
120.524,0.647,25.88,0.434510224171572,0.188799134909629
120.524,0.492,19.68,0.212813904598271,0.0452897579903621
120.541,0.634,25.36,0.409260659730011,0.167494287602644
120.559,0.699,27.96,0.552077439280757,0.304789498962798
120.559,0.608,24.32,0.363078054770101,0.131825673855641
120.577,0.686,27.44,0.519995996533516,0.270395836410885
120.595,0.699,27.96,0.552077439280757,0.304789498962798
120.595,0.673,26.92,0.489778819368446,0.239883291901949
120.617,0.712,28.48,0.586138164514029,0.343557947899875
120.635,0.725,29,0.622300285169159,0.387257644921617
120.635,0.712,28.48,0.586138164514029,0.343557947899875
120.653,0.712,28.48,0.586138164514029,0.343557947899875
120.672,0.673,26.92,0.489778819368446,0.239883291901949
120.672,0.699,27.96,0.552077439280757,0.304789498962798
120.69,0.686,27.44,0.519995996533516,0.270395836410885
120.69,0.621,24.84,0.385478357665772,0.148593564228701
120.707,0.699,27.96,0.552077439280757,0.304789498962798
120.729,0.634,25.36,0.409260659730011,0.167494287602644
120.729,0.518,20.72,0.239883291901949,0.0575439937337157
120.749,0.647,25.88,0.434510224171572,0.188799134909629
120.749,0.544,21.76,0.270395836410884,0.0731139083483418
120.767,0.22,8.8,0.0608135001278718,0.00369828179780266
120.792,0.582,23.28,0.322106879128343,0.103752841581801
120.792,0.324,12.96,0.0981747943019985,0.00963829023623972
120.812,0.401,16.04,0.139958732257262,0.0195884467350599
120.812,0.414,16.56,0.148593564228701,0.022080047330189
120.833,0.324,12.96,0.0981747943019985,0.00963829023623972
120.833,0.569,22.76,0.303389118419427,0.0920449571753171
120.853,0.233,9.32,0.0645654229034656,0.00416869383470336
120.874,0.544,21.76,0.270395836410884,0.0731139083483418
120.874,0.194,7.76,0.0539510622515128,0.00291071711806661
120.896,0.518,20.72,0.239883291901949,0.0575439937337157
120.896,0.634,25.36,0.409260659730011,0.167494287602644
120.916,0.479,19.16,0.200447202736516,0.040179081084894
120.916,0.621,24.84,0.385478357665772,0.148593564228701
120.936,0.686,27.44,0.519995996533516,0.270395836410885
120.954,0.608,24.32,0.363078054770101,0.131825673855641
120.955,0.686,27.44,0.519995996533516,0.270395836410885
120.974,0.699,27.96,0.552077439280757,0.304789498962798
120.992,0.673,26.92,0.489778819368446,0.239883291901949
120.992,0.686,27.44,0.519995996533516,0.270395836410885
121.01,0.712,28.48,0.586138164514029,0.343557947899875
121.01,0.699,27.96,0.552077439280757,0.304789498962798
121.029,0.712,28.48,0.586138164514029,0.343557947899875
121.049,0.686,27.44,0.519995996533516,0.270395836410885
121.049,0.712,28.48,0.586138164514029,0.343557947899875
121.067,0.699,27.96,0.552077439280757,0.304789498962798
121.084,0.634,25.36,0.409260659730011,0.167494287602644
121.086,0.699,27.96,0.552077439280757,0.304789498962798
121.104,0.647,25.88,0.434510224171572,0.188799134909629
121.122,0.544,21.76,0.270395836410884,0.0731139083483418
121.122,0.673,26.92,0.489778819368446,0.239883291901949
121.141,0.569,22.76,0.303389118419427,0.0920449571753171
121.159,0.272,10.88,0.0772680585095703,0.00597035286583838
121.159,0.595,23.8,0.341979442513709,0.116949939101987
121.178,0.375,15,0.124165230759241,0.0154170045294956
121.178,0.388,15.52,0.131825673855641,0.0173780082874938
121.198,0.453,18.12,0.177827941003892,0.0316227766016838
121.215,0.285,11.4,0.0820351544329818,0.00672976656284318
121.215,0.569,22.76,0.303389118419427,0.0920449571753171
121.234,0.207,8.28,0.057279603098583,0.00328095293113119
121.253,0.582,23.28,0.322106879128343,0.103752841581801
121.253,0.647,25.88,0.434510224171572,0.188799134909629
121.272,0.492,19.68,0.212813904598271,0.0452897579903621
121.289,0.634,25.36,0.409260659730011,0.167494287602644
121.29,0.44,17.6,0.167494287602644,0.0280543363795171
121.31,0.621,24.84,0.385478357665772,0.148593564228701
121.31,0.686,27.44,0.519995996533516,0.270395836410885
121.328,0.595,23.8,0.341979442513709,0.116949939101987
121.346,0.673,26.92,0.489778819368446,0.239883291901949
121.346,0.712,28.48,0.586138164514029,0.343557947899875
121.364,0.673,26.92,0.489778819368446,0.239883291901949
121.382,0.712,28.48,0.586138164514029,0.343557947899875
121.382,0.712,28.48,0.586138164514029,0.343557947899875
121.401,0.699,27.96,0.552077439280757,0.304789498962798
121.42,0.712,28.48,0.586138164514029,0.343557947899875
121.42,0.686,27.44,0.519995996533516,0.270395836410885
121.437,0.699,27.96,0.552077439280757,0.304789498962798
121.455,0.699,27.96,0.552077439280757,0.304789498962798
121.455,0.634,25.36,0.409260659730011,0.167494287602644
121.473,0.699,27.96,0.552077439280757,0.304789498962798
121.49,0.66,26.4,0.461317574560379,0.212813904598271
121.49,0.556,22.24,0.285759054337495,0.0816582371358593
121.508,0.673,26.92,0.489778819368446,0.239883291901949
121.526,0.595,23.8,0.341979442513709,0.116949939101987
121.526,0.349,13.96,0.110153930954142,0.0121338885046498
121.544,0.621,24.84,0.385478357665772,0.148593564228701
121.562,0.427,17.08,0.157761126969935,0.0248885731828239
121.562,0.336,13.44,0.103752841581801,0.0107646521362983
121.58,0.466,18.64,0.188799134909629,0.0356451133426244
121.597,0.22,8.8,0.0608135001278718,0.00369828179780266
121.597,0.544,21.76,0.270395836410884,0.0731139083483418
121.614,0.168,6.72,0.0478630092322639,0.00229086765276777
121.633,0.505,20.2,0.225943577022098,0.0510504999975407
121.633,0.634,25.36,0.409260659730011,0.167494287602644
121.651,0.453,18.12,0.177827941003892,0.0316227766016838
121.668,0.621,24.84,0.385478357665772,0.148593564228701
121.668,0.414,16.56,0.148593564228701,0.022080047330189
121.687,0.595,23.8,0.341979442513709,0.116949939101987
121.704,0.673,26.92,0.489778819368446,0.239883291901949
121.704,0.582,23.28,0.322106879128343,0.103752841581801
121.722,0.673,26.92,0.489778819368446,0.239883291901949
121.739,0.712,28.48,0.586138164514029,0.343557947899875
121.739,0.673,26.92,0.489778819368446,0.239883291901949
121.758,0.699,27.96,0.552077439280757,0.304789498962798
121.777,0.712,28.48,0.586138164514029,0.343557947899875
121.777,0.699,27.96,0.552077439280757,0.304789498962798
121.794,0.712,28.48,0.586138164514029,0.343557947899875
121.814,0.699,27.96,0.552077439280757,0.304789498962798
121.814,0.712,28.48,0.586138164514029,0.343557947899875
121.831,0.712,28.48,0.586138164514029,0.343557947899875
121.849,0.66,26.4,0.461317574560379,0.212813904598271
121.849,0.712,28.48,0.586138164514029,0.343557947899875
121.866,0.673,26.92,0.489778819368446,0.239883291901949
121.886,0.569,22.76,0.303389118419427,0.0920449571753171
121.886,0.686,27.44,0.519995996533516,0.270395836410885
121.903,0.595,23.8,0.341979442513709,0.116949939101987
121.921,0.375,15,0.124165230759241,0.0154170045294956
121.921,0.621,24.84,0.385478357665772,0.148593564228701
121.938,0.44,17.6,0.167494287602644,0.0280543363795171
121.956,0.285,11.4,0.0820351544329818,0.00672976656284318
121.956,0.505,20.2,0.225943577022098,0.0510504999975407
121.974,0.168,6.72,0.0478630092322639,0.00229086765276777
121.993,0.531,21.24,0.254683025258504,0.0648634433548238
121.993,0.207,8.28,0.057279603098583,0.00328095293113119
122.012,0.505,20.2,0.225943577022098,0.0510504999975407
122.012,0.634,25.36,0.409260659730011,0.167494287602644
122.029,0.453,18.12,0.177827941003892,0.0316227766016838
122.046,0.621,24.84,0.385478357665772,0.148593564228701
122.046,0.608,24.32,0.363078054770101,0.131825673855641
122.064,0.595,23.8,0.341979442513709,0.116949939101987
122.082,0.686,27.44,0.519995996533516,0.270395836410885
122.1,0.569,22.76,0.303389118419427,0.0920449571753171
122.1,0.66,26.4,0.461317574560379,0.212813904598271
122.117,0.699,27.96,0.552077439280757,0.304789498962798
122.136,0.647,25.88,0.434510224171572,0.188799134909629
122.136,0.699,27.96,0.552077439280757,0.304789498962798
122.153,0.725,29,0.622300285169159,0.387257644921617
122.171,0.699,27.96,0.552077439280757,0.304789498962798
122.171,0.712,28.48,0.586138164514029,0.343557947899875
122.188,0.699,27.96,0.552077439280757,0.304789498962798
122.208,0.712,28.48,0.586138164514029,0.343557947899875
122.208,0.699,27.96,0.552077439280757,0.304789498962798
122.227,0.647,25.88,0.434510224171572,0.188799134909629
122.227,0.712,28.48,0.586138164514029,0.343557947899875
122.244,0.673,26.92,0.489778819368446,0.239883291901949
122.263,0.569,22.76,0.303389118419427,0.0920449571753171
122.263,0.673,26.92,0.489778819368446,0.239883291901949
122.281,0.608,24.32,0.363078054770101,0.131825673855641
122.3,0.44,17.6,0.167494287602644,0.0280543363795171
122.3,0.621,24.84,0.385478357665772,0.148593564228701
122.321,0.492,19.68,0.212813904598271,0.0452897579903621
122.321,0.181,7.24,0.0508159442560561,0.0025822601906346
122.339,0.531,21.24,0.254683025258504,0.0648634433548238
122.357,0.142,5.68,0.0424619563946313,0.00180301774085957
122.357,0.518,20.72,0.239883291901949,0.0575439937337157
122.377,0.259,10.36,0.0727779804536824,0.00529663443891658
122.394,0.466,18.64,0.188799134909629,0.0356451133426244
122.395,0.634,25.36,0.409260659730011,0.167494287602644
122.412,0.401,16.04,0.139958732257262,0.0195884467350599
122.431,0.595,23.8,0.341979442513709,0.116949939101987
122.431,0.324,12.96,0.0981747943019985,0.00963829023623972
122.45,0.569,22.76,0.303389118419427,0.0920449571753171
122.467,0.673,26.92,0.489778819368446,0.239883291901949
122.467,0.544,21.76,0.270395836410884,0.0731139083483418
122.485,0.66,26.4,0.461317574560379,0.212813904598271
122.503,0.699,27.96,0.552077439280757,0.304789498962798
122.503,0.634,25.36,0.409260659730011,0.167494287602644
122.52,0.699,27.96,0.552077439280757,0.304789498962798
122.539,0.699,27.96,0.552077439280757,0.304789498962798
122.539,0.686,27.44,0.519995996533516,0.270395836410885
122.558,0.725,29,0.622300285169159,0.387257644921617
122.576,0.699,27.96,0.552077439280757,0.304789498962798
122.576,0.712,28.48,0.586138164514029,0.343557947899875
122.594,0.712,28.48,0.586138164514029,0.343557947899875
122.595,0.66,26.4,0.461317574560379,0.212813904598271
122.614,0.725,29,0.622300285169159,0.387257644921617
122.633,0.686,27.44,0.519995996533516,0.270395836410885
122.633,0.595,23.8,0.341979442513709,0.116949939101987
122.652,0.686,27.44,0.519995996533516,0.270395836410885
122.67,0.608,24.32,0.363078054770101,0.131825673855641
122.67,0.453,18.12,0.177827941003892,0.0316227766016838
122.69,0.634,25.36,0.409260659730011,0.167494287602644
122.707,0.505,20.2,0.225943577022098,0.0510504999975407
122.707,0.142,5.68,0.0424619563946313,0.00180301774085957
122.726,0.531,21.24,0.254683025258504,0.0648634433548238
122.726,0.194,7.76,0.0539510622515128,0.00291071711806661
122.745,0.492,19.68,0.212813904598271,0.0452897579903621
122.764,0.311,12.44,0.0924698173938222,0.00855066712884683
122.764,0.518,20.72,0.239883291901949,0.0575439937337157
122.783,0.608,24.32,0.363078054770101,0.131825673855641
122.801,0.375,15,0.124165230759241,0.0154170045294956
122.801,0.582,23.28,0.322106879128343,0.103752841581801
122.819,0.272,10.88,0.0772680585095703,0.00597035286583838
122.837,0.556,22.24,0.285759054337495,0.0816582371358593
122.837,0.66,26.4,0.461317574560379,0.212813904598271
122.856,0.544,21.76,0.270395836410884,0.0731139083483418
122.874,0.647,25.88,0.434510224171572,0.188799134909629
122.874,0.699,27.96,0.552077439280757,0.304789498962798
122.892,0.634,25.36,0.409260659730011,0.167494287602644
122.893,0.686,27.44,0.519995996533516,0.270395836410885
122.912,0.712,28.48,0.586138164514029,0.343557947899875
122.928,0.673,26.92,0.489778819368446,0.239883291901949
122.928,0.699,27.96,0.552077439280757,0.304789498962798
122.948,0.699,27.96,0.552077439280757,0.304789498962798
122.965,0.712,28.48,0.586138164514029,0.343557947899875
122.965,0.699,27.96,0.552077439280757,0.304789498962798
122.985,0.673,26.92,0.489778819368446,0.239883291901949
123.005,0.699,27.96,0.552077439280757,0.304789498962798
123.005,0.686,27.44,0.519995996533516,0.270395836410885
123.025,0.621,24.84,0.385478357665772,0.148593564228701
123.025,0.699,27.96,0.552077439280757,0.304789498962798
123.267,0.621,24.84,0.385478357665772,0.148593564228701
123.267,0.479,19.16,0.200447202736516,0.040179081084894
123.267,0.647,25.88,0.434510224171572,0.188799134909629
123.267,0.518,20.72,0.239883291901949,0.0575439937337157
123.267,0.142,5.68,0.0424619563946313,0.00180301774085957
123.267,0.556,22.24,0.285759054337495,0.0816582371358593
123.267,0.259,10.36,0.0727779804536824,0.00529663443891658
123.267,0.466,18.64,0.188799134909629,0.0356451133426244
123.267,0.362,14.48,0.116949939101987,0.0136772882559585
123.267,0.401,16.04,0.139958732257262,0.0195884467350599
123.267,0.595,23.8,0.341979442513709,0.116949939101987
123.267,0.298,11.92,0.0870963589956081,0.00758577575029184
123.267,0.569,22.76,0.303389118419427,0.0920449571753171
123.267,0.194,7.76,0.0539510622515128,0.00291071711806661
123.267,0.556,22.24,0.285759054337495,0.0816582371358593
123.267,0.66,26.4,0.461317574560379,0.212813904598271
123.267,0.505,20.2,0.225943577022098,0.0510504999975407
123.267,0.634,25.36,0.409260659730011,0.167494287602644
123.267,0.699,27.96,0.552077439280757,0.304789498962798
123.268,0.621,24.84,0.385478357665772,0.148593564228701
123.285,0.686,27.44,0.519995996533516,0.270395836410885
