时间(s),电压(V)
0.296,0.414
0.296,0.194
0.296,0.466
0.296,0.129
0.296,0.453
0.296,0.207
0.297,0.466
0.297,0.569
0.297,0.362
0.297,0.544
0.297,0.298
0.297,0.518
0.297,0.608
0.297,0.492
0.297,0.595
0.297,0.660
0.297,0.582
0.297,0.634
0.297,0.660
0.297,0.634
0.297,0.660
0.297,0.647
0.297,0.634
0.298,0.647
0.298,0.608
0.369,0.660
0.369,0.621
0.369,0.531
0.369,0.634
0.369,0.556
0.369,0.401
0.382,0.582
0.382,0.453
0.487,0.168
0.487,0.492
0.487,0.181
0.488,0.440
0.488,0.298
0.488,0.375
0.488,0.544
0.488,0.311
0.571,0.531
0.571,0.440
0.571,0.505
0.571,0.595
0.571,0.466
0.571,0.582
0.571,0.647
0.591,0.582
0.591,0.634
0.608,0.647
0.625,0.621
0.625,0.660
0.640,0.660
0.654,0.647
0.670,0.647
0.670,0.608
0.685,0.647
0.701,0.621
0.717,0.556
0.717,0.634
0.744,0.569
0.744,0.427
0.783,0.569
0.783,0.466
0.785,0.168
0.813,0.505
0.813,0.505
0.813,0.388
0.834,0.298
0.852,0.349
0.852,0.544
0.868,0.272
0.884,0.518
0.884,0.181
0.899,0.492
0.915,0.608
0.930,0.453
0.930,0.582
0.946,0.634
0.961,0.556
0.977,0.634
0.991,0.660
0.991,0.621
1.008,0.660
1.022,0.660
1.038,0.647
1.038,0.660
1.055,0.621
1.072,0.660
1.088,0.647
1.088,0.569
1.102,0.647
1.118,0.582
1.132,0.453
1.148,0.595
1.148,0.492
1.165,0.181
1.181,0.518
1.181,0.259
1.196,0.375
1.213,0.349
1.228,0.311
1.228,0.531
1.244,0.220
1.261,0.505
1.275,0.181
1.276,0.479
1.290,0.595
1.306,0.440
1.321,0.569
1.337,0.634
1.337,0.531
1.353,0.634
1.367,0.647
1.383,0.621
1.383,0.647
1.398,0.634
1.412,0.647
1.428,0.647
1.443,0.621
1.443,0.660
1.458,0.647
1.473,0.569
1.487,0.647
1.503,0.582
1.503,0.466
1.517,0.608
1.534,0.505
1.548,0.259
1.564,0.544
1.564,0.311
1.579,0.336
1.594,0.388
1.609,0.246
1.609,0.518
1.624,0.569
1.640,0.492
1.655,0.595
1.670,0.440
1.670,0.582
1.684,0.388
1.700,0.569
1.715,0.634
1.730,0.544
1.730,0.621
1.746,0.647
1.762,0.621
1.777,0.647
1.777,0.660
1.791,0.647
1.806,0.660
1.821,0.634
1.836,0.660
1.837,0.647
1.852,0.582
1.867,0.647
1.883,0.608
1.883,0.492
1.899,0.608
1.914,0.505
1.931,0.272
1.931,0.544
1.947,0.349
1.961,0.298
1.976,0.414
1.992,0.246
1.992,0.492
2.008,0.181
2.023,0.479
2.039,0.582
2.039,0.427
2.055,0.569
2.070,0.388
2.086,0.556
2.086,0.621
2.101,0.531
2.117,0.608
2.134,0.647
2.134,0.608
2.148,0.647
2.164,0.660
2.179,0.647
2.195,0.647
2.195,0.634
2.210,0.647
2.226,0.647
2.241,0.595
2.241,0.647
2.256,0.595
2.272,0.505
2.287,0.621
2.301,0.544
2.302,0.336
2.316,0.556
2.333,0.401
2.348,0.505
2.348,0.453
2.363,0.168
2.378,0.492
2.394,0.181
2.410,0.453
2.410,0.582
2.425,0.401
2.443,0.569
2.458,0.336
2.458,0.544
2.474,0.621
2.489,0.518
2.504,0.595
2.504,0.660
2.521,0.595
2.536,0.647
2.552,0.660
2.552,0.647
2.567,0.660
2.583,0.647
2.598,0.660
2.598,0.647
2.613,0.595
2.629,0.660
2.645,0.608
2.645,0.518
2.661,0.634
2.677,0.544
2.693,0.362
2.693,0.556
2.708,0.414
2.725,0.207
2.740,0.453
2.740,0.168
2.756,0.453
2.772,0.194
2.788,0.414
2.788,0.556
2.805,0.362
2.820,0.544
2.835,0.285
2.835,0.518
2.852,0.608
2.868,0.492
2.884,0.608
2.884,0.647
2.900,0.582
2.915,0.634
2.931,0.660
2.931,0.621
2.946,0.660
2.962,0.647
2.978,0.660
2.994,0.647
2.994,0.608
3.011,0.660
3.026,0.608
3.026,0.544
3.042,0.634
3.058,0.556
3.073,0.388
3.073,0.582
3.090,0.440
3.106,0.168
3.122,0.479
3.122,0.414
3.138,0.440
3.153,0.259
3.168,0.531
3.168,0.556
3.184,0.336
3.201,0.544
3.217,0.259
3.217,0.518
3.233,0.608
3.249,0.479
3.266,0.595
3.266,0.647
3.281,0.569
3.298,0.634
3.314,0.647
3.314,0.634
3.330,0.647
3.346,0.647
3.362,0.647
3.362,0.647
3.378,0.608
3.394,0.660
3.409,0.621
3.410,0.556
3.425,0.634
3.442,0.569
3.458,0.414
3.459,0.582
3.474,0.466
3.491,0.168
3.491,0.492
3.507,0.220
3.523,0.414
3.540,0.298
3.540,0.349
3.557,0.531
3.573,0.272
3.589,0.518
3.589,0.311
3.606,0.492
3.622,0.582
3.622,0.453
3.639,0.582
3.656,0.634
3.671,0.569
3.671,0.634
3.688,0.660
3.705,0.634
3.722,0.660
3.722,0.647
3.738,0.660
3.755,0.647
3.755,0.621
3.771,0.660
3.787,0.621
3.805,0.556
3.806,0.634
3.823,0.608
3.840,0.440
3.840,0.595
3.856,0.479
3.873,0.168
3.873,0.518
3.890,0.259
3.905,0.375
3.922,0.324
3.922,0.336
3.939,0.544
3.955,0.246
3.955,0.518
3.972,0.155
3.989,0.595
4.005,0.582
4.005,0.440
4.022,0.582
4.038,0.634
4.054,0.569
4.054,0.634
4.071,0.647
4.087,0.621
4.087,0.647
4.104,0.647
4.122,0.647
4.138,0.647
4.138,0.634
4.156,0.660
4.172,0.634
4.172,0.569
4.189,0.634
4.205,0.595
4.205,0.492
4.223,0.595
4.239,0.492
4.257,0.220
4.257,0.531
4.273,0.298
4.290,0.349
4.290,0.388
4.306,0.272
4.323,0.518
4.339,0.181
4.339,0.492
4.356,0.336
4.373,0.440
4.373,0.608
4.389,0.414
4.407,0.582
4.424,0.634
4.424,0.544
4.441,0.634
4.458,0.660
4.458,0.608
4.474,0.660
4.492,0.660
4.492,0.647
4.508,0.660
4.525,0.634
4.542,0.660
4.542,0.634
4.559,0.569
4.575,0.647
4.575,0.595
4.591,0.479
4.607,0.608
4.625,0.518
4.625,0.272
4.642,0.544
4.660,0.349
4.660,0.311
4.678,0.401
4.695,0.246
4.695,0.492
4.713,0.181
4.733,0.479
4.733,0.595
4.750,0.440
4.769,0.569
4.769,0.388
4.788,0.544
4.805,0.621
4.805,0.544
4.823,0.621
4.841,0.634
4.841,0.595
4.859,0.647
4.876,0.660
4.876,0.647
4.893,0.660
4.911,0.634
4.911,0.647
4.928,0.634
4.944,0.595
4.945,0.647
4.962,0.608
4.980,0.505
4.981,0.621
4.997,0.531
5.015,0.311
5.015,0.556
5.033,0.375
5.050,0.272
5.068,0.440
5.068,0.181
5.085,0.479
5.102,0.272
5.102,0.453
5.120,0.582
5.136,0.414
5.136,0.556
5.155,0.324
5.172,0.544
5.172,0.621
5.190,0.505
5.207,0.608
5.207,0.647
5.224,0.595
5.241,0.647
5.241,0.647
5.258,0.647
5.276,0.660
5.293,0.647
5.293,0.660
5.311,0.634
5.328,0.582
5.328,0.647
5.346,0.621
5.364,0.518
5.364,0.621
5.383,0.544
5.401,0.349
5.401,0.556
5.421,0.621
5.421,0.220
5.440,0.453
5.458,0.168
5.458,0.466
5.477,0.194
5.494,0.427
5.495,0.569
5.511,0.375
5.528,0.544
5.528,0.311
5.546,0.531
5.563,0.608
5.563,0.492
5.583,0.595
5.602,0.647
5.602,0.582
5.619,0.634
5.637,0.647
5.637,0.621
5.656,0.660
5.674,0.647
5.674,0.647
5.692,0.647
5.712,0.608
5.712,0.647
5.731,0.608
5.731,0.531
5.750,0.634
5.768,0.556
5.768,0.375
5.785,0.569
5.803,0.440
5.803,0.207
5.820,0.466
5.838,0.181
5.838,0.453
5.857,0.220
5.876,0.401
5.876,0.544
5.893,0.336
5.911,0.544
5.911,0.246
5.927,0.518
5.945,0.608
5.945,0.492
5.962,0.595
5.981,0.647
5.981,0.582
6.001,0.647
6.019,0.660
6.019,0.634
6.037,0.660
6.054,0.634
6.054,0.660
6.072,0.647
6.090,0.608
6.090,0.647
6.107,0.634
6.125,0.531
6.125,0.634
6.143,0.569
6.160,0.414
6.161,0.582
6.179,0.466
6.197,0.181
6.197,0.492
6.214,0.233
6.233,0.427
6.233,0.505
6.250,0.349
6.268,0.544
6.268,0.285
6.287,0.518
6.304,0.220
6.304,0.479
6.322,0.608
6.343,0.466
6.343,0.582
6.360,0.634
6.380,0.569
6.380,0.634
6.399,0.660
6.399,0.621
6.416,0.660
6.434,0.647
6.434,0.660
6.452,0.660
6.470,0.621
6.470,0.660
6.488,0.634
6.507,0.556
6.507,0.647
6.525,0.582
6.543,0.440
6.543,0.595
6.562,0.479
6.582,0.168
6.582,0.505
6.600,0.233
6.600,0.401
6.618,0.336
6.636,0.336
6.636,0.531
6.655,0.246
6.673,0.505
6.673,0.194
6.692,0.492
6.711,0.595
6.711,0.453
6.729,0.582
6.748,0.634
6.748,0.556
6.766,0.634
6.766,0.647
6.784,0.608
6.803,0.660
6.803,0.660
6.822,0.647
6.841,0.647
6.841,0.634
6.860,0.647
6.878,0.634
6.878,0.569
6.898,0.647
6.898,0.582
6.917,0.466
6.936,0.608
6.936,0.505
6.953,0.220
6.972,0.531
6.972,0.311
6.991,0.362
6.991,0.362
7.010,0.272
7.030,0.518
7.030,0.194
7.047,0.505
7.066,0.595
7.066,0.453
7.084,0.582
7.102,0.401
7.103,0.556
7.121,0.634
7.139,0.544
7.139,0.634
7.157,0.660
7.176,0.621
7.176,0.660
7.193,0.660
7.212,0.647
7.212,0.660
7.230,0.634
7.230,0.660
7.247,0.634
7.267,0.569
7.267,0.647
7.284,0.595
7.303,0.479
7.303,0.608
7.320,0.505
7.338,0.233
7.338,0.531
7.354,0.324
7.372,0.311
7.391,0.388
7.391,0.233
7.408,0.505
7.425,0.181
7.425,0.466
7.443,0.582
7.461,0.440
7.461,0.582
7.479,0.401
7.497,0.544
7.497,0.621
7.766,0.531
7.766,0.621
7.766,0.647
7.766,0.608
7.766,0.647
7.766,0.647
7.766,0.634
7.766,0.647
7.766,0.634
7.766,0.647
7.766,0.647
7.766,0.595
7.766,0.647
7.766,0.595
7.766,0.492
7.767,0.608
7.767,0.531
7.767,0.298
7.767,0.556
7.767,0.388
7.767,0.285
7.767,0.414
7.767,0.401
7.787,0.505
7.804,0.181
7.804,0.466
7.823,0.582
7.840,0.414
7.840,0.569
7.860,0.362
7.878,0.544
7.878,0.634
7.895,0.531
7.913,0.621
7.913,0.660
7.933,0.608
7.950,0.647
7.951,0.647
7.969,0.634
7.969,0.660
7.986,0.647
8.005,0.660
8.005,0.647
8.023,0.595
8.041,0.647
8.041,0.608
8.058,0.505
8.077,0.608
8.077,0.531
8.095,0.324
8.113,0.556
8.113,0.401
8.131,0.233
8.149,0.440
8.149,0.246
8.167,0.466
8.186,0.181
8.186,0.427
8.202,0.582
8.221,0.375
8.221,0.556
8.240,0.324
8.258,0.544
8.258,0.621
8.277,0.505
8.294,0.608
8.294,0.647
8.312,0.595
8.330,0.647
8.330,0.660
8.348,0.634
8.366,0.660
8.366,0.647
8.385,0.647
8.402,0.660
8.402,0.595
8.420,0.660
8.438,0.608
8.438,0.531
8.456,0.621
8.474,0.544
8.475,0.375
8.492,0.569
8.492,0.427
8.511,0.194
8.528,0.466
8.529,0.155
8.546,0.466
8.564,0.207
8.564,0.414
8.582,0.569
8.600,0.362
8.601,0.544
8.618,0.285
8.636,0.518
8.636,0.608
8.654,0.505
8.672,0.595
8.672,0.634
8.689,0.608
8.707,0.647
8.707,0.660
8.725,0.634
8.743,0.647
8.743,0.634
8.761,0.660
8.779,0.647
8.779,0.608
8.796,0.660
8.815,0.608
8.815,0.531
8.832,0.621
8.850,0.556
8.850,0.401
8.867,0.582
8.885,0.440
8.885,0.168
8.904,0.479
8.921,0.194
8.921,0.427
8.941,0.259
8.957,0.375
8.957,0.544
8.975,0.298
8.993,0.531
8.993,0.246
9.013,0.505
9.032,0.608
9.032,0.479
9.051,0.595
9.069,0.647
9.069,0.582
9.088,0.634
9.105,0.660
9.105,0.634
9.123,0.660
9.141,0.647
9.141,0.647
9.159,0.660
9.175,0.608
9.175,0.660
9.193,0.634
9.210,0.556
9.210,0.634
9.227,0.569
9.245,0.401
9.245,0.582
9.262,0.453
9.281,0.181
9.281,0.505
9.298,0.194
9.315,0.414
9.315,0.285
9.334,0.349
9.350,0.544
9.351,0.259
9.368,0.518
9.384,0.181
9.403,0.492
9.403,0.595
9.422,0.466
9.422,0.582
9.440,0.634
9.458,0.556
9.458,0.634
9.476,0.647
9.496,0.634
9.496,0.647
9.712,0.647
9.713,0.660
9.713,0.647
9.713,0.621
9.713,0.647
9.713,0.634
9.713,0.556
9.713,0.634
9.713,0.582
9.713,0.440
9.713,0.595
9.713,0.492
9.713,0.181
9.713,0.505
9.713,0.246
9.713,0.388
9.713,0.336
9.713,0.401
9.730,0.544
9.748,0.246
9.748,0.505
9.765,0.168
9.783,0.479
9.783,0.595
9.799,0.427
9.816,0.582
9.816,0.634
9.834,0.556
9.851,0.608
9.851,0.660
9.868,0.621
9.885,0.660
9.903,0.660
9.903,0.647
9.921,0.660
9.937,0.621
9.937,0.660
9.954,0.634
9.972,0.569
9.972,0.647
9.990,0.582
10.008,0.466
10.008,0.595
10.025,0.492
10.042,0.194
10.042,0.518
10.059,0.298
10.076,0.336
10.076,0.362
10.095,0.285
10.113,0.518
10.113,0.207
10.130,0.479
10.147,0.466
10.164,0.466
10.164,0.582
10.182,0.414
10.199,0.569
10.199,0.634
10.217,0.544
10.234,0.621
10.235,0.660
10.252,0.608
10.270,0.647
10.270,0.647
10.287,0.647
10.305,0.660
10.305,0.647
10.324,0.660
10.343,0.634
10.343,0.595
10.361,0.647
10.378,0.608
10.378,0.492
10.397,0.621
10.415,0.531
10.415,0.272
10.434,0.544
10.434,0.336
10.453,0.324
10.471,0.401
10.471,0.518
10.489,0.505
10.507,0.168
10.507,0.479
10.526,0.582
10.543,0.544
10.543,0.582
10.561,0.388
10.577,0.556
10.577,0.647
10.596,0.544
10.612,0.621
10.612,0.647
10.630,0.608
10.648,0.647
10.665,0.660
10.665,0.647
10.682,0.673
10.700,0.634
10.700,0.660
10.717,0.634
10.734,0.595
10.734,0.647
10.752,0.608
10.769,0.505
10.769,0.621
10.787,0.518
10.804,0.285
10.804,0.544
10.822,0.375
10.840,0.259
10.840,0.414
10.857,0.207
10.875,0.479
10.875,0.155
10.893,0.466
10.912,0.582
10.912,0.427
10.932,0.569
10.950,0.349
10.950,0.544
10.970,0.634
10.970,0.518
10.988,0.608
11.007,0.660
11.008,0.595
11.026,0.647
11.043,0.660
11.043,0.647
11.061,0.660
11.079,0.647
11.079,0.660
11.097,0.647
11.114,0.595
11.114,0.660
11.133,0.621
11.152,0.518
11.152,0.660
11.169,0.556
11.188,0.582
11.188,0.556
11.206,0.401
11.224,0.233
11.224,0.466
11.243,0.142
11.262,0.595
11.262,0.194
11.279,0.440
11.279,0.556
11.297,0.401
11.314,0.556
11.332,0.324
11.333,0.531
11.350,0.621
11.369,0.518
11.369,0.608
11.386,0.647
11.404,0.595
11.404,0.647
11.420,0.660
11.437,0.647
11.438,0.660
11.454,0.647
11.472,0.660
11.472,0.647
11.489,0.595
11.507,0.660
11.507,0.621
11.525,0.531
11.544,0.621
11.544,0.556
11.562,0.531
11.578,0.569
11.578,0.427
11.596,0.194
11.612,0.466
11.612,0.129
11.630,0.453
11.647,0.220
11.664,0.401
11.664,0.569
11.682,0.349
11.699,0.544
11.699,0.272
11.717,0.518
11.736,0.608
11.736,0.492
11.753,0.595
11.771,0.660
11.771,0.582
11.790,0.647
11.809,0.660
11.809,0.634
11.825,0.647
11.843,0.647
11.843,0.647
11.860,0.647
11.878,0.608
11.878,0.660
11.896,0.621
11.914,0.544
11.914,0.634
11.931,0.556
11.949,0.401
11.949,0.582
11.966,0.427
11.983,0.168
11.983,0.466
12.000,0.194
12.018,0.427
12.035,0.259
12.035,0.388
12.051,0.556
12.069,0.336
12.069,0.531
12.087,0.233
12.105,0.505
12.105,0.608
12.121,0.479
12.139,0.595
12.139,0.647
12.157,0.569
12.174,0.634
12.174,0.660
12.191,0.621
12.208,0.660
12.208,0.647
12.225,0.647
12.243,0.647
12.260,0.621
12.260,0.660
12.278,0.634
12.294,0.556
12.294,0.634
12.312,0.569
12.330,0.427
12.330,0.595
12.348,0.466
12.365,0.194
12.366,0.505
12.383,0.233
12.400,0.401
12.400,0.311
12.417,0.349
12.434,0.544
12.434,0.272
12.452,0.531
12.469,0.168
12.486,0.492
12.486,0.595
12.504,0.453
12.522,0.582
12.522,0.647
12.539,0.556
12.556,0.634
12.556,0.660
12.573,0.621
12.592,0.647
12.592,0.647
12.608,0.660
12.626,0.660
12.626,0.608
12.642,0.660
12.659,0.634
12.677,0.556
12.677,0.647
12.695,0.582
12.712,0.440
12.712,0.595
12.731,0.492
12.748,0.207
12.749,0.518
12.766,0.259
12.783,0.375
12.783,0.518
12.800,0.621
12.818,0.531
12.818,0.259
12.835,0.505
12.855,0.194
12.855,0.479
12.874,0.582
12.890,0.440
12.890,0.582
12.909,0.634
12.928,0.556
12.928,0.634
12.945,0.660
12.963,0.621
12.963,0.647
12.982,0.660
12.999,0.660
12.999,0.660
13.016,0.634
13.034,0.660
13.034,0.634
13.051,0.569
13.068,0.647
13.068,0.595
13.086,0.466
13.104,0.595
13.104,0.505
13.122,0.233
13.138,0.531
13.138,0.311
13.155,0.336
13.173,0.375
13.189,0.272
13.189,0.518
13.206,0.181
13.224,0.492
13.224,0.595
13.241,0.466
13.259,0.582
13.259,0.414
13.276,0.569
13.293,0.634
13.293,0.544
13.310,0.660
13.327,0.660
13.344,0.621
13.344,0.660
13.362,0.660
13.380,0.647
13.380,0.660
13.398,0.634
13.415,0.647
13.415,0.634
13.432,0.582
13.449,0.647
13.449,0.608
13.467,0.479
13.484,0.608
13.484,0.518
13.501,0.259
13.519,0.544
13.519,0.349
13.537,0.311
13.556,0.414
13.556,0.246
13.573,0.505
13.591,0.155
13.591,0.466
13.608,0.595
13.625,0.427
13.642,0.569
13.642,0.388
13.660,0.556
13.678,0.634
13.678,0.531
13.696,0.621
13.715,0.647
13.715,0.608
13.731,0.660
13.749,0.660
13.749,0.647
13.766,0.660
13.784,0.647
13.784,0.660
13.801,0.647
13.818,0.595
13.818,0.647
13.835,0.608
13.853,0.505
13.853,0.621
13.870,0.531
13.888,0.298
13.888,0.544
13.907,0.375
13.928,0.285
13.928,0.427
13.945,0.194
13.963,0.479
13.963,0.155
13.981,0.453
13.998,0.582
13.998,0.401
14.016,0.556
14.033,0.349
14.033,0.544
14.051,0.621
14.069,0.518
14.069,0.608
14.087,0.647
14.103,0.595
14.103,0.647
14.122,0.660
14.139,0.647
14.139,0.647
14.156,0.647
14.174,0.647
14.174,0.647
14.192,0.595
14.209,0.647
14.227,0.608
14.227,0.531
14.244,0.621
14.262,0.556
14.262,0.349
14.279,0.556
14.296,0.414
14.296,0.311
14.314,0.453
14.331,0.194
14.331,0.479
14.349,0.220
14.366,0.427
14.366,0.569
14.384,0.375
14.402,0.556
14.402,0.311
14.419,0.531
14.437,0.621
14.437,0.505
14.456,0.621
14.473,0.660
14.473,0.595
14.491,0.647
14.509,0.660
14.509,0.634
14.527,0.660
14.543,0.647
14.543,0.660
14.562,0.647
14.580,0.608
14.580,0.660
14.597,0.608
14.614,0.518
14.614,0.634
14.631,0.595
14.649,0.375
14.667,0.569
14.667,0.427
14.686,0.194
14.686,0.466
14.705,0.142
14.723,0.453
14.723,0.207
14.740,0.401
14.759,0.556
14.759,0.349
14.779,0.531
14.797,0.285
14.797,0.518
14.814,0.608
14.832,0.492
14.832,0.608
14.849,0.647
14.867,0.595
14.867,0.634
14.884,0.647
14.903,0.621
14.903,0.647
14.921,0.647
14.939,0.647
14.939,0.647
14.956,0.621
14.975,0.647
14.975,0.621
14.994,0.556
15.012,0.634
15.012,0.569
15.032,0.414
15.032,0.595
15.050,0.453
15.067,0.168
15.067,0.505
15.086,0.194
15.104,0.427
15.104,0.272
15.121,0.375
15.140,0.556
15.140,0.531
15.164,0.531
15.164,0.233
15.190,0.505
15.190,0.608
15.208,0.479
15.227,0.595
15.227,0.647
15.249,0.582
15.249,0.647
15.266,0.660
15.284,0.647
15.284,0.673
15.302,0.660
15.320,0.660
15.320,0.660
15.338,0.608
15.356,0.660
15.356,0.634
15.375,0.556
15.393,0.647
15.393,0.582
15.410,0.427
15.429,0.595
15.429,0.466
15.446,0.233
15.464,0.492
15.464,0.246
15.483,0.414
15.501,0.324
15.501,0.362
15.519,0.556
15.520,0.272
15.539,0.531
15.557,0.246
15.557,0.492
15.577,0.569
15.595,0.414
15.595,0.544
15.614,0.608
15.633,0.544
15.633,0.621
15.651,0.660
15.651,0.634
15.669,0.673
15.687,0.686
15.687,0.686
15.705,0.712
15.723,0.673
15.724,0.712
15.741,0.712
15.761,0.634
15.761,0.725
15.780,0.647
15.798,0.518
15.798,0.673
15.816,0.556
15.835,0.220
15.835,0.569
15.854,0.324
15.854,0.492
15.873,0.414
15.891,0.349
15.891,0.582
15.909,0.233
15.927,0.544
15.927,0.142
15.945,0.492
15.965,0.621
15.965,0.440
15.984,0.582
15.984,0.634
16.002,0.544
16.020,0.608
16.020,0.621
16.038,0.595
16.057,0.608
16.057,0.608
16.075,0.595
16.094,0.608
16.094,0.569
16.112,0.608
16.130,0.569
16.130,0.505
16.148,0.569
16.167,0.505
16.167,0.660
16.185,0.505
16.203,0.401
16.203,0.155
16.221,0.401
16.239,0.233
16.239,0.246
16.255,0.246
16.274,0.181
16.274,0.349
16.293,0.155
16.312,0.311
16.312,0.401
16.328,0.246
16.328,0.388
16.348,0.531
16.365,0.349
16.365,0.440
16.383,0.336
16.402,0.414
16.402,0.440
16.420,0.388
16.439,0.427
16.439,0.440
16.458,0.427
16.477,0.427
16.478,0.427
16.498,0.466
16.498,0.427
16.517,0.362
16.536,0.427
16.536,0.388
16.555,0.272
16.574,0.401
16.574,0.336
16.592,0.181
16.592,0.336
16.610,0.259
16.630,0.168
16.630,0.207
16.650,0.233
16.668,0.272
16.670,0.142
16.688,0.479
16.688,0.336
16.707,0.220
16.726,0.336
16.726,0.194
16.746,0.324
16.746,0.388
16.764,0.285
16.783,0.375
16.783,0.401
16.802,0.349
16.819,0.388
16.819,0.401
16.838,0.388
16.856,0.401
16.856,0.388
16.874,0.388
16.892,0.492
16.892,0.324
16.910,0.388
16.928,0.362
16.928,0.285
16.946,0.362
16.964,0.272
16.964,0.168
16.981,0.298
17.000,0.414
17.000,0.220
17.017,0.259
17.035,0.207
17.035,0.246
17.053,0.155
17.072,0.207
17.072,0.324
17.091,0.220
17.109,0.311
17.109,0.272
17.127,0.324
17.127,0.401
17.145,0.311
17.163,0.414
17.163,0.479
17.181,0.427
17.199,0.505
17.199,0.544
17.217,0.544
17.236,0.569
17.236,0.569
17.254,0.608
17.272,0.621
17.272,0.569
17.290,0.647
17.308,0.621
17.308,0.531
17.325,0.647
17.344,0.595
17.344,0.401
17.363,0.621
17.379,0.466
17.379,0.220
17.398,0.531
17.416,0.712
17.416,0.531
17.434,0.220
17.452,0.492
17.452,0.660
17.471,0.453
17.490,0.647
17.490,0.388
17.508,0.621
17.508,0.725
17.526,0.608
17.544,0.699
17.544,0.764
17.563,0.686
17.580,0.751
17.581,0.776
17.599,0.738
17.618,0.764
17.618,0.764
17.635,0.764
17.653,0.764
17.653,0.725
17.671,0.776
17.688,0.738
17.688,0.660
17.707,0.751
17.726,0.686
17.726,0.505
17.744,0.699
17.762,0.556
17.762,0.207
17.781,0.595
17.799,0.181
17.799,0.544
17.817,0.362
17.835,0.505
17.835,0.673
17.854,0.440
17.854,0.647
17.872,0.336
17.890,0.634
17.890,0.712
17.909,0.595
17.927,0.699
17.928,0.751
17.946,0.686
17.965,0.751
17.965,0.751
17.983,0.738
18.003,0.751
18.003,0.738
18.021,0.751
18.021,0.751
18.039,0.712
18.058,0.764
18.059,0.725
18.076,0.647
18.095,0.725
18.095,0.660
18.114,0.518
18.131,0.673
18.132,0.544
18.150,0.194
18.168,0.569
18.168,0.246
18.186,0.492
18.205,0.375
18.205,0.427
18.223,0.621
18.223,0.362
18.241,0.595
18.260,0.233
18.260,0.582
18.278,0.673
18.297,0.531
18.297,0.660
18.314,0.712
18.332,0.634
18.332,0.712
18.350,0.725
18.369,0.699
18.369,0.725
18.386,0.712
18.405,0.712
18.405,0.712
18.424,0.699
18.442,0.725
18.442,0.699
18.461,0.621
18.478,0.699
18.478,0.647
18.496,0.505
18.496,0.660
18.516,0.544
18.534,0.207
18.534,0.569
18.552,0.298
18.569,0.440
18.569,0.388
18.588,0.388
18.607,0.595
18.607,0.311
18.624,0.569
18.643,0.168
18.644,0.531
18.662,0.647
18.681,0.492
18.681,0.634
18.699,0.699
18.699,0.608
18.717,0.686
18.736,0.712
18.736,0.673
18.755,0.699
18.772,0.699
18.772,0.699
18.790,0.712
18.810,0.673
18.810,0.712
18.828,0.673
18.846,0.608
18.847,0.686
18.864,0.621
18.883,0.518
18.883,0.647
18.901,0.544
18.901,0.259
18.920,0.569
18.938,0.492
18.938,0.388
18.956,0.414
18.974,0.298
18.974,0.556
18.993,0.207
19.012,0.544
19.012,0.647
19.031,0.492
19.048,0.621
19.048,0.453
19.067,0.608
19.085,0.673
19.085,0.582
19.103,0.673
19.121,0.686
19.121,0.660
19.139,0.699
19.157,0.699
19.157,0.699
19.175,0.699
19.192,0.660
19.192,0.699
19.211,0.673
19.211,0.621
19.229,0.699
19.247,0.634
19.247,0.531
19.265,0.660
19.284,0.556
19.284,0.272
19.302,0.582
19.321,0.375
19.321,0.362
19.339,0.440
19.357,0.285
19.357,0.556
19.375,0.453
19.394,0.531
19.394,0.647
19.411,0.492
19.429,0.634
19.430,0.466
19.448,0.634
19.466,0.699
19.466,0.608
19.484,0.699
19.504,0.738
19.504,0.686
19.522,0.738
19.522,0.738
19.540,0.738
19.559,0.738
19.559,0.725
19.576,0.751
19.595,0.738
19.595,0.686
19.612,0.751
19.630,0.712
19.630,0.621
19.649,0.725
19.666,0.647
19.666,0.414
19.685,0.660
19.702,0.505
19.702,0.479
19.721,0.544
19.739,0.207
19.739,0.595
19.759,0.142
19.776,0.569
19.776,0.712
19.795,0.518
19.812,0.686
19.812,0.466
19.830,0.660
19.830,0.751
19.849,0.634
19.868,0.738
19.868,0.776
19.885,0.725
19.904,0.764
19.904,0.776
19.923,0.764
19.942,0.776
19.942,0.764
19.961,0.776
19.979,0.764
19.979,0.725
20.000,0.776
20.000,0.725
20.018,0.634
20.036,0.738
20.036,0.660
20.054,0.466
20.072,0.673
20.072,0.518
20.090,0.324
20.109,0.556
20.109,0.246
20.127,0.582
20.144,0.233
20.144,0.544
20.163,0.686
20.182,0.466
20.183,0.660
20.201,0.427
20.201,0.647
20.219,0.725
20.238,0.595
20.238,0.712
20.255,0.751
20.274,0.699
20.274,0.751
20.293,0.764
20.311,0.751
20.311,0.764
20.330,0.764
20.348,0.764
20.348,0.764
20.366,0.712
20.384,0.776
20.384,0.738
20.403,0.660
20.403,0.751
20.421,0.686
20.439,0.505
20.439,0.712
20.457,0.556
20.475,0.259
20.475,0.686
20.493,0.194
20.510,0.582
20.510,0.336
20.528,0.531
20.546,0.699
20.546,0.518
20.565,0.673
20.582,0.362
20.582,0.647
20.600,0.738
20.619,0.608
20.619,0.712
20.637,0.764
20.655,0.712
20.655,0.776
20.674,0.776
20.691,0.764
20.691,0.789
20.709,0.776
20.727,0.789
20.727,0.751
20.745,0.738
20.763,0.776
20.763,0.751
20.781,0.712
20.799,0.751
20.800,0.686
20.817,0.544
20.836,0.712
20.836,0.569
20.853,0.207
20.871,0.608
20.871,0.259
20.890,0.544
20.908,0.362
20.908,0.492
20.925,0.673
20.942,0.427
20.942,0.660
20.960,0.311
20.979,0.634
20.979,0.738
20.997,0.595
21.018,0.725
21.018,0.776
21.037,0.699
21.037,0.764
21.056,0.789
21.073,0.751
21.073,0.776
21.090,0.789
21.109,0.776
21.110,0.776
21.127,0.751
21.145,0.789
21.145,0.764
21.162,0.686
21.180,0.764
21.180,0.712
21.198,0.660
21.215,0.712
21.215,0.595
21.234,0.285
21.251,0.634
21.251,0.544
21.268,0.531
21.286,0.427
21.286,0.479
21.303,0.686
21.322,0.375
21.322,0.647
21.340,0.259
21.358,0.608
21.358,0.725
21.376,0.569
21.394,0.712
21.394,0.776
21.411,0.686
21.431,0.764
21.431,0.789
21.449,0.751
21.466,0.789
21.466,0.776
21.484,0.776
21.501,0.789
21.502,0.751
21.520,0.789
21.539,0.751
21.539,0.699
21.560,0.751
21.560,0.712
21.579,0.582
21.597,0.725
21.597,0.621
21.616,0.298
21.636,0.647
21.636,0.414
21.654,0.492
21.654,0.492
21.673,0.401
21.693,0.660
21.693,0.285
21.713,0.634
21.713,0.233
21.731,0.595
21.748,0.725
21.748,0.544
21.766,0.699
21.784,0.764
21.784,0.673
21.802,0.751
21.820,0.776
21.820,0.751
21.840,0.776
21.858,0.776
21.858,0.776
21.877,0.776
21.894,0.764
21.895,0.789
21.913,0.764
21.931,0.699
21.931,0.776
21.950,0.712
21.969,0.595
21.969,0.738
21.990,0.621
21.990,0.311
22.010,0.647
22.010,0.608
22.032,0.505
22.054,0.505
22.054,0.349
22.073,0.634
22.073,0.220
22.092,0.608
22.112,0.712
22.112,0.569
22.131,0.712
22.131,0.518
22.150,0.686
22.170,0.751
22.170,0.660
22.189,0.738
22.189,0.776
22.208,0.738
22.227,0.764
22.227,0.776
22.246,0.776
22.266,0.776
22.266,0.751
22.284,0.776
22.284,0.764
22.304,0.712
22.322,0.776
22.322,0.725
22.340,0.608
22.358,0.738
22.358,0.647
22.376,0.414
22.394,0.686
22.394,0.492
22.413,0.388
22.431,0.556
22.431,0.259
22.449,0.634
22.466,0.168
22.466,0.582
22.483,0.712
22.503,0.531
22.503,0.699
22.522,0.569
22.522,0.673
22.540,0.751
22.558,0.647
22.558,0.751
22.576,0.776
22.594,0.725
22.594,0.764
22.612,0.776
22.630,0.764
22.630,0.789
22.649,0.764
22.667,0.789
22.667,0.764
22.685,0.712
22.702,0.776
22.702,0.738
22.720,0.634
22.738,0.738
22.738,0.647
22.756,0.440
22.775,0.686
22.775,0.505
22.793,0.324
22.810,0.544
22.811,0.207
22.828,0.634
22.847,0.194
22.847,0.556
22.865,0.699
22.883,0.505
22.883,0.686
22.901,0.440
22.918,0.660
22.918,0.738
22.937,0.647
22.955,0.725
22.955,0.764
22.974,0.712
22.991,0.764
22.993,0.764
23.010,0.764
23.027,0.776
23.027,0.764
23.046,0.776
23.046,0.776
23.065,0.725
23.082,0.776
23.082,0.738
23.100,0.660
23.117,0.751
23.117,0.673
23.136,0.479
23.155,0.699
23.155,0.531
23.173,0.259
23.191,0.582
23.191,0.155
23.209,0.582
23.227,0.272
23.227,0.544
23.245,0.686
23.262,0.479
23.262,0.673
23.280,0.388
23.298,0.647
23.298,0.738
23.316,0.621
23.334,0.725
23.334,0.776
23.352,0.712
23.369,0.764
23.369,0.776
23.387,0.764
23.405,0.776
23.405,0.764
23.422,0.764
23.441,0.776
23.441,0.738
23.458,0.776
23.476,0.738
23.476,0.660
23.494,0.751
23.511,0.673
23.511,0.518
23.529,0.712
23.546,0.556
23.546,0.673
23.566,0.595
23.583,0.207
23.583,0.544
23.599,0.362
23.618,0.492
23.618,0.673
23.636,0.427
23.654,0.647
23.654,0.311
23.673,0.647
23.691,0.725
23.691,0.595
23.710,0.712
23.728,0.764
23.728,0.686
23.747,0.764
23.765,0.776
23.765,0.751
23.783,0.776
23.804,0.764
23.804,0.764
23.822,0.789
23.822,0.738
23.839,0.776
23.857,0.751
23.857,0.686
23.875,0.764
23.892,0.699
23.893,0.544
23.910,0.699
23.928,0.595
23.928,0.246
23.946,0.621
23.964,0.272
23.964,0.531
23.981,0.414
23.999,0.479
23.999,0.660
24.017,0.388
24.035,0.634
24.035,0.246
24.054,0.621
24.072,0.712
24.072,0.569
24.091,0.712
24.109,0.764
24.109,0.699
24.127,0.751
24.145,0.764
24.145,0.751
24.165,0.751
24.181,0.776
24.181,0.776
24.199,0.776
24.217,0.738
24.217,0.776
24.234,0.751
24.253,0.686
24.253,0.764
24.270,0.699
24.288,0.582
24.288,0.712
24.305,0.608
24.323,0.246
24.323,0.634
24.341,0.388
24.358,0.479
24.358,0.466
24.377,0.427
24.395,0.660
24.396,0.311
24.413,0.608
24.432,0.155
24.432,0.582
24.449,0.712
24.467,0.531
24.467,0.686
24.485,0.751
24.504,0.660
24.504,0.751
24.522,0.764
24.538,0.738
24.538,0.764
24.556,0.764
24.574,0.751
24.574,0.764
24.591,0.738
24.610,0.764
24.610,0.738
24.628,0.673
24.646,0.751
24.646,0.686
24.663,0.569
24.683,0.699
24.683,0.582
24.700,0.272
24.720,0.621
24.720,0.388
24.739,0.440
24.739,0.453
24.757,0.349
24.777,0.608
24.777,0.414
24.796,0.569
24.814,0.686
24.814,0.531
24.832,0.673
24.850,0.505
24.850,0.660
24.868,0.712
24.886,0.634
24.886,0.712
24.904,0.738
24.905,0.699
24.922,0.725
24.939,0.738
24.939,0.738
24.957,0.738
24.975,0.712
24.975,0.738
24.994,0.725
25.012,0.660
25.012,0.725
25.029,0.673
25.047,0.569
25.047,0.699
25.065,0.595
25.084,0.479
25.084,0.634
25.102,0.453
25.120,0.388
25.121,0.492
25.139,0.272
25.157,0.582
25.157,0.181
25.175,0.544
25.194,0.673
25.194,0.505
25.211,0.660
25.229,0.440
25.229,0.647
25.247,0.712
25.266,0.621
25.266,0.712
25.284,0.738
25.302,0.699
25.302,0.738
25.320,0.751
25.320,0.738
25.339,0.738
25.358,0.738
25.358,0.751
25.378,0.751
25.396,0.686
25.396,0.751
25.415,0.699
25.433,0.595
25.433,0.712
25.452,0.621
25.452,0.401
25.470,0.647
25.489,0.466
25.489,0.427
25.508,0.531
25.525,0.207
25.525,0.582
25.544,0.142
25.562,0.544
25.562,0.673
25.580,0.479
25.598,0.647
25.599,0.427
25.617,0.621
25.635,0.712
25.635,0.608
25.653,0.712
25.654,0.751
25.672,0.712
25.690,0.738
25.691,0.751
25.710,0.738
25.728,0.738
25.729,0.738
25.747,0.751
25.766,0.738
25.766,0.699
25.785,0.751
25.785,0.699
25.804,0.621
25.822,0.712
25.822,0.634
25.841,0.440
25.859,0.660
25.859,0.505
25.879,0.272
25.897,0.556
25.897,0.479
25.916,0.556
25.935,0.246
25.935,0.505
25.954,0.660
25.954,0.453
25.972,0.647
25.990,0.375
25.990,0.608
26.010,0.699
26.028,0.582
26.029,0.712
26.047,0.725
26.065,0.673
26.065,0.712
26.085,0.738
26.085,0.712
26.103,0.725
26.122,0.712
26.122,0.712
26.140,0.712
26.158,0.660
26.158,0.699
26.177,0.647
26.195,0.556
26.195,0.647
26.215,0.569
26.215,0.388
26.232,0.556
26.250,0.414
26.250,0.168
26.269,0.414
26.288,0.181
26.288,0.349
26.307,0.194
26.326,0.285
26.326,0.440
26.344,0.233
26.362,0.388
26.362,0.181
26.380,0.349
26.380,0.414
26.399,0.311
26.417,0.401
26.417,0.453
26.437,0.375
26.455,0.427
26.455,0.440
26.473,0.427
26.492,0.440
26.492,0.440
26.511,0.440
26.529,0.440
26.529,0.401
26.548,0.440
26.548,0.427
26.566,0.362
26.584,0.427
26.584,0.375
26.602,0.259
26.621,0.556
26.621,0.285
26.639,0.168
26.656,0.311
26.657,0.194
26.675,0.246
26.694,0.181
26.694,0.194
26.712,0.362
26.730,0.168
26.730,0.336
26.749,0.194
26.767,0.311
26.767,0.414
26.785,0.285
26.803,0.427
26.804,0.466
26.822,0.414
26.822,0.466
26.841,0.492
26.858,0.466
26.859,0.505
26.877,0.505
26.894,0.492
26.894,0.505
26.913,0.492
26.931,0.518
26.931,0.505
26.948,0.440
26.966,0.518
26.967,0.466
26.985,0.336
27.003,0.479
27.003,0.375
27.021,0.168
27.039,0.427
27.039,0.207
27.058,0.298
27.075,0.272
27.075,0.272
27.093,0.479
27.112,0.194
27.112,0.479
27.129,0.608
27.147,0.466
27.147,0.595
27.166,0.440
27.184,0.582
27.185,0.660
27.202,0.595
27.202,0.660
27.220,0.699
27.239,0.660
27.239,0.699
27.256,0.699
27.275,0.712
27.275,0.699
27.295,0.673
27.312,0.712
27.312,0.686
27.329,0.634
27.347,0.699
27.348,0.647
27.367,0.518
27.385,0.660
27.385,0.544
27.405,0.233
27.425,0.582
27.425,0.324
27.448,0.427
27.448,0.414
27.468,0.349
27.468,0.582
27.488,0.220
27.488,0.544
27.508,0.647
27.527,0.518
27.527,0.634
27.546,0.492
27.563,0.634
27.563,0.699
27.581,0.621
27.599,0.699
27.599,0.725
27.619,0.686
27.637,0.725
27.637,0.725
27.656,0.712
27.656,0.725
27.674,0.699
27.693,0.725
27.693,0.699
27.712,0.660
27.730,0.712
27.730,0.660
27.750,0.544
27.767,0.673
27.767,0.582
27.785,0.285
27.804,0.595
27.804,0.388
27.822,0.375
27.822,0.440
27.839,0.440
27.858,0.569
27.858,0.194
27.875,0.531
27.894,0.647
27.894,0.479
27.912,0.634
27.930,0.427
27.930,0.582
27.948,0.660
27.966,0.556
27.966,0.660
27.984,0.686
28.003,0.634
28.003,0.660
28.021,0.660
28.039,0.647
28.039,0.660
28.057,0.608
28.076,0.634
28.076,0.595
28.093,0.531
28.114,0.595
28.114,0.544
28.133,0.427
28.133,0.531
28.151,0.440
28.169,0.621
28.169,0.440
28.187,0.259
28.204,0.207
28.204,0.285
28.222,0.181
28.239,0.336
28.239,0.129
28.257,0.285
28.275,0.401
28.275,0.246
28.292,0.518
28.311,0.220
28.311,0.375
28.327,0.453
28.345,0.375
28.345,0.479
28.364,0.531
28.381,0.492
28.381,0.569
28.399,0.569
28.417,0.569
28.434,0.608
28.434,0.582
28.452,0.621
28.469,0.621
28.469,0.582
28.488,0.647
28.507,0.608
28.507,0.531
28.524,0.647
28.541,0.556
28.541,0.349
28.559,0.608
28.577,0.440
28.577,0.311
28.595,0.492
28.614,0.194
28.614,0.544
28.631,0.194
28.631,0.518
28.649,0.660
28.667,0.492
28.667,0.647
28.685,0.414
28.704,0.634
28.704,0.725
28.722,0.621
28.739,0.712
28.739,0.751
28.757,0.699
28.774,0.751
28.775,0.764
28.792,0.751
28.810,0.764
28.810,0.751
28.828,0.764
28.846,0.751
28.846,0.712
28.865,0.764
28.883,0.725
28.883,0.647
28.901,0.738
28.919,0.673
28.919,0.479
28.936,0.686
28.954,0.531
28.954,0.246
28.972,0.569
28.989,0.155
28.989,0.556
29.008,0.285
29.025,0.531
29.026,0.686
29.045,0.466
29.062,0.660
29.062,0.388
29.080,0.634
29.097,0.725
29.097,0.595
29.116,0.699
29.135,0.751
29.135,0.686
29.153,0.738
29.172,0.764
29.172,0.751
29.190,0.751
29.208,0.725
29.208,0.738
29.225,0.725
29.242,0.686
29.243,0.738
29.261,0.699
29.279,0.608
29.279,0.712
29.296,0.634
29.314,0.453
29.314,0.647
29.331,0.505
29.349,0.207
29.349,0.544
29.367,0.194
29.386,0.492
29.386,0.272
29.403,0.440
29.421,0.595
29.421,0.375
29.439,0.569
29.456,0.285
29.456,0.544
29.474,0.634
29.492,0.582
29.492,0.608
29.511,0.647
29.528,0.582
29.528,0.634
29.547,0.660
29.564,0.621
29.564,0.647
29.581,0.634
29.600,0.647
29.600,0.634
29.618,0.608
29.636,0.634
29.636,0.608
29.654,0.531
29.672,0.608
29.672,0.544
29.690,0.492
29.708,0.569
29.708,0.440
29.727,0.194
29.727,0.479
29.746,0.246
29.763,0.375
29.763,0.285
29.781,0.324
29.799,0.518
29.799,0.259
29.817,0.479
29.834,0.194
29.834,0.440
29.853,0.544
29.871,0.401
29.871,0.518
29.890,0.569
29.908,0.479
29.908,0.544
29.927,0.569
29.944,0.518
29.944,0.556
29.962,0.531
29.981,0.531
29.981,0.544
29.999,0.492
30.017,0.531
30.017,0.505
30.035,0.427
30.053,0.518
30.053,0.440
30.071,0.311
30.089,0.453
30.089,0.336
30.107,0.168
30.125,0.362
30.125,0.233
30.144,0.272
30.162,0.194
30.162,0.259
30.180,0.375
30.180,0.233
30.199,0.544
30.218,0.207
30.218,0.336
30.236,0.453
30.254,0.336
30.254,0.466
30.273,0.531
30.291,0.466
30.291,0.531
30.310,0.569
30.329,0.544
30.329,0.582
30.346,0.582
30.348,0.595
30.365,0.608
30.384,0.582
30.384,0.621
30.402,0.608
30.421,0.556
30.421,0.621
30.439,0.582
30.457,0.453
30.457,0.608
30.476,0.505
30.494,0.246
30.494,0.556
30.512,0.324
30.529,0.401
30.529,0.414
30.548,0.324
30.566,0.582
30.566,0.207
30.585,0.569
30.585,0.686
30.603,0.544
30.622,0.725
30.622,0.492
30.639,0.673
30.658,0.725
30.658,0.647
30.675,0.738
30.693,0.764
30.693,0.725
30.712,0.751
30.730,0.764
30.731,0.751
30.749,0.764
30.767,0.738
30.767,0.764
30.784,0.751
30.804,0.699
30.805,0.764
30.822,0.699
30.840,0.595
30.840,0.725
30.859,0.634
30.859,0.349
30.876,0.660
30.894,0.440
30.895,0.427
30.913,0.608
30.932,0.311
30.932,0.621
30.949,0.194
30.967,0.595
30.968,0.699
30.986,0.556
31.005,0.699
31.005,0.505
31.025,0.673
31.045,0.751
31.045,0.647
31.063,0.738
31.063,0.764
31.081,0.725
31.100,0.764
31.100,0.764
31.119,0.751
31.137,0.776
31.137,0.751
31.157,0.776
31.157,0.751
31.176,0.699
31.193,0.751
31.193,0.712
31.211,0.608
31.230,0.725
31.230,0.634
31.249,0.401
31.267,0.647
31.267,0.479
31.285,0.388
31.306,0.505
31.306,0.259
31.327,0.582
31.327,0.142
31.348,0.544
31.348,0.673
31.368,0.492
31.388,0.647
31.388,0.414
31.407,0.621
31.407,0.686
31.428,0.582
31.448,0.673
31.448,0.712
31.467,0.673
31.467,0.699
31.488,0.699
31.508,0.686
31.508,0.699
31.529,0.686
31.529,0.699
31.550,0.673
31.550,0.634
31.570,0.673
31.589,0.634
31.589,0.531
31.608,0.647
31.609,0.556
31.630,0.349
31.650,0.556
31.650,0.401
31.673,0.220
31.673,0.440
31.693,0.168
31.693,0.440
31.714,0.181
31.735,0.401
31.735,0.531
31.753,0.660
31.753,0.505
31.772,0.259
31.790,0.453
31.790,0.531
31.809,0.414
31.827,0.505
31.827,0.531
31.845,0.492
31.863,0.531
31.863,0.544
31.881,0.518
31.901,0.531
31.901,0.505
31.918,0.531
31.935,0.505
31.936,0.466
31.954,0.492
31.972,0.466
31.972,0.375
31.990,0.453
32.009,0.375
32.009,0.246
32.027,0.375
32.027,0.259
32.045,0.220
32.064,0.272
32.064,0.194
32.082,0.285
32.100,0.207
32.100,0.272
32.119,0.375
32.136,0.246
32.136,0.375
32.155,0.220
32.174,0.375
32.174,0.453
32.192,0.362
32.209,0.453
32.209,0.505
32.228,0.453
32.246,0.505
32.246,0.531
32.264,0.505
32.264,0.544
32.281,0.544
32.299,0.569
32.317,0.569
32.317,0.544
32.335,0.595
32.355,0.569
32.355,0.518
32.372,0.595
32.372,0.531
32.390,0.388
32.407,0.569
32.407,0.453
32.426,0.207
32.444,0.505
32.444,0.220
32.462,0.466
32.480,0.272
32.480,0.414
32.499,0.582
32.516,0.349
32.516,0.569
32.534,0.246
32.552,0.544
32.552,0.660
32.570,0.505
32.589,0.647
32.589,0.699
32.607,0.621
32.624,0.686
32.624,0.725
32.643,0.686
32.660,0.712
32.660,0.699
32.678,0.725
32.696,0.712
32.696,0.686
32.714,0.699
32.731,0.686
32.732,0.621
32.750,0.712
32.768,0.634
32.768,0.479
32.787,0.660
32.805,0.531
32.805,0.207
32.824,0.569
32.824,0.233
32.845,0.479
32.866,0.336
32.866,0.427
32.886,0.621
32.886,0.362
32.906,0.595
32.927,0.246
32.927,0.569
32.947,0.673
32.947,0.531
32.968,0.660
32.968,0.712
32.986,0.647
33.005,0.725
33.005,0.725
33.023,0.725
33.042,0.738
33.042,0.725
33.060,0.725
33.080,0.738
33.080,0.712
33.098,0.738
33.098,0.712
33.116,0.647
33.136,0.725
33.136,0.673
33.155,0.531
33.175,0.686
33.175,0.569
33.195,0.233
33.195,0.608
33.213,0.349
33.230,0.479
33.230,0.440
33.250,0.401
33.267,0.634
33.267,0.285
33.286,0.608
33.303,0.181
33.304,0.569
33.323,0.699
33.341,0.531
33.341,0.673
33.359,0.738
33.377,0.660
33.377,0.712
33.395,0.751
33.412,0.712
33.412,0.751
33.430,0.738
33.449,0.764
33.449,0.751
33.466,0.712
33.484,0.751
33.484,0.738
33.502,0.673
33.502,0.738
33.521,0.686
33.540,0.569
33.540,0.712
33.558,0.608
33.577,0.298
33.577,0.634
33.594,0.518
33.612,0.427
33.612,0.466
33.631,0.375
33.650,0.621
33.650,0.246
33.668,0.582
33.685,0.712
33.685,0.569
33.704,0.686
33.721,0.518
33.721,0.673
33.740,0.738
33.758,0.660
33.758,0.725
33.779,0.764
33.779,0.725
33.797,0.751
33.814,0.764
33.815,0.751
33.833,0.751
33.851,0.725
33.851,0.764
33.869,0.751
33.888,0.686
33.888,0.764
33.905,0.699
33.923,0.595
33.924,0.712
33.942,0.621
33.960,0.324
33.960,0.647
33.979,0.427
33.996,0.518
33.996,0.505
34.014,0.324
34.033,0.608
34.033,0.181
34.052,0.582
34.052,0.699
34.070,0.544
34.088,0.686
34.088,0.492
34.106,0.660
34.124,0.712
34.124,0.647
34.141,0.699
34.160,0.751
34.160,0.712
34.178,0.751
34.198,0.738
34.198,0.751
34.217,0.764
34.218,0.738
34.235,0.764
34.253,0.738
34.253,0.699
34.271,0.751
34.290,0.712
34.290,0.608
34.307,0.725
34.325,0.634
34.325,0.401
34.343,0.660
34.362,0.479
34.362,0.349
34.379,0.531
34.397,0.233
34.397,0.595
34.416,0.194
34.434,0.556
34.434,0.686
34.452,0.492
34.469,0.673
34.469,0.453
34.487,0.660
34.504,0.738
34.505,0.621
34.523,0.712
34.541,0.764
34.541,0.699
34.561,0.751
34.579,0.764
34.579,0.751
34.598,0.764
34.617,0.751
34.617,0.764
34.635,0.764
34.635,0.712
34.655,0.764
34.673,0.712
34.673,0.621
34.692,0.712
34.711,0.647
34.711,0.427
34.730,0.673
34.730,0.492
34.749,0.298
34.768,0.556
34.768,0.233
34.787,0.569
34.805,0.233
34.805,0.531
34.824,0.673
34.842,0.479
34.842,0.660
34.861,0.414
34.861,0.621
34.879,0.712
34.898,0.621
34.898,0.699
34.916,0.738
34.933,0.686
34.933,0.738
34.951,0.751
34.970,0.738
34.970,0.751
34.987,0.738
35.005,0.751
35.005,0.738
35.024,0.699
35.041,0.751
35.041,0.712
35.059,0.621
35.077,0.712
35.077,0.647
35.096,0.466
35.113,0.673
35.113,0.531
35.131,0.220
35.149,0.569
35.149,0.194
35.167,0.544
35.186,0.272
35.186,0.492
35.205,0.660
35.205,0.440
35.224,0.634
35.242,0.336
35.242,0.608
35.259,0.699
35.279,0.556
35.279,0.686
35.297,0.712
35.314,0.660
35.314,0.712
35.332,0.725
35.350,0.699
35.350,0.725
35.368,0.712
35.386,0.725
35.386,0.712
35.405,0.673
35.422,0.699
35.422,0.673
35.439,0.569
35.457,0.673
35.457,0.595
35.475,0.440
35.493,0.608
35.493,0.466
35.511,0.181
35.528,0.479
35.528,0.220
35.545,0.401
35.563,0.233
35.563,0.311
35.581,0.492
35.600,0.259
35.600,0.440
35.618,0.168
35.636,0.401
35.636,0.492
35.654,0.362
35.672,0.453
35.672,0.505
35.690,0.440
35.709,0.505
35.709,0.531
35.727,0.505
35.745,0.531
35.745,0.531
35.762,0.531
35.781,0.544
35.781,0.505
35.798,0.556
35.816,0.518
35.816,0.453
35.833,0.531
35.851,0.466
35.851,0.324
35.869,0.479
35.888,0.362
35.888,0.259
35.905,0.414
35.922,0.233
35.922,0.453
35.940,0.220
35.957,0.259
35.957,0.453
35.976,0.272
35.994,0.440
35.994,0.233
36.012,0.414
36.030,0.531
36.030,0.401
36.047,0.531
36.066,0.595
36.066,0.531
36.084,0.595
36.102,0.647
36.102,0.595
36.120,0.634
36.137,0.634
36.137,0.647
36.156,0.647
36.174,0.621
36.174,0.673
36.191,0.634
36.209,0.569
36.210,0.660
36.227,0.608
36.245,0.466
36.245,0.621
36.263,0.518
36.280,0.207
36.280,0.556
36.298,0.324
36.316,0.401
36.316,0.401
36.335,0.349
36.352,0.621
36.353,0.246
36.369,0.556
36.387,0.207
36.387,0.531
36.405,0.660
36.423,0.492
36.423,0.660
36.441,0.699
36.459,0.621
36.459,0.699
36.476,0.725
36.494,0.686
36.494,0.725
36.512,0.725
36.529,0.725
36.529,0.738
36.546,0.712
36.564,0.738
36.564,0.725
36.582,0.660
36.600,0.738
36.600,0.686
36.618,0.569
36.636,0.699
36.636,0.608
36.654,0.285
36.673,0.634
36.673,0.401
36.692,0.453
36.710,0.479
36.710,0.349
36.728,0.608
36.746,0.246
36.746,0.595
36.764,0.699
36.781,0.544
36.781,0.686
36.800,0.505
36.818,0.647
36.818,0.725
36.836,0.660
36.854,0.725
36.854,0.751
36.872,0.725
36.891,0.751
36.891,0.764
36.908,0.751
36.926,0.764
36.926,0.738
36.945,0.751
36.945,0.751
36.963,0.686
36.981,0.764
36.981,0.699
36.998,0.608
37.017,0.712
37.017,0.634
37.034,0.388
37.052,0.660
37.052,0.544
37.070,0.362
37.089,0.505
37.089,0.285
37.107,0.595
37.125,0.194
37.125,0.556
37.143,0.686
37.160,0.518
37.161,0.673
37.178,0.466
37.197,0.660
37.197,0.738
37.214,0.634
37.234,0.712
37.234,0.751
37.252,0.699
37.269,0.751
37.269,0.764
37.287,0.751
37.304,0.751
37.304,0.738
37.322,0.751
37.341,0.751
37.341,0.699
37.359,0.751
37.376,0.699
37.376,0.608
37.394,0.725
37.413,0.634
37.413,0.388
37.430,0.634
37.448,0.466
37.448,0.336
37.466,0.505
37.484,0.220
37.484,0.544
37.502,0.220
37.520,0.505
37.520,0.621
37.538,0.440
37.556,0.582
37.556,0.362
37.573,0.582
37.591,0.608
37.591,0.479
37.609,0.556
37.628,0.569
37.628,0.505
37.646,0.492
37.664,0.479
37.664,0.440
37.682,0.414
37.699,0.401
37.699,0.479
37.717,0.479
37.735,0.479
37.735,0.569
37.754,0.569
37.771,0.505
37.772,0.634
37.789,0.582
37.808,0.401
37.808,0.647
37.826,0.505
37.827,0.272
37.844,0.556
37.862,0.233
37.862,0.582
37.881,0.453
37.901,0.544
37.901,0.699
37.919,0.479
37.937,0.673
37.937,0.401
37.956,0.647
37.973,0.725
37.973,0.595
37.992,0.699
38.010,0.725
38.010,0.647
38.028,0.686
38.028,0.673
38.046,0.621
38.064,0.608
38.064,0.556
38.082,0.544
38.101,0.479
38.101,0.388
38.119,0.388
38.137,0.336
38.137,0.285
38.156,0.401
38.173,0.349
38.173,0.233
38.192,0.427
38.211,0.324
38.211,0.207
38.231,0.375
38.231,0.259
38.249,0.362
38.267,0.168
38.267,0.336
38.287,0.518
38.306,0.324
38.306,0.505
38.325,0.220
38.326,0.479
38.346,0.582
38.366,0.466
38.366,0.582
38.386,0.634
38.386,0.569
38.406,0.634
38.425,0.673
38.425,0.647
38.444,0.673
38.462,0.673
38.462,0.686
38.481,0.686
38.481,0.647
38.498,0.699
38.517,0.660
38.517,0.582
38.534,0.673
38.553,0.621
38.553,0.453
38.573,0.634
38.592,0.518
38.592,0.466
38.610,0.544
38.629,0.259
38.629,0.466
38.648,0.336
38.649,0.401
38.667,0.595
38.686,0.336
38.686,0.569
38.705,0.298
38.723,0.531
38.723,0.647
38.741,0.505
38.759,0.634
38.759,0.686
38.778,0.621
38.795,0.673
38.795,0.712
38.813,0.673
38.831,0.712
38.831,0.699
38.849,0.699
38.866,0.699
38.866,0.673
38.884,0.712
38.903,0.673
38.903,0.608
38.921,0.686
38.938,0.621
38.938,0.479
38.956,0.634
38.975,0.518
38.975,0.168
38.993,0.518
39.011,0.298
39.011,0.414
39.028,0.349
39.028,0.349
39.047,0.556
39.065,0.259
39.065,0.531
39.084,0.259
39.104,0.492
39.104,0.621
39.122,0.466
39.141,0.582
39.141,0.634
39.158,0.569
39.176,0.647
39.176,0.647
39.194,0.608
39.213,0.634
39.213,0.634
39.231,0.621
39.249,0.621
39.249,0.582
39.267,0.621
39.267,0.595
39.285,0.531
39.303,0.621
39.303,0.544
39.321,0.414
39.338,0.544
39.339,0.427
39.356,0.220
39.375,0.453
39.375,0.246
39.392,0.285
39.411,0.285
39.411,0.259
39.428,0.427
39.447,0.272
39.447,0.388
39.465,0.311
39.484,0.349
39.484,0.466
39.502,0.298
39.520,0.440
39.521,0.582
39.538,0.401
39.556,0.492
39.556,0.505
39.574,0.453
39.592,0.479
39.592,0.479
39.610,0.466
39.628,0.544
39.628,0.440
39.646,0.466
39.664,0.440
39.664,0.388
39.682,0.440
39.701,0.401
39.701,0.298
39.719,0.388
39.719,0.531
39.736,0.220
39.755,0.324
39.755,0.259
39.772,0.259
39.791,0.194
39.791,0.129
39.811,0.259
39.828,0.427
39.828,0.285
39.846,0.349
39.864,0.220
39.864,0.336
39.881,0.272
39.901,0.336
39.901,0.401
39.920,0.324
39.937,0.505
39.937,0.466
39.955,0.414
39.973,0.453
39.973,0.479
39.992,0.466
40.010,0.492
40.010,0.466
40.028,0.505
40.046,0.505
40.046,0.453
40.065,0.518
40.065,0.479
40.082,0.362
40.100,0.492
40.100,0.401
40.118,0.272
40.136,0.440
40.136,0.272
40.154,0.220
40.173,0.336
40.173,0.259
40.190,0.414
40.209,0.207
40.209,0.401
40.227,0.531
40.245,0.388
40.245,0.544
40.264,0.336
40.283,0.505
40.283,0.582
40.301,0.505
40.320,0.582
40.320,0.634
40.337,0.582
40.354,0.634
40.354,0.647
40.372,0.621
40.390,0.660
40.390,0.634
40.409,0.660
40.427,0.647
40.427,0.595
40.445,0.660
40.463,0.621
40.463,0.531
40.480,0.647
40.498,0.569
40.499,0.375
40.516,0.595
40.534,0.440
40.534,0.259
40.552,0.556
40.570,0.220
40.570,0.518
40.588,0.259
40.606,0.479
40.606,0.634
40.625,0.427
40.625,0.634
40.643,0.556
40.660,0.595
40.660,0.699
40.678,0.569
40.696,0.686
40.696,0.725
40.714,0.673
40.733,0.725
40.733,0.738
40.751,0.712
40.768,0.738
40.768,0.725
40.786,0.751
40.803,0.738
40.803,0.686
40.822,0.738
40.840,0.699
40.840,0.621
40.858,0.712
40.875,0.634
40.875,0.453
40.893,0.673
40.912,0.505
40.912,0.285
40.930,0.556
40.949,0.207
40.949,0.556
40.967,0.259
40.985,0.505
40.985,0.673
41.003,0.453
41.021,0.647
41.021,0.375
41.039,0.621
41.058,0.725
41.058,0.595
41.076,0.712
41.093,0.751
41.093,0.699
41.111,0.764
41.129,0.764
41.130,0.738
41.148,0.764
41.166,0.751
41.166,0.764
41.183,0.751
41.201,0.738
41.201,0.764
41.219,0.738
41.238,0.647
41.238,0.751
41.255,0.686
41.256,0.505
41.276,0.712
41.294,0.569
41.294,0.246
41.311,0.595
41.329,0.259
41.329,0.556
41.347,0.375
41.365,0.492
41.365,0.660
41.382,0.414
41.400,0.647
41.400,0.324
41.418,0.621
41.436,0.712
41.436,0.582
41.454,0.712
41.472,0.751
41.472,0.686
41.489,0.738
41.507,0.764
41.507,0.738
41.527,0.764
41.543,0.764
41.543,0.764
41.562,0.764
41.578,0.725
41.578,0.764
41.597,0.725
41.614,0.660
41.614,0.751
41.632,0.673
41.650,0.531
41.650,0.686
41.669,0.569
41.687,0.194
41.687,0.595
41.705,0.298
41.723,0.492
41.723,0.414
41.740,0.453
41.760,0.647
41.760,0.362
41.777,0.608
41.795,0.246
41.795,0.582
41.812,0.699
41.830,0.544
41.830,0.686
41.848,0.738
41.866,0.673
41.866,0.725
41.884,0.751
41.902,0.712
41.902,0.751
41.919,0.725
41.937,0.738
41.937,0.738
41.954,0.712
41.972,0.738
41.972,0.712
41.990,0.647
42.007,0.738
42.007,0.660
42.025,0.531
42.043,0.673
42.043,0.569
42.061,0.298
42.078,0.595
42.078,0.324
42.096,0.582
42.114,0.427
42.114,0.388
42.133,0.608
42.151,0.298
42.151,0.582
42.168,0.220
42.186,0.556
42.186,0.647
42.203,0.505
42.221,0.634
42.221,0.699
42.241,0.608
42.258,0.686
42.258,0.712
42.276,0.673
42.295,0.712
42.295,0.699
42.313,0.699
42.331,0.686
42.331,0.673
42.348,0.699
42.366,0.673
42.366,0.621
42.384,0.686
42.401,0.634
42.401,0.505
42.418,0.634
42.438,0.544
42.438,0.246
42.455,0.556
42.472,0.336
42.473,0.349
42.490,0.608
42.509,0.259
42.509,0.531
42.525,0.168
42.544,0.492
42.544,0.595
42.562,0.453
42.580,0.582
42.580,0.401
42.597,0.569
42.614,0.621
42.614,0.531
42.632,0.621
42.650,0.634
42.650,0.595
42.668,0.634
42.686,0.634
42.686,0.647
42.703,0.634
42.720,0.595
42.720,0.621
42.739,0.595
42.756,0.544
42.756,0.595
42.774,0.556
42.792,0.440
42.792,0.556
42.811,0.466
42.829,0.246
42.829,0.479
42.848,0.298
42.865,0.246
42.865,0.349
42.883,0.220
42.902,0.634
42.902,0.272
42.919,0.375
42.938,0.505
42.938,0.336
42.956,0.479
42.972,0.272
42.972,0.440
42.991,0.505
43.010,0.608
43.010,0.492
43.028,0.518
43.046,0.466
43.046,0.505
43.064,0.505
43.082,0.505
43.082,0.505
43.101,0.492
43.118,0.492
43.118,0.492
43.137,0.414
43.156,0.479
43.156,0.440
43.174,0.349
43.174,0.453
43.191,0.349
43.209,0.194
43.226,0.518
43.226,0.233
43.245,0.233
43.262,0.285
43.263,0.259
43.281,0.298
43.281,0.181
43.301,0.259
43.320,0.388
43.320,0.233
43.339,0.362
43.359,0.207
43.359,0.453
43.379,0.427
43.379,0.336
43.397,0.427
43.418,0.479
43.418,0.414
43.438,0.492
43.438,0.479
43.457,0.466
43.476,0.492
43.476,0.466
43.493,0.492
43.511,0.479
43.512,0.569
43.529,0.505
43.548,0.453
43.548,0.388
43.566,0.466
43.566,0.401
43.584,0.233
43.602,0.556
43.619,0.272
43.619,0.246
43.637,0.336
43.655,0.246
43.655,0.324
43.674,0.155
43.674,0.311
43.691,0.453
43.710,0.272
43.710,0.505
43.727,0.207
43.745,0.427
43.745,0.518
43.763,0.401
43.781,0.518
43.781,0.556
43.800,0.505
43.820,0.556
43.820,0.569
43.839,0.556
43.859,0.569
43.859,0.569
43.878,0.569
43.878,0.569
43.898,0.531
43.917,0.569
43.917,0.556
43.936,0.466
43.936,0.556
43.955,0.492
43.973,0.324
43.973,0.518
43.992,0.401
44.011,0.168
44.011,0.427
44.030,0.181
44.050,0.388
44.050,0.233
44.070,0.362
44.070,0.518
44.090,0.298
44.108,0.505
44.108,0.233
44.128,0.479
44.128,0.569
44.148,0.453
44.168,0.569
44.168,0.608
44.186,0.544
44.186,0.595
44.205,0.621
44.224,0.621
44.224,0.634
44.244,0.621
44.265,0.634
44.265,0.634
44.282,0.595
44.282,0.634
44.301,0.608
44.320,0.531
44.320,0.621
44.339,0.556
44.357,0.414
44.357,0.582
44.375,0.453
44.393,0.181
44.393,0.492
44.411,0.246
44.430,0.401
44.430,0.388
44.447,0.362
44.464,0.544
44.464,0.298
44.482,0.518
44.500,0.220
44.500,0.492
44.519,0.595
44.519,0.466
44.538,0.582
44.556,0.647
44.556,0.569
44.574,0.634
44.591,0.673
44.591,0.634
44.610,0.673
44.627,0.673
44.627,0.660
44.645,0.673
44.664,0.647
44.664,0.660
44.682,0.647
44.701,0.582
44.701,0.660
44.719,0.595
44.740,0.440
44.740,0.608
44.759,0.505
44.759,0.220
44.779,0.531
44.797,0.272
44.797,0.414
44.815,0.349
44.832,0.349
44.832,0.556
44.851,0.414
44.869,0.531
44.869,0.233
44.887,0.518
44.904,0.621
44.904,0.466
44.923,0.608
44.940,0.660
44.941,0.595
44.960,0.660
44.960,0.686
44.979,0.647
44.997,0.686
44.997,0.686
45.015,0.686
45.032,0.686
45.032,0.673
45.051,0.686
45.071,0.660
45.071,0.608
45.088,0.686
45.106,0.621
45.106,0.505
45.123,0.634
45.141,0.531
45.141,0.259
45.160,0.556
45.178,0.336
45.178,0.375
45.197,0.401
45.215,0.285
45.215,0.569
45.233,0.194
45.251,0.518
45.251,0.634
45.269,0.479
45.269,0.621
45.287,0.427
45.306,0.595
45.306,0.660
45.324,0.582
45.344,0.660
45.344,0.699
45.364,0.647
45.381,0.686
45.381,0.686
45.400,0.686
45.418,0.699
45.418,0.673
45.436,0.699
45.436,0.673
45.453,0.608
45.472,0.686
45.472,0.634
45.489,0.518
45.508,0.660
45.508,0.556
45.526,0.285
45.543,0.582
45.543,0.375
45.562,0.349
45.580,0.440
45.580,0.272
45.598,0.544
45.617,0.181
45.617,0.518
45.635,0.634
45.653,0.479
45.653,0.621
45.672,0.427
45.690,0.595
45.690,0.673
45.708,0.569
45.726,0.647
45.726,0.699
45.745,0.647
45.745,0.699
45.764,0.686
45.783,0.686
45.783,0.699
45.801,0.686
45.819,0.699
45.819,0.686
45.838,0.621
45.856,0.686
45.856,0.647
45.874,0.544
45.892,0.660
45.892,0.569
45.909,0.336
45.928,0.582
45.928,0.427
45.946,0.285
45.964,0.479
45.964,0.207
45.982,0.531
46.000,0.220
46.001,0.505
46.018,0.634
46.036,0.440
46.036,0.608
46.055,0.375
46.055,0.582
46.074,0.673
46.091,0.556
46.091,0.647
46.111,0.699
46.128,0.647
46.128,0.699
46.146,0.699
46.164,0.699
46.165,0.699
46.181,0.686
46.200,0.712
46.200,0.699
46.217,0.634
46.237,0.699
46.237,0.660
46.254,0.569
46.275,0.673
46.275,0.595
46.293,0.388
46.311,0.608
46.311,0.453
46.329,0.246
46.348,0.492
46.349,0.155
46.369,0.505
46.369,0.246
46.387,0.479
46.404,0.621
46.404,0.414
46.423,0.595
46.441,0.349
46.441,0.569
46.459,0.660
46.477,0.544
46.477,0.647
46.496,0.699
46.496,0.634
46.513,0.699
46.531,0.712
46.531,0.673
46.551,0.699
46.569,0.699
46.569,0.699
46.588,0.712
46.607,0.673
46.607,0.712
46.624,0.686
46.643,0.582
46.643,0.686
46.660,0.621
46.678,0.479
46.678,0.634
46.697,0.492
46.714,0.233
46.715,0.531
46.733,0.155
46.750,0.505
46.750,0.285
46.768,0.453
46.786,0.621
46.786,0.388
46.804,0.595
46.824,0.298
46.824,0.582
46.841,0.673
46.841,0.544
46.861,0.660
46.880,0.712
46.880,0.660
46.900,0.699
46.901,0.725
46.920,0.699
46.940,0.725
46.940,0.712
46.960,0.725
46.960,0.712
46.983,0.686
47.004,0.712
47.004,0.686
47.024,0.608
47.024,0.686
47.052,0.621
47.052,0.492
47.074,0.647
47.074,0.505
47.094,0.207
47.094,0.569
47.112,0.259
47.133,0.479
47.133,0.336
47.153,0.414
47.153,0.621
47.173,0.362
47.193,0.595
47.193,0.246
47.211,0.569
47.211,0.673
47.230,0.531
47.250,0.647
47.250,0.712
47.268,0.634
47.289,0.712
47.289,0.725
47.309,0.686
47.309,0.725
47.328,0.712
47.348,0.712
47.348,0.699
47.371,0.686
47.371,0.712
47.392,0.686
47.392,0.608
47.415,0.699
47.415,0.634
47.438,0.492
47.438,0.647
47.464,0.531
47.464,0.349
47.486,0.569
47.486,0.272
47.507,0.440
47.528,0.375
47.528,0.401
47.547,0.569
47.547,0.311
47.568,0.556
47.568,0.233
47.590,0.518
47.609,0.634
47.609,0.479
47.628,0.621
47.628,0.673
47.646,0.595
47.665,0.660
47.665,0.699
47.683,0.660
47.702,0.686
47.702,0.699
47.721,0.699
47.740,0.699
47.740,0.673
47.758,0.712
47.758,0.686
47.778,0.621
47.795,0.699
47.795,0.647
47.814,0.518
47.833,0.647
47.833,0.544
47.852,0.272
47.873,0.569
47.873,0.336
47.891,0.388
47.891,0.388
47.910,0.324
47.929,0.544
47.929,0.246
47.947,0.492
47.966,0.595
47.966,0.440
47.984,0.582
48.004,0.401
48.004,0.556
48.021,0.634
48.021,0.544
48.040,0.634
48.059,0.673
48.059,0.621
48.077,0.660
48.096,0.660
48.096,0.673
48.114,0.673
48.132,0.647
48.133,0.673
48.151,0.634
48.169,0.582
48.169,0.660
48.188,0.595
48.188,0.492
48.207,0.621
48.227,0.518
48.227,0.259
48.244,0.544
48.263,0.336
48.263,0.336
48.280,0.401
48.298,0.272
48.298,0.505
48.316,0.168
48.335,0.479
48.335,0.595
48.354,0.453
48.354,0.582
48.373,0.388
48.393,0.556
48.393,0.634
48.412,0.556
48.430,0.621
48.430,0.660
48.448,0.608
48.466,0.660
48.466,0.660
48.485,0.660
48.485,0.660
48.504,0.647
48.522,0.673
48.522,0.647
48.539,0.634
48.557,0.647
48.557,0.608
48.575,0.505
48.595,0.621
48.595,0.531
48.613,0.298
48.630,0.556
48.630,0.362
48.649,0.285
48.666,0.427
48.666,0.207
48.685,0.492
48.702,0.155
48.702,0.466
48.721,0.595
48.738,0.427
48.738,0.582
48.757,0.375
48.776,0.556
48.776,0.634
48.794,0.531
48.812,0.621
48.812,0.660
48.829,0.608
48.848,0.660
48.848,0.660
48.866,0.647
48.884,0.673
48.884,0.647
48.902,0.660
48.904,0.647
48.921,0.595
48.938,0.647
48.938,0.608
48.956,0.505
48.975,0.621
48.975,0.544
48.992,0.427
49.011,0.569
49.011,0.401
49.030,0.220
49.048,0.479
49.048,0.168
49.067,0.479
49.084,0.181
49.084,0.440
49.102,0.582
49.121,0.401
49.121,0.569
49.139,0.336
49.156,0.544
49.157,0.621
49.175,0.518
49.192,0.621
49.192,0.660
49.210,0.608
49.229,0.647
49.229,0.660
49.248,0.647
49.248,0.673
49.266,0.647
49.286,0.660
49.286,0.647
49.305,0.608
49.326,0.660
49.326,0.621
49.345,0.531
49.345,0.634
49.365,0.556
49.384,0.362
49.384,0.582
49.404,0.427
49.404,0.233
49.422,0.466
49.441,0.246
49.441,0.466
49.460,0.427
49.477,0.414
49.477,0.569
49.497,0.375
49.516,0.556
49.516,0.298
49.535,0.531
49.535,0.621
49.554,0.505
49.573,0.608
49.574,0.660
49.593,0.621
49.593,0.647
49.612,0.673
49.630,0.647
49.630,0.660
49.649,0.647
49.667,0.660
49.667,0.660
49.685,0.621
49.703,0.660
49.703,0.634
49.722,0.544
49.738,0.621
49.738,0.556
49.756,0.414
49.775,0.582
49.775,0.440
49.792,0.155
49.811,0.479
49.811,0.194
49.828,0.427
49.846,0.259
49.846,0.401
49.865,0.569
49.883,0.336
49.883,0.544
49.901,0.272
49.920,0.518
49.920,0.621
49.937,0.492
49.955,0.608
49.955,0.647
49.973,0.595
49.973,0.647
49.992,0.673
50.011,0.634
50.011,0.673
50.030,0.660
50.048,0.660
50.048,0.660
50.067,0.634
50.087,0.660
50.087,0.634
50.104,0.544
50.104,0.634
50.123,0.569
50.141,0.414
50.141,0.595
50.159,0.466
50.176,0.155
50.176,0.492
50.195,0.207
50.213,0.414
50.213,0.298
50.231,0.375
50.249,0.556
50.249,0.285
50.266,0.531
50.283,0.233
50.283,0.505
50.302,0.608
50.320,0.479
50.320,0.595
50.337,0.647
50.355,0.582
50.356,0.634
50.374,0.647
50.391,0.634
50.391,0.660
50.413,0.647
50.431,0.660
50.431,0.660
50.448,0.634
50.465,0.660
50.465,0.634
50.482,0.569
50.500,0.647
50.500,0.595
50.518,0.453
50.536,0.595
50.536,0.492
50.555,0.181
50.572,0.518
50.572,0.336
50.589,0.388
50.608,0.336
50.608,0.324
50.626,0.544
50.644,0.233
50.644,0.518
50.662,0.207
50.680,0.479
50.680,0.595
50.697,0.440
50.716,0.582
50.716,0.647
50.734,0.556
50.751,0.634
50.751,0.660
50.769,0.621
50.788,0.660
50.788,0.647
50.806,0.647
50.823,0.660
50.823,0.621
50.841,0.660
50.858,0.647
50.858,0.569
50.875,0.647
50.893,0.595
50.893,0.466
50.910,0.595
50.928,0.492
50.928,0.194
50.947,0.531
50.965,0.285
50.965,0.349
50.983,0.362
51.000,0.466
51.001,0.531
51.017,0.207
51.036,0.492
51.036,0.194
51.053,0.453
51.071,0.582
51.071,0.427
51.089,0.582
51.106,0.647
51.106,0.556
51.123,0.634
51.141,0.660
51.141,0.621
51.159,0.660
51.176,0.660
51.176,0.647
51.194,0.660
51.211,0.634
51.230,0.660
51.230,0.634
51.247,0.595
51.264,0.647
51.264,0.595
51.282,0.492
51.300,0.608
51.300,0.518
51.318,0.246
51.336,0.544
51.336,0.336
51.354,0.324
51.372,0.401
51.372,0.246
51.391,0.505
51.391,0.168
51.409,0.492
51.428,0.595
51.428,0.440
51.446,0.582
51.466,0.388
51.466,0.556
51.485,0.634
51.504,0.544
51.505,0.634
51.524,0.660
51.524,0.608
51.544,0.660
51.563,0.660
51.563,0.660
51.583,0.660
51.583,0.634
51.605,0.673
51.605,0.647
51.627,0.608
51.647,0.647
51.647,0.608
51.668,0.505
51.668,0.621
51.687,0.531
51.706,0.298
51.706,0.556
51.730,0.388
51.730,0.285
51.751,0.414
51.751,0.220
51.771,0.492
51.793,0.168
51.793,0.453
51.812,0.595
51.812,0.427
51.833,0.569
51.833,0.375
51.854,0.544
51.874,0.621
51.874,0.518
51.894,0.621
51.894,0.647
51.914,0.621
51.915,0.647
51.934,0.673
51.952,0.647
51.952,0.660
51.970,0.647
51.987,0.660
51.987,0.660
52.005,0.608
52.022,0.660
52.022,0.608
52.042,0.505
52.060,0.634
52.060,0.544
52.078,0.324
52.095,0.569
52.095,0.401
52.112,0.246
52.130,0.440
52.131,0.168
52.148,0.479
52.166,0.233
52.166,0.440
52.183,0.595
52.202,0.388
52.202,0.556
52.219,0.298
52.237,0.556
52.237,0.621
52.255,0.518
52.273,0.608
52.273,0.647
52.291,0.608
52.308,0.634
52.308,0.660
52.326,0.647
52.343,0.673
52.361,0.647
52.361,0.660
52.378,0.647
52.395,0.608
52.395,0.660
52.414,0.621
52.434,0.531
52.434,0.634
52.451,0.544
52.451,0.388
52.468,0.582
52.487,0.440
52.487,0.440
52.505,0.466
52.523,0.194
52.523,0.453
52.541,0.246
52.558,0.414
52.558,0.556
52.576,0.349
52.595,0.556
52.595,0.388
52.613,0.518
52.632,0.621
52.632,0.492
52.651,0.595
52.668,0.647
52.669,0.595
52.687,0.647
52.705,0.660
52.705,0.647
52.725,0.673
52.725,0.647
52.744,0.660
52.761,0.660
52.761,0.621
52.779,0.673
52.798,0.621
52.798,0.544
52.814,0.634
52.834,0.569
52.834,0.388
52.852,0.582
52.870,0.440
52.870,0.220
52.887,0.479
52.905,0.311
52.905,0.440
52.924,0.233
52.942,0.388
52.942,0.556
52.960,0.324
52.978,0.544
52.978,0.259
52.999,0.505
52.999,0.608
53.018,0.492
53.036,0.608
53.036,0.634
53.054,0.595
53.073,0.647
53.073,0.673
53.091,0.634
53.110,0.660
53.110,0.647
53.128,0.647
53.146,0.660
53.146,0.634
53.164,0.660
53.181,0.634
53.181,0.556
53.198,0.634
53.218,0.595
53.218,0.440
53.235,0.595
53.255,0.479
53.255,0.194
53.272,0.518
53.272,0.220
53.290,0.414
53.307,0.298
53.325,0.362
53.325,0.556
53.344,0.336
53.344,0.531
53.362,0.246
53.379,0.492
53.379,0.608
53.398,0.466
53.417,0.595
53.417,0.647
53.435,0.569
53.454,0.647
53.454,0.673
53.472,0.634
53.491,0.660
53.491,0.660
53.508,0.660
53.527,0.660
53.527,0.621
53.546,0.660
53.564,0.634
53.564,0.556
53.584,0.647
53.584,0.569
53.602,0.440
53.620,0.595
53.620,0.479
53.637,0.207
53.655,0.518
53.655,0.259
53.674,0.388
53.692,0.336
53.692,0.324
53.710,0.544
53.727,0.259
53.727,0.505
53.745,0.336
53.763,0.479
53.763,0.595
53.780,0.440
53.798,0.569
53.798,0.647
53.816,0.569
53.833,0.634
53.833,0.660
53.852,0.621
53.868,0.660
53.868,0.660
53.886,0.647
53.904,0.660
53.904,0.634
53.922,0.660
53.940,0.647
53.940,0.582
53.957,0.647
53.975,0.595
53.975,0.466
53.993,0.608
54.011,0.505
54.011,0.194
54.029,0.531
54.049,0.311
54.049,0.362
54.067,0.375
54.085,0.285
54.085,0.518
54.104,0.220
54.121,0.492
54.122,0.608
54.140,0.466
54.158,0.595
54.158,0.427
54.177,0.569
54.194,0.634
54.194,0.556
54.211,0.621
54.230,0.647
54.230,0.621
54.248,0.660
54.266,0.660
54.266,0.647
54.284,0.647
54.301,0.634
54.301,0.673
54.319,0.647
54.336,0.582
54.336,0.634
54.354,0.595
54.371,0.544
54.371,0.608
54.389,0.518
54.408,0.272
54.408,0.544
54.426,0.336
54.443,0.324
54.443,0.401
54.462,0.259
54.479,0.582
54.479,0.207
54.497,0.466
54.515,0.595
54.515,0.427
54.532,0.569
54.549,0.388
54.550,0.556
54.567,0.634
54.585,0.544
54.585,0.621
54.602,0.660
54.620,0.608
54.620,0.660
54.639,0.660
54.657,0.647
54.657,0.660
54.675,0.634
54.695,0.673
54.695,0.634
54.715,0.595
54.715,0.660
54.735,0.608
54.756,0.505
54.756,0.621
54.778,0.531
54.778,0.298
54.799,0.556
54.799,0.375
54.817,0.272
54.835,0.440
54.835,0.220
54.853,0.505
54.871,0.168
54.871,0.621
54.889,0.595
54.907,0.414
54.907,0.569
54.926,0.362
54.947,0.556
54.947,0.621
54.967,0.531
54.967,0.634
54.988,0.660
54.988,0.608
55.007,0.647
55.026,0.660
55.026,0.660
55.046,0.660
55.065,0.647
55.065,0.660
55.085,0.660
55.085,0.608
55.104,0.660
55.122,0.608
55.122,0.531
55.140,0.621
55.158,0.556
55.158,0.336
55.175,0.556
55.193,0.505
55.193,0.220
55.211,0.453
55.229,0.194
55.229,0.466
55.246,0.168
55.265,0.427
55.265,0.582
55.283,0.388
55.300,0.569
55.300,0.311
55.319,0.544
55.338,0.608
55.338,0.505
55.356,0.608
55.356,0.660
55.376,0.595
55.396,0.660
55.396,0.673
55.414,0.647
55.433,0.660
55.433,0.660
55.451,0.660
55.473,0.647
55.473,0.608
55.493,0.660
55.493,0.634
55.510,0.531
55.528,0.621
55.528,0.556
55.546,0.375
55.564,0.582
55.564,0.440
55.581,0.181
55.599,0.479
55.600,0.168
55.617,0.466
55.635,0.233
55.635,0.414
55.653,0.582
55.671,0.349
55.672,0.556
55.689,0.298
55.707,0.518
55.707,0.608
55.726,0.505
55.726,0.608
55.743,0.647
55.762,0.595
55.763,0.660
55.781,0.660
55.799,0.634
55.799,0.660
55.818,0.660
55.835,0.660
55.835,0.647
55.854,0.621
55.873,0.647
55.873,0.621
55.890,0.544
55.907,0.634
55.907,0.569
55.926,0.414
55.944,0.582
55.944,0.466
55.962,0.155
55.981,0.492
55.981,0.194
55.999,0.440
56.017,0.311
56.017,0.388
56.035,0.556
56.054,0.311
56.054,0.531
56.073,0.207
56.073,0.518
56.092,0.608
56.110,0.479
56.110,0.608
56.127,0.647
56.145,0.569
56.145,0.647
56.163,0.660
56.182,0.634
56.182,0.660
56.200,0.660
56.217,0.660
56.217,0.660
56.235,0.621
56.253,0.660
56.253,0.634
56.271,0.518
56.290,0.634
56.290,0.582
56.307,0.440
56.326,0.608
56.326,0.479
56.344,0.181
56.362,0.492
56.362,0.220
56.380,0.414
56.399,0.285
56.399,0.362
56.418,0.544
56.418,0.285
56.435,0.518
56.452,0.194
56.452,0.492
56.472,0.608
56.490,0.453
56.490,0.582
56.509,0.647
56.527,0.556
56.527,0.634
56.546,0.660
56.564,0.621
56.564,0.660
56.581,0.647
56.599,0.660
56.599,0.660
56.617,0.634
56.635,0.660
56.635,0.634
56.652,0.582
56.670,0.647
56.670,0.582
56.688,0.453
56.705,0.595
56.705,0.479
56.723,0.479
56.741,0.531
56.742,0.285
56.760,0.375
56.777,0.362
56.777,0.311
56.797,0.544
56.814,0.220
56.814,0.505
56.832,0.181
56.851,0.479
56.851,0.595
56.868,0.427
56.886,0.582
56.886,0.647
56.905,0.556
56.905,0.634
56.923,0.660
56.942,0.621
56.942,0.660
56.959,0.647
56.977,0.660
56.977,0.660
56.995,0.634
57.013,0.660
57.013,0.647
57.031,0.582
57.049,0.647
57.049,0.595
57.067,0.466
57.087,0.608
57.087,0.505
57.105,0.246
57.122,0.531
57.122,0.311
57.139,0.349
57.157,0.388
57.157,0.285
57.176,0.518
57.194,0.207
57.194,0.492
57.213,0.608
57.230,0.453
57.231,0.582
57.248,0.414
57.267,0.556
57.267,0.634
57.285,0.544
57.303,0.621
57.303,0.660
57.321,0.621
57.339,0.660
57.339,0.673
57.358,0.660
57.358,0.673
57.375,0.634
57.393,0.660
57.393,0.647
57.411,0.595
57.428,0.647
57.428,0.595
57.447,0.492
57.464,0.621
57.482,0.518
57.482,0.285
57.502,0.544
57.502,0.453
57.520,0.324
57.539,0.401
57.539,0.259
57.558,0.505
57.575,0.168
57.575,0.466
57.593,0.595
57.612,0.440
57.612,0.582
57.630,0.375
57.650,0.556
57.650,0.634
57.667,0.544
57.667,0.621
57.685,0.660
57.704,0.621
57.704,0.647
57.721,0.660
57.739,0.647
57.739,0.660
57.758,0.647
57.776,0.647
57.776,0.647
57.794,0.595
57.811,0.660
57.811,0.608
57.829,0.492
57.846,0.621
57.846,0.531
57.865,0.324
57.882,0.556
57.882,0.388
57.901,0.246
57.918,0.440
57.918,0.181
57.936,0.479
57.954,0.194
57.954,0.466
57.972,0.582
57.991,0.401
57.991,0.556
58.009,0.349
58.027,0.531
58.027,0.634
58.046,0.518
58.065,0.608
58.065,0.660
58.082,0.608
58.100,0.660
58.100,0.660
58.119,0.647
58.138,0.673
58.138,0.647
58.156,0.673
58.156,0.660
58.174,0.608
58.191,0.647
58.191,0.621
58.210,0.518
58.227,0.634
58.227,0.556
58.245,0.362
58.262,0.569
58.262,0.414
58.279,0.207
58.298,0.453
58.298,0.220
58.316,0.479
58.334,0.259
58.334,0.427
58.353,0.569
58.370,0.375
58.370,0.556
58.388,0.311
58.406,0.544
58.407,0.621
58.425,0.505
58.443,0.621
58.443,0.660
58.461,0.595
58.479,0.647
58.479,0.660
58.497,0.634
58.516,0.660
58.516,0.660
58.533,0.660
58.552,0.660
58.552,0.608
58.570,0.660
58.589,0.634
58.589,0.544
58.608,0.634
58.608,0.556
58.626,0.401
58.643,0.595
58.643,0.453
58.661,0.207
58.679,0.479
58.679,0.220
58.697,0.453
58.716,0.259
58.716,0.401
58.734,0.569
58.753,0.349
58.753,0.544
58.770,0.453
58.788,0.518
58.788,0.621
58.807,0.479
58.824,0.595
58.824,0.673
58.843,0.582
58.861,0.647
58.861,0.660
58.879,0.634
58.898,0.673
58.898,0.647
58.915,0.660
58.933,0.660
58.933,0.621
58.950,0.660
58.969,0.621
58.969,0.556
58.986,0.634
59.005,0.569
59.005,0.427
59.023,0.595
59.040,0.466
59.040,0.168
59.058,0.505
59.076,0.181
59.076,0.427
59.094,0.440
59.112,0.375
59.112,0.556
59.131,0.298
59.149,0.544
59.149,0.246
59.166,0.505
59.184,0.608
59.184,0.466
59.203,0.582
59.203,0.647
59.221,0.569
59.239,0.634
59.239,0.660
59.256,0.634
59.274,0.660
59.292,0.660
59.292,0.660
59.310,0.660
59.328,0.621
59.328,0.660
59.346,0.634
59.346,0.556
59.363,0.647
59.382,0.582
59.400,0.518
59.400,0.608
59.417,0.479
59.417,0.194
59.435,0.518
59.453,0.246
59.453,0.388
59.472,0.336
59.489,0.349
59.489,0.544
59.510,0.272
59.527,0.518
59.527,0.168
59.545,0.492
59.563,0.608
59.563,0.453
59.581,0.582
59.599,0.647
59.599,0.569
59.617,0.634
59.635,0.660
59.635,0.621
59.653,0.660
59.671,0.660
59.671,0.660
59.688,0.660
59.707,0.621
59.707,0.660
59.725,0.647
59.742,0.569
59.743,0.647
59.760,0.569
59.780,0.466
59.780,0.608
59.797,0.492
59.815,0.220
59.815,0.518
59.832,0.298
59.850,0.362
59.850,0.375
59.869,0.285
59.887,0.505
59.887,0.220
59.905,0.492
59.922,0.168
59.922,0.453
59.941,0.595
59.958,0.440
59.958,0.569
59.976,0.634
59.994,0.544
59.994,0.634
60.013,0.647
60.013,0.621
60.032,0.660
60.051,0.660
60.051,0.647
60.069,0.660
60.087,0.647
60.087,0.660
60.105,0.647
60.125,0.582
60.125,0.647
60.143,0.595
60.163,0.479
60.164,0.621
60.183,0.518
60.183,0.233
60.202,0.544
60.222,0.324
60.222,0.336
60.241,0.388
60.241,0.259
60.261,0.505
60.279,0.155
60.279,0.479
60.298,0.608
60.315,0.440
60.315,0.582
60.334,0.375
60.351,0.556
60.351,0.634
60.372,0.544
60.372,0.621
60.391,0.647
60.410,0.608
60.410,0.647
60.429,0.647
60.430,0.647
60.449,0.660
60.468,0.634
60.468,0.660
60.487,0.634
60.505,0.595
60.505,0.647
60.527,0.608
60.527,0.505
60.544,0.621
60.562,0.531
60.562,0.311
60.581,0.556
60.598,0.440
60.598,0.272
60.616,0.427
60.634,0.194
60.634,0.479
60.653,0.129
60.670,0.466
60.670,0.595
60.688,0.427
60.706,0.582
60.706,0.362
60.725,0.556
60.742,0.634
60.742,0.518
60.761,0.621
60.779,0.647
60.779,0.595
60.798,0.647
60.816,0.673
60.816,0.647
60.833,0.660
60.851,0.634
60.851,0.660
60.869,0.660
60.887,0.595
60.887,0.647
60.905,0.608
60.923,0.505
60.923,0.634
60.942,0.544
60.942,0.324
60.959,0.569
60.977,0.388
60.995,0.233
60.995,0.440
61.012,0.181
61.030,0.492
61.030,0.207
61.048,0.440
61.067,0.582
61.067,0.375
61.085,0.569
61.085,0.324
61.103,0.531
61.121,0.621
61.122,0.518
61.141,0.621
61.158,0.647
61.158,0.595
61.175,0.647
61.193,0.673
61.193,0.647
61.212,0.660
61.229,0.647
61.229,0.647
61.247,0.647
61.266,0.621
61.266,0.647
61.283,0.621
61.301,0.531
61.301,0.634
61.321,0.556
61.338,0.375
61.340,0.582
61.357,0.427
61.375,0.220
61.375,0.466
61.393,0.181
61.410,0.466
61.410,0.220
61.429,0.414
61.447,0.569
61.447,0.362
61.465,0.544
61.482,0.285
61.482,0.518
61.499,0.621
61.518,0.492
61.518,0.608
61.536,0.660
61.555,0.595
61.555,0.647
61.573,0.673
61.574,0.647
61.591,0.660
61.609,0.647
61.609,0.660
61.628,0.660
61.645,0.621
61.645,0.660
61.663,0.634
61.682,0.544
61.682,0.634
61.700,0.556
61.717,0.401
61.717,0.582
61.735,0.453
61.753,0.168
61.753,0.479
61.771,0.207
61.788,0.440
61.788,0.259
61.807,0.375
61.824,0.556
61.824,0.311
61.843,0.544
61.862,0.246
61.862,0.518
61.880,0.608
61.898,0.479
61.898,0.582
61.917,0.647
61.935,0.569
61.935,0.634
61.953,0.673
61.970,0.634
61.970,0.660
61.987,0.660
62.005,0.660
62.005,0.660
62.024,0.621
62.042,0.673
62.042,0.647
62.060,0.556
62.079,0.647
62.079,0.582
62.096,0.427
62.114,0.595
62.114,0.466
62.133,0.233
62.133,0.492
62.151,0.246
62.170,0.401
62.170,0.298
62.187,0.336
62.205,0.531
62.205,0.259
62.222,0.518
62.240,0.233
62.240,0.492
62.258,0.608
62.276,0.466
62.276,0.595
62.294,0.647
62.313,0.595
62.313,0.660
62.330,0.686
62.348,0.660
62.348,0.686
62.366,0.686
62.385,0.686
62.385,0.673
62.403,0.647
62.421,0.686
62.421,0.647
62.440,0.595
62.457,0.673
62.457,0.608
62.474,0.479
62.493,0.621
62.493,0.505
62.510,0.207
62.529,0.544
62.529,0.298
62.547,0.388
62.566,0.375
62.566,0.311
62.584,0.556
62.603,0.246
62.603,0.531
62.620,0.155
62.640,0.505
62.640,0.634
62.659,0.466
62.659,0.621
62.677,0.686
62.695,0.595
62.695,0.673
62.713,0.699
62.732,0.673
62.732,0.712
62.750,0.712
62.768,0.699
62.768,0.712
62.786,0.686
62.804,0.712
62.804,0.699
62.821,0.634
62.840,0.699
62.840,0.660
62.858,0.531
62.876,0.673
62.876,0.556
62.894,0.246
62.913,0.595
62.913,0.362
62.932,0.414
62.932,0.440
62.952,0.324
62.970,0.582
62.970,0.246
62.989,0.544
63.007,0.673
63.008,0.518
63.026,0.647
63.026,0.492
63.045,0.634
63.064,0.699
63.064,0.608
63.083,0.686
63.101,0.712
63.102,0.673
63.121,0.712
63.139,0.712
63.139,0.712
63.158,0.725
63.158,0.699
63.176,0.712
63.193,0.699
63.193,0.647
63.211,0.699
63.229,0.660
63.229,0.544
63.246,0.673
63.264,0.582
63.282,0.336
63.282,0.608
63.300,0.414
63.318,0.349
63.318,0.492
63.336,0.246
63.336,0.556
63.355,0.207
63.373,0.531
63.373,0.647
63.390,0.479
63.409,0.634
63.409,0.427
63.426,0.621
63.445,0.686
63.445,0.582
63.464,0.673
63.481,0.712
63.481,0.660
63.500,0.699
63.518,0.712
63.518,0.699
63.538,0.712
63.538,0.686
63.556,0.712
63.576,0.699
63.576,0.647
63.593,0.699
63.612,0.660
63.612,0.556
63.629,0.673
63.648,0.582
63.648,0.362
63.665,0.595
63.683,0.427
63.683,0.401
63.702,0.479
63.721,0.207
63.721,0.518
63.739,0.168
63.758,0.492
63.758,0.621
63.776,0.453
63.794,0.608
63.794,0.401
63.811,0.595
63.829,0.660
63.829,0.569
63.847,0.660
63.864,0.712
63.864,0.647
63.882,0.686
63.901,0.712
63.901,0.699
63.918,0.712
63.937,0.712
63.937,0.699
63.954,0.712
63.972,0.660
63.972,0.712
63.990,0.673
64.008,0.582
64.008,0.686
64.027,0.608
64.027,0.427
64.046,0.621
64.063,0.466
64.063,0.233
64.082,0.518
64.099,0.518
64.099,0.505
64.117,0.246
64.135,0.466
64.135,0.608
64.153,0.414
64.172,0.582
64.172,0.324
64.189,0.556
64.208,0.647
64.208,0.531
64.225,0.634
64.245,0.673
64.245,0.634
64.265,0.673
64.282,0.686
64.282,0.673
64.300,0.699
64.318,0.686
64.318,0.699
64.335,0.699
64.354,0.647
64.354,0.699
64.373,0.660
64.373,0.582
64.389,0.686
64.407,0.621
64.424,0.569
64.424,0.634
64.442,0.492
64.461,0.220
64.461,0.531
64.480,0.233
64.480,0.492
64.498,0.272
64.516,0.505
64.516,0.608
64.533,0.375
64.552,0.582
64.552,0.298
64.570,0.556
64.590,0.660
64.590,0.531
64.608,0.647
64.626,0.699
64.626,0.621
64.645,0.699
64.662,0.725
64.662,0.686
64.681,0.725
64.700,0.712
64.700,0.725
64.719,0.725
64.719,0.686
64.738,0.712
64.758,0.699
64.759,0.621
64.777,0.712
64.777,0.634
64.796,0.479
64.815,0.647
64.815,0.505
64.834,0.194
64.851,0.556
64.851,0.285
64.870,0.479
64.887,0.349
64.887,0.414
64.906,0.608
64.924,0.479
64.924,0.569
64.941,0.207
64.959,0.544
64.960,0.673
64.979,0.518
64.997,0.647
64.997,0.699
65.014,0.634
65.033,0.686
65.033,0.712
65.052,0.686
65.052,0.712
65.069,0.738
65.088,0.699
65.088,0.699
65.107,0.673
65.126,0.712
65.126,0.686
65.144,0.608
65.164,0.686
65.164,0.634
65.183,0.505
65.183,0.647
65.202,0.544
65.221,0.207
65.221,0.569
65.240,0.324
65.258,0.440
65.258,0.401
65.277,0.401
65.277,0.608
65.296,0.285
65.314,0.582
65.314,0.220
65.333,0.544
65.351,0.673
65.351,0.505
65.369,0.647
65.388,0.712
65.388,0.634
65.406,0.699
65.423,0.725
65.423,0.686
65.441,0.712
65.458,0.699
65.458,0.712
65.475,0.712
65.494,0.686
65.494,0.712
65.511,0.686
65.530,0.621
65.530,0.699
65.549,0.647
65.567,0.518
65.567,0.686
65.586,0.556
65.586,0.259
65.609,0.582
65.628,0.336
65.628,0.414
65.646,0.427
65.666,0.349
65.666,0.582
65.688,0.220
65.688,0.556
65.707,0.660
65.707,0.518
65.725,0.647
65.743,0.479
65.743,0.634
65.761,0.699
65.781,0.621
65.781,0.686
65.802,0.725
65.802,0.686
65.821,0.725
65.840,0.725
65.840,0.712
65.859,0.725
65.880,0.699
65.880,0.725
65.899,0.712
65.899,0.647
65.918,0.699
65.938,0.660
65.938,0.556
65.956,0.673
65.956,0.582
65.975,0.311
65.993,0.608
65.993,0.401
66.013,0.375
66.031,0.466
66.031,0.272
66.051,0.569
66.070,0.181
66.070,0.531
66.089,0.660
66.089,0.505
66.107,0.647
66.125,0.440
66.125,0.608
66.142,0.686
66.162,0.595
66.162,0.686
66.180,0.712
66.199,0.673
66.199,0.712
66.217,0.712
66.235,0.712
66.235,0.725
66.253,0.699
66.271,0.725
66.271,0.712
66.289,0.660
66.308,0.725
66.308,0.686
66.325,0.569
66.326,0.673
66.344,0.595
66.362,0.362
66.362,0.621
66.381,0.440
66.398,0.336
66.399,0.492
66.417,0.220
66.435,0.544
66.435,0.194
66.452,0.518
66.471,0.647
66.471,0.479
66.489,0.647
66.507,0.414
66.507,0.608
66.525,0.699
66.542,0.582
66.543,0.686
66.561,0.712
66.580,0.660
66.580,0.712
66.599,0.725
66.599,0.712
66.619,0.725
66.638,0.686
66.638,0.712
66.658,0.712
66.675,0.673
66.675,0.712
66.693,0.686
66.713,0.582
66.713,0.699
66.733,0.608
66.733,0.401
66.751,0.634
66.770,0.479
66.770,0.298
66.790,0.518
66.790,0.155
66.807,0.518
66.825,0.246
66.825,0.479
66.844,0.634
66.863,0.440
66.863,0.647
66.882,0.349
66.901,0.608
66.901,0.686
66.919,0.556
66.937,0.660
66.937,0.725
66.962,0.647
66.962,0.699
66.984,0.725
66.984,0.699
67.003,0.699
67.023,0.699
67.023,0.712
67.041,0.699
67.041,0.647
67.060,0.712
67.080,0.673
67.080,0.582
67.098,0.673
67.116,0.582
67.116,0.427
67.136,0.621
67.136,0.466
67.154,0.233
67.173,0.518
67.173,0.194
67.192,0.479
67.210,0.259
67.210,0.427
67.229,0.595
67.248,0.375
67.248,0.569
67.265,0.427
67.266,0.544
67.285,0.647
67.304,0.531
67.304,0.634
67.323,0.686
67.342,0.608
67.342,0.673
67.360,0.686
67.379,0.673
67.379,0.686
67.398,0.686
67.399,0.686
67.417,0.686
67.435,0.647
67.435,0.686
67.453,0.660
67.472,0.582
67.472,0.660
67.490,0.608
67.509,0.466
67.509,0.621
67.527,0.492
67.547,0.246
67.547,0.531
67.565,0.220
67.565,0.479
67.584,0.311
67.603,0.401
67.603,0.582
67.622,0.311
67.639,0.531
67.640,0.207
67.658,0.518
67.676,0.608
67.676,0.505
67.694,0.582
67.712,0.621
67.712,0.556
67.730,0.608
67.748,0.608
67.748,0.556
67.765,0.595
67.784,0.569
67.784,0.556
67.802,0.556
67.802,0.518
67.821,0.556
67.838,0.531
67.838,0.492
67.857,0.582
67.874,0.544
67.874,0.440
67.893,0.595
67.911,0.492
67.911,0.168
67.929,0.556
67.947,0.298
67.947,0.453
67.965,0.401
67.985,0.401
67.985,0.621
68.002,0.324
68.020,0.608
68.020,0.207
68.038,0.582
68.057,0.699
68.057,0.544
68.075,0.699
68.093,0.751
68.093,0.686
68.111,0.751
68.128,0.776
68.128,0.738
68.147,0.776
68.164,0.776
68.164,0.764
68.183,0.764
68.200,0.725
68.200,0.738
68.219,0.712
68.237,0.634
68.237,0.686
68.254,0.608
68.254,0.466
68.273,0.582
68.291,0.453
68.291,0.181
68.309,0.427
68.327,0.272
68.327,0.246
68.345,0.233
68.363,0.246
68.363,0.298
68.383,0.220
68.401,0.518
68.401,0.142
68.418,0.259
68.436,0.336
68.436,0.207
68.455,0.349
68.473,0.440
68.473,0.375
68.491,0.466
68.511,0.505
68.511,0.466
68.528,0.518
68.528,0.531
68.546,0.556
68.564,0.556
68.582,0.544
68.582,0.582
68.601,0.582
68.601,0.531
68.619,0.595
68.637,0.569
68.637,0.466
68.655,0.608
68.672,0.518
68.672,0.285
68.690,0.582
68.708,0.569
68.708,0.388
68.726,0.466
68.744,0.311
68.744,0.595
68.762,0.168
68.779,0.556
68.779,0.686
68.797,0.531
68.815,0.673
68.815,0.479
68.832,0.647
68.850,0.725
68.850,0.647
68.869,0.712
68.886,0.738
68.886,0.699
68.904,0.738
68.923,0.738
68.923,0.738
68.940,0.751
68.958,0.725
68.958,0.751
68.976,0.738
68.994,0.660
68.994,0.738
69.013,0.686
69.031,0.634
69.031,0.686
69.049,0.608
69.068,0.349
69.068,0.634
69.086,0.440
69.104,0.349
69.104,0.492
69.123,0.531
69.142,0.556
69.142,0.246
69.160,0.518
69.160,0.647
69.178,0.479
69.197,0.621
69.197,0.414
69.215,0.608
69.233,0.673
69.233,0.569
69.250,0.660
69.268,0.712
69.268,0.647
69.286,0.699
69.305,0.699
69.305,0.686
69.322,0.699
69.340,0.686
69.340,0.712
69.357,0.686
69.375,0.647
69.375,0.699
69.395,0.634
69.414,0.544
69.414,0.647
69.432,0.595
69.450,0.336
69.450,0.569
69.468,0.401
69.487,0.259
69.487,0.440
69.505,0.168
69.522,0.466
69.522,0.259
69.540,0.440
69.559,0.556
69.559,0.388
69.577,0.531
69.577,0.298
69.597,0.505
69.615,0.582
69.615,0.479
69.635,0.608
69.636,0.608
69.656,0.544
69.674,0.582
69.674,0.595
69.692,0.569
69.711,0.582
69.711,0.556
69.729,0.569
69.748,0.556
69.748,0.505
69.766,0.556
69.783,0.505
69.784,0.427
69.802,0.505
69.820,0.466
69.820,0.272
69.838,0.453
69.838,0.324
69.857,0.168
69.876,0.336
69.876,0.207
69.894,0.311
69.912,0.220
69.912,0.272
69.932,0.427
69.949,0.246
69.949,0.388
69.968,0.194
69.986,0.349
69.986,0.453
70.005,0.324
70.005,0.414
70.025,0.466
70.043,0.414
70.043,0.466
70.062,0.466
70.081,0.453
70.081,0.466
70.101,0.453
70.101,0.466
70.121,0.440
70.140,0.414
70.140,0.453
70.160,0.427
70.179,0.349
70.179,0.427
70.198,0.375
70.198,0.272
70.219,0.388
70.239,0.285
70.239,0.466
70.259,0.311
70.259,0.207
70.278,0.285
70.297,0.168
70.297,0.272
70.318,0.401
70.318,0.194
70.338,0.375
70.338,0.194
70.358,0.349
70.377,0.453
70.377,0.336
70.396,0.453
70.415,0.492
70.415,0.440
70.434,0.492
70.434,0.531
70.454,0.595
70.474,0.531
70.474,0.531
70.495,0.544
70.495,0.531
70.514,0.505
70.533,0.544
70.533,0.518
70.552,0.595
70.554,0.544
70.573,0.479
70.592,0.349
70.592,0.505
70.611,0.401
70.630,0.168
70.630,0.440
70.650,0.233
70.650,0.375
70.670,0.246
70.689,0.324
70.689,0.505
70.708,0.272
70.708,0.479
70.729,0.207
70.748,0.466
70.748,0.621
70.767,0.427
70.767,0.556
70.786,0.621
70.806,0.556
70.806,0.621
70.824,0.647
70.843,0.608
70.843,0.647
70.862,0.686
70.880,0.647
70.880,0.660
70.899,0.621
70.899,0.673
70.918,0.647
70.938,0.569
70.938,0.647
70.958,0.673
70.958,0.466
70.978,0.621
70.999,0.505
70.999,0.168
71.019,0.531
71.019,0.246
71.040,0.427
71.042,0.362
71.063,0.362
71.085,0.569
71.085,0.298
71.107,0.544
71.108,0.246
71.127,0.531
71.127,0.647
71.147,0.492
71.166,0.621
71.166,0.699
71.186,0.621
71.186,0.686
71.206,0.725
71.227,0.686
71.227,0.725
71.247,0.725
71.247,0.712
71.268,0.725
71.268,0.699
71.288,0.738
71.309,0.712
71.309,0.660
71.331,0.712
71.331,0.673
71.351,0.544
71.351,0.686
71.371,0.582
71.390,0.285
71.390,0.608
71.410,0.375
71.429,0.453
71.429,0.466
71.448,0.362
71.448,0.621
71.468,0.608
71.487,0.582
71.487,0.362
71.506,0.556
71.506,0.686
71.525,0.505
71.546,0.673
71.546,0.738
71.566,0.660
71.566,0.725
71.585,0.751
71.605,0.712
71.605,0.751
71.624,0.764
71.645,0.751
71.645,0.764
71.664,0.738
71.664,0.764
71.685,0.738
71.685,0.686
71.704,0.751
71.724,0.699
71.724,0.582
71.744,0.712
71.744,0.608
71.764,0.324
71.783,0.634
71.784,0.492
71.804,0.414
71.805,0.479
71.824,0.336
71.845,0.595
71.845,0.220
71.864,0.582
71.864,0.686
71.884,0.531
71.904,0.686
71.904,0.492
71.924,0.660
71.924,0.738
71.945,0.647
71.964,0.725
71.964,0.764
71.983,0.712
71.983,0.738
72.001,0.764
72.020,0.751
72.020,0.751
72.039,0.751
72.059,0.764
72.059,0.751
72.078,0.712
72.078,0.751
72.096,0.712
72.116,0.595
72.116,0.725
72.134,0.634
72.154,0.375
72.154,0.660
72.172,0.466
72.192,0.375
72.192,0.518
72.211,0.246
72.211,0.595
72.230,0.194
72.250,0.556
72.250,0.686
72.267,0.518
72.267,0.673
72.287,0.479
72.307,0.647
72.307,0.725
72.326,0.621
72.345,0.712
72.345,0.751
72.364,0.699
72.364,0.738
72.383,0.751
72.401,0.738
72.401,0.751
72.420,0.725
72.440,0.751
72.440,0.738
72.459,0.686
72.459,0.738
72.478,0.699
72.496,0.569
72.496,0.712
72.516,0.621
72.536,0.414
72.536,0.634
72.556,0.479
72.556,0.285
72.575,0.518
72.596,0.142
72.596,0.544
72.615,0.168
72.615,0.505
72.635,0.660
72.655,0.466
72.655,0.621
72.673,0.388
72.673,0.595
72.693,0.699
72.713,0.569
72.713,0.673
72.732,0.725
72.752,0.660
72.752,0.712
72.771,0.725
72.771,0.699
72.789,0.738
72.809,0.712
72.809,0.725
72.827,0.725
72.847,0.660
72.847,0.725
72.865,0.686
72.865,0.582
72.884,0.699
72.902,0.608
72.902,0.440
72.921,0.621
72.940,0.479
72.940,0.207
72.958,0.518
72.958,0.324
72.977,0.505
72.997,0.207
72.997,0.492
73.016,0.621
73.035,0.414
73.035,0.595
73.054,0.336
73.073,0.569
73.073,0.660
73.091,0.544
73.091,0.647
73.110,0.673
73.132,0.634
73.132,0.673
73.153,0.686
73.153,0.673
73.174,0.699
73.174,0.686
73.193,0.686
73.212,0.673
73.212,0.634
73.230,0.673
73.248,0.621
73.249,0.569
73.268,0.660
73.287,0.582
73.287,0.427
73.305,0.608
73.305,0.518
73.324,0.142
73.343,0.505
73.343,0.194
73.361,0.440
73.380,0.285
73.380,0.401
73.400,0.569
73.400,0.324
73.419,0.544
73.437,0.259
73.437,0.518
73.457,0.621
73.476,0.492
73.476,0.608
73.495,0.647
73.495,0.582
73.513,0.647
73.532,0.660
73.532,0.634
73.552,0.660
73.570,0.647
73.570,0.660
73.588,0.647
73.608,0.621
73.608,0.647
73.626,0.621
73.626,0.544
73.644,0.634
73.665,0.556
73.665,0.414
73.683,0.569
73.702,0.453
73.702,0.168
73.722,0.479
73.722,0.220
73.739,0.375
73.758,0.285
73.758,0.349
73.777,0.518
73.795,0.272
73.795,0.492
73.813,0.194
73.831,0.556
73.831,0.556
73.849,0.453
73.867,0.556
73.867,0.595
73.884,0.518
73.903,0.582
73.903,0.608
73.920,0.582
73.938,0.608
73.938,0.608
73.956,0.595
73.975,0.608
73.975,0.544
73.993,0.595
74.015,0.582
74.015,0.505
74.035,0.621
74.036,0.518
74.056,0.388
74.056,0.531
74.075,0.427
74.094,0.181
74.094,0.453
74.114,0.207
74.133,0.336
74.133,0.285
74.156,0.259
74.157,0.466
74.182,0.194
74.182,0.440
74.209,0.168
74.209,0.401
74.210,0.518
74.231,0.375
74.252,0.505
74.252,0.608
74.274,0.479
74.274,0.544
74.296,0.582
74.296,0.531
74.316,0.569
74.316,0.556
74.335,0.556
74.359,0.569
74.359,0.531
74.384,0.556
74.384,0.544
74.405,0.466
74.405,0.531
74.426,0.492
74.426,0.362
74.447,0.492
74.469,0.388
74.469,0.194
74.495,0.414
74.495,0.220
74.495,0.246
74.517,0.272
74.535,0.181
74.535,0.388
74.554,0.142
74.572,0.362
74.572,0.298
74.590,0.336
74.608,0.453
74.608,0.298
74.625,0.427
74.643,0.505
74.643,0.582
74.661,0.492
74.680,0.518
74.680,0.479
74.701,0.518
74.701,0.518
74.725,0.505
74.725,0.518
74.744,0.492
74.763,0.531
74.763,0.505
74.782,0.453
74.782,0.518
74.801,0.466
74.820,0.362
74.821,0.466
74.839,0.375
74.858,0.608
74.858,0.414
74.876,0.246
74.892,0.233
74.894,0.285
74.912,0.181
74.912,0.375
74.929,0.142
74.947,0.349
74.965,0.582
74.965,0.311
74.984,0.466
74.984,0.272
75.003,0.440
75.021,0.505
75.022,0.414
75.040,0.505
75.058,0.621
75.058,0.492
75.077,0.531
75.094,0.531
75.094,0.518
75.112,0.544
75.130,0.518
75.130,0.544
75.148,0.531
75.166,0.569
75.166,0.531
75.183,0.505
75.202,0.401
75.202,0.505
75.219,0.427
75.236,0.220
75.236,0.453
75.255,0.285
75.273,0.181
75.273,0.336
75.291,0.142
75.309,0.388
75.309,0.129
75.326,0.362
75.344,0.492
75.344,0.324
75.362,0.479
75.380,0.285
75.380,0.466
75.398,0.544
75.417,0.453
75.417,0.531
75.434,0.582
75.453,0.518
75.453,0.569
75.470,0.582
75.489,0.556
75.489,0.595
75.505,0.582
75.524,0.582
75.524,0.582
75.542,0.531
75.560,0.595
75.560,0.569
75.578,0.466
75.595,0.569
75.595,0.492
75.613,0.285
75.630,0.518
75.630,0.362
75.648,0.233
75.666,0.388
75.666,0.181
75.684,0.427
75.701,0.155
75.701,0.401
75.720,0.518
75.738,0.349
75.738,0.505
75.755,0.311
75.774,0.492
75.774,0.582
75.793,0.466
75.810,0.569
75.810,0.608
75.829,0.556
75.829,0.608
75.847,0.608
75.865,0.608
75.865,0.621
75.883,0.608
75.901,0.621
75.901,0.621
75.921,0.569
75.938,0.634
75.938,0.595
75.955,0.505
75.974,0.608
75.974,0.518
75.992,0.375
76.010,0.556
76.010,0.414
76.028,0.220
76.046,0.466
76.046,0.207
76.065,0.427
76.083,0.272
76.083,0.388
76.101,0.556
76.120,0.336
76.120,0.531
76.137,0.272
76.155,0.505
76.155,0.608
76.173,0.479
76.192,0.595
76.192,0.647
76.210,0.569
76.210,0.647
76.229,0.660
76.248,0.621
76.249,0.647
76.267,0.634
76.287,0.647
76.287,0.647
76.305,0.634
76.305,0.660
76.329,0.621
76.329,0.544
76.351,0.634
76.371,0.556
76.371,0.401
76.395,0.582
76.396,0.453
76.422,0.194
76.422,0.479
76.446,0.142
76.446,0.440
76.470,0.272
76.470,0.388
76.495,0.556
76.495,0.324
76.519,0.531
76.519,0.246
76.543,0.505
76.543,0.608
76.562,0.479
76.562,0.595
76.583,0.647
76.583,0.582
76.605,0.647
76.605,0.673
76.624,0.634
76.644,0.660
76.644,0.673
76.664,0.660
76.664,0.660
76.683,0.621
76.704,0.673
76.704,0.647
76.728,0.569
76.728,0.647
76.751,0.595
76.751,0.440
76.778,0.608
76.778,0.505
76.802,0.142
76.802,0.518
76.832,0.246
76.832,0.427
76.832,0.324
76.853,0.349
76.873,0.556
76.873,0.285
76.893,0.544
76.893,0.349
76.914,0.505
76.914,0.608
76.935,0.453
76.955,0.595
76.955,0.660
76.976,0.582
76.976,0.660
76.995,0.673
77.013,0.647
77.013,0.673
77.032,0.673
77.032,0.673
77.050,0.673
77.070,0.647
77.070,0.673
77.090,0.647
77.108,0.569
77.108,0.660
77.127,0.595
77.127,0.466
77.145,0.621
77.164,0.505
77.164,0.220
77.182,0.531
77.200,0.285
77.200,0.440
77.219,0.375
77.238,0.324
77.238,0.544
77.256,0.233
77.275,0.531
77.275,0.142
77.294,0.492
77.294,0.608
77.313,0.466
77.331,0.595
77.331,0.660
77.349,0.582
77.368,0.647
77.368,0.686
77.388,0.634
77.406,0.686
77.406,0.699
77.424,0.673
77.443,0.686
77.443,0.660
77.461,0.686
77.461,0.660
77.479,0.608
77.498,0.673
77.498,0.621
77.516,0.505
77.535,0.634
77.535,0.544
77.553,0.272
77.572,0.569
77.572,0.362
77.590,0.388
77.607,0.414
77.608,0.414
77.628,0.556
77.628,0.168
77.645,0.531
77.664,0.621
77.664,0.479
77.682,0.621
77.701,0.440
77.701,0.595
77.721,0.660
77.739,0.582
77.739,0.660
77.757,0.686
77.775,0.634
77.775,0.686
77.794,0.673
77.794,0.673
77.812,0.673
77.830,0.647
77.830,0.673
77.848,0.673
77.868,0.595
77.868,0.686
77.887,0.621
77.905,0.518
77.906,0.634
77.925,0.569
77.943,0.311
77.943,0.569
77.963,0.401
77.963,0.324
77.982,0.440
78.001,0.220
78.001,0.531
78.019,0.168
78.041,0.479
78.041,0.595
78.060,0.427
78.060,0.569
78.079,0.349
78.097,0.544
78.097,0.608
78.115,0.505
78.133,0.608
78.133,0.647
78.151,0.595
78.151,0.647
78.170,0.660
78.188,0.647
78.188,0.673
78.206,0.647
78.223,0.673
78.223,0.660
78.242,0.608
78.258,0.660
78.258,0.621
78.276,0.505
78.296,0.608
78.296,0.544
78.314,0.324
78.331,0.569
78.331,0.401
78.349,0.272
78.367,0.440
78.367,0.207
78.385,0.492
78.403,0.207
78.403,0.453
78.421,0.582
78.439,0.582
78.439,0.569
78.456,0.349
78.474,0.544
78.474,0.634
78.492,0.518
78.510,0.621
78.510,0.647
78.528,0.608
78.546,0.647
78.546,0.660
78.564,0.660
78.582,0.673
78.582,0.647
78.599,0.673
78.618,0.673
78.618,0.621
78.636,0.673
78.654,0.621
78.654,0.544
78.671,0.634
78.689,0.556
78.689,0.362
78.710,0.569
78.728,0.414
78.729,0.220
78.746,0.466
78.766,0.220
78.766,0.466
78.783,0.207
78.783,0.414
78.800,0.569
78.819,0.362
78.819,0.556
78.837,0.285
78.854,0.531
78.855,0.634
78.873,0.505
78.890,0.608
78.890,0.660
78.908,0.595
78.926,0.660
78.926,0.673
78.945,0.647
78.963,0.673
78.963,0.660
78.980,0.660
78.997,0.660
78.997,0.621
79.016,0.673
79.033,0.634
79.033,0.544
79.051,0.647
79.068,0.569
79.068,0.388
79.086,0.582
79.105,0.453
79.105,0.220
79.123,0.492
79.140,0.220
79.140,0.440
79.158,0.259
79.175,0.388
79.175,0.569
79.194,0.349
79.212,0.544
79.212,0.259
79.230,0.505
79.247,0.608
79.247,0.492
79.265,0.595
79.284,0.660
79.284,0.595
79.301,0.647
79.320,0.660
79.320,0.634
79.338,0.660
79.355,0.647
79.355,0.647
79.373,0.660
79.391,0.621
79.391,0.660
79.410,0.634
79.427,0.569
79.427,0.647
79.445,0.569
79.462,0.427
79.462,0.595
79.481,0.466
79.498,0.220
79.498,0.505
79.517,0.194
79.534,0.427
79.534,0.298
79.552,0.362
79.570,0.556
79.570,0.285
79.588,0.531
79.607,0.220
79.607,0.505
79.625,0.608
79.644,0.479
79.644,0.595
79.662,0.660
79.680,0.595
79.680,0.647
79.697,0.660
79.716,0.647
79.716,0.673
79.733,0.660
79.751,0.660
79.751,0.673
79.771,0.634
79.788,0.660
79.788,0.634
79.805,0.569
79.824,0.647
79.824,0.582
79.841,0.453
79.859,0.608
79.859,0.492
79.876,0.582
79.895,0.518
79.895,0.259
79.913,0.388
79.933,0.336
79.933,0.324
79.951,0.544
79.952,0.272
79.969,0.518
79.987,0.194
79.987,0.479
80.004,0.595
80.022,0.453
80.022,0.569
80.040,0.647
80.058,0.569
80.058,0.647
80.076,0.673
80.093,0.634
80.093,0.673
80.110,0.673
80.128,0.660
80.128,0.660
80.146,0.634
80.164,0.673
80.164,0.647
80.182,0.582
80.200,0.647
80.200,0.595
80.217,0.466
80.236,0.608
80.236,0.518
80.253,0.233
80.270,0.531
80.270,0.518
80.288,0.362
80.307,0.375
80.325,0.324
80.325,0.531
80.343,0.220
80.343,0.505
80.361,0.608
80.379,0.505
80.379,0.595
80.396,0.427
80.414,0.569
80.414,0.647
80.432,0.556
80.450,0.634
80.450,0.647
80.470,0.634
80.487,0.673
80.487,0.660
80.504,0.647
80.522,0.660
80.522,0.660
80.541,0.673
80.558,0.647
80.558,0.582
80.576,0.660
80.593,0.608
80.593,0.492
80.612,0.621
80.631,0.518
80.631,0.285
80.650,0.544
80.667,0.466
80.668,0.324
80.685,0.414
80.703,0.233
80.703,0.518
80.720,0.194
80.738,0.479
80.738,0.595
80.757,0.440
80.774,0.582
80.774,0.401
80.793,0.582
80.811,0.647
80.811,0.544
80.829,0.634
80.846,0.660
80.846,0.608
80.864,0.660
80.883,0.673
80.883,0.660
80.901,0.673
80.919,0.647
80.919,0.673
80.936,0.660
80.954,0.595
80.954,0.660
80.971,0.621
80.988,0.518
80.988,0.621
81.006,0.544
81.025,0.311
81.025,0.556
81.042,0.362
81.059,0.298
81.059,0.427
81.077,0.285
81.095,0.505
81.095,0.181
81.112,0.453
81.130,0.582
81.130,0.427
81.148,0.569
81.165,0.375
81.165,0.569
81.183,0.634
81.200,0.544
81.201,0.621
81.220,0.673
81.239,0.608
81.239,0.660
81.256,0.660
81.273,0.660
81.273,0.673
81.291,0.647
81.309,0.673
81.309,0.660
81.329,0.608
81.348,0.660
81.348,0.634
81.368,0.531
81.368,0.634
81.386,0.556
81.405,0.440
81.405,0.556
81.424,0.414
81.443,0.272
81.443,0.453
81.463,0.194
81.463,0.492
81.481,0.246
81.499,0.440
81.499,0.595
81.516,0.375
81.535,0.569
81.535,0.311
81.553,0.544
81.570,0.621
81.570,0.505
81.589,0.621
81.607,0.660
81.607,0.595
81.624,0.660
81.642,0.673
81.642,0.647
81.660,0.660
81.678,0.660
81.678,0.673
81.695,0.647
81.713,0.608
81.713,0.660
81.731,0.621
81.748,0.544
81.748,0.634
81.767,0.556
81.786,0.375
81.787,0.595
81.806,0.440
81.824,0.194
81.824,0.479
81.842,0.155
81.860,0.453
81.860,0.220
81.877,0.427
81.899,0.582
81.899,0.349
81.917,0.544
81.917,0.285
81.937,0.531
81.956,0.608
81.956,0.505
81.976,0.608
81.976,0.647
81.997,0.582
82.017,0.634
82.017,0.673
82.037,0.647
82.037,0.660
82.055,0.647
82.074,0.673
82.074,0.660
82.091,0.621
82.109,0.673
82.109,0.634
82.127,0.556
82.146,0.647
82.146,0.569
82.165,0.414
82.165,0.595
82.183,0.453
82.201,0.181
82.202,0.492
82.220,0.194
82.239,0.479
82.239,0.285
82.259,0.375
82.278,0.569
82.278,0.336
82.294,0.544
82.312,0.246
82.313,0.518
82.331,0.621
82.348,0.466
82.350,0.595
82.369,0.660
82.369,0.582
82.387,0.647
82.404,0.673
82.404,0.647
82.421,0.673
82.439,0.660
82.440,0.660
82.458,0.660
82.475,0.621
82.475,0.660
82.493,0.634
82.511,0.556
82.511,0.647
82.530,0.582
82.549,0.440
82.549,0.608
82.568,0.479
82.586,0.155
82.586,0.505
82.605,0.233
82.623,0.414
82.623,0.311
82.642,0.336
82.642,0.544
82.661,0.298
82.682,0.518
82.682,0.220
82.701,0.492
82.720,0.595
82.720,0.453
82.738,0.582
82.739,0.647
82.756,0.569
82.775,0.634
82.775,0.673
82.794,0.621
82.813,0.660
82.813,0.660
82.833,0.660
82.833,0.673
82.853,0.634
82.872,0.660
82.872,0.647
82.890,0.569
82.909,0.647
82.909,0.595
82.928,0.466
82.928,0.608
82.947,0.544
82.967,0.194
82.967,0.531
82.985,0.298
83.004,0.401
83.004,0.349
83.024,0.324
83.024,0.544
83.042,0.259
83.060,0.505
83.060,0.181
83.079,0.479
83.097,0.608
83.097,0.440
83.115,0.582
83.133,0.647
83.133,0.556
83.151,0.647
83.169,0.660
83.169,0.634
83.188,0.660
83.206,0.660
83.206,0.673
83.223,0.660
83.241,0.634
83.241,0.673
83.259,0.647
83.276,0.582
83.276,0.647
83.293,0.608
83.311,0.492
83.311,0.608
83.330,0.518
83.348,0.259
83.348,0.544
83.367,0.336
83.385,0.336
83.385,0.388
83.402,0.259
83.420,0.518
83.420,0.181
83.438,0.492
83.458,0.608
83.458,0.466
83.475,0.595
83.475,0.414
83.494,0.569
83.512,0.647
83.512,0.544
83.530,0.634
83.547,0.660
83.547,0.608
83.565,0.660
83.583,0.660
83.583,0.660
83.600,0.660
83.618,0.647
83.619,0.673
83.637,0.647
83.655,0.595
83.655,0.660
83.673,0.608
83.690,0.505
83.690,0.634
83.709,0.544
83.730,0.298
83.730,0.556
83.754,0.375
83.754,0.311
83.775,0.453
83.775,0.246
83.795,0.505
83.815,0.233
83.815,0.466
83.836,0.595
83.836,0.440
83.856,0.595
83.856,0.375
83.876,0.556
83.899,0.634
83.899,0.544
83.921,0.621
83.921,0.660
83.943,0.621
83.943,0.647
83.964,0.660
83.964,0.647
83.984,0.660
84.004,0.647
84.004,0.673
84.026,0.660
84.026,0.608
84.046,0.673
84.068,0.621
84.068,0.531
84.094,0.621
84.094,0.544
84.094,0.336
84.118,0.569
84.118,0.401
84.138,0.259
84.159,0.453
84.159,0.155
84.180,0.479
84.180,0.207
84.201,0.453
84.219,0.595
84.219,0.414
84.236,0.556
84.253,0.349
84.253,0.556
84.271,0.634
84.290,0.518
84.290,0.621
84.308,0.660
84.325,0.608
84.325,0.660
84.343,0.673
84.360,0.660
84.360,0.660
84.379,0.647
84.397,0.673
84.397,0.660
84.415,0.608
84.433,0.673
84.433,0.621
84.451,0.531
84.469,0.647
84.469,0.569
84.486,0.466
84.504,0.582
84.504,0.427
84.523,0.233
84.540,0.466
84.541,0.181
84.558,0.479
84.576,0.233
84.576,0.427
84.593,0.608
84.611,0.375
84.611,0.556
84.629,0.298
84.647,0.531
84.647,0.621
84.664,0.505
84.682,0.608
84.682,0.647
84.700,0.595
84.720,0.647
84.720,0.660
84.739,0.634
84.739,0.660
84.758,0.660
84.776,0.673
84.776,0.673
84.794,0.621
84.813,0.660
84.814,0.647
84.832,0.556
84.852,0.647
84.852,0.569
84.870,0.414
84.870,0.582
84.888,0.492
84.904,0.168
84.904,0.492
84.923,0.207
84.941,0.453
84.941,0.272
84.959,0.401
84.977,0.556
84.977,0.336
84.995,0.544
85.013,0.233
85.013,0.518
85.030,0.608
85.048,0.479
85.048,0.595
85.067,0.660
85.084,0.582
85.085,0.647
85.101,0.660
85.119,0.647
85.119,0.660
85.136,0.647
85.154,0.660
85.154,0.660
85.172,0.621
85.191,0.660
85.191,0.634
85.209,0.556
85.226,0.647
85.226,0.582
85.243,0.440
85.262,0.595
85.262,0.466
85.280,0.142
85.297,0.582
85.297,0.505
85.315,0.401
85.332,0.298
85.349,0.362
85.349,0.556
85.367,0.388
85.385,0.531
85.385,0.220
85.404,0.505
85.404,0.595
85.421,0.453
85.439,0.595
85.457,0.647
85.457,0.569
85.475,0.634
85.476,0.660
85.493,0.634
85.511,0.660
85.511,0.647
85.529,0.673
85.548,0.660
85.548,0.621
85.565,0.647
85.583,0.634
85.583,0.556
85.602,0.647
85.620,0.569
85.620,0.440
85.636,0.595
85.655,0.466
85.655,0.155
85.673,0.518
85.691,0.272
85.691,0.401
85.708,0.349
85.727,0.324
85.727,0.544
85.746,0.246
85.763,0.505
85.763,0.168
85.782,0.479
85.801,0.595
85.801,0.440
85.820,0.569
85.837,0.634
85.837,0.569
85.855,0.634
85.873,0.660
85.873,0.621
85.893,0.660
85.893,0.660
85.911,0.647
85.930,0.660
85.930,0.621
85.947,0.660
85.964,0.634
85.964,0.569
85.982,0.634
86.000,0.595
86.000,0.466
86.017,0.582
86.035,0.505
86.053,0.233
86.053,0.518
86.070,0.298
86.088,0.324
86.088,0.375
86.105,0.246
86.124,0.505
86.124,0.194
86.142,0.492
86.160,0.595
86.160,0.453
86.177,0.582
86.194,0.401
86.194,0.556
86.211,0.634
86.229,0.582
86.229,0.621
86.247,0.647
86.265,0.608
86.265,0.647
86.283,0.647
86.301,0.647
86.301,0.647
86.318,0.621
86.335,0.647
86.336,0.634
86.354,0.569
86.372,0.634
86.372,0.595
86.390,0.479
86.409,0.608
86.409,0.505
86.426,0.259
86.445,0.531
86.445,0.324
86.462,0.311
86.483,0.388
86.483,0.246
86.500,0.505
86.500,0.155
86.518,0.479
86.536,0.595
86.536,0.440
86.554,0.582
86.572,0.401
86.572,0.569
86.591,0.647
86.608,0.544
86.608,0.634
86.627,0.660
86.644,0.621
86.644,0.660
86.661,0.673
86.678,0.660
86.678,0.673
86.697,0.660
86.715,0.673
86.715,0.660
86.733,0.595
86.750,0.660
86.750,0.621
86.767,0.518
86.784,0.621
86.803,0.531
86.803,0.324
86.821,0.569
86.838,0.582
86.838,0.259
86.856,0.440
86.874,0.194
86.874,0.479
86.893,0.168
86.910,0.440
86.910,0.569
86.927,0.401
86.945,0.621
86.945,0.349
86.964,0.544
86.980,0.634
86.980,0.518
86.998,0.621
87.017,0.647
87.017,0.595
87.034,0.647
87.051,0.660
87.051,0.647
87.071,0.660
87.088,0.647
87.088,0.660
87.106,0.647
87.123,0.595
87.123,0.647
87.140,0.621
87.158,0.518
87.158,0.621
87.176,0.556
87.193,0.362
87.194,0.582
87.212,0.414
87.230,0.272
87.230,0.466
87.247,0.155
87.266,0.479
87.266,0.194
87.284,0.427
87.303,0.582
87.303,0.388
87.322,0.556
87.322,0.311
87.340,0.531
87.359,0.621
87.359,0.505
87.378,0.608
87.397,0.660
87.397,0.595
87.415,0.634
87.436,0.647
87.436,0.621
87.454,0.660
87.454,0.647
87.473,0.647
87.492,0.647
87.492,0.608
87.510,0.660
87.528,0.621
87.529,0.531
87.547,0.634
87.566,0.569
87.566,0.401
87.585,0.582
87.585,0.440
87.604,0.427
87.623,0.479
87.623,0.181
87.641,0.440
87.662,0.246
87.662,0.518
87.680,0.556
87.680,0.324
87.700,0.531
87.718,0.246
87.718,0.518
87.735,0.595
87.753,0.479
87.754,0.582
87.773,0.634
87.790,0.582
87.790,0.634
87.809,0.660
87.827,0.634
87.827,0.660
87.845,0.647
87.864,0.660
87.864,0.660
87.884,0.621
87.884,0.660
87.903,0.621
87.921,0.556
87.921,0.647
87.939,0.582
87.957,0.427
87.957,0.595
87.975,0.466
87.993,0.155
87.993,0.505
88.014,0.194
88.014,0.427
88.031,0.285
88.050,0.362
88.050,0.556
88.067,0.285
88.085,0.518
88.085,0.194
88.103,0.492
88.122,0.595
88.122,0.466
88.140,0.582
88.158,0.660
88.158,0.556
88.176,0.634
88.194,0.660
88.194,0.634
88.213,0.660
88.232,0.647
88.232,0.647
88.250,0.660
88.268,0.621
88.268,0.660
88.286,0.634
88.286,0.569
88.304,0.647
88.324,0.582
88.324,0.453
88.342,0.608
88.359,0.492
88.359,0.142
88.376,0.556
88.394,0.259
88.394,0.388
88.413,0.336
88.431,0.336
88.431,0.544
88.449,0.272
88.467,0.518
88.467,0.207
88.485,0.479
88.503,0.595
88.503,0.440
88.521,0.582
88.540,0.634
88.540,0.556
88.559,0.621
88.576,0.647
88.576,0.621
88.595,0.647
88.612,0.660
88.612,0.647
88.630,0.660
88.648,0.634
88.648,0.647
88.666,0.634
88.685,0.634
88.685,0.647
88.703,0.582
88.703,0.466
88.722,0.608
88.741,0.505
88.741,0.207
88.759,0.531
88.778,0.298
88.778,0.362
88.798,0.375
88.798,0.285
88.815,0.518
88.834,0.207
88.852,0.518
88.852,0.181
88.870,0.466
88.870,0.608
88.887,0.427
88.907,0.582
88.907,0.634
88.925,0.556
88.944,0.634
88.944,0.660
88.961,0.621
88.979,0.660
88.979,0.660
88.998,0.647
89.016,0.660
89.016,0.647
89.034,0.647
89.052,0.634
89.052,0.569
89.070,0.647
89.089,0.595
89.089,0.466
89.108,0.595
89.125,0.505
89.125,0.233
89.146,0.531
89.146,0.298
89.164,0.336
89.184,0.375
89.184,0.246
89.202,0.492
89.221,0.155
89.221,0.479
89.240,0.582
89.241,0.440
89.260,0.582
89.279,0.388
89.279,0.556
89.300,0.621
89.300,0.544
89.318,0.621
89.337,0.660
89.337,0.621
89.354,0.673
89.372,0.660
89.374,0.660
89.391,0.673
89.408,0.647
89.408,0.673
89.427,0.660
89.445,0.582
89.445,0.660
89.463,0.608
89.481,0.505
89.481,0.634
89.500,0.531
89.517,0.298
89.518,0.556
89.536,0.375
89.555,0.285
89.555,0.427
89.576,0.194
89.576,0.505
89.595,0.142
89.614,0.453
89.614,0.582
89.633,0.414
89.633,0.569
89.652,0.336
89.672,0.544
89.672,0.621
89.692,0.518
89.692,0.608
89.710,0.660
89.728,0.608
89.728,0.660
89.748,0.660
89.765,0.660
89.765,0.660
89.784,0.647
89.802,0.673
89.802,0.647
89.821,0.608
89.840,0.660
89.840,0.621
89.859,0.518
89.859,0.634
89.877,0.544
89.894,0.324
89.894,0.556
89.915,0.388
89.934,0.233
89.934,0.440
89.952,0.181
89.971,0.479
89.971,0.207
89.990,0.440
89.990,0.582
90.008,0.388
90.028,0.569
90.028,0.336
90.047,0.544
90.065,0.647
90.065,0.531
90.084,0.621
90.102,0.686
90.102,0.595
90.121,0.660
90.121,0.673
90.140,0.647
90.160,0.660
90.160,0.647
90.178,0.660
90.196,0.660
90.196,0.608
90.214,0.660
90.233,0.634
90.233,0.531
90.250,0.634
90.269,0.544
90.270,0.375
90.288,0.582
90.288,0.427
90.307,0.207
90.325,0.466
90.325,0.168
90.344,0.479
90.361,0.194
90.361,0.427
90.381,0.582
90.399,0.388
90.399,0.556
90.418,0.285
90.418,0.531
90.437,0.621
90.455,0.505
90.455,0.608
90.474,0.660
90.493,0.595
90.493,0.647
90.511,0.660
90.531,0.621
90.531,0.647
90.550,0.634
90.550,0.647
90.568,0.647
90.587,0.608
90.587,0.660
90.605,0.621
90.623,0.544
90.623,0.621
90.642,0.556
90.659,0.401
90.659,0.556
90.677,0.453
90.695,0.168
90.695,0.492
90.714,0.181
90.733,0.440
90.733,0.246
90.752,0.388
90.752,0.569
90.769,0.324
90.787,0.544
90.804,0.272
90.804,0.518
90.824,0.621
90.824,0.492
90.844,0.608
90.862,0.673
90.862,0.595
90.882,0.647
90.900,0.673
90.900,0.647
90.920,0.673
90.920,0.660
90.939,0.660
90.957,0.660
90.957,0.621
90.975,0.660
90.993,0.634
90.993,0.544
91.011,0.634
91.030,0.569
91.030,0.414
91.047,0.582
91.065,0.466
91.065,0.129
91.085,0.492
91.103,0.181
91.103,0.414
91.121,0.285
91.121,0.414
91.140,0.556
91.160,0.311
91.160,0.531
91.178,0.194
91.195,0.492
91.196,0.608
91.214,0.466
91.233,0.608
91.233,0.647
91.251,0.582
91.269,0.647
91.269,0.660
91.287,0.634
91.287,0.660
91.305,0.660
91.324,0.660
91.324,0.660
91.342,0.621
91.360,0.660
91.360,0.634
91.378,0.569
91.396,0.647
91.396,0.582
91.414,0.453
91.433,0.595
91.433,0.518
91.451,0.324
91.470,0.518
91.470,0.285
91.488,0.401
91.506,0.349
91.506,0.336
91.524,0.544
91.542,0.246
91.542,0.531
91.561,0.168
91.578,0.479
91.578,0.608
91.596,0.453
91.616,0.582
91.616,0.647
91.633,0.556
91.633,0.647
91.652,0.660
91.672,0.621
91.672,0.660
91.689,0.660
91.708,0.660
91.708,0.660
91.727,0.621
91.745,0.647
91.745,0.634
91.764,0.569
91.781,0.647
91.781,0.582
91.800,0.453
91.800,0.608
91.818,0.492
91.836,0.220
91.836,0.505
91.855,0.285
91.874,0.362
91.874,0.362
91.894,0.285
91.912,0.505
91.912,0.220
91.931,0.492
91.931,0.142
91.950,0.466
91.970,0.595
91.970,0.440
91.987,0.569
92.005,0.647
92.005,0.556
92.022,0.634
92.041,0.660
92.041,0.621
92.059,0.660
92.077,0.660
92.077,0.660
92.095,0.660
92.113,0.634
92.113,0.660
92.131,0.647
92.150,0.582
92.150,0.660
92.167,0.595
92.186,0.492
92.186,0.621
92.203,0.518
92.222,0.272
92.222,0.544
92.240,0.349
92.240,0.349
92.259,0.401
92.278,0.246
92.278,0.518
92.295,0.285
92.315,0.479
92.315,0.608
92.333,0.453
92.352,0.582
92.352,0.388
92.372,0.556
92.372,0.634
92.390,0.544
92.408,0.621
92.408,0.660
92.426,0.608
92.443,0.660
92.443,0.660
92.462,0.660
92.480,0.660
92.480,0.634
92.499,0.660
92.516,0.647
92.516,0.595
92.535,0.660
92.552,0.608
92.552,0.505
92.571,0.621
92.589,0.518
92.589,0.285
92.608,0.556
92.625,0.362
92.625,0.272
92.644,0.414
92.662,0.207
92.662,0.492
92.682,0.181
92.682,0.466
92.700,0.595
92.718,0.414
92.718,0.556
92.736,0.375
92.755,0.556
92.755,0.634
92.775,0.531
92.796,0.621
92.796,0.660
92.819,0.608
92.819,0.660
92.838,0.660
92.838,0.647
92.857,0.673
92.876,0.647
92.877,0.660
92.894,0.660
92.914,0.608
92.914,0.660
92.932,0.621
92.932,0.518
92.950,0.621
92.968,0.544
92.968,0.336
92.987,0.556
93.007,0.401
93.007,0.259
93.027,0.453
93.027,0.181
93.045,0.492
93.063,0.207
93.063,0.440
93.082,0.582
93.100,0.388
93.100,0.556
93.121,0.324
93.121,0.531
93.139,0.621
93.158,0.518
93.158,0.608
93.177,0.660
93.195,0.595
93.195,0.660
93.213,0.660
93.231,0.634
93.231,0.660
93.249,0.647
93.266,0.673
93.266,0.647
93.285,0.595
93.302,0.647
93.303,0.621
93.320,0.531
93.339,0.621
93.339,0.556
93.359,0.375
93.377,0.569
93.377,0.427
93.396,0.207
93.396,0.466
93.415,0.142
93.433,0.466
93.433,0.246
93.452,0.414
93.470,0.569
93.470,0.362
93.488,0.556
93.506,0.298
93.506,0.518
93.524,0.621
93.543,0.492
93.543,0.608
93.571,0.647
93.571,0.582
93.591,0.647
93.592,0.673
93.614,0.634
93.614,0.673
93.637,0.647
93.637,0.673
93.658,0.660
93.658,0.621
93.679,0.660
93.699,0.621
93.699,0.544
93.717,0.647
93.717,0.556
93.737,0.388
93.758,0.582
93.758,0.440
93.776,0.194
93.776,0.479
93.797,0.194
93.818,0.440
93.818,0.272
93.846,0.388
93.846,0.556
93.870,0.324
93.870,0.544
93.894,0.233
93.894,0.518
93.917,0.608
93.917,0.479
93.940,0.595
93.940,0.647
93.968,0.582
93.968,0.647
93.968,0.673
93.992,0.634
93.992,0.660
94.012,0.647
94.031,0.647
94.031,0.660
94.051,0.621
94.051,0.660
94.071,0.634
94.094,0.556
94.094,0.634
94.115,0.582
94.116,0.440
94.134,0.595
94.135,0.479
94.156,0.168
94.177,0.505
94.177,0.246
94.199,0.414
94.199,0.518
94.220,0.349
94.220,0.556
94.239,0.285
94.258,0.518
94.258,0.194
94.277,0.492
94.277,0.595
94.296,0.453
94.316,0.582
94.316,0.634
94.336,0.569
94.356,0.634
94.357,0.660
94.377,0.634
94.377,0.660
94.397,0.660
94.397,0.660
94.416,0.660
94.436,0.634
94.436,0.673
94.454,0.647
94.474,0.569
94.474,0.647
94.494,0.582
94.494,0.440
94.515,0.608
94.534,0.479
94.534,0.207
94.553,0.505
94.553,0.259
94.573,0.388
94.591,0.336
94.591,0.324
94.610,0.531
94.629,0.233
94.629,0.505
94.647,0.181
94.647,0.492
94.665,0.595
94.684,0.453
94.684,0.582
94.703,0.634
94.722,0.556
94.722,0.634
94.740,0.660
94.760,0.621
94.760,0.660
94.780,0.660
94.780,0.647
94.800,0.660
94.821,0.634
94.821,0.660
94.841,0.647
94.841,0.582
94.861,0.634
94.861,0.595
94.881,0.479
94.901,0.608
94.901,0.505
94.920,0.414
94.920,0.531
94.939,0.324
94.957,0.375
94.957,0.362
94.978,0.285
94.998,0.531
94.999,0.181
95.017,0.492
95.017,0.608
95.036,0.453
95.056,0.595
95.057,0.414
95.076,0.569
95.076,0.647
95.095,0.556
95.113,0.634
95.113,0.660
95.133,0.621
95.151,0.660
95.152,0.660
95.170,0.647
95.170,0.673
95.188,0.647
95.206,0.660
95.206,0.647
95.226,0.595
95.244,0.660
95.244,0.608
95.264,0.492
95.283,0.621
95.283,0.518
95.300,0.259
95.300,0.544
95.318,0.349
95.337,0.311
95.337,0.414
95.357,0.233
95.374,0.492
95.374,0.155
95.393,0.479
95.412,0.595
95.412,0.401
95.430,0.595
95.448,0.388
95.448,0.556
95.467,0.621
95.485,0.531
95.485,0.621
95.504,0.660
95.522,0.608
95.522,0.647
95.540,0.660
95.540,0.647
95.558,0.660
95.577,0.634
95.577,0.660
95.595,0.647
95.614,0.595
95.614,0.660
95.633,0.608
95.653,0.505
95.653,0.621
95.673,0.544
95.673,0.311
95.691,0.556
95.709,0.388
95.709,0.285
95.728,0.427
95.746,0.181
95.746,0.492
95.764,0.207
95.782,0.453
95.782,0.595
95.801,0.414
95.820,0.569
95.820,0.362
95.840,0.556
95.840,0.621
95.859,0.518
95.881,0.621
95.881,0.647
95.901,0.608
95.901,0.647
95.921,0.660
95.921,0.647
95.941,0.673
95.966,0.647
95.966,0.660
95.989,0.647
95.989,0.595
96.009,0.660
96.009,0.608
96.028,0.518
96.028,0.634
96.052,0.544
96.052,0.349
96.073,0.569
96.093,0.453
96.093,0.220
96.117,0.453
96.117,0.194
96.139,0.466
96.139,0.207
96.161,0.492
96.161,0.582
96.181,0.375
96.202,0.556
96.202,0.311
96.223,0.531
96.223,0.621
96.243,0.505
96.243,0.608
96.266,0.647
96.266,0.595
96.288,0.660
96.313,0.660
96.313,0.647
96.335,0.660
96.335,0.660
96.357,0.660
96.357,0.660
96.378,0.608
96.378,0.660
96.401,0.621
96.401,0.556
96.424,0.647
96.424,0.556
96.449,0.388
96.449,0.582
96.469,0.427
96.469,0.207
96.489,0.479
96.510,0.142
96.510,0.479
96.531,0.207
96.531,0.414
96.549,0.569
96.570,0.375
96.570,0.556
96.588,0.285
96.588,0.518
96.607,0.621
96.627,0.505
96.627,0.608
96.647,0.647
96.647,0.595
96.665,0.647
96.688,0.660
96.689,0.634
96.712,0.660
96.712,0.647
96.733,0.660
96.734,0.660
96.755,0.621
96.755,0.660
96.776,0.634
96.798,0.544
96.798,0.634
96.819,0.569
96.819,0.414
96.840,0.582
96.840,0.453
96.861,0.181
96.862,0.492
96.888,0.233
96.888,0.427
96.909,0.272
96.909,0.375
96.930,0.556
96.950,0.311
96.950,0.531
96.971,0.453
96.971,0.492
96.992,0.608
96.992,0.466
97.016,0.608
97.016,0.647
97.043,0.582
97.043,0.647
97.067,0.673
97.067,0.634
97.089,0.660
97.089,0.660
97.110,0.660
97.132,0.673
97.132,0.621
97.154,0.660
97.154,0.634
97.178,0.569
97.178,0.647
97.201,0.582
97.201,0.440
97.221,0.595
97.221,0.479
97.241,0.375
97.260,0.505
97.260,0.259
97.280,0.414
97.280,0.453
97.299,0.336
97.318,0.544
97.318,0.272
97.337,0.518
97.337,0.220
97.357,0.505
97.376,0.595
97.376,0.479
97.394,0.582
97.412,0.647
97.412,0.569
97.432,0.634
97.450,0.660
97.450,0.621
97.468,0.647
97.468,0.660
97.490,0.647
97.507,0.660
97.507,0.634
97.527,0.660
97.547,0.634
97.547,0.569
97.565,0.647
97.565,0.582
97.584,0.466
97.605,0.608
97.605,0.505
97.623,0.220
97.624,0.531
97.642,0.272
97.661,0.388
97.661,0.349
97.680,0.311
97.698,0.544
97.698,0.233
97.717,0.505
97.736,0.181
97.736,0.479
97.755,0.595
97.755,0.427
97.772,0.582
97.791,0.634
97.791,0.556
97.810,0.634
97.828,0.660
97.828,0.621
97.846,0.660
97.863,0.647
97.863,0.647
97.883,0.673
97.900,0.634
97.900,0.660
97.919,0.647
97.938,0.569
97.938,0.647
97.956,0.595
97.974,0.479
97.974,0.608
97.993,0.505
97.993,0.246
98.011,0.531
98.030,0.336
98.030,0.324
98.049,0.388
98.067,0.272
98.067,0.531
98.087,0.440
98.105,0.479
98.105,0.595
98.123,0.453
98.123,0.582
98.142,0.414
98.160,0.556
98.160,0.634
98.178,0.544
98.198,0.634
98.198,0.660
98.219,0.608
98.219,0.647
98.241,0.660
98.261,0.647
98.261,0.660
98.280,0.634
98.280,0.660
98.299,0.647
98.318,0.582
98.318,0.660
98.339,0.595
98.339,0.492
98.358,0.608
98.376,0.518
98.376,0.272
98.394,0.544
98.412,0.349
98.412,0.401
98.431,0.427
98.450,0.220
98.450,0.505
98.469,0.168
98.487,0.466
98.487,0.582
98.508,0.427
98.508,0.569
98.528,0.388
98.547,0.556
98.547,0.634
98.571,0.544
98.571,0.634
98.591,0.647
98.591,0.608
98.611,0.647
98.630,0.660
98.630,0.647
98.650,0.660
98.650,0.634
98.668,0.660
98.687,0.660
98.687,0.595
98.706,0.647
98.725,0.595
98.725,0.505
98.744,0.621
98.744,0.544
98.769,0.324
98.769,0.556
98.789,0.401
98.807,0.259
98.807,0.453
98.830,0.168
98.830,0.479
98.853,0.181
98.853,0.453
98.873,0.582
98.873,0.388
98.895,0.569
98.914,0.336
98.914,0.544
98.934,0.621
98.934,0.518
98.953,0.608
98.971,0.647
98.971,0.595
98.993,0.660
98.993,0.660
99.013,0.634
99.036,0.660
99.036,0.647
99.059,0.660
99.059,0.647
99.082,0.608
99.082,0.660
99.103,0.608
99.103,0.518
99.125,0.634
99.125,0.544
99.148,0.349
99.148,0.569
99.169,0.414
99.193,0.220
99.193,0.453
99.214,0.181
99.214,0.466
99.237,0.207
99.237,0.427
99.260,0.569
99.260,0.362
99.283,0.544
99.283,0.298
99.305,0.531
99.305,0.621
99.327,0.505
99.327,0.608
99.348,0.647
99.367,0.595
99.368,0.647
99.386,0.660
99.386,0.647
99.405,0.660
99.425,0.647
99.425,0.660
99.446,0.647
99.446,0.608
99.465,0.647
99.483,0.621
99.483,0.544
99.503,0.621
99.522,0.569
99.522,0.414
99.541,0.582
99.541,0.453
99.559,0.207
99.578,0.492
99.578,0.181
99.596,0.440
99.615,0.233
99.615,0.388
99.634,0.569
99.653,0.336
99.653,0.544
99.671,0.259
99.689,0.518
99.689,0.608
99.707,0.479
99.707,0.595
99.725,0.647
99.745,0.582
99.745,0.647
99.765,0.660
99.782,0.634
99.782,0.673
99.802,0.660
99.819,0.660
99.820,0.660
99.838,0.621
99.856,0.673
99.856,0.634
99.875,0.544
99.875,0.647
99.894,0.569
99.912,0.414
99.912,0.582
99.931,0.453
99.951,0.414
99.951,0.492
99.970,0.207
99.970,0.427
99.988,0.285
100.007,0.362
100.007,0.544
100.026,0.298
100.046,0.544
100.046,0.453
100.065,0.505
100.065,0.608
100.085,0.466
100.104,0.595
100.104,0.647
100.123,0.569
100.142,0.634
100.142,0.660
100.160,0.634
100.160,0.660
100.178,0.660
100.197,0.647
100.197,0.660
100.216,0.621
100.234,0.660
100.234,0.634
100.254,0.569
100.273,0.634
100.273,0.582
100.291,0.453
100.291,0.595
100.311,0.492
100.330,0.207
100.330,0.518
100.349,0.298
100.368,0.505
100.368,0.336
100.387,0.324
100.387,0.531
100.406,0.246
100.426,0.518
100.426,0.168
100.444,0.479
100.465,0.608
100.465,0.440
100.484,0.582
100.484,0.634
100.505,0.569
100.506,0.634
100.525,0.660
100.544,0.634
100.544,0.660
100.564,0.660
100.584,0.647
100.584,0.660
100.603,0.634
100.603,0.660
100.622,0.634
100.640,0.569
100.640,0.647
100.658,0.582
100.676,0.479
100.676,0.608
100.695,0.492
100.713,0.233
100.713,0.518
100.731,0.298
100.750,0.349
100.750,0.362
100.768,0.285
100.768,0.531
100.787,0.207
100.804,0.518
100.804,0.272
100.823,0.453
100.840,0.582
100.840,0.414
100.859,0.569
100.878,0.634
100.878,0.544
100.896,0.621
100.915,0.647
100.915,0.621
100.935,0.647
100.935,0.647
100.954,0.673
100.974,0.660
100.974,0.634
100.992,0.660
101.010,0.647
101.010,0.582
101.028,0.647
101.047,0.608
101.047,0.479
101.068,0.621
101.068,0.531
101.086,0.272
101.104,0.544
101.104,0.336
101.123,0.324
101.142,0.401
101.142,0.246
101.160,0.518
101.160,0.194
101.179,0.479
101.197,0.595
101.197,0.440
101.215,0.582
101.233,0.388
101.233,0.569
101.251,0.634
101.269,0.544
101.269,0.621
101.289,0.660
101.307,0.621
101.308,0.647
101.325,0.647
101.343,0.647
101.343,0.660
101.361,0.634
101.380,0.660
101.380,0.647
101.398,0.608
101.418,0.647
101.418,0.595
101.435,0.505
101.435,0.621
101.453,0.531
101.472,0.324
101.472,0.556
101.492,0.388
101.512,0.259
101.512,0.440
101.531,0.220
101.531,0.479
101.549,0.194
101.566,0.479
101.566,0.582
101.586,0.414
101.604,0.569
101.604,0.349
101.622,0.544
101.641,0.621
101.641,0.518
101.658,0.621
101.677,0.660
101.677,0.595
101.694,0.647
101.713,0.660
101.713,0.647
101.732,0.673
101.750,0.647
101.750,0.660
101.768,0.647
101.786,0.595
101.786,0.660
101.803,0.608
101.803,0.531
101.820,0.634
101.839,0.544
101.840,0.362
101.859,0.569
101.876,0.414
101.876,0.259
101.894,0.453
101.914,0.181
101.914,0.466
101.934,0.220
101.951,0.440
101.951,0.582
101.969,0.388
101.987,0.556
101.987,0.324
102.004,0.531
102.023,0.621
102.023,0.505
102.041,0.595
102.059,0.647
102.059,0.595
102.079,0.634
102.079,0.647
102.098,0.634
102.115,0.660
102.115,0.647
102.135,0.660
102.153,0.647
102.153,0.595
102.171,0.660
102.189,0.621
102.189,0.544
102.207,0.634
102.225,0.556
102.225,0.388
102.242,0.582
102.260,0.440
102.260,0.233
102.279,0.479
102.296,0.194
102.296,0.466
102.314,0.259
102.331,0.414
102.331,0.556
102.351,0.336
102.369,0.544
102.369,0.259
102.387,0.531
102.387,0.621
102.406,0.505
102.422,0.608
102.423,0.660
102.440,0.569
102.460,0.673
102.460,0.660
102.479,0.634
102.497,0.660
102.497,0.660
102.516,0.647
102.535,0.647
102.535,0.608
102.554,0.660
102.554,0.634
102.572,0.544
102.592,0.647
102.592,0.569
102.609,0.414
102.628,0.595
102.628,0.453
102.646,0.168
102.664,0.505
102.664,0.207
102.683,0.427
102.700,0.259
102.700,0.375
102.719,0.556
102.738,0.298
102.738,0.518
102.755,0.207
102.773,0.492
102.774,0.595
102.792,0.466
102.792,0.582
102.810,0.647
102.828,0.556
102.828,0.634
102.846,0.660
102.864,0.634
102.864,0.647
102.881,0.660
102.900,0.647
102.900,0.647
102.919,0.621
102.936,0.660
102.936,0.634
102.955,0.569
102.972,0.647
102.972,0.582
102.991,0.440
103.009,0.595
103.009,0.479
103.028,0.142
103.046,0.518
103.046,0.233
103.063,0.401
103.083,0.336
103.083,0.349
103.102,0.544
103.102,0.479
103.121,0.531
103.138,0.155
103.138,0.492
103.156,0.595
103.174,0.453
103.174,0.582
103.191,0.647
103.210,0.569
103.210,0.634
103.229,0.660
103.246,0.634
103.246,0.660
103.265,0.660
103.283,0.660
103.283,0.660
103.300,0.621
103.319,0.660
103.319,0.621
103.336,0.569
103.356,0.647
103.356,0.582
103.373,0.453
103.391,0.595
103.391,0.505
103.409,0.181
103.427,0.531
103.427,0.285
103.445,0.362
103.465,0.362
103.465,0.285
103.485,0.531
103.485,0.181
103.504,0.505
103.524,0.155
103.524,0.479
103.544,0.582
103.544,0.427
103.564,0.569
103.583,0.634
103.583,0.556
103.606,0.621
103.606,0.647
103.628,0.621
103.628,0.647
103.646,0.660
103.665,0.647
103.666,0.660
103.686,0.634
103.686,0.647
103.706,0.647
103.727,0.582
103.727,0.647
103.748,0.595
103.748,0.479
103.768,0.608
103.787,0.505
103.787,0.246
103.806,0.544
103.806,0.311
103.824,0.349
103.843,0.388
103.843,0.246
103.862,0.518
103.881,0.155
103.881,0.479
103.901,0.608
103.901,0.440
103.920,0.569
103.938,0.388
103.938,0.556
103.957,0.634
103.977,0.531
103.977,0.621
103.996,0.647
103.996,0.608
104.015,0.647
104.033,0.660
104.033,0.647
104.051,0.647
104.070,0.634
104.070,0.647
104.089,0.647
104.108,0.582
104.108,0.647
104.126,0.608
104.126,0.505
104.143,0.608
104.162,0.531
104.162,0.311
104.179,0.544
104.196,0.375
104.215,0.259
104.215,0.427
104.232,0.207
104.234,0.492
104.251,0.155
104.269,0.453
104.269,0.582
104.288,0.427
104.306,0.582
104.306,0.362
104.326,0.556
104.344,0.621
104.344,0.518
104.362,0.634
104.378,0.660
104.379,0.595
104.397,0.647
104.415,0.660
104.415,0.647
104.432,0.660
104.450,0.647
104.450,0.660
104.468,0.647
104.487,0.595
104.487,0.660
104.504,0.608
104.522,0.518
104.522,0.621
104.539,0.544
104.557,0.336
104.557,0.569
104.575,0.388
104.593,0.233
104.593,0.440
104.611,0.155
104.630,0.479
104.630,0.168
104.648,0.427
104.667,0.569
104.667,0.388
104.684,0.556
104.704,0.324
104.704,0.531
104.723,0.621
104.723,0.518
104.740,0.608
104.761,0.647
104.761,0.608
104.780,0.647
104.800,0.660
104.800,0.647
104.820,0.660
104.820,0.660
104.839,0.660
104.859,0.660
104.859,0.608
104.878,0.660
104.878,0.621
104.896,0.544
104.914,0.634
104.914,0.556
104.932,0.375
104.950,0.582
104.952,0.440
104.969,0.207
104.989,0.479
104.989,0.181
105.006,0.466
105.026,0.207
105.026,0.414
105.045,0.569
105.045,0.362
105.061,0.544
105.080,0.285
105.080,0.518
105.098,0.621
105.119,0.492
105.119,0.608
105.138,0.647
105.156,0.595
105.156,0.634
105.174,0.660
105.174,0.634
105.192,0.660
105.212,0.647
105.212,0.660
105.230,0.660
105.249,0.608
105.249,0.647
105.267,0.621
105.285,0.544
105.285,0.634
105.303,0.569
105.321,0.401
105.321,0.569
105.340,0.440
105.340,0.168
105.359,0.492
105.377,0.168
105.377,0.427
105.395,0.259
105.415,0.375
105.415,0.556
105.433,0.336
105.450,0.544
105.450,0.246
105.468,0.518
105.487,0.608
105.487,0.466
105.504,0.595
105.523,0.634
105.523,0.582
105.541,0.634
105.559,0.660
105.559,0.621
105.576,0.647
105.594,0.660
105.594,0.647
105.612,0.647
105.630,0.621
105.630,0.660
105.648,0.634
105.666,0.556
105.667,0.647
105.684,0.569
105.701,0.427
105.701,0.595
105.719,0.466
105.737,0.194
105.737,0.505
105.755,0.233
105.773,0.401
105.773,0.311
105.791,0.349
105.809,0.544
105.809,0.259
105.827,0.518
105.846,0.207
105.846,0.505
105.864,0.595
105.882,0.466
105.882,0.582
105.900,0.647
105.900,0.569
105.919,0.634
105.937,0.660
105.937,0.621
105.955,0.673
105.974,0.660
105.974,0.647
105.992,0.660
106.009,0.634
106.009,0.647
106.029,0.634
106.047,0.569
106.047,0.647
106.063,0.582
106.082,0.466
106.082,0.595
106.100,0.492
106.118,0.181
106.119,0.518
106.136,0.220
106.154,0.375
106.154,0.349
106.173,0.298
106.193,0.531
106.193,0.220
106.212,0.492
106.212,0.155
106.230,0.466
106.248,0.582
106.248,0.414
106.266,0.582
106.283,0.634
106.283,0.556
106.302,0.634
106.321,0.660
106.321,0.608
106.339,0.647
106.357,0.660
106.358,0.647
106.375,0.660
106.393,0.634
106.393,0.660
106.411,0.634
106.429,0.569
106.429,0.647
106.446,0.595
106.465,0.479
106.465,0.621
106.482,0.505
106.500,0.544
106.500,0.544
106.520,0.336
106.520,0.324
106.537,0.388
106.554,0.246
106.572,0.518
106.573,0.233
106.591,0.492
106.591,0.608
106.610,0.453
106.628,0.582
106.628,0.401
106.646,0.569
106.664,0.634
106.664,0.544
106.683,0.621
106.701,0.660
106.701,0.621
106.720,0.647
106.738,0.660
106.738,0.660
106.756,0.660
106.774,0.634
106.774,0.660
106.793,0.647
106.811,0.595
106.811,0.647
106.829,0.595
106.829,0.479
106.847,0.608
106.865,0.518
106.865,0.272
106.883,0.544
106.901,0.362
106.901,0.285
106.921,0.414
106.939,0.207
106.939,0.492
106.957,0.129
106.974,0.466
106.974,0.582
106.993,0.414
107.011,0.569
107.011,0.362
107.028,0.544
107.047,0.621
107.047,0.531
107.066,0.621
107.084,0.660
107.084,0.608
107.102,0.647
107.123,0.660
107.123,0.647
107.141,0.660
107.141,0.647
107.160,0.660
107.178,0.647
107.179,0.595
107.196,0.647
107.213,0.608
107.213,0.505
107.232,0.621
107.250,0.531
107.250,0.324
107.267,0.544
107.286,0.375
107.286,0.246
107.305,0.440
107.321,0.194
107.321,0.492
107.339,0.129
107.358,0.440
107.358,0.582
107.376,0.414
107.393,0.569
107.393,0.349
107.412,0.544
107.413,0.621
107.431,0.531
107.448,0.621
107.467,0.647
107.467,0.582
107.485,0.634
107.485,0.660
107.503,0.634
107.520,0.660
107.520,0.634
107.538,0.660
107.557,0.647
107.557,0.608
107.574,0.647
107.591,0.621
107.609,0.518
107.609,0.634
107.626,0.544
107.644,0.362
107.644,0.569
107.662,0.427
107.679,0.207
107.679,0.453
107.696,0.194
107.715,0.466
107.715,0.505
107.732,0.414
107.749,0.582
107.750,0.362
107.768,0.544
107.785,0.272
107.785,0.518
107.803,0.621
107.822,0.492
107.822,0.595
107.841,0.647
107.858,0.582
107.858,0.647
107.875,0.660
107.893,0.647
107.893,0.660
107.910,0.647
107.928,0.647
107.928,0.647
107.946,0.608
107.964,0.660
107.965,0.621
107.982,0.531
108.001,0.621
108.001,0.544
108.019,0.388
108.039,0.647
108.039,0.440
108.057,0.207
108.057,0.466
108.075,0.181
108.093,0.440
108.093,0.233
108.111,0.401
108.129,0.556
108.129,0.336
108.148,0.544
108.167,0.259
108.167,0.518
108.184,0.608
108.202,0.492
108.202,0.608
108.219,0.647
108.238,0.582
108.238,0.647
108.257,0.660
108.276,0.634
108.276,0.647
108.293,0.660
108.312,0.660
108.312,0.660
108.329,0.621
108.347,0.660
108.347,0.634
108.365,0.544
108.383,0.634
108.383,0.582
108.400,0.414
108.418,0.595
108.418,0.466
108.435,0.181
108.453,0.492
108.453,0.220
108.471,0.427
108.489,0.285
108.489,0.375
108.507,0.556
108.524,0.298
108.524,0.531
108.542,0.207
108.560,0.492
108.560,0.608
108.578,0.453
108.595,0.595
108.595,0.647
108.614,0.569
108.632,0.634
108.632,0.660
108.650,0.634
108.668,0.660
108.668,0.647
108.686,0.647
108.705,0.660
108.705,0.621
108.722,0.660
108.739,0.621
108.739,0.556
108.757,0.634
108.775,0.582
108.775,0.440
108.792,0.595
108.811,0.479
108.811,0.155
108.828,0.505
108.846,0.233
108.846,0.505
108.863,0.324
108.881,0.324
108.881,0.531
108.900,0.246
108.917,0.505
108.917,0.155
108.934,0.479
108.952,0.621
108.952,0.440
108.970,0.582
108.988,0.634
108.988,0.556
109.006,0.634
109.024,0.660
109.024,0.634
109.043,0.660
109.063,0.660
109.063,0.660
109.082,0.673
109.082,0.634
109.103,0.660
109.123,0.634
109.123,0.569
109.144,0.647
109.144,0.595
109.165,0.453
109.165,0.608
109.185,0.492
109.203,0.220
109.203,0.531
109.221,0.272
109.239,0.362
109.239,0.336
109.259,0.311
109.276,0.531
109.276,0.220
109.295,0.492
109.295,0.168
109.314,0.479
109.333,0.595
109.333,0.440
109.354,0.582
109.354,0.634
109.375,0.556
109.394,0.634
109.394,0.660
109.413,0.621
109.413,0.647
109.433,0.660
109.454,0.660
109.454,0.660
109.473,0.621
109.475,0.660
109.493,0.634
109.511,0.582
109.511,0.647
109.530,0.595
109.548,0.479
109.548,0.608
109.566,0.518
109.585,0.246
109.585,0.531
109.603,0.336
109.622,0.324
109.622,0.401
109.639,0.246
109.640,0.505
109.658,0.207
109.675,0.479
109.676,0.608
109.693,0.453
109.710,0.582
109.728,0.401
109.728,0.569
109.745,0.647
109.765,0.544
109.765,0.634
109.783,0.660
109.783,0.621
109.802,0.647
109.820,0.660
109.820,0.647
109.838,0.660
109.855,0.634
109.855,0.647
109.873,0.647
109.893,0.582
109.893,0.660
109.912,0.608
109.930,0.492
109.930,0.621
109.946,0.531
109.965,0.298
109.965,0.556
109.983,0.336
110.001,0.298
110.001,0.401
110.019,0.233
110.037,0.492
110.037,0.142
110.055,0.466
110.073,0.582
110.073,0.414
110.092,0.569
110.110,0.375
110.110,0.556
110.128,0.621
110.145,0.531
110.146,0.608
110.164,0.660
110.164,0.608
110.183,0.647
110.202,0.660
110.203,0.647
110.220,0.660
110.239,0.647
110.239,0.660
110.258,0.660
110.277,0.595
110.277,0.673
110.295,0.608
110.295,0.518
110.314,0.621
110.332,0.531
110.333,0.336
110.352,0.556
110.371,0.401
110.371,0.259
110.390,0.440
110.391,0.142
110.408,0.479
110.426,0.207
110.426,0.440
110.445,0.582
110.462,0.401
110.462,0.556
110.481,0.569
110.499,0.544
110.499,0.621
110.517,0.518
110.534,0.608
110.534,0.660
110.554,0.595
110.572,0.660
110.572,0.647
110.589,0.647
110.606,0.660
110.606,0.647
110.624,0.660
110.643,0.647
110.643,0.595
110.661,0.647
110.679,0.621
110.679,0.531
110.696,0.634
110.714,0.544
110.715,0.362
110.732,0.569
110.750,0.414
110.750,0.220
110.768,0.453
110.786,0.142
110.786,0.518
110.804,0.181
110.821,0.427
110.821,0.569
110.840,0.362
110.865,0.556
110.865,0.298
110.883,0.531
110.883,0.621
110.902,0.492
110.919,0.608
110.919,0.647
110.938,0.595
110.955,0.647
110.955,0.660
110.974,0.634
110.974,0.660
110.992,0.660
111.010,0.660
111.010,0.660
111.027,0.608
111.045,0.660
111.062,0.621
111.062,0.544
111.080,0.621
111.099,0.569
111.099,0.401
111.116,0.582
111.117,0.440
111.134,0.155
111.152,0.479
111.170,0.155
111.170,0.453
111.189,0.246
111.189,0.388
111.207,0.556
111.225,0.324
111.225,0.544
111.242,0.259
111.260,0.518
111.260,0.608
111.277,0.479
111.295,0.595
111.314,0.647
111.314,0.582
111.331,0.647
111.331,0.673
111.349,0.634
111.366,0.660
111.385,0.634
111.385,0.660
111.403,0.660
111.403,0.621
111.422,0.660
111.439,0.634
111.439,0.544
111.458,0.634
111.475,0.569
111.475,0.427
111.494,0.582
111.512,0.466
111.512,0.194
111.532,0.492
111.551,0.181
111.551,0.427
111.568,0.285
111.587,0.349
111.587,0.544
111.605,0.285
111.605,0.531
111.623,0.181
111.641,0.492
111.658,0.608
111.658,0.466
111.677,0.582
111.677,0.647
111.696,0.569
111.715,0.634
111.715,0.660
111.733,0.608
111.752,0.660
111.752,0.660
111.770,0.647
111.790,0.660
111.790,0.621
111.810,0.660
111.810,0.634
111.829,0.556
111.849,0.634
111.849,0.582
111.867,0.440
111.867,0.595
111.886,0.479
111.903,0.155
111.903,0.518
111.921,0.233
111.939,0.401
111.939,0.311
111.957,0.349
111.975,0.544
111.975,0.246
111.993,0.518
112.011,0.168
112.011,0.518
112.029,0.595
112.047,0.440
112.047,0.582
112.065,0.647
112.084,0.569
112.084,0.634
112.101,0.660
112.118,0.621
112.118,0.660
112.137,0.647
112.154,0.647
112.154,0.647
112.172,0.621
112.189,0.660
112.190,0.634
112.208,0.569
112.225,0.647
112.225,0.582
112.243,0.466
112.261,0.608
112.261,0.492
112.279,0.194
112.297,0.531
112.297,0.298
112.314,0.349
112.332,0.375
112.332,0.272
112.349,0.518
112.367,0.168
112.385,0.505
112.385,0.220
112.403,0.466
112.403,0.582
112.422,0.427
112.439,0.569
112.439,0.634
112.457,0.556
112.474,0.621
112.493,0.647
112.493,0.634
112.512,0.660
112.512,0.660
112.530,0.647
112.548,0.673
112.548,0.634
112.567,0.660
112.585,0.647
112.585,0.569
112.603,0.647
112.622,0.608
112.622,0.466
112.641,0.608
112.659,0.505
112.659,0.259
112.679,0.531
112.679,0.311
112.698,0.336
112.717,0.375
112.717,0.259
112.737,0.518
112.737,0.207
112.759,0.479
112.778,0.595
112.779,0.440
112.797,0.569
112.797,0.388
112.817,0.556
112.835,0.621
112.835,0.556
112.854,0.621
112.873,0.647
112.873,0.608
112.892,0.647
112.892,0.660
112.911,0.647
112.930,0.647
112.930,0.634
112.948,0.660
112.967,0.647
112.967,0.595
112.986,0.634
113.004,0.595
113.004,0.505
113.024,0.621
113.025,0.531
113.044,0.492
113.061,0.556
113.062,0.375
113.081,0.285
113.100,0.440
113.100,0.168
113.119,0.492
113.119,0.142
113.138,0.466
113.156,0.595
113.156,0.427
113.175,0.582
113.193,0.362
113.193,0.544
113.213,0.634
113.213,0.531
113.232,0.621
113.252,0.660
113.252,0.608
113.271,0.647
113.289,0.660
113.289,0.647
113.309,0.647
113.309,0.647
113.328,0.660
113.346,0.647
113.346,0.595
113.364,0.647
113.381,0.608
113.382,0.505
113.401,0.621
113.419,0.531
113.419,0.349
113.438,0.556
113.457,0.401
113.458,0.285
113.477,0.440
113.477,0.142
113.497,0.479
113.517,0.168
113.517,0.440
113.535,0.595
113.535,0.388
113.555,0.556
113.574,0.336
113.574,0.544
113.595,0.621
113.595,0.505
113.613,0.608
113.632,0.647
113.632,0.608
113.650,0.647
113.667,0.660
113.667,0.634
113.685,0.660
113.703,0.647
113.704,0.647
113.722,0.647
113.741,0.608
113.741,0.647
113.758,0.621
113.776,0.518
113.776,0.634
113.795,0.544
113.814,0.362
113.814,0.582
113.832,0.427
113.832,0.194
113.852,0.466
113.871,0.298
113.871,0.453
113.890,0.194
113.910,0.427
113.910,0.569
113.929,0.362
113.929,0.556
113.948,0.298
113.967,0.531
113.967,0.634
113.986,0.505
114.005,0.608
114.005,0.634
114.024,0.595
114.024,0.647
114.043,0.647
114.060,0.647
114.060,0.660
114.078,0.647
114.096,0.660
114.097,0.647
114.114,0.608
114.133,0.660
114.133,0.621
114.150,0.544
114.168,0.621
114.168,0.556
114.186,0.401
114.204,0.582
114.204,0.440
114.223,0.181
114.240,0.479
114.240,0.207
114.258,0.440
114.276,0.259
114.276,0.414
114.294,0.556
114.314,0.324
114.314,0.531
114.332,0.233
114.350,0.492
114.350,0.608
114.369,0.479
114.369,0.595
114.387,0.647
114.405,0.569
114.405,0.647
114.423,0.660
114.441,0.634
114.441,0.660
114.459,0.660
114.478,0.660
114.478,0.660
114.496,0.608
114.516,0.660
114.516,0.621
114.535,0.556
114.535,0.647
114.554,0.582
114.575,0.414
114.576,0.595
114.597,0.453
114.597,0.194
114.619,0.492
114.619,0.207
114.637,0.414
114.656,0.298
114.656,0.362
114.674,0.556
114.692,0.311
114.692,0.518
114.712,0.207
114.733,0.505
114.733,0.595
114.753,0.466
114.753,0.582
114.773,0.647
114.773,0.569
114.794,0.634
114.814,0.660
114.815,0.621
114.834,0.660
114.834,0.647
114.859,0.660
114.859,0.660
114.878,0.634
114.898,0.660
114.898,0.634
114.916,0.556
114.916,0.634
114.935,0.582
114.956,0.440
114.956,0.595
114.974,0.479
114.995,0.142
114.995,0.518
115.013,0.246
115.013,0.388
115.033,0.336
115.051,0.311
115.053,0.531
115.072,0.233
115.072,0.505
115.091,0.259
115.109,0.479
115.110,0.595
115.128,0.427
115.147,0.582
115.147,0.647
115.164,0.556
115.182,0.634
115.183,0.660
115.201,0.621
115.220,0.660
115.220,0.660
115.239,0.660
115.239,0.660
115.257,0.634
115.277,0.660
115.277,0.634
115.293,0.569
115.312,0.660
115.312,0.595
115.330,0.466
115.347,0.608
115.347,0.505
115.365,0.194
115.384,0.531
115.384,0.311
115.401,0.375
115.420,0.349
115.421,0.285
115.440,0.518
115.440,0.207
115.458,0.492
115.477,0.608
115.477,0.466
115.494,0.582
115.512,0.414
115.512,0.556
115.530,0.647
115.548,0.556
115.548,0.634
115.566,0.660
115.584,0.621
115.584,0.647
115.601,0.647
115.619,0.647
115.619,0.660
115.638,0.634
115.655,0.660
115.655,0.647
115.673,0.582
115.690,0.647
115.690,0.595
115.709,0.492
115.729,0.608
115.729,0.518
115.747,0.246
115.765,0.544
115.765,0.336
115.784,0.311
115.803,0.401
115.803,0.233
115.822,0.505
115.822,0.168
115.842,0.479
115.861,0.595
115.861,0.440
115.880,0.595
115.898,0.388
115.898,0.569
115.918,0.634
115.918,0.544
115.937,0.634
115.955,0.660
115.955,0.608
115.973,0.647
115.991,0.660
115.991,0.647
116.010,0.660
116.029,0.647
116.029,0.660
116.047,0.647
116.065,0.595
116.065,0.647
116.085,0.595
116.085,0.518
116.103,0.621
116.122,0.531
116.122,0.311
116.140,0.556
116.157,0.375
116.157,0.285
116.174,0.427
116.193,0.220
116.193,0.492
116.211,0.155
116.229,0.453
116.230,0.582
116.249,0.414
116.249,0.582
116.268,0.362
116.286,0.544
116.286,0.621
116.304,0.518
116.324,0.621
116.324,0.660
116.342,0.595
116.359,0.660
116.359,0.660
116.377,0.647
116.394,0.660
116.394,0.647
116.413,0.660
116.432,0.647
116.432,0.608
116.450,0.660
116.467,0.608
116.467,0.518
116.485,0.621
116.504,0.544
116.504,0.336
116.522,0.569
116.539,0.401
116.540,0.259
116.558,0.453
116.575,0.233
116.575,0.479
116.593,0.194
116.611,0.440
116.611,0.569
116.628,0.388
116.647,0.556
116.647,0.349
116.664,0.531
116.682,0.621
116.682,0.505
116.699,0.608
116.717,0.647
116.717,0.595
116.737,0.647
116.756,0.647
116.757,0.647
116.779,0.660
116.779,0.634
116.800,0.660
116.800,0.647
116.819,0.608
116.838,0.647
116.838,0.608
116.856,0.544
116.874,0.634
116.874,0.556
116.891,0.375
116.911,0.556
116.911,0.440
116.929,0.155
116.929,0.466
116.949,0.155
116.967,0.440
116.967,0.259
116.985,0.401
117.003,0.569
117.003,0.349
117.020,0.544
117.038,0.272
117.038,0.505
117.056,0.621
117.074,0.492
117.074,0.595
117.093,0.647
117.110,0.582
117.110,0.660
117.129,0.660
117.146,0.634
117.146,0.660
117.165,0.647
117.183,0.660
117.183,0.647
117.203,0.608
117.203,0.660
117.220,0.634
117.240,0.544
117.240,0.634
117.256,0.569
117.276,0.401
117.277,0.595
117.296,0.427
117.313,0.194
117.314,0.479
117.333,0.207
117.352,0.427
117.352,0.259
117.371,0.375
117.371,0.544
117.388,0.311
117.407,0.544
117.407,0.233
117.425,0.505
117.444,0.608
117.444,0.492
117.463,0.595
117.481,0.647
117.482,0.582
117.500,0.634
117.518,0.660
117.518,0.647
117.536,0.660
117.536,0.660
117.554,0.647
117.574,0.660
117.574,0.621
117.592,0.660
117.609,0.634
117.609,0.556
117.628,0.634
117.647,0.569
117.647,0.440
117.665,0.595
117.684,0.479
117.684,0.142
117.703,0.518
117.703,0.220
117.722,0.401
117.740,0.311
117.740,0.336
117.759,0.544
117.779,0.246
117.779,0.518
117.796,0.155
117.815,0.492
117.815,0.595
117.832,0.440
117.850,0.582
117.850,0.647
117.869,0.569
117.886,0.634
117.887,0.660
117.904,0.621
117.922,0.647
117.922,0.660
117.941,0.647
117.959,0.660
117.959,0.621
117.978,0.660
117.978,0.634
117.996,0.569
118.014,0.647
118.014,0.582
118.032,0.453
118.053,0.595
118.053,0.492
118.071,0.181
118.090,0.518
118.090,0.246
118.109,0.388
118.109,0.349
118.127,0.311
118.145,0.518
118.145,0.220
118.165,0.505
118.183,0.168
118.183,0.466
118.202,0.582
118.220,0.427
118.220,0.582
118.238,0.634
118.256,0.556
118.256,0.634
118.276,0.660
118.276,0.608
118.294,0.660
118.312,0.660
118.312,0.647
118.330,0.660
118.348,0.621
118.349,0.660
118.367,0.634
118.385,0.582
118.385,0.647
118.403,0.595
118.420,0.492
118.421,0.608
118.438,0.505
118.456,0.220
118.456,0.544
118.475,0.453
118.493,0.349
118.493,0.388
118.512,0.246
118.529,0.518
118.529,0.194
118.548,0.492
118.564,0.608
118.565,0.453
118.582,0.595
118.600,0.414
118.600,0.582
118.618,0.634
118.637,0.544
118.637,0.621
118.655,0.660
118.672,0.621
118.672,0.647
118.690,0.660
118.711,0.647
118.711,0.660
118.734,0.634
118.734,0.660
118.758,0.634
118.759,0.595
118.780,0.660
118.780,0.595
118.799,0.492
118.799,0.608
118.817,0.518
118.839,0.272
118.839,0.544
118.864,0.362
118.864,0.298
118.883,0.401
118.883,0.233
118.901,0.505
118.921,0.168
118.921,0.453
118.940,0.582
118.959,0.427
118.959,0.582
118.976,0.388
118.994,0.569
118.994,0.634
119.012,0.531
119.031,0.608
119.031,0.660
119.049,0.608
119.049,0.647
119.068,0.660
119.086,0.647
119.086,0.660
119.104,0.647
119.122,0.660
119.122,0.647
119.143,0.595
119.163,0.660
119.163,0.608
119.179,0.505
119.180,0.621
119.198,0.531
119.218,0.336
119.218,0.556
119.243,0.401
119.243,0.259
119.261,0.427
119.279,0.207
119.279,0.492
119.298,0.207
119.299,0.453
119.318,0.569
119.337,0.414
119.337,0.569
119.358,0.349
119.358,0.544
119.378,0.621
119.400,0.518
119.400,0.608
119.427,0.660
119.427,0.608
119.447,0.647
119.447,0.660
119.465,0.647
119.483,0.673
119.483,0.647
119.502,0.647
119.502,0.647
119.520,0.608
119.539,0.660
119.539,0.608
119.558,0.531
119.576,0.621
119.576,0.544
119.595,0.362
119.614,0.556
119.614,0.427
119.633,0.246
119.633,0.453
119.651,0.116
119.671,0.466
119.671,0.194
119.693,0.427
119.694,0.582
119.714,0.349
119.735,0.556
119.735,0.298
119.755,0.531
119.755,0.621
119.775,0.505
119.792,0.608
119.793,0.660
119.812,0.595
119.812,0.647
119.830,0.660
119.848,0.634
119.848,0.660
119.867,0.660
119.887,0.660
119.887,0.660
119.904,0.608
119.924,0.660
119.924,0.634
119.943,0.531
119.943,0.634
119.964,0.556
119.984,0.388
119.984,0.582
120.004,0.440
120.004,0.479
120.023,0.479
120.043,0.142
120.043,0.453
120.063,0.246
120.063,0.401
120.081,0.569
120.100,0.349
120.100,0.544
120.118,0.259
120.137,0.518
120.137,0.608
120.156,0.479
120.156,0.595
120.175,0.647
120.195,0.582
120.195,0.634
120.214,0.647
120.233,0.634
120.234,0.660
120.253,0.647
120.253,0.647
120.272,0.660
120.292,0.621
120.292,0.647
120.313,0.634
120.313,0.556
120.333,0.634
120.358,0.569
120.358,0.427
120.379,0.582
120.379,0.466
120.397,0.116
120.397,0.505
120.416,0.220
120.433,0.414
120.433,0.311
120.451,0.362
120.470,0.556
120.470,0.298
120.487,0.531
120.506,0.194
120.506,0.505
120.524,0.608
120.541,0.479
120.541,0.595
120.559,0.647
120.577,0.569
120.577,0.634
120.595,0.660
120.617,0.634
120.617,0.660
120.635,0.647
120.635,0.660
120.653,0.660
120.672,0.621
120.672,0.660
120.690,0.634
120.707,0.556
120.707,0.647
120.729,0.582
120.729,0.440
120.749,0.595
120.767,0.479
120.767,0.129
120.792,0.505
120.792,0.246
120.812,0.388
120.812,0.324
120.833,0.311
120.853,0.531
120.853,0.220
120.874,0.505
120.874,0.168
120.896,0.479
120.896,0.582
120.916,0.440
120.936,0.569
120.936,0.634
120.954,0.556
120.955,0.634
120.974,0.660
120.992,0.608
120.992,0.660
121.010,0.660
121.029,0.660
121.029,0.660
121.049,0.634
121.049,0.647
121.067,0.634
121.086,0.569
121.086,0.647
121.104,0.595
121.122,0.466
121.122,0.595
121.141,0.505
121.159,0.298
121.159,0.531
121.178,0.298
121.198,0.362
121.198,0.362
121.215,0.298
121.234,0.518
121.234,0.194
121.253,0.544
121.253,0.595
121.272,0.453
121.290,0.595
121.290,0.414
121.310,0.569
121.328,0.634
121.328,0.556
121.346,0.621
121.364,0.660
121.364,0.621
121.382,0.647
121.382,0.673
121.401,0.647
121.420,0.660
121.420,0.621
121.437,0.660
121.455,0.634
121.455,0.582
121.473,0.647
121.490,0.595
121.490,0.492
121.508,0.608
121.526,0.518
121.526,0.272
121.544,0.569
121.562,0.349
121.562,0.324
121.580,0.401
121.597,0.220
121.614,0.505
121.614,0.168
121.633,0.466
121.651,0.595
121.651,0.427
121.668,0.582
121.668,0.388
121.687,0.556
121.704,0.634
121.704,0.544
121.722,0.634
121.739,0.660
121.739,0.608
121.758,0.660
121.777,0.660
121.777,0.647
121.794,0.660
121.814,0.647
121.814,0.660
121.831,0.647
121.849,0.595
121.849,0.660
121.866,0.608
121.886,0.505
121.886,0.634
121.903,0.531
121.921,0.298
121.921,0.556
121.938,0.375
121.956,0.272
121.956,0.427
121.974,0.194
121.993,0.492
121.993,0.181
122.012,0.466
122.029,0.582
122.029,0.427
122.046,0.569
122.064,0.362
122.064,0.544
122.082,0.634
122.100,0.531
122.100,0.608
122.117,0.660
122.136,0.608
122.136,0.647
122.153,0.647
122.171,0.647
122.171,0.660
122.188,0.647
122.208,0.660
122.208,0.647
122.227,0.595
122.244,0.647
122.244,0.608
122.263,0.518
122.281,0.621
122.281,0.544
122.300,0.349
122.300,0.556
122.321,0.414
122.339,0.220
122.339,0.466
122.357,0.129
122.377,0.479
122.377,0.194
122.395,0.427
122.412,0.582
122.412,0.375
122.431,0.556
122.431,0.311
122.450,0.531
122.467,0.621
122.467,0.505
122.485,0.621
122.503,0.647
122.503,0.595
122.520,0.660
122.539,0.673
122.539,0.634
122.558,0.660
122.576,0.647
122.576,0.660
122.594,0.660
122.614,0.608
122.614,0.660
122.633,0.621
122.633,0.531
122.652,0.647
122.670,0.556
122.670,0.375
122.690,0.569
122.707,0.427
122.707,0.194
122.726,0.479
122.745,0.168
122.745,0.440
122.764,0.207
122.783,0.505
122.783,0.569
122.801,0.362
122.801,0.544
122.819,0.285
122.837,0.531
122.837,0.621
122.856,0.492
122.874,0.595
122.874,0.647
122.893,0.582
122.910,0.634
122.912,0.660
122.928,0.634
122.947,0.647
122.948,0.647
122.965,0.660
122.985,0.647
122.985,0.621
123.005,0.660
123.005,0.621
123.025,0.544
123.266,0.621
123.267,0.569
123.267,0.414
123.267,0.595
123.267,0.466
123.267,0.194
123.267,0.492
123.267,0.155
123.267,0.427
123.267,0.272
123.267,0.375
123.267,0.556
123.267,0.285
123.267,0.518
123.267,0.194
123.267,0.518
123.267,0.608
123.267,0.479
123.267,0.608
123.267,0.660
123.268,0.569
123.285,0.634
