时间(s),电压(V)
0.296,0.453
0.296,0.259
0.296,0.505
0.296,0.181
0.296,0.518
0.297,0.181
0.297,0.492
0.297,0.634
0.297,0.440
0.297,0.608
0.297,0.375
0.297,0.595
0.297,0.673
0.297,0.556
0.297,0.660
0.297,0.712
0.297,0.647
0.297,0.699
0.297,0.712
0.297,0.699
0.297,0.712
0.297,0.699
0.297,0.712
0.298,0.699
0.298,0.660
0.369,0.712
0.369,0.673
0.369,0.608
0.369,0.686
0.369,0.621
0.369,0.427
0.382,0.634
0.487,0.492
0.487,0.233
0.487,0.531
0.487,0.181
0.488,0.505
0.488,0.285
0.488,0.466
0.488,0.621
0.488,0.401
0.571,0.595
0.571,0.518
0.571,0.569
0.571,0.660
0.571,0.556
0.571,0.660
0.571,0.712
0.591,0.634
0.591,0.699
0.608,0.712
0.625,0.699
0.625,0.712
0.640,0.699
0.654,0.712
0.670,0.699
0.685,0.660
0.685,0.699
0.701,0.673
0.717,0.595
0.743,0.686
0.744,0.621
0.744,0.479
0.783,0.634
0.785,0.518
0.785,0.168
0.813,0.544
0.813,0.569
0.834,0.479
0.834,0.349
0.852,0.440
0.852,0.608
0.868,0.362
0.884,0.582
0.899,0.272
0.899,0.556
0.915,0.660
0.930,0.518
0.946,0.647
0.946,0.699
0.961,0.634
0.977,0.686
0.991,0.712
1.008,0.673
1.008,0.699
1.022,0.699
1.038,0.699
1.055,0.699
1.055,0.673
1.072,0.699
1.088,0.673
1.102,0.621
1.102,0.699
1.118,0.634
1.132,0.479
1.148,0.634
1.149,0.518
1.165,0.168
1.181,0.556
1.196,0.259
1.196,0.466
1.213,0.375
1.228,0.401
1.244,0.582
1.244,0.311
1.261,0.582
1.275,0.220
1.290,0.544
1.290,0.660
1.306,0.518
1.321,0.634
1.337,0.673
1.353,0.608
1.353,0.686
1.367,0.699
1.383,0.673
1.398,0.712
1.398,0.699
1.413,0.699
1.428,0.712
1.443,0.673
1.458,0.712
1.458,0.686
1.473,0.621
1.487,0.699
1.503,0.634
1.517,0.518
1.517,0.673
1.534,0.556
1.548,0.246
1.564,0.582
1.579,0.324
1.579,0.427
1.594,0.414
1.609,0.362
1.624,0.582
1.624,0.544
1.640,0.556
1.655,0.194
1.670,0.518
1.684,0.647
1.684,0.479
1.700,0.621
1.715,0.686
1.730,0.608
1.745,0.686
1.746,0.712
1.762,0.673
1.777,0.699
1.791,0.712
1.791,0.699
1.806,0.699
1.821,0.686
1.836,0.712
1.852,0.699
1.852,0.634
1.867,0.699
1.883,0.647
1.899,0.531
1.899,0.660
1.914,0.556
1.931,0.259
1.947,0.582
1.947,0.362
1.961,0.388
1.977,0.440
1.992,0.311
2.008,0.569
2.008,0.194
2.023,0.544
2.039,0.660
2.055,0.518
2.055,0.634
2.070,0.479
2.086,0.621
2.101,0.686
2.101,0.595
2.117,0.673
2.134,0.699
2.148,0.660
2.148,0.699
2.164,0.712
2.179,0.699
2.195,0.712
2.210,0.686
2.210,0.712
2.226,0.699
2.241,0.647
2.256,0.712
2.256,0.660
2.272,0.556
2.287,0.673
2.301,0.582
2.316,0.349
2.316,0.608
2.333,0.427
2.348,0.634
2.363,0.492
2.363,0.233
2.378,0.556
2.394,0.181
2.410,0.531
2.410,0.647
2.425,0.479
2.443,0.634
2.458,0.427
2.458,0.595
2.474,0.686
2.489,0.582
2.504,0.673
2.504,0.712
2.521,0.660
2.536,0.712
2.552,0.712
2.567,0.699
2.567,0.725
2.583,0.686
2.598,0.712
2.613,0.699
2.613,0.647
2.629,0.699
2.645,0.660
2.661,0.569
2.661,0.673
2.677,0.595
2.693,0.401
2.708,0.595
2.708,0.453
2.725,0.311
2.740,0.492
2.756,0.194
2.756,0.531
2.772,0.207
2.788,0.492
2.805,0.634
2.805,0.453
2.820,0.621
2.835,0.388
2.852,0.595
2.852,0.673
2.868,0.569
2.884,0.673
2.899,0.699
2.900,0.660
2.915,0.699
2.931,0.712
2.946,0.699
2.946,0.712
2.962,0.699
2.978,0.712
2.994,0.712
2.994,0.660
3.011,0.699
3.026,0.673
3.042,0.582
3.042,0.686
3.058,0.608
3.073,0.427
3.089,0.634
3.090,0.492
3.106,0.220
3.122,0.518
3.138,0.181
3.138,0.518
3.153,0.259
3.168,0.660
3.184,0.634
3.184,0.440
3.201,0.608
3.217,0.362
3.233,0.582
3.233,0.660
3.249,0.556
3.266,0.634
3.281,0.699
3.281,0.647
3.298,0.699
3.314,0.712
3.330,0.699
3.330,0.712
3.346,0.699
3.362,0.712
3.378,0.712
3.378,0.647
3.394,0.699
3.409,0.673
3.425,0.595
3.425,0.686
3.442,0.621
3.458,0.453
3.459,0.634
3.474,0.518
3.491,0.155
3.507,0.531
3.507,0.207
3.523,0.492
3.540,0.298
3.557,0.440
3.557,0.621
3.573,0.375
3.589,0.595
3.589,0.298
3.606,0.556
3.622,0.660
3.639,0.531
3.639,0.647
3.656,0.699
3.671,0.634
3.688,0.699
3.688,0.725
3.705,0.686
3.722,0.712
3.722,0.699
3.738,0.712
3.755,0.699
3.755,0.673
3.771,0.712
3.787,0.673
3.805,0.608
3.806,0.699
3.823,0.634
3.840,0.479
3.840,0.647
3.856,0.531
3.873,0.155
3.890,0.569
3.890,0.246
3.905,0.466
3.922,0.349
3.939,0.427
3.939,0.608
3.955,0.349
3.972,0.595
3.972,0.233
3.989,0.660
4.005,0.647
4.022,0.518
4.022,0.647
4.038,0.699
4.054,0.621
4.054,0.686
4.071,0.725
4.087,0.673
4.104,0.712
4.104,0.699
4.122,0.712
4.138,0.712
4.138,0.673
4.156,0.712
4.172,0.686
4.172,0.634
4.189,0.699
4.205,0.634
4.223,0.505
4.223,0.647
4.239,0.544
4.257,0.194
4.257,0.582
4.273,0.324
4.290,0.440
4.306,0.414
4.306,0.375
4.323,0.582
4.339,0.246
4.339,0.556
4.356,0.181
4.373,0.531
4.389,0.647
4.389,0.505
4.407,0.634
4.424,0.699
4.424,0.608
4.441,0.686
4.458,0.699
4.474,0.673
4.474,0.712
4.492,0.712
4.508,0.712
4.508,0.699
4.525,0.686
4.542,0.712
4.542,0.699
4.559,0.621
4.575,0.699
4.591,0.647
4.591,0.531
4.607,0.673
4.625,0.556
4.642,0.272
4.642,0.582
4.660,0.375
4.678,0.414
4.678,0.427
4.695,0.336
4.713,0.569
4.713,0.233
4.733,0.544
4.733,0.647
4.750,0.518
4.769,0.634
4.769,0.479
4.788,0.608
4.805,0.686
4.805,0.595
4.823,0.673
4.841,0.712
4.841,0.660
4.859,0.699
4.876,0.712
4.876,0.699
4.893,0.712
4.911,0.673
4.911,0.699
4.928,0.686
4.944,0.647
4.962,0.699
4.962,0.660
4.981,0.556
4.997,0.673
4.997,0.569
5.015,0.324
5.032,0.608
5.033,0.414
5.050,0.349
5.068,0.479
5.068,0.246
5.085,0.556
5.102,0.349
5.102,0.531
5.120,0.647
5.136,0.492
5.154,0.634
5.155,0.427
5.172,0.621
5.190,0.686
5.190,0.595
5.207,0.673
5.224,0.712
5.224,0.660
5.241,0.699
5.258,0.699
5.258,0.699
5.276,0.712
5.293,0.686
5.293,0.712
5.311,0.699
5.328,0.647
5.328,0.699
5.346,0.660
5.364,0.569
5.364,0.673
5.383,0.582
5.401,0.375
5.401,0.608
5.421,0.492
5.440,0.298
5.440,0.492
5.458,0.194
5.458,0.544
5.477,0.207
5.495,0.492
5.495,0.634
5.511,0.466
5.528,0.608
5.546,0.401
5.546,0.595
5.563,0.673
5.583,0.569
5.583,0.660
5.602,0.699
5.602,0.660
5.619,0.699
5.637,0.712
5.637,0.686
5.656,0.712
5.674,0.686
5.674,0.712
5.692,0.699
5.712,0.660
5.712,0.699
5.731,0.673
5.750,0.582
5.750,0.686
5.768,0.595
5.785,0.414
5.785,0.634
5.803,0.479
5.820,0.272
5.820,0.518
5.838,0.233
5.857,0.531
5.857,0.233
5.876,0.479
5.876,0.621
5.893,0.427
5.911,0.608
5.927,0.349
5.927,0.582
5.945,0.686
5.962,0.556
5.962,0.660
5.981,0.699
6.001,0.647
6.001,0.699
6.019,0.699
6.019,0.699
6.037,0.712
6.054,0.699
6.054,0.712
6.072,0.699
6.090,0.660
6.090,0.712
6.107,0.660
6.125,0.595
6.143,0.686
6.143,0.621
6.160,0.453
6.179,0.634
6.179,0.505
6.197,0.181
6.197,0.544
6.214,0.233
6.233,0.505
6.233,0.569
6.250,0.453
6.268,0.608
6.287,0.388
6.287,0.595
6.304,0.285
6.304,0.569
6.323,0.673
6.343,0.531
6.343,0.673
6.360,0.699
6.380,0.634
6.380,0.699
6.399,0.712
6.416,0.686
6.416,0.712
6.434,0.712
6.452,0.699
6.452,0.712
6.470,0.673
6.488,0.712
6.488,0.686
6.507,0.608
6.507,0.699
6.525,0.634
6.543,0.492
6.543,0.647
6.562,0.518
6.582,0.181
6.582,0.556
6.600,0.233
6.618,0.479
6.618,0.336
6.636,0.414
6.654,0.608
6.655,0.336
6.673,0.582
6.673,0.259
6.692,0.556
6.711,0.660
6.711,0.518
6.729,0.647
6.748,0.686
6.748,0.621
6.766,0.686
6.784,0.712
6.784,0.673
6.803,0.699
6.822,0.699
6.822,0.712
6.841,0.699
6.841,0.673
6.860,0.712
6.878,0.686
6.878,0.621
6.898,0.686
6.917,0.634
6.917,0.518
6.936,0.647
6.936,0.544
6.953,0.233
6.972,0.582
6.972,0.324
6.991,0.453
7.010,0.388
7.010,0.375
7.030,0.595
7.047,0.285
7.047,0.569
7.066,0.168
7.066,0.531
7.084,0.647
7.102,0.492
7.103,0.634
7.121,0.699
7.139,0.621
7.139,0.686
7.157,0.712
7.176,0.673
7.176,0.712
7.193,0.712
7.212,0.699
7.212,0.712
7.230,0.686
7.247,0.712
7.247,0.686
7.267,0.647
7.284,0.699
7.284,0.647
7.303,0.518
7.320,0.660
7.320,0.544
7.338,0.246
7.354,0.582
7.354,0.349
7.372,0.414
7.391,0.427
7.391,0.324
7.408,0.569
7.425,0.259
7.425,0.556
7.443,0.362
7.461,0.518
7.461,0.660
7.479,0.479
7.497,0.621
7.497,0.686
7.766,0.608
7.766,0.673
7.766,0.712
7.766,0.660
7.766,0.712
7.766,0.712
7.766,0.699
7.766,0.699
7.766,0.686
7.766,0.712
7.766,0.699
7.766,0.634
7.766,0.699
7.766,0.647
7.766,0.569
7.767,0.660
7.767,0.569
7.767,0.324
7.767,0.595
7.767,0.388
7.767,0.388
7.767,0.453
7.787,0.621
7.787,0.569
7.804,0.207
7.804,0.531
7.823,0.647
7.840,0.505
7.840,0.634
7.860,0.440
7.878,0.621
7.878,0.686
7.895,0.595
7.913,0.673
7.913,0.712
7.933,0.673
7.951,0.699
7.951,0.712
7.969,0.699
7.986,0.712
7.986,0.686
8.005,0.712
8.023,0.699
8.023,0.634
8.041,0.712
8.058,0.660
8.058,0.556
8.077,0.660
8.095,0.582
8.095,0.349
8.113,0.608
8.131,0.427
8.131,0.324
8.149,0.479
8.167,0.233
8.167,0.544
8.186,0.168
8.202,0.505
8.202,0.634
8.221,0.466
8.240,0.634
8.240,0.414
8.258,0.608
8.258,0.673
8.277,0.569
8.294,0.660
8.294,0.712
8.312,0.647
8.330,0.699
8.330,0.712
8.348,0.699
8.366,0.712
8.366,0.699
8.385,0.712
8.402,0.699
8.402,0.647
8.420,0.712
8.438,0.673
8.438,0.569
8.456,0.686
8.474,0.608
8.475,0.401
8.492,0.621
8.511,0.466
8.511,0.272
8.529,0.505
8.546,0.220
8.546,0.531
8.564,0.220
8.582,0.505
8.582,0.634
8.600,0.453
8.618,0.608
8.618,0.388
8.636,0.595
8.653,0.673
8.654,0.569
8.672,0.673
8.689,0.699
8.689,0.660
8.707,0.699
8.725,0.712
8.725,0.699
8.743,0.712
8.761,0.686
8.761,0.699
8.779,0.712
8.796,0.673
8.796,0.712
8.815,0.673
8.832,0.582
8.832,0.686
8.850,0.608
8.867,0.427
8.867,0.621
8.885,0.479
8.904,0.220
8.904,0.518
8.921,0.194
8.940,0.518
8.941,0.259
8.957,0.453
8.975,0.634
8.975,0.401
8.993,0.595
9.013,0.336
9.013,0.569
9.032,0.673
9.032,0.556
9.051,0.660
9.069,0.699
9.069,0.634
9.088,0.699
9.105,0.712
9.105,0.673
9.123,0.712
9.141,0.712
9.141,0.712
9.159,0.712
9.175,0.673
9.175,0.699
9.193,0.673
9.210,0.608
9.210,0.686
9.228,0.621
9.245,0.440
9.262,0.634
9.262,0.505
9.281,0.207
9.298,0.531
9.298,0.194
9.315,0.492
9.333,0.298
9.334,0.453
9.350,0.608
9.368,0.375
9.368,0.595
9.385,0.285
9.403,0.569
9.403,0.660
9.422,0.556
9.440,0.647
9.440,0.699
9.458,0.634
9.476,0.686
9.476,0.712
9.496,0.686
9.496,0.699
9.712,0.712
9.713,0.699
9.713,0.699
9.713,0.673
9.713,0.699
9.713,0.686
9.713,0.608
9.713,0.686
9.713,0.621
9.713,0.492
9.713,0.647
9.713,0.531
9.713,0.168
9.713,0.569
9.713,0.259
9.713,0.479
9.713,0.362
9.713,0.479
9.730,0.608
9.748,0.324
9.748,0.582
9.765,0.259
9.783,0.556
9.783,0.660
9.799,0.492
9.816,0.647
9.834,0.712
9.834,0.634
9.851,0.686
9.868,0.712
9.868,0.686
9.885,0.712
9.903,0.712
9.903,0.712
9.921,0.712
9.937,0.673
9.938,0.712
9.954,0.686
9.972,0.621
9.990,0.699
9.990,0.634
10.008,0.505
10.025,0.647
10.025,0.531
10.042,0.194
10.059,0.569
10.059,0.311
10.076,0.440
10.095,0.401
10.095,0.388
10.113,0.582
10.130,0.298
10.130,0.556
10.147,0.207
10.164,0.531
10.164,0.647
10.182,0.492
10.199,0.634
10.199,0.699
10.217,0.621
10.234,0.712
10.235,0.712
10.252,0.673
10.270,0.699
10.270,0.699
10.287,0.699
10.305,0.712
10.324,0.686
10.324,0.712
10.343,0.699
10.343,0.621
10.361,0.699
10.378,0.647
10.378,0.531
10.397,0.660
10.415,0.556
10.415,0.246
10.434,0.582
10.453,0.349
10.453,0.414
10.471,0.440
10.489,0.492
10.489,0.582
10.507,0.220
10.526,0.544
10.526,0.660
10.543,0.595
10.561,0.647
10.561,0.479
10.577,0.621
10.596,0.686
10.596,0.608
10.612,0.686
10.630,0.712
10.630,0.673
10.648,0.712
10.665,0.712
10.665,0.712
10.682,0.712
10.700,0.686
10.700,0.712
10.717,0.686
10.734,0.634
10.752,0.712
10.752,0.660
10.769,0.544
10.787,0.686
10.787,0.569
10.804,0.311
10.822,0.582
10.822,0.401
10.840,0.349
10.857,0.453
10.857,0.259
10.875,0.556
10.893,0.155
10.893,0.531
10.912,0.660
10.932,0.505
10.932,0.634
10.950,0.427
10.950,0.621
10.970,0.686
10.988,0.582
10.988,0.673
11.007,0.712
11.026,0.660
11.026,0.712
11.043,0.712
11.061,0.712
11.061,0.712
11.079,0.699
11.097,0.712
11.097,0.699
11.114,0.647
11.133,0.699
11.133,0.660
11.152,0.556
11.152,0.673
11.169,0.582
11.188,0.466
11.188,0.621
11.206,0.440
11.224,0.324
11.224,0.492
11.243,0.207
11.262,0.582
11.262,0.168
11.279,0.518
11.297,0.647
11.297,0.479
11.314,0.621
11.333,0.427
11.333,0.608
11.350,0.673
11.369,0.595
11.369,0.673
11.386,0.699
11.404,0.660
11.404,0.699
11.420,0.699
11.438,0.699
11.438,0.712
11.454,0.686
11.472,0.712
11.489,0.699
11.489,0.660
11.507,0.699
11.525,0.660
11.525,0.569
11.544,0.673
11.562,0.595
11.562,0.621
11.578,0.621
11.596,0.466
11.596,0.272
11.612,0.505
11.630,0.168
11.630,0.531
11.647,0.207
11.664,0.492
11.664,0.634
11.682,0.440
11.699,0.608
11.699,0.362
11.717,0.582
11.736,0.673
11.736,0.569
11.753,0.660
11.771,0.699
11.771,0.660
11.790,0.699
11.809,0.712
11.809,0.686
11.825,0.712
11.843,0.699
11.843,0.712
11.860,0.712
11.878,0.660
11.878,0.712
11.896,0.673
11.914,0.595
11.914,0.686
11.931,0.608
11.949,0.427
11.966,0.634
11.966,0.492
11.983,0.259
12.000,0.531
12.000,0.155
12.018,0.505
12.035,0.259
12.035,0.479
12.051,0.621
12.069,0.427
12.069,0.595
12.087,0.349
12.105,0.582
12.105,0.660
12.121,0.544
12.139,0.660
12.157,0.699
12.157,0.647
12.174,0.699
12.191,0.712
12.191,0.686
12.208,0.712
12.225,0.712
12.225,0.699
12.243,0.699
12.260,0.673
12.260,0.699
12.278,0.686
12.294,0.608
12.294,0.686
12.312,0.608
12.330,0.466
12.348,0.634
12.348,0.505
12.366,0.194
12.383,0.544
12.383,0.207
12.400,0.492
12.417,0.324
12.417,0.440
12.434,0.608
12.452,0.362
12.452,0.595
12.469,0.246
12.486,0.569
12.486,0.660
12.504,0.544
12.522,0.660
12.522,0.699
12.539,0.634
12.556,0.699
12.556,0.712
12.573,0.686
12.592,0.699
12.608,0.712
12.608,0.712
12.626,0.712
12.642,0.673
12.642,0.712
12.659,0.686
12.677,0.608
12.677,0.686
12.695,0.673
12.712,0.505
12.712,0.647
12.731,0.531
12.748,0.207
12.749,0.556
12.766,0.259
12.783,0.453
12.783,0.569
12.800,0.647
12.818,0.595
12.835,0.349
12.835,0.569
12.855,0.233
12.855,0.556
12.874,0.660
12.890,0.518
12.890,0.634
12.909,0.686
12.928,0.634
12.928,0.686
12.945,0.712
12.963,0.686
12.963,0.699
12.982,0.699
12.999,0.699
12.999,0.699
13.016,0.686
13.034,0.712
13.034,0.686
13.051,0.621
13.068,0.699
13.068,0.647
13.086,0.505
13.104,0.647
13.120,0.556
13.122,0.207
13.138,0.569
13.155,0.324
13.155,0.440
13.173,0.401
13.189,0.375
13.189,0.595
13.206,0.272
13.224,0.556
13.224,0.168
13.241,0.544
13.259,0.647
13.276,0.492
13.276,0.634
13.293,0.699
13.310,0.608
13.310,0.686
13.327,0.712
13.344,0.686
13.344,0.712
13.362,0.712
13.380,0.699
13.380,0.699
13.398,0.686
13.415,0.725
13.415,0.699
13.432,0.634
13.449,0.699
13.467,0.634
13.467,0.544
13.484,0.660
13.501,0.556
13.501,0.285
13.519,0.582
13.537,0.375
13.537,0.388
13.556,0.440
13.573,0.324
13.573,0.582
13.591,0.220
13.608,0.544
13.608,0.660
13.625,0.518
13.642,0.634
13.642,0.466
13.660,0.621
13.678,0.686
13.678,0.595
13.696,0.686
13.715,0.712
13.715,0.660
13.731,0.712
13.749,0.699
13.749,0.699
13.766,0.699
13.784,0.686
13.784,0.699
13.801,0.699
13.818,0.647
13.835,0.699
13.835,0.660
13.853,0.544
13.870,0.660
13.870,0.569
13.888,0.311
13.907,0.608
13.907,0.401
13.928,0.375
13.928,0.466
13.946,0.272
13.963,0.556
13.963,0.168
13.981,0.531
13.998,0.647
13.998,0.492
14.016,0.621
14.033,0.440
14.033,0.608
14.051,0.686
14.069,0.595
14.086,0.673
14.087,0.699
14.103,0.660
14.122,0.699
14.122,0.712
14.139,0.699
14.156,0.712
14.156,0.686
14.174,0.712
14.192,0.699
14.192,0.647
14.209,0.699
14.227,0.660
14.227,0.569
14.244,0.673
14.262,0.595
14.262,0.388
14.279,0.608
14.296,0.453
14.296,0.311
14.314,0.492
14.331,0.194
14.331,0.556
14.349,0.155
14.366,0.505
14.384,0.634
14.384,0.466
14.402,0.621
14.418,0.401
14.419,0.608
14.437,0.686
14.456,0.582
14.456,0.660
14.473,0.712
14.491,0.660
14.491,0.712
14.509,0.712
14.527,0.699
14.527,0.699
14.543,0.686
14.562,0.712
14.562,0.699
14.580,0.647
14.597,0.699
14.597,0.673
14.614,0.569
14.631,0.686
14.631,0.647
14.649,0.388
14.667,0.621
14.667,0.453
14.686,0.272
14.705,0.505
14.705,0.155
14.723,0.531
14.740,0.207
14.740,0.492
14.759,0.634
14.779,0.440
14.779,0.608
14.797,0.362
14.797,0.595
14.814,0.673
14.832,0.556
14.832,0.660
14.849,0.699
14.867,0.634
14.884,0.699
14.884,0.712
14.903,0.699
14.903,0.699
14.921,0.686
14.939,0.712
14.956,0.699
14.956,0.660
14.975,0.712
14.975,0.673
14.994,0.595
15.012,0.686
15.012,0.608
15.032,0.453
15.050,0.634
15.050,0.492
15.067,0.181
15.086,0.531
15.086,0.194
15.104,0.505
15.121,0.272
15.122,0.466
15.140,0.634
15.164,0.595
15.164,0.608
15.190,0.324
15.190,0.556
15.190,0.660
15.208,0.531
15.227,0.647
15.227,0.699
15.249,0.647
15.249,0.699
15.266,0.699
15.284,0.686
15.284,0.712
15.302,0.712
15.320,0.712
15.320,0.699
15.338,0.660
15.356,0.699
15.356,0.660
15.375,0.595
15.393,0.686
15.393,0.621
15.410,0.479
15.429,0.647
15.429,0.518
15.446,0.181
15.464,0.544
15.464,0.220
15.483,0.479
15.501,0.311
15.501,0.414
15.519,0.608
15.539,0.362
15.539,0.595
15.557,0.285
15.557,0.582
15.577,0.712
15.595,0.556
15.595,0.660
15.614,0.699
15.633,0.595
15.633,0.634
15.651,0.647
15.669,0.595
15.669,0.634
15.687,0.608
15.705,0.595
15.705,0.608
15.723,0.569
15.741,0.621
15.741,0.608
15.761,0.544
15.761,0.621
15.780,0.582
15.798,0.453
15.798,0.608
15.816,0.505
15.835,0.194
15.835,0.544
15.854,0.285
15.873,0.595
15.873,0.401
15.891,0.414
15.891,0.621
15.909,0.336
15.927,0.621
15.927,0.233
15.945,0.621
15.965,0.712
15.965,0.582
15.984,0.712
16.002,0.776
16.002,0.712
16.020,0.764
16.038,0.802
16.038,0.764
16.057,0.789
16.075,0.789
16.075,0.802
16.094,0.802
16.094,0.764
16.112,0.802
16.130,0.789
16.130,0.725
16.149,0.789
16.167,0.751
16.167,0.660
16.185,0.764
16.203,0.660
16.203,0.324
16.221,0.686
16.239,0.453
16.239,0.518
16.255,0.531
16.274,0.440
16.274,0.699
16.293,0.349
16.312,0.673
16.312,0.207
16.328,0.634
16.348,0.751
16.348,0.595
16.365,0.738
16.383,0.802
16.383,0.725
16.402,0.789
16.420,0.828
16.420,0.776
16.439,0.815
16.439,0.828
16.458,0.815
16.478,0.828
16.478,0.802
16.498,0.828
16.517,0.802
16.517,0.751
16.536,0.815
16.536,0.764
16.555,0.647
16.574,0.764
16.574,0.673
16.592,0.375
16.610,0.712
16.611,0.492
16.630,0.505
16.650,0.556
16.650,0.414
16.670,0.673
16.670,0.233
16.688,0.660
16.706,0.764
16.707,0.621
16.726,0.751
16.726,0.582
16.746,0.725
16.764,0.802
16.764,0.712
16.783,0.789
16.802,0.828
16.802,0.776
16.819,0.802
16.838,0.828
16.838,0.815
16.856,0.828
16.856,0.802
16.874,0.828
16.892,0.802
16.892,0.751
16.910,0.815
16.928,0.764
16.928,0.673
16.946,0.776
16.964,0.686
16.964,0.466
16.981,0.725
17.000,0.544
17.000,0.440
17.017,0.595
17.035,0.324
17.035,0.673
17.053,0.207
17.072,0.634
17.072,0.764
17.091,0.595
17.109,0.738
17.109,0.531
17.127,0.725
17.145,0.802
17.145,0.699
17.163,0.789
17.181,0.815
17.181,0.776
17.199,0.815
17.217,0.815
17.217,0.802
17.236,0.815
17.254,0.802
17.254,0.828
17.272,0.802
17.290,0.751
17.290,0.802
17.308,0.751
17.325,0.647
17.325,0.764
17.344,0.686
17.344,0.466
17.363,0.699
17.379,0.518
17.379,0.336
17.398,0.569
17.416,0.544
17.434,0.582
17.434,0.207
17.452,0.531
17.452,0.673
17.471,0.479
17.490,0.647
17.490,0.388
17.508,0.608
17.526,0.686
17.526,0.582
17.544,0.673
17.563,0.699
17.563,0.647
17.580,0.673
17.599,0.686
17.599,0.660
17.618,0.673
17.635,0.647
17.635,0.647
17.653,0.634
17.671,0.582
17.671,0.621
17.688,0.582
17.707,0.479
17.707,0.582
17.726,0.466
17.726,0.285
17.744,0.466
17.762,0.311
17.762,0.181
17.781,0.324
17.799,0.168
17.799,0.298
17.817,0.168
17.835,0.259
17.835,0.388
17.854,0.220
17.872,0.349
17.872,0.181
17.890,0.324
17.909,0.414
17.909,0.298
17.927,0.388
17.928,0.466
17.946,0.388
17.965,0.453
17.965,0.466
17.983,0.440
18.003,0.479
18.003,0.453
18.021,0.725
18.039,0.479
18.039,0.440
18.058,0.492
18.076,0.453
18.076,0.401
18.095,0.492
18.095,0.440
18.114,0.285
18.132,0.479
18.132,0.324
18.150,0.155
18.168,0.388
18.168,0.168
18.186,0.349
18.205,0.207
18.205,0.311
18.223,0.479
18.241,0.531
18.241,0.466
18.260,0.220
18.278,0.453
18.278,0.556
18.297,0.440
18.314,0.556
18.314,0.608
18.332,0.544
18.332,0.608
18.350,0.621
18.369,0.621
18.369,0.634
18.386,0.621
18.405,0.634
18.405,0.634
18.424,0.621
18.442,0.647
18.442,0.634
18.461,0.544
18.478,0.634
18.478,0.582
18.496,0.440
18.516,0.608
18.516,0.479
18.534,0.181
18.552,0.518
18.552,0.233
18.569,0.440
18.588,0.336
18.588,0.388
18.607,0.569
18.607,0.324
18.624,0.556
18.643,0.220
18.644,0.518
18.662,0.634
18.681,0.492
18.681,0.608
18.699,0.660
18.717,0.595
18.718,0.673
18.736,0.673
18.755,0.673
18.755,0.686
18.772,0.673
18.790,0.699
18.790,0.686
18.810,0.660
18.810,0.699
18.828,0.686
18.846,0.608
18.847,0.673
18.864,0.634
18.883,0.492
18.883,0.647
18.901,0.531
18.920,0.207
18.920,0.569
18.938,0.699
18.956,0.427
18.956,0.388
18.974,0.349
18.993,0.582
18.993,0.246
19.012,0.556
19.031,0.181
19.031,0.518
19.048,0.634
19.048,0.479
19.067,0.621
19.085,0.686
19.085,0.608
19.103,0.686
19.121,0.712
19.121,0.673
19.139,0.712
19.157,0.712
19.157,0.699
19.175,0.712
19.192,0.686
19.192,0.712
19.211,0.699
19.229,0.634
19.229,0.699
19.247,0.647
19.265,0.518
19.265,0.660
19.284,0.544
19.302,0.220
19.302,0.569
19.321,0.324
19.339,0.414
19.339,0.414
19.357,0.336
19.357,0.556
19.375,0.531
19.394,0.518
19.394,0.621
19.411,0.479
19.429,0.595
19.430,0.427
19.448,0.595
19.466,0.608
19.466,0.531
19.484,0.608
19.504,0.608
19.504,0.556
19.522,0.582
19.540,0.569
19.540,0.544
19.559,0.569
19.576,0.518
19.576,0.518
19.595,0.492
19.612,0.414
19.612,0.466
19.630,0.414
19.647,0.298
19.649,0.414
19.666,0.324
19.685,0.220
19.685,0.362
19.702,0.233
19.702,0.349
19.721,0.285
19.739,0.181
19.739,0.388
19.759,0.168
19.776,0.375
19.776,0.505
19.795,0.362
19.812,0.492
19.812,0.324
19.830,0.492
19.849,0.556
19.849,0.466
19.868,0.544
19.885,0.582
19.885,0.544
19.904,0.582
19.923,0.595
19.923,0.595
19.942,0.582
19.942,0.582
19.961,0.595
19.979,0.582
19.979,0.518
20.000,0.595
20.018,0.556
20.018,0.453
20.036,0.556
20.036,0.466
20.054,0.272
20.072,0.660
20.072,0.336
20.090,0.246
20.109,0.362
20.109,0.272
20.127,0.414
20.144,0.181
20.144,0.362
20.163,0.466
20.182,0.298
20.183,0.440
20.201,0.233
20.219,0.414
20.219,0.479
20.238,0.362
20.255,0.440
20.255,0.479
20.274,0.427
20.274,0.453
20.293,0.466
20.311,0.440
20.311,0.453
20.330,0.440
20.348,0.479
20.348,0.479
20.366,0.440
20.384,0.518
20.384,0.492
20.403,0.427
20.421,0.544
20.421,0.466
20.439,0.311
20.457,0.531
20.457,0.375
20.475,0.233
20.493,0.531
20.493,0.168
20.510,0.466
20.528,0.207
20.528,0.427
20.546,0.556
20.565,0.388
20.565,0.544
20.582,0.311
20.600,0.518
20.600,0.595
20.619,0.492
20.637,0.569
20.637,0.621
20.655,0.556
20.674,0.608
20.674,0.634
20.691,0.595
20.691,0.621
20.709,0.608
20.727,0.621
20.727,0.621
20.745,0.569
20.763,0.634
20.763,0.595
20.781,0.582
20.799,0.608
20.800,0.531
20.817,0.375
20.836,0.544
20.836,0.414
20.853,0.181
20.871,0.453
20.871,0.194
20.890,0.414
20.908,0.220
20.908,0.349
20.925,0.505
20.942,0.285
20.942,0.453
20.960,0.207
20.979,0.440
20.979,0.660
20.997,0.388
21.018,0.479
21.018,0.518
21.037,0.453
21.037,0.518
21.056,0.531
21.073,0.505
21.073,0.544
21.091,0.621
21.110,0.556
21.110,0.556
21.127,0.518
21.145,0.569
21.145,0.556
21.162,0.479
21.180,0.582
21.181,0.505
21.198,0.595
21.215,0.531
21.215,0.414
21.234,0.181
21.251,0.453
21.251,0.595
21.268,0.388
21.286,0.259
21.303,0.324
21.303,0.634
21.322,0.259
21.340,0.466
21.340,0.194
21.358,0.401
21.358,0.531
21.376,0.375
21.394,0.492
21.394,0.544
21.411,0.466
21.431,0.531
21.431,0.544
21.449,0.518
21.466,0.544
21.466,0.531
21.484,0.544
21.501,0.699
21.502,0.505
21.520,0.556
21.539,0.518
21.539,0.466
21.560,0.544
21.560,0.492
21.579,0.362
21.597,0.505
21.597,0.414
21.616,0.168
21.636,0.440
21.636,0.207
21.654,0.324
21.673,0.272
21.673,0.259
21.693,0.466
21.693,0.233
21.713,0.440
21.731,0.168
21.731,0.388
21.748,0.505
21.766,0.349
21.766,0.466
21.784,0.518
21.802,0.440
21.802,0.712
21.820,0.531
21.840,0.505
21.840,0.531
21.858,0.531
21.858,0.531
21.877,0.531
21.895,0.518
21.895,0.544
21.913,0.531
21.931,0.466
21.931,0.518
21.950,0.479
21.969,0.362
21.969,0.492
21.990,0.401
21.990,0.181
22.010,0.427
22.032,0.531
22.032,0.569
22.054,0.259
22.054,0.207
22.073,0.414
22.073,0.155
22.092,0.375
22.112,0.401
22.112,0.336
22.131,0.453
22.150,0.285
22.150,0.427
22.170,0.492
22.170,0.414
22.189,0.479
22.208,0.505
22.208,0.479
22.227,0.505
22.246,0.518
22.246,0.505
22.266,0.518
22.266,0.505
22.284,0.518
22.304,0.518
22.304,0.466
22.322,0.518
22.322,0.479
22.340,0.362
22.358,0.479
22.358,0.505
22.376,0.194
22.394,0.427
22.394,0.233
22.413,0.246
22.431,0.285
22.431,0.194
22.449,0.388
22.466,0.168
22.466,0.349
22.483,0.453
22.503,0.311
22.503,0.440
22.522,0.582
22.540,0.440
22.540,0.492
22.558,0.427
22.576,0.492
22.576,0.531
22.594,0.479
22.611,0.531
22.612,0.531
22.630,0.518
22.649,0.531
22.649,0.505
22.667,0.518
22.685,0.518
22.685,0.466
22.702,0.518
22.720,0.479
22.720,0.544
22.738,0.492
22.756,0.388
22.756,0.220
22.775,0.414
22.775,0.246
22.793,0.181
22.810,0.298
22.811,0.168
22.828,0.621
22.847,0.168
22.847,0.336
22.865,0.440
22.883,0.285
22.883,0.414
22.901,0.233
22.918,0.401
22.918,0.479
22.937,0.595
22.955,0.466
22.955,0.492
22.974,0.440
22.993,0.492
22.993,0.505
23.010,0.479
23.027,0.505
23.027,0.634
23.046,0.492
23.065,0.479
23.065,0.427
23.082,0.492
23.100,0.440
23.100,0.362
23.117,0.453
23.136,0.375
23.136,0.220
23.155,0.388
23.173,0.259
23.173,0.168
23.191,0.298
23.209,0.168
23.209,0.324
23.227,0.155
23.245,0.492
23.245,0.414
23.262,0.259
23.280,0.401
23.280,0.220
23.298,0.388
23.316,0.479
23.316,0.375
23.334,0.453
23.352,0.505
23.352,0.453
23.369,0.518
23.387,0.531
23.387,0.505
23.405,0.531
23.422,0.518
23.422,0.531
23.441,0.518
23.458,0.479
23.458,0.531
23.476,0.479
23.494,0.401
23.494,0.505
23.511,0.427
23.529,0.259
23.529,0.440
23.546,0.285
23.566,0.725
23.566,0.324
23.583,0.168
23.599,0.311
23.601,0.181
23.618,0.272
23.636,0.401
23.636,0.233
23.654,0.375
23.672,0.207
23.673,0.362
23.691,0.466
23.710,0.349
23.710,0.440
23.728,0.505
23.728,0.427
23.747,0.634
23.765,0.518
23.765,0.492
23.783,0.518
23.804,0.505
23.804,0.531
23.822,0.505
23.839,0.479
23.839,0.518
23.857,0.608
23.875,0.414
23.875,0.492
23.892,0.427
23.910,0.285
23.910,0.427
23.928,0.311
23.946,0.207
23.946,0.349
23.964,0.181
23.981,0.298
23.981,0.207
23.999,0.246
24.017,0.414
24.017,0.220
24.035,0.388
24.054,0.168
24.054,0.608
24.072,0.466
24.091,0.324
24.091,0.440
24.109,0.505
24.127,0.427
24.127,0.492
24.145,0.492
24.145,0.479
24.165,0.505
24.181,0.492
24.181,0.505
24.199,0.492
24.217,0.466
24.217,0.492
24.234,0.466
24.253,0.401
24.253,0.544
24.270,0.414
24.288,0.285
24.288,0.427
24.305,0.311
24.323,0.168
24.341,0.336
24.341,0.194
24.358,0.246
24.358,0.181
24.377,0.220
24.395,0.349
24.396,0.181
24.413,0.336
24.432,0.168
24.432,0.285
24.449,0.401
24.467,0.259
24.467,0.634
24.485,0.453
24.504,0.375
24.504,0.440
24.522,0.479
24.538,0.453
24.538,0.505
24.556,0.505
24.574,0.492
24.574,0.531
24.591,0.505
24.610,0.544
24.610,0.518
24.628,0.466
24.646,0.556
24.646,0.505
24.663,0.362
24.683,0.531
24.683,0.427
24.700,0.155
24.720,0.453
24.720,0.233
24.739,0.349
24.757,0.324
24.757,0.298
24.777,0.518
24.777,0.427
24.796,0.479
24.814,0.168
24.814,0.453
24.832,0.569
24.850,0.427
24.850,0.556
24.868,0.621
24.886,0.595
24.886,0.608
24.904,0.647
24.922,0.595
24.922,0.634
24.939,0.634
24.957,0.634
24.957,0.647
24.975,0.621
24.994,0.647
24.994,0.621
25.012,0.569
25.029,0.634
25.029,0.595
25.047,0.479
25.065,0.608
25.065,0.505
25.084,0.660
25.102,0.531
25.102,0.336
25.120,0.336
25.139,0.388
25.139,0.246
25.157,0.518
25.157,0.168
25.175,0.479
25.194,0.595
25.194,0.427
25.211,0.569
25.229,0.375
25.229,0.544
25.247,0.621
25.266,0.518
25.266,0.608
25.284,0.634
25.302,0.582
25.302,0.621
25.320,0.621
25.339,0.608
25.339,0.621
25.358,0.595
25.378,0.621
25.378,0.595
25.396,0.544
25.396,0.608
25.415,0.556
25.433,0.440
25.433,0.556
25.452,0.479
25.470,0.233
25.470,0.492
25.489,0.298
25.507,0.479
25.508,0.362
25.525,0.207
25.544,0.440
25.544,0.155
25.562,0.414
25.562,0.531
25.580,0.388
25.599,0.673
25.599,0.336
25.617,0.518
25.635,0.569
25.635,0.466
25.653,0.569
25.672,0.608
25.672,0.556
25.690,0.608
25.710,0.608
25.710,0.595
25.728,0.621
25.747,0.595
25.747,0.608
25.766,0.595
25.766,0.569
25.785,0.608
25.804,0.582
25.804,0.492
25.822,0.582
25.841,0.505
25.841,0.298
25.859,0.531
25.879,0.375
25.879,0.246
25.897,0.440
25.897,0.544
25.916,0.466
25.935,0.207
25.935,0.427
25.954,0.569
25.972,0.375
25.972,0.544
25.990,0.324
25.990,0.544
26.010,0.621
26.029,0.518
26.029,0.621
26.047,0.660
26.065,0.621
26.065,0.673
26.085,0.686
26.102,0.686
26.103,0.712
26.122,0.686
26.122,0.712
26.140,0.712
26.158,0.673
26.158,0.738
26.177,0.712
26.195,0.621
26.196,0.725
26.215,0.660
26.232,0.505
26.232,0.686
26.250,0.544
26.269,0.233
26.269,0.595
26.288,0.181
26.288,0.595
26.307,0.466
26.326,0.556
26.326,0.699
26.344,0.505
26.362,0.686
26.362,0.427
26.380,0.673
26.399,0.751
26.399,0.634
26.417,0.751
26.437,0.789
26.437,0.738
26.455,0.789
26.455,0.802
26.473,0.776
26.492,0.802
26.492,0.802
26.511,0.802
26.529,0.802
26.529,0.751
26.548,0.802
26.565,0.776
26.566,0.686
26.584,0.776
26.602,0.725
26.602,0.556
26.621,0.738
26.639,0.595
26.639,0.194
26.657,0.634
26.675,0.207
26.675,0.595
26.694,0.388
26.694,0.544
26.712,0.712
26.730,0.479
26.730,0.686
26.749,0.349
26.767,0.673
26.767,0.764
26.785,0.621
26.804,0.751
26.804,0.789
26.822,0.738
26.841,0.776
26.841,0.802
26.858,0.776
26.877,0.802
26.877,0.789
26.894,0.789
26.913,0.789
26.913,0.764
26.931,0.789
26.948,0.764
26.948,0.699
26.966,0.776
26.985,0.725
26.985,0.569
27.003,0.725
27.003,0.608
27.021,0.181
27.039,0.647
27.039,0.336
27.058,0.544
27.075,0.427
27.075,0.492
27.093,0.686
27.112,0.401
27.112,0.647
27.129,0.466
27.147,0.621
27.147,0.712
27.166,0.582
27.184,0.699
27.185,0.751
27.202,0.673
27.220,0.751
27.220,0.751
27.239,0.712
27.256,0.751
27.256,0.738
27.275,0.738
27.295,0.738
27.295,0.712
27.312,0.738
27.329,0.712
27.329,0.647
27.348,0.712
27.367,0.660
27.367,0.505
27.385,0.673
27.385,0.569
27.405,0.220
27.425,0.608
27.425,0.298
27.448,0.466
27.448,0.401
27.468,0.414
27.468,0.608
27.488,0.311
27.508,0.582
27.508,0.181
27.527,0.544
27.527,0.660
27.546,0.505
27.563,0.647
27.563,0.699
27.581,0.621
27.599,0.686
27.599,0.712
27.619,0.673
27.637,0.712
27.637,0.712
27.656,0.712
27.674,0.725
27.674,0.686
27.693,0.712
27.712,0.699
27.712,0.634
27.730,0.712
27.730,0.660
27.750,0.531
27.767,0.673
27.767,0.569
27.785,0.259
27.804,0.595
27.804,0.375
27.822,0.453
27.839,0.453
27.839,0.569
27.858,0.608
27.875,0.259
27.875,0.582
27.894,0.686
27.912,0.556
27.912,0.686
27.930,0.505
27.948,0.660
27.948,0.738
27.966,0.647
27.984,0.738
27.984,0.764
28.003,0.725
28.003,0.764
28.021,0.764
28.039,0.764
28.039,0.776
28.057,0.751
28.076,0.789
28.076,0.764
28.093,0.712
28.114,0.776
28.114,0.725
28.133,0.608
28.151,0.738
28.151,0.660
28.169,0.569
28.187,0.686
28.187,0.492
28.204,0.466
28.221,0.544
28.222,0.349
28.239,0.660
28.257,0.233
28.257,0.621
28.275,0.738
28.292,0.595
28.293,0.725
28.311,0.544
28.327,0.699
28.327,0.776
28.345,0.673
28.364,0.764
28.364,0.789
28.381,0.738
28.399,0.789
28.399,0.789
28.417,0.764
28.434,0.789
28.434,0.751
28.452,0.776
28.469,0.764
28.469,0.712
28.488,0.751
28.507,0.712
28.507,0.608
28.524,0.712
28.541,0.621
28.542,0.362
28.559,0.634
28.577,0.440
28.577,0.349
28.595,0.479
28.614,0.233
28.614,0.518
28.631,0.155
28.649,0.466
28.649,0.595
28.667,0.505
28.685,0.544
28.685,0.311
28.704,0.505
28.722,0.569
28.722,0.453
28.739,0.518
28.757,0.531
28.757,0.479
28.774,0.505
28.792,0.505
28.792,0.479
28.810,0.479
28.828,0.440
28.828,0.453
28.846,0.440
28.865,0.401
28.865,0.518
28.883,0.414
28.901,0.336
28.901,0.453
28.919,0.388
28.936,0.220
28.936,0.414
28.954,0.298
28.972,0.194
28.972,0.362
28.989,0.181
29.008,0.401
29.008,0.181
29.025,0.401
29.045,0.544
29.045,0.375
29.062,0.556
29.079,0.336
29.080,0.595
29.097,0.634
29.116,0.544
29.116,0.647
29.135,0.699
29.135,0.647
29.153,0.699
29.172,0.725
29.172,0.699
29.190,0.725
29.208,0.725
29.208,0.738
29.225,0.738
29.243,0.699
29.243,0.751
29.261,0.712
29.279,0.634
29.279,0.725
29.296,0.660
29.314,0.479
29.314,0.686
29.331,0.531
29.349,0.259
29.349,0.582
29.367,0.155
29.386,0.582
29.386,0.259
29.403,0.544
29.421,0.699
29.421,0.505
29.439,0.686
29.456,0.427
29.456,0.660
29.474,0.751
29.492,0.634
29.492,0.738
29.511,0.776
29.528,0.725
29.528,0.776
29.547,0.802
29.564,0.764
29.564,0.802
29.581,0.789
29.600,0.789
29.600,0.789
29.618,0.738
29.636,0.789
29.636,0.764
29.654,0.686
29.672,0.776
29.672,0.712
29.690,0.556
29.708,0.725
29.708,0.595
29.727,0.194
29.746,0.634
29.746,0.259
29.763,0.582
29.781,0.388
29.781,0.531
29.799,0.712
29.817,0.479
29.817,0.686
29.834,0.375
29.853,0.673
29.853,0.764
29.871,0.634
29.890,0.751
29.890,0.802
29.908,0.751
29.927,0.802
29.927,0.815
29.944,0.802
29.944,0.828
29.962,0.802
29.981,0.815
29.981,0.815
29.999,0.776
30.017,0.815
30.017,0.789
30.035,0.712
30.053,0.802
30.053,0.738
30.071,0.582
30.089,0.751
30.089,0.634
30.107,0.168
30.125,0.673
30.125,0.336
30.144,0.582
30.162,0.440
30.162,0.531
30.180,0.712
30.199,0.453
30.199,0.686
30.218,0.324
30.236,0.660
30.236,0.764
30.254,0.621
30.254,0.738
30.273,0.789
30.291,0.725
30.291,0.789
30.310,0.815
30.329,0.776
30.329,0.802
30.348,0.802
30.365,0.802
30.365,0.789
30.384,0.776
30.402,0.802
30.402,0.776
30.421,0.712
30.421,0.776
30.439,0.725
30.457,0.582
30.457,0.738
30.476,0.621
30.494,0.207
30.494,0.647
30.512,0.362
30.529,0.518
30.529,0.453
30.548,0.440
30.566,0.647
30.566,0.324
30.585,0.608
30.602,0.207
30.603,0.569
30.622,0.673
30.639,0.518
30.639,0.647
30.658,0.699
30.675,0.634
30.675,0.686
30.693,0.712
30.712,0.673
30.712,0.686
30.730,0.686
30.731,0.673
30.749,0.673
30.767,0.647
30.767,0.673
30.784,0.647
30.804,0.569
30.805,0.647
30.822,0.582
30.840,0.453
30.840,0.595
30.859,0.466
30.876,0.207
30.876,0.492
30.895,0.272
30.913,0.311
30.913,0.414
30.932,0.246
30.949,0.440
30.949,0.181
30.967,0.414
30.986,0.414
30.986,0.362
31.005,0.466
31.005,0.311
31.025,0.427
31.045,0.479
31.045,0.401
31.063,0.453
31.081,0.479
31.081,0.427
31.100,0.466
31.100,0.453
31.119,0.466
31.137,0.466
31.137,0.453
31.157,0.479
31.176,0.466
31.176,0.427
31.193,0.492
31.211,0.453
31.211,0.362
31.230,0.492
31.249,0.427
31.249,0.207
31.267,0.453
31.267,0.298
31.285,0.285
31.306,0.362
31.306,0.233
31.327,0.492
31.327,0.168
31.348,0.466
31.368,0.582
31.368,0.440
31.388,0.595
31.388,0.427
31.407,0.595
31.428,0.647
31.428,0.582
31.448,0.660
31.448,0.686
31.467,0.660
31.487,0.699
31.488,0.712
31.508,0.699
31.508,0.712
31.529,0.699
31.529,0.725
31.550,0.712
31.570,0.660
31.570,0.725
31.589,0.686
31.589,0.582
31.609,0.699
31.630,0.621
31.630,0.401
31.650,0.647
31.650,0.479
31.673,0.362
31.673,0.531
31.693,0.233
31.714,0.608
31.714,0.181
31.735,0.569
31.735,0.699
31.753,0.556
31.772,0.699
31.772,0.466
31.790,0.673
31.790,0.751
31.809,0.647
31.827,0.725
31.827,0.789
31.845,0.738
31.863,0.776
31.863,0.789
31.881,0.776
31.901,0.789
31.901,0.776
31.918,0.789
31.936,0.776
31.936,0.738
31.954,0.789
31.972,0.751
31.972,0.660
31.990,0.764
32.009,0.686
32.009,0.479
32.027,0.712
32.045,0.544
32.045,0.375
32.064,0.595
32.082,0.233
32.082,0.621
32.100,0.259
32.100,0.595
32.119,0.725
32.136,0.544
32.136,0.712
32.155,0.492
32.174,0.686
32.174,0.764
32.192,0.673
32.209,0.751
32.209,0.802
32.228,0.738
32.246,0.789
32.246,0.789
32.264,0.776
32.281,0.802
32.281,0.776
32.299,0.789
32.317,0.789
32.317,0.738
32.335,0.789
32.355,0.751
32.355,0.673
32.372,0.764
32.390,0.686
32.390,0.518
32.407,0.699
32.426,0.556
32.426,0.246
32.444,0.582
32.462,0.233
32.462,0.582
32.480,0.298
32.499,0.518
32.499,0.686
32.516,0.453
32.534,0.647
32.534,0.375
32.552,0.621
32.570,0.712
32.570,0.595
32.589,0.699
32.589,0.738
32.607,0.673
32.624,0.725
32.625,0.738
32.643,0.725
32.660,0.738
32.660,0.725
32.678,0.738
32.696,0.738
32.696,0.686
32.714,0.712
32.732,0.686
32.732,0.608
32.750,0.699
32.768,0.621
32.768,0.453
32.787,0.647
32.805,0.505
32.805,0.181
32.824,0.531
32.845,0.207
32.845,0.479
32.866,0.285
32.866,0.440
32.886,0.595
32.886,0.362
32.906,0.582
32.927,0.285
32.927,0.556
32.947,0.634
32.947,0.518
32.968,0.634
32.986,0.673
32.986,0.608
33.005,0.673
33.005,0.686
33.023,0.660
33.042,0.686
33.042,0.673
33.060,0.673
33.080,0.673
33.080,0.634
33.098,0.660
33.116,0.647
33.116,0.556
33.136,0.647
33.154,0.582
33.155,0.440
33.175,0.595
33.175,0.466
33.195,0.181
33.213,0.505
33.213,0.246
33.230,0.414
33.250,0.298
33.250,0.349
33.267,0.531
33.267,0.272
33.286,0.505
33.303,0.194
33.304,0.466
33.323,0.569
33.341,0.440
33.341,0.556
33.359,0.608
33.377,0.544
33.377,0.595
33.395,0.621
33.412,0.595
33.412,0.608
33.430,0.608
33.449,0.608
33.449,0.608
33.466,0.569
33.484,0.621
33.484,0.582
33.502,0.505
33.521,0.595
33.521,0.531
33.540,0.466
33.558,0.544
33.558,0.427
33.577,0.168
33.594,0.453
33.594,0.336
33.612,0.311
33.613,0.259
33.631,0.259
33.650,0.440
33.650,0.207
33.668,0.401
33.685,0.168
33.686,0.349
33.704,0.453
33.721,0.336
33.721,0.427
33.740,0.505
33.758,0.414
33.758,0.479
33.779,0.505
33.779,0.479
33.797,0.518
33.814,0.505
33.833,0.518
33.833,0.518
33.851,0.492
33.851,0.518
33.869,0.492
33.888,0.453
33.888,0.518
33.905,0.453
33.923,0.349
33.924,0.466
33.942,0.375
33.960,0.207
33.960,0.388
33.979,0.220
33.996,0.518
33.996,0.259
34.014,0.207
34.033,0.362
34.033,0.181
34.052,0.324
34.069,0.440
34.070,0.285
34.088,0.427
34.106,0.285
34.106,0.401
34.124,0.479
34.141,0.388
34.141,0.466
34.160,0.492
34.178,0.466
34.178,0.518
34.198,0.505
34.198,0.518
34.217,0.518
34.235,0.505
34.236,0.531
34.253,0.505
34.271,0.466
34.271,0.505
34.290,0.466
34.307,0.349
34.307,0.531
34.325,0.388
34.343,0.220
34.343,0.401
34.362,0.246
34.379,0.220
34.379,0.285
34.397,0.207
34.416,0.518
34.416,0.168
34.434,0.349
34.451,0.466
34.452,0.311
34.469,0.453
34.487,0.285
34.487,0.440
34.504,0.505
34.523,0.414
34.523,0.492
34.541,0.531
34.541,0.492
34.561,0.531
34.579,0.544
34.579,0.531
34.598,0.544
34.617,0.531
34.617,0.544
34.635,0.518
34.655,0.479
34.655,0.544
34.673,0.518
34.673,0.414
34.692,0.518
34.711,0.440
34.711,0.246
34.730,0.466
34.749,0.298
34.749,0.233
34.768,0.349
34.787,0.181
34.787,0.427
34.805,0.194
34.805,0.401
34.824,0.505
34.842,0.349
34.842,0.492
34.861,0.298
34.879,0.479
34.879,0.544
34.898,0.466
34.916,0.531
34.916,0.569
34.933,0.518
34.951,0.556
34.951,0.569
34.970,0.556
34.987,0.569
34.987,0.544
35.005,0.556
35.024,0.544
35.024,0.518
35.041,0.569
35.059,0.531
35.059,0.453
35.077,0.531
35.077,0.466
35.096,0.285
35.113,0.479
35.113,0.336
35.131,0.194
35.149,0.362
35.149,0.168
35.167,0.388
35.186,0.181
35.186,0.349
35.205,0.505
35.223,0.311
35.224,0.479
35.242,0.259
35.259,0.479
35.259,0.556
35.279,0.453
35.297,0.556
35.297,0.608
35.314,0.544
35.332,0.608
35.332,0.634
35.350,0.608
35.368,0.647
35.368,0.634
35.386,0.647
35.405,0.647
35.405,0.608
35.422,0.673
35.439,0.634
35.439,0.569
35.457,0.660
35.475,0.595
35.475,0.427
35.493,0.634
35.511,0.492
35.511,0.233
35.528,0.556
35.545,0.181
35.545,0.544
35.563,0.298
35.581,0.505
35.581,0.673
35.600,0.466
35.618,0.660
35.618,0.388
35.636,0.647
35.654,0.738
35.654,0.621
35.672,0.725
35.690,0.776
35.690,0.725
35.709,0.776
35.726,0.789
35.727,0.764
35.745,0.776
35.745,0.776
35.762,0.789
35.781,0.776
35.781,0.738
35.798,0.776
35.816,0.764
35.816,0.673
35.833,0.751
35.851,0.699
35.869,0.531
35.869,0.712
35.888,0.582
35.888,0.194
35.905,0.608
35.922,0.246
35.940,0.556
35.940,0.401
35.957,0.505
35.976,0.686
35.976,0.427
35.994,0.660
36.012,0.298
36.012,0.621
36.030,0.725
36.047,0.582
36.048,0.712
36.066,0.751
36.084,0.686
36.084,0.738
36.102,0.751
36.102,0.725
36.120,0.751
36.137,0.738
36.156,0.738
36.156,0.725
36.174,0.686
36.174,0.725
36.191,0.699
36.209,0.621
36.210,0.699
36.227,0.634
36.245,0.492
36.245,0.647
36.263,0.518
36.280,0.220
36.298,0.544
36.298,0.259
36.316,0.414
36.316,0.336
36.335,0.349
36.352,0.556
36.353,0.272
36.369,0.531
36.387,0.220
36.388,0.492
36.405,0.582
36.423,0.453
36.423,0.569
36.441,0.621
36.459,0.544
36.476,0.608
36.476,0.621
36.494,0.582
36.512,0.608
36.512,0.595
36.529,0.595
36.546,0.582
36.546,0.556
36.564,0.569
36.582,0.544
36.582,0.466
36.600,0.518
36.618,0.466
36.618,0.336
36.636,0.466
36.654,0.362
36.654,0.181
36.673,0.388
36.673,0.207
36.692,0.246
36.710,0.246
36.710,0.220
36.728,0.388
36.746,0.194
36.746,0.427
36.764,0.181
36.781,0.336
36.782,0.453
36.800,0.311
36.818,0.440
36.818,0.505
36.836,0.427
36.854,0.505
36.854,0.531
36.872,0.492
36.891,0.544
36.891,0.544
36.908,0.544
36.926,0.544
36.926,0.531
36.945,0.569
36.963,0.556
36.963,0.492
36.981,0.556
36.998,0.505
36.998,0.414
37.017,0.531
37.034,0.440
37.034,0.233
37.052,0.453
37.070,0.388
37.070,0.259
37.089,0.298
37.107,0.220
37.107,0.440
37.125,0.181
37.143,0.401
37.143,0.505
37.160,0.362
37.178,0.492
37.178,0.311
37.197,0.466
37.214,0.544
37.214,0.453
37.234,0.531
37.234,0.556
37.252,0.518
37.269,0.569
37.269,0.582
37.287,0.582
37.304,0.582
37.322,0.582
37.322,0.608
37.341,0.595
37.341,0.556
37.359,0.621
37.376,0.595
37.376,0.492
37.394,0.621
37.413,0.544
37.413,0.298
37.430,0.582
37.448,0.401
37.448,0.349
37.466,0.479
37.484,0.259
37.484,0.569
37.502,0.207
37.520,0.556
37.520,0.686
37.538,0.531
37.556,0.686
37.556,0.492
37.573,0.686
37.591,0.751
37.591,0.660
37.609,0.751
37.628,0.789
37.628,0.738
37.646,0.789
37.664,0.815
37.664,0.789
37.682,0.802
37.699,0.776
37.699,0.802
37.717,0.776
37.735,0.725
37.735,0.764
37.754,0.725
37.772,0.621
37.772,0.712
37.789,0.621
37.808,0.414
37.808,0.595
37.826,0.414
37.844,0.233
37.845,0.375
37.862,0.220
37.881,0.336
37.881,0.582
37.901,0.259
37.901,0.414
37.919,0.285
37.937,0.492
37.937,0.324
37.956,0.556
37.973,0.660
37.973,0.582
37.992,0.699
38.010,0.738
38.010,0.712
38.028,0.776
38.045,0.802
38.046,0.789
38.064,0.815
38.082,0.802
38.082,0.828
38.101,0.815
38.119,0.751
38.119,0.815
38.137,0.776
38.156,0.686
38.156,0.776
38.173,0.712
38.191,0.518
38.192,0.712
38.211,0.556
38.211,0.298
38.231,0.608
38.249,0.168
38.249,0.595
38.267,0.246
38.287,0.556
38.287,0.699
38.306,0.505
38.306,0.673
38.325,0.440
38.346,0.647
38.346,0.738
38.366,0.621
38.366,0.725
38.386,0.764
38.406,0.699
38.406,0.751
38.425,0.764
38.425,0.751
38.444,0.764
38.462,0.751
38.462,0.751
38.481,0.751
38.498,0.699
38.498,0.738
38.517,0.712
38.534,0.634
38.534,0.725
38.553,0.660
38.573,0.492
38.573,0.660
38.592,0.531
38.592,0.492
38.610,0.569
38.629,0.220
38.629,0.531
38.649,0.336
38.667,0.479
38.667,0.647
38.686,0.414
38.686,0.621
38.705,0.298
38.723,0.595
38.723,0.699
38.741,0.556
38.759,0.673
38.759,0.725
38.778,0.673
38.795,0.725
38.795,0.725
38.813,0.712
38.831,0.725
38.831,0.725
38.849,0.738
38.866,0.725
38.866,0.699
38.884,0.738
38.903,0.712
38.903,0.634
38.921,0.712
38.938,0.647
38.938,0.492
38.956,0.673
38.975,0.544
38.975,0.181
38.993,0.582
39.011,0.259
39.011,0.505
39.028,0.375
39.047,0.466
39.047,0.647
39.065,0.388
39.084,0.621
39.084,0.272
39.104,0.595
39.104,0.712
39.122,0.569
39.141,0.699
39.141,0.751
39.158,0.686
39.176,0.751
39.176,0.776
39.194,0.738
39.213,0.776
39.213,0.764
39.231,0.776
39.249,0.776
39.249,0.751
39.267,0.789
39.285,0.764
39.285,0.699
39.303,0.764
39.321,0.712
39.321,0.569
39.339,0.725
39.356,0.608
39.356,0.194
39.375,0.647
39.392,0.362
39.392,0.544
39.411,0.466
39.428,0.479
39.428,0.673
39.447,0.388
39.465,0.660
39.465,0.233
39.484,0.634
39.502,0.738
39.502,0.595
39.520,0.725
39.521,0.789
39.538,0.712
39.556,0.789
39.556,0.802
39.574,0.776
39.592,0.802
39.592,0.802
39.610,0.789
39.628,0.815
39.628,0.776
39.646,0.802
39.664,0.789
39.664,0.738
39.682,0.789
39.701,0.751
39.701,0.634
39.719,0.764
39.736,0.660
39.736,0.349
39.755,0.686
39.772,0.466
39.772,0.505
39.791,0.544
39.811,0.414
39.811,0.686
39.828,0.505
39.846,0.660
39.846,0.233
39.864,0.621
39.881,0.751
39.881,0.582
39.901,0.738
39.901,0.789
39.920,0.712
39.937,0.789
39.937,0.815
39.955,0.776
39.973,0.815
39.973,0.815
39.992,0.815
40.010,0.841
40.010,0.789
40.028,0.828
40.046,0.802
40.046,0.751
40.065,0.802
40.082,0.764
40.082,0.647
40.100,0.776
40.118,0.686
40.118,0.375
40.136,0.712
40.154,0.492
40.154,0.479
40.173,0.556
40.190,0.375
40.190,0.673
40.209,0.220
40.226,0.634
40.227,0.751
40.245,0.608
40.264,0.738
40.264,0.556
40.283,0.712
40.283,0.776
40.301,0.699
40.320,0.764
40.320,0.802
40.337,0.764
40.354,0.789
40.354,0.802
40.372,0.789
40.390,0.802
40.390,0.776
40.409,0.789
40.427,0.789
40.427,0.738
40.445,0.789
40.463,0.738
40.463,0.647
40.480,0.751
40.498,0.647
40.499,0.427
40.516,0.686
40.534,0.505
40.534,0.401
40.552,0.556
40.570,0.259
40.570,0.621
40.588,0.181
40.606,0.569
40.606,0.699
40.625,0.531
40.643,0.686
40.643,0.466
40.660,0.660
40.677,0.738
40.678,0.621
40.696,0.712
40.714,0.751
40.714,0.699
40.733,0.738
40.751,0.738
40.751,0.725
40.768,0.738
40.785,0.725
40.786,0.738
40.803,0.725
40.822,0.673
40.822,0.725
40.840,0.686
40.858,0.595
40.858,0.686
40.875,0.595
40.892,0.401
40.893,0.621
40.912,0.453
40.930,0.285
40.930,0.505
40.949,0.181
40.949,0.531
40.967,0.194
40.985,0.479
40.985,0.608
41.003,0.414
41.021,0.582
41.021,0.336
41.039,0.544
41.058,0.621
41.058,0.518
41.076,0.608
41.093,0.647
41.093,0.582
41.111,0.634
41.129,0.634
41.130,0.608
41.148,0.621
41.166,0.608
41.166,0.621
41.183,0.608
41.201,0.556
41.201,0.595
41.219,0.556
41.238,0.453
41.238,0.556
41.255,0.466
41.276,0.298
41.276,0.479
41.294,0.324
41.311,0.168
41.311,0.349
41.329,0.168
41.347,0.324
41.347,0.207
41.365,0.505
41.382,0.414
41.382,0.233
41.400,0.375
41.418,0.181
41.418,0.336
41.436,0.427
41.454,0.324
41.454,0.401
41.472,0.466
41.489,0.440
41.489,0.440
41.507,0.453
41.526,0.427
41.527,0.453
41.543,0.427
41.562,0.453
41.562,0.427
41.578,0.401
41.597,0.427
41.597,0.401
41.614,0.336
41.632,0.414
41.632,0.362
41.650,0.220
41.669,0.388
41.669,0.272
41.687,0.181
41.705,0.311
41.705,0.168
41.723,0.259
41.740,0.181
41.740,0.246
41.760,0.401
41.760,0.207
41.777,0.388
41.795,0.194
41.795,0.349
41.812,0.466
41.830,0.349
41.830,0.466
41.848,0.518
41.866,0.466
41.866,0.569
41.884,0.556
41.902,0.531
41.902,0.569
41.919,0.582
41.937,0.569
41.937,0.582
41.954,0.556
41.972,0.595
41.990,0.582
41.990,0.505
42.007,0.582
42.025,0.531
42.025,0.388
42.043,0.556
42.061,0.427
42.061,0.181
42.078,0.492
42.096,0.272
42.096,0.453
42.114,0.324
42.133,0.349
42.133,0.531
42.151,0.285
42.168,0.531
42.168,0.194
42.186,0.582
42.203,0.621
42.203,0.479
42.221,0.595
42.241,0.660
42.241,0.582
42.258,0.673
42.276,0.686
42.276,0.660
42.295,0.686
42.295,0.686
42.313,0.686
42.331,0.699
42.331,0.673
42.348,0.712
42.366,0.673
42.384,0.621
42.384,0.686
42.401,0.647
42.418,0.531
42.419,0.673
42.438,0.556
42.438,0.246
42.455,0.595
42.472,0.362
42.490,0.440
42.490,0.582
42.509,0.362
42.525,0.608
42.525,0.246
42.544,0.582
42.562,0.168
42.562,0.569
42.580,0.686
42.597,0.518
42.597,0.660
42.614,0.738
42.632,0.647
42.632,0.738
42.650,0.751
42.668,0.725
42.668,0.764
42.686,0.764
42.703,0.764
42.703,0.764
42.720,0.738
42.739,0.764
42.739,0.751
42.756,0.699
42.774,0.764
42.774,0.712
42.792,0.595
42.811,0.725
42.811,0.634
42.829,0.349
42.847,0.673
42.848,0.440
42.865,0.466
42.883,0.518
42.883,0.401
42.902,0.647
42.919,0.259
42.919,0.608
42.938,0.725
42.938,0.595
42.956,0.725
42.972,0.556
42.991,0.699
42.991,0.764
43.010,0.673
43.010,0.764
43.028,0.802
43.046,0.751
43.046,0.789
43.064,0.789
43.082,0.789
43.082,0.802
43.101,0.789
43.118,0.802
43.118,0.789
43.137,0.738
43.156,0.789
43.156,0.751
43.174,0.673
43.191,0.764
43.191,0.673
43.209,0.427
43.226,0.699
43.226,0.518
43.245,0.453
43.262,0.569
43.263,0.311
43.281,0.660
43.301,0.194
43.301,0.621
43.320,0.738
43.320,0.569
43.339,0.725
43.359,0.505
43.359,0.699
43.379,0.776
43.379,0.673
43.397,0.764
43.418,0.789
43.418,0.764
43.438,0.802
43.438,0.802
43.457,0.789
43.476,0.802
43.476,0.789
43.493,0.815
43.511,0.802
43.512,0.738
43.529,0.802
43.548,0.751
43.548,0.660
43.566,0.764
43.584,0.686
43.584,0.479
43.602,0.712
43.619,0.544
43.619,0.388
43.637,0.595
43.655,0.233
43.655,0.634
43.674,0.220
43.691,0.582
43.691,0.738
43.710,0.531
43.727,0.712
43.727,0.479
43.745,0.699
43.763,0.764
43.763,0.660
43.781,0.751
43.800,0.789
43.800,0.738
43.820,0.789
43.820,0.802
43.839,0.789
43.859,0.815
43.859,0.789
43.878,0.789
43.878,0.789
43.898,0.751
43.917,0.789
43.917,0.764
43.936,0.673
43.955,0.776
43.955,0.699
43.973,0.518
43.992,0.712
43.992,0.569
44.011,0.298
44.011,0.608
44.030,0.194
44.050,0.608
44.050,0.311
44.070,0.569
44.070,0.712
44.090,0.518
44.108,0.686
44.108,0.427
44.128,0.673
44.148,0.751
44.148,0.647
44.168,0.738
44.168,0.789
44.186,0.725
44.205,0.776
44.205,0.789
44.224,0.764
44.224,0.789
44.244,0.764
44.265,0.789
44.265,0.776
44.282,0.738
44.301,0.789
44.301,0.738
44.320,0.673
44.320,0.764
44.339,0.699
44.357,0.531
44.357,0.712
44.375,0.582
44.393,0.207
44.393,0.621
44.411,0.246
44.430,0.556
44.430,0.453
44.447,0.518
44.464,0.686
44.464,0.453
44.482,0.673
44.500,0.362
44.500,0.634
44.519,0.738
44.538,0.621
44.538,0.725
44.556,0.776
44.574,0.699
44.574,0.751
44.591,0.776
44.610,0.751
44.610,0.776
44.627,0.764
44.645,0.776
44.645,0.764
44.664,0.738
44.682,0.776
44.682,0.738
44.701,0.673
44.701,0.751
44.719,0.699
44.740,0.544
44.740,0.712
44.759,0.595
44.779,0.194
44.779,0.621
44.797,0.285
44.797,0.531
44.815,0.414
44.832,0.479
44.832,0.660
44.851,0.440
44.869,0.634
44.869,0.285
44.887,0.608
44.904,0.712
44.904,0.569
44.923,0.699
44.940,0.751
44.941,0.673
44.960,0.738
44.979,0.764
44.979,0.738
44.997,0.764
45.015,0.751
45.015,0.764
45.032,0.751
45.051,0.725
45.052,0.764
45.071,0.725
45.071,0.673
45.088,0.738
45.106,0.699
45.106,0.556
45.123,0.699
45.141,0.595
45.141,0.233
45.160,0.634
45.178,0.362
45.178,0.492
45.197,0.453
45.215,0.414
45.215,0.647
45.233,0.311
45.251,0.608
45.251,0.207
45.269,0.582
45.287,0.699
45.287,0.544
45.306,0.686
45.324,0.751
45.324,0.660
45.344,0.738
45.344,0.751
45.364,0.725
45.381,0.764
45.381,0.751
45.400,0.751
45.418,0.764
45.418,0.738
45.436,0.764
45.453,0.738
45.453,0.673
45.472,0.738
45.489,0.699
45.489,0.569
45.508,0.712
45.526,0.608
45.526,0.298
45.543,0.621
45.562,0.401
45.562,0.453
45.580,0.479
45.598,0.362
45.598,0.608
45.617,0.259
45.635,0.582
45.635,0.699
45.653,0.556
45.653,0.686
45.672,0.518
45.690,0.660
45.690,0.725
45.708,0.647
45.726,0.725
45.726,0.751
45.745,0.712
45.764,0.751
45.764,0.751
45.783,0.751
45.801,0.751
45.801,0.738
45.819,0.751
45.838,0.725
45.838,0.686
45.856,0.751
45.856,0.699
45.874,0.595
45.892,0.725
45.892,0.621
45.909,0.375
45.928,0.660
45.928,0.453
45.946,0.414
45.964,0.518
45.964,0.285
45.982,0.608
46.001,0.220
46.001,0.569
46.018,0.686
46.036,0.544
46.036,0.673
46.055,0.466
46.074,0.647
46.074,0.725
46.091,0.634
46.111,0.712
46.111,0.751
46.128,0.712
46.146,0.738
46.146,0.764
46.164,0.725
46.181,0.751
46.181,0.738
46.200,0.751
46.217,0.738
46.217,0.686
46.237,0.751
46.237,0.699
46.254,0.608
46.275,0.712
46.275,0.634
46.293,0.414
46.311,0.647
46.311,0.479
46.329,0.336
46.349,0.531
46.349,0.220
46.369,0.582
46.369,0.207
46.387,0.531
46.404,0.673
46.404,0.492
46.423,0.647
46.441,0.427
46.441,0.634
46.459,0.712
46.477,0.608
46.477,0.712
46.496,0.751
46.513,0.686
46.513,0.738
46.531,0.751
46.551,0.725
46.551,0.751
46.569,0.725
46.588,0.738
46.588,0.725
46.607,0.686
46.607,0.738
46.624,0.699
46.643,0.608
46.643,0.712
46.660,0.634
46.678,0.453
46.678,0.647
46.697,0.505
46.714,0.285
46.715,0.544
46.733,0.194
46.750,0.544
46.750,0.233
46.768,0.505
46.786,0.647
46.786,0.453
46.804,0.621
46.824,0.375
46.824,0.621
46.841,0.699
46.861,0.582
46.861,0.673
46.880,0.725
46.880,0.660
46.900,0.712
46.920,0.725
46.920,0.712
46.940,0.725
46.940,0.712
46.960,0.725
46.983,0.712
46.983,0.686
47.004,0.725
47.004,0.686
47.024,0.608
47.024,0.699
47.052,0.647
47.052,0.453
47.074,0.647
47.074,0.505
47.094,0.194
47.112,0.544
47.112,0.207
47.133,0.505
47.133,0.311
47.153,0.440
47.173,0.608
47.173,0.401
47.193,0.582
47.193,0.311
47.211,0.569
47.230,0.660
47.230,0.544
47.250,0.647
47.250,0.699
47.268,0.634
47.289,0.699
47.289,0.712
47.309,0.686
47.309,0.712
47.328,0.712
47.348,0.725
47.348,0.712
47.371,0.686
47.371,0.725
47.392,0.686
47.392,0.621
47.415,0.699
47.438,0.647
47.438,0.492
47.463,0.660
47.464,0.531
47.464,0.518
47.486,0.556
47.507,0.246
47.507,0.492
47.528,0.375
47.528,0.453
47.547,0.634
47.547,0.375
47.568,0.595
47.590,0.259
47.590,0.569
47.609,0.673
47.609,0.544
47.628,0.660
47.646,0.712
47.646,0.634
47.665,0.686
47.683,0.725
47.683,0.686
47.702,0.712
47.702,0.699
47.721,0.699
47.740,0.699
47.740,0.673
47.758,0.699
47.777,0.673
47.778,0.595
47.795,0.673
47.814,0.608
47.814,0.466
47.833,0.608
47.833,0.492
47.852,0.207
47.873,0.505
47.873,0.259
47.891,0.362
47.910,0.324
47.910,0.311
47.929,0.531
47.929,0.233
47.947,0.518
47.966,0.181
47.966,0.505
47.984,0.621
48.004,0.479
48.004,0.621
48.021,0.686
48.040,0.621
48.040,0.699
48.059,0.725
48.059,0.686
48.077,0.725
48.096,0.712
48.096,0.712
48.114,0.725
48.132,0.673
48.133,0.699
48.151,0.673
48.169,0.608
48.169,0.686
48.188,0.621
48.207,0.505
48.207,0.660
48.227,0.544
48.227,0.259
48.244,0.595
48.263,0.362
48.263,0.427
48.280,0.414
48.298,0.349
48.298,0.569
48.316,0.246
48.335,0.544
48.335,0.647
48.354,0.505
48.373,0.621
48.373,0.466
48.393,0.608
48.393,0.673
48.412,0.595
48.430,0.673
48.430,0.699
48.448,0.673
48.466,0.699
48.466,0.712
48.485,0.712
48.504,0.712
48.504,0.686
48.522,0.712
48.539,0.699
48.540,0.621
48.557,0.699
48.575,0.647
48.576,0.544
48.595,0.660
48.595,0.569
48.613,0.298
48.630,0.582
48.630,0.388
48.649,0.375
48.666,0.453
48.666,0.272
48.685,0.544
48.702,0.155
48.702,0.531
48.721,0.634
48.738,0.492
48.738,0.621
48.757,0.440
48.776,0.608
48.776,0.673
48.794,0.582
48.812,0.673
48.812,0.699
48.829,0.647
48.848,0.686
48.848,0.699
48.866,0.699
48.884,0.712
48.884,0.686
48.902,0.699
48.921,0.686
48.921,0.634
48.938,0.699
48.956,0.660
48.956,0.544
48.975,0.660
48.992,0.582
48.992,0.427
49.011,0.608
49.011,0.414
49.031,0.324
49.048,0.505
49.048,0.246
49.067,0.544
49.084,0.194
49.084,0.505
49.102,0.647
49.121,0.466
49.121,0.621
49.139,0.427
49.156,0.608
49.157,0.673
49.175,0.582
49.192,0.660
49.192,0.699
49.210,0.647
49.229,0.699
49.229,0.699
49.248,0.686
49.266,0.712
49.266,0.686
49.286,0.686
49.286,0.699
49.305,0.647
49.326,0.699
49.326,0.660
49.345,0.569
49.345,0.673
49.365,0.595
49.384,0.388
49.384,0.621
49.404,0.453
49.422,0.298
49.422,0.492
49.441,0.207
49.441,0.531
49.460,0.531
49.477,0.492
49.477,0.634
49.497,0.453
49.516,0.608
49.516,0.375
49.535,0.595
49.554,0.673
49.554,0.556
49.573,0.660
49.574,0.699
49.593,0.647
49.612,0.699
49.612,0.712
49.630,0.686
49.649,0.699
49.649,0.673
49.667,0.699
49.667,0.686
49.685,0.647
49.703,0.699
49.703,0.673
49.722,0.582
49.738,0.673
49.738,0.595
49.756,0.427
49.775,0.621
49.775,0.466
49.792,0.220
49.811,0.518
49.811,0.155
49.828,0.505
49.846,0.259
49.846,0.466
49.865,0.621
49.883,0.414
49.883,0.595
49.901,0.336
49.920,0.582
49.920,0.660
49.937,0.544
49.955,0.647
49.955,0.699
49.973,0.634
49.992,0.686
49.992,0.699
50.011,0.686
50.030,0.699
50.030,0.699
50.048,0.699
50.048,0.712
50.067,0.660
50.087,0.699
50.087,0.673
50.104,0.582
50.123,0.673
50.123,0.608
50.141,0.440
50.159,0.634
50.159,0.479
50.176,0.194
50.195,0.531
50.195,0.194
50.213,0.492
50.231,0.285
50.231,0.440
50.249,0.595
50.266,0.375
50.266,0.582
50.283,0.298
50.302,0.569
50.302,0.660
50.320,0.531
50.337,0.634
50.337,0.686
50.355,0.621
50.374,0.686
50.374,0.712
50.391,0.673
50.413,0.699
50.413,0.699
50.431,0.699
50.431,0.699
50.448,0.660
50.465,0.699
50.465,0.673
50.482,0.595
50.500,0.686
50.518,0.621
50.518,0.479
50.536,0.634
50.536,0.518
50.555,0.168
50.572,0.544
50.572,0.388
50.589,0.466
50.608,0.336
50.608,0.401
50.626,0.595
50.644,0.324
50.644,0.569
50.662,0.246
50.680,0.544
50.680,0.647
50.697,0.505
50.716,0.634
50.716,0.686
50.734,0.621
50.751,0.686
50.751,0.699
50.769,0.673
50.788,0.699
50.788,0.699
50.806,0.699
50.823,0.699
50.823,0.673
50.841,0.712
50.858,0.686
50.858,0.608
50.875,0.686
50.893,0.621
50.910,0.492
50.910,0.647
50.928,0.531
50.946,0.168
50.947,0.556
50.965,0.298
50.965,0.440
50.983,0.388
51.000,0.388
51.001,0.595
51.017,0.298
51.036,0.556
51.053,0.194
51.053,0.531
51.071,0.634
51.089,0.492
51.089,0.634
51.106,0.686
51.123,0.608
51.123,0.673
51.141,0.699
51.159,0.660
51.159,0.699
51.176,0.712
51.194,0.699
51.194,0.699
51.211,0.660
51.230,0.699
51.230,0.686
51.247,0.608
51.264,0.699
51.264,0.634
51.282,0.518
51.300,0.647
51.300,0.544
51.318,0.233
51.336,0.569
51.336,0.349
51.354,0.414
51.372,0.427
51.372,0.324
51.391,0.569
51.409,0.220
51.409,0.544
51.428,0.647
51.446,0.505
51.446,0.634
51.466,0.466
51.466,0.608
51.485,0.686
51.505,0.595
51.505,0.673
51.524,0.712
51.524,0.673
51.544,0.699
51.563,0.699
51.563,0.699
51.583,0.686
51.605,0.686
51.605,0.699
51.627,0.686
51.627,0.621
51.647,0.699
51.647,0.634
51.668,0.531
51.668,0.660
51.687,0.556
51.706,0.311
51.706,0.595
51.730,0.388
51.730,0.375
51.751,0.440
51.751,0.285
51.771,0.556
51.793,0.194
51.793,0.518
51.812,0.634
51.812,0.492
51.833,0.608
51.853,0.440
51.854,0.595
51.874,0.673
51.874,0.582
51.894,0.660
51.894,0.712
51.914,0.660
51.934,0.699
51.934,0.699
51.952,0.686
51.970,0.699
51.970,0.673
51.987,0.712
52.005,0.686
52.005,0.634
52.022,0.699
52.042,0.647
52.042,0.556
52.060,0.660
52.060,0.582
52.078,0.336
52.095,0.608
52.112,0.427
52.112,0.336
52.130,0.479
52.148,0.207
52.148,0.531
52.166,0.168
52.183,0.505
52.183,0.634
52.202,0.466
52.219,0.608
52.219,0.401
52.237,0.595
52.255,0.673
52.255,0.569
52.273,0.660
52.290,0.699
52.291,0.647
52.308,0.686
52.325,0.712
52.326,0.699
52.343,0.699
52.361,0.673
52.361,0.699
52.378,0.686
52.395,0.647
52.395,0.699
52.414,0.647
52.434,0.582
52.434,0.660
52.451,0.582
52.468,0.401
52.468,0.608
52.487,0.453
52.505,0.414
52.505,0.505
52.523,0.168
52.541,0.518
52.541,0.194
52.558,0.479
52.576,0.621
52.576,0.440
52.595,0.608
52.613,0.479
52.613,0.582
52.632,0.660
52.632,0.569
52.651,0.660
52.669,0.699
52.669,0.634
52.687,0.686
52.705,0.699
52.705,0.686
52.725,0.699
52.744,0.686
52.744,0.699
52.761,0.699
52.779,0.647
52.779,0.699
52.798,0.673
52.814,0.569
52.814,0.673
52.834,0.608
52.852,0.414
52.852,0.621
52.870,0.466
52.887,0.233
52.887,0.518
52.905,0.272
52.924,0.505
52.924,0.233
52.942,0.453
52.942,0.608
52.960,0.414
52.978,0.595
52.978,0.349
52.999,0.569
53.018,0.660
53.018,0.544
53.036,0.647
53.054,0.699
53.054,0.634
53.073,0.686
53.073,0.699
53.091,0.686
53.110,0.699
53.110,0.699
53.128,0.699
53.146,0.699
53.146,0.660
53.164,0.699
53.181,0.660
53.181,0.582
53.198,0.686
53.218,0.595
53.218,0.466
53.235,0.621
53.255,0.505
53.255,0.155
53.272,0.569
53.290,0.207
53.290,0.492
53.307,0.298
53.325,0.440
53.325,0.608
53.344,0.492
53.362,0.582
53.362,0.285
53.379,0.556
53.398,0.660
53.398,0.518
53.417,0.647
53.435,0.686
53.435,0.621
53.454,0.686
53.454,0.712
53.472,0.673
53.491,0.699
53.491,0.699
53.508,0.699
53.527,0.699
53.527,0.660
53.546,0.712
53.564,0.673
53.564,0.595
53.584,0.686
53.602,0.608
53.602,0.466
53.620,0.634
53.637,0.505
53.638,0.155
53.655,0.569
53.674,0.246
53.674,0.453
53.692,0.349
53.710,0.401
53.710,0.582
53.727,0.336
53.745,0.569
53.745,0.324
53.763,0.544
53.780,0.647
53.780,0.505
53.798,0.634
53.816,0.686
53.816,0.621
53.833,0.673
53.852,0.699
53.852,0.673
53.868,0.686
53.886,0.699
53.886,0.699
53.904,0.699
53.922,0.686
53.922,0.699
53.940,0.686
53.957,0.621
53.957,0.686
53.975,0.634
53.993,0.492
53.993,0.647
54.011,0.531
54.029,0.181
54.029,0.569
54.049,0.311
54.067,0.440
54.067,0.388
54.085,0.362
54.085,0.582
54.104,0.259
54.121,0.544
54.122,0.155
54.140,0.531
54.158,0.634
54.159,0.479
54.177,0.621
54.194,0.673
54.194,0.608
54.211,0.673
54.230,0.712
54.230,0.673
54.248,0.699
54.266,0.699
54.266,0.686
54.284,0.699
54.301,0.673
54.301,0.699
54.319,0.673
54.336,0.621
54.336,0.699
54.354,0.634
54.371,0.582
54.371,0.647
54.389,0.531
54.408,0.272
54.408,0.569
54.426,0.336
54.443,0.401
54.443,0.414
54.462,0.311
54.479,0.582
54.479,0.207
54.497,0.531
54.515,0.647
54.515,0.505
54.532,0.634
54.549,0.453
54.550,0.621
54.567,0.673
54.585,0.595
54.602,0.673
54.602,0.699
54.620,0.660
54.638,0.699
54.639,0.699
54.657,0.699
54.657,0.699
54.675,0.686
54.695,0.699
54.695,0.673
54.715,0.634
54.735,0.699
54.735,0.660
54.756,0.531
54.756,0.660
54.778,0.569
54.778,0.298
54.799,0.595
54.817,0.401
54.817,0.362
54.835,0.466
54.853,0.272
54.853,0.556
54.871,0.155
54.871,0.544
54.889,0.634
54.907,0.492
54.907,0.634
54.926,0.440
54.947,0.608
54.947,0.673
54.967,0.582
54.967,0.673
54.988,0.699
55.007,0.647
55.007,0.699
55.026,0.699
55.026,0.686
55.046,0.699
55.065,0.673
55.065,0.699
55.085,0.686
55.104,0.647
55.104,0.699
55.122,0.647
55.122,0.544
55.140,0.660
55.158,0.569
55.158,0.349
55.175,0.595
55.193,0.505
55.193,0.311
55.212,0.466
55.229,0.194
55.229,0.531
55.246,0.168
55.265,0.492
55.265,0.634
55.283,0.440
55.300,0.608
55.300,0.388
55.319,0.595
55.338,0.673
55.338,0.556
55.356,0.660
55.376,0.699
55.376,0.647
55.396,0.699
55.396,0.699
55.414,0.686
55.433,0.712
55.433,0.686
55.451,0.699
55.473,0.699
55.473,0.634
55.493,0.699
55.493,0.660
55.510,0.569
55.528,0.673
55.528,0.595
55.546,0.414
55.564,0.608
55.564,0.453
55.581,0.259
55.599,0.505
55.600,0.285
55.617,0.518
55.635,0.194
55.635,0.492
55.653,0.621
55.671,0.453
55.672,0.595
55.689,0.362
55.707,0.582
55.707,0.673
55.726,0.544
55.743,0.660
55.743,0.686
55.762,0.634
55.781,0.686
55.781,0.712
55.799,0.673
55.818,0.699
55.818,0.699
55.835,0.686
55.854,0.699
55.854,0.660
55.873,0.699
55.873,0.660
55.890,0.582
55.907,0.673
55.907,0.608
55.926,0.440
55.944,0.621
55.944,0.479
55.962,0.207
55.981,0.518
55.981,0.194
55.999,0.492
56.017,0.479
56.017,0.453
56.035,0.621
56.054,0.388
56.054,0.595
56.073,0.298
56.091,0.569
56.092,0.660
56.110,0.544
56.127,0.647
56.127,0.699
56.145,0.634
56.163,0.686
56.163,0.699
56.182,0.686
56.182,0.699
56.200,0.699
56.217,0.712
56.217,0.712
56.235,0.660
56.253,0.699
56.253,0.673
56.271,0.582
56.290,0.673
56.290,0.621
56.307,0.453
56.326,0.621
56.326,0.505
56.344,0.168
56.362,0.531
56.362,0.194
56.380,0.479
56.399,0.311
56.399,0.427
56.418,0.595
56.435,0.362
56.435,0.569
56.452,0.259
56.472,0.544
56.472,0.647
56.490,0.518
56.490,0.634
56.509,0.686
56.527,0.621
56.527,0.712
56.546,0.712
56.564,0.686
56.564,0.699
56.581,0.686
56.599,0.699
56.599,0.699
56.617,0.673
56.635,0.699
56.635,0.673
56.652,0.608
56.670,0.686
56.670,0.621
56.688,0.492
56.705,0.634
56.705,0.531
56.723,0.362
56.741,0.544
56.742,0.272
56.760,0.453
56.777,0.375
56.777,0.401
56.797,0.595
56.814,0.311
56.814,0.569
56.832,0.194
56.851,0.544
56.851,0.647
56.868,0.505
56.886,0.634
56.886,0.673
56.905,0.621
56.923,0.673
56.923,0.712
56.942,0.673
56.959,0.699
56.959,0.699
56.977,0.699
56.995,0.699
56.995,0.673
57.013,0.699
57.031,0.673
57.031,0.608
57.049,0.686
57.067,0.634
57.067,0.492
57.087,0.647
57.087,0.544
57.105,0.207
57.122,0.556
57.139,0.324
57.139,0.427
57.157,0.401
57.176,0.336
57.176,0.582
57.194,0.233
57.194,0.556
57.213,0.168
57.231,0.518
57.231,0.634
57.248,0.479
57.267,0.621
57.267,0.686
57.285,0.595
57.303,0.673
57.303,0.699
57.321,0.660
57.339,0.712
57.339,0.699
57.358,0.686
57.375,0.699
57.375,0.673
57.393,0.699
57.411,0.686
57.411,0.621
57.428,0.699
57.447,0.647
57.447,0.531
57.464,0.660
57.482,0.556
57.482,0.272
57.502,0.582
57.520,0.375
57.520,0.401
57.539,0.427
57.539,0.324
57.558,0.556
57.575,0.207
57.575,0.544
57.593,0.647
57.612,0.505
57.612,0.634
57.630,0.466
57.650,0.608
57.650,0.660
57.667,0.582
57.685,0.660
57.685,0.712
57.704,0.660
57.721,0.712
57.721,0.699
57.739,0.699
57.758,0.699
57.758,0.673
57.776,0.699
57.794,0.686
57.794,0.634
57.811,0.699
57.829,0.647
57.829,0.544
57.846,0.660
57.864,0.569
57.865,0.324
57.882,0.595
57.901,0.401
57.901,0.336
57.918,0.466
57.936,0.233
57.936,0.556
57.954,0.168
57.972,0.505
57.972,0.634
57.991,0.479
58.009,0.621
58.009,0.427
58.027,0.595
58.027,0.673
58.046,0.582
58.065,0.660
58.065,0.712
58.082,0.647
58.100,0.699
58.100,0.699
58.119,0.699
58.138,0.699
58.138,0.673
58.156,0.699
58.174,0.686
58.174,0.647
58.191,0.699
58.210,0.660
58.210,0.556
58.227,0.660
58.245,0.582
58.245,0.375
58.262,0.595
58.279,0.427
58.279,0.298
58.298,0.492
58.316,0.220
58.316,0.518
58.334,0.246
58.353,0.492
58.353,0.634
58.370,0.453
58.388,0.621
58.388,0.401
58.406,0.582
58.425,0.660
58.425,0.569
58.443,0.660
58.461,0.699
58.461,0.647
58.479,0.686
58.497,0.699
58.497,0.673
58.516,0.699
58.516,0.686
58.533,0.699
58.552,0.686
58.552,0.647
58.571,0.712
58.589,0.673
58.589,0.569
58.608,0.673
58.626,0.595
58.626,0.401
58.643,0.608
58.661,0.466
58.661,0.246
58.679,0.505
58.697,0.168
58.697,0.505
58.716,0.246
58.734,0.466
58.734,0.621
58.753,0.427
58.770,0.608
58.770,0.388
58.788,0.582
58.807,0.673
58.807,0.544
58.824,0.660
58.843,0.699
58.843,0.634
58.861,0.686
58.861,0.699
58.879,0.686
58.898,0.699
58.898,0.699
58.915,0.712
58.933,0.699
58.933,0.647
58.950,0.699
58.969,0.673
58.969,0.582
58.986,0.673
59.005,0.608
59.005,0.453
59.023,0.621
59.040,0.492
59.040,0.168
59.058,0.518
59.076,0.181
59.076,0.479
59.094,0.453
59.112,0.440
59.112,0.608
59.131,0.388
59.149,0.582
59.149,0.298
59.166,0.556
59.184,0.647
59.184,0.544
59.203,0.634
59.221,0.686
59.221,0.621
59.239,0.686
59.256,0.699
59.256,0.673
59.274,0.699
59.292,0.699
59.292,0.699
59.310,0.699
59.328,0.660
59.328,0.699
59.346,0.673
59.363,0.608
59.363,0.686
59.382,0.621
59.400,0.479
59.400,0.634
59.417,0.505
59.435,0.168
59.435,0.531
59.453,0.246
59.472,0.466
59.472,0.349
59.489,0.427
59.509,0.595
59.510,0.349
59.527,0.582
59.545,0.233
59.545,0.544
59.563,0.647
59.581,0.505
59.581,0.621
59.599,0.686
59.617,0.621
59.617,0.686
59.635,0.699
59.653,0.673
59.653,0.699
59.671,0.699
59.671,0.699
59.688,0.699
59.707,0.647
59.707,0.699
59.725,0.673
59.742,0.608
59.743,0.686
59.760,0.621
59.780,0.492
59.780,0.647
59.797,0.531
59.815,0.194
59.815,0.556
59.832,0.298
59.850,0.427
59.850,0.388
59.869,0.362
59.887,0.582
59.887,0.272
59.905,0.556
59.922,0.220
59.922,0.531
59.941,0.647
59.958,0.492
59.958,0.621
59.976,0.686
59.994,0.608
59.994,0.673
60.013,0.699
60.032,0.660
60.032,0.699
60.051,0.699
60.069,0.699
60.069,0.673
60.087,0.673
60.105,0.699
60.105,0.686
60.125,0.621
60.125,0.673
60.143,0.634
60.163,0.518
60.164,0.647
60.183,0.556
60.183,0.233
60.202,0.595
60.222,0.324
60.222,0.414
60.241,0.414
60.261,0.324
60.261,0.569
60.279,0.233
60.279,0.544
60.298,0.647
60.315,0.518
60.315,0.634
60.334,0.466
60.351,0.608
60.351,0.673
60.372,0.608
60.391,0.673
60.391,0.699
60.410,0.660
60.410,0.699
60.430,0.699
60.449,0.686
60.449,0.699
60.468,0.686
60.487,0.699
60.487,0.686
60.505,0.634
60.505,0.686
60.527,0.647
60.544,0.531
60.544,0.647
60.562,0.556
60.580,0.324
60.581,0.582
60.598,0.414
60.616,0.349
60.616,0.453
60.634,0.259
60.652,0.556
60.653,0.181
60.670,0.531
60.688,0.647
60.688,0.492
60.706,0.621
60.725,0.440
60.725,0.608
60.742,0.686
60.761,0.582
60.761,0.673
60.779,0.699
60.779,0.660
60.798,0.699
60.816,0.699
60.816,0.699
60.833,0.699
60.851,0.686
60.851,0.712
60.869,0.686
60.887,0.634
60.887,0.686
60.905,0.647
60.923,0.556
60.923,0.673
60.942,0.569
60.959,0.336
60.960,0.595
60.977,0.414
60.995,0.324
60.995,0.479
61.012,0.220
61.030,0.544
61.030,0.181
61.048,0.505
61.067,0.621
61.067,0.453
61.085,0.621
61.103,0.401
61.103,0.595
61.121,0.673
61.141,0.569
61.141,0.660
61.158,0.686
61.175,0.647
61.175,0.686
61.193,0.699
61.212,0.686
61.212,0.699
61.229,0.686
61.247,0.712
61.247,0.686
61.266,0.647
61.283,0.699
61.283,0.660
61.301,0.569
61.321,0.673
61.321,0.582
61.340,0.401
61.340,0.621
61.357,0.453
61.375,0.246
61.375,0.505
61.393,0.181
61.410,0.518
61.410,0.194
61.429,0.479
61.447,0.621
61.447,0.440
61.465,0.608
61.482,0.362
61.482,0.582
61.499,0.660
61.518,0.556
61.518,0.660
61.536,0.699
61.555,0.647
61.556,0.686
61.573,0.712
61.591,0.686
61.591,0.712
61.609,0.699
61.628,0.712
61.628,0.712
61.645,0.660
61.663,0.699
61.663,0.660
61.682,0.569
61.700,0.673
61.700,0.595
61.717,0.427
61.735,0.621
61.735,0.479
61.753,0.207
61.771,0.518
61.771,0.168
61.788,0.505
61.807,0.259
61.807,0.453
61.824,0.608
61.843,0.388
61.844,0.582
61.862,0.324
61.880,0.569
61.880,0.660
61.898,0.531
61.916,0.647
61.917,0.699
61.935,0.634
61.935,0.699
61.953,0.712
61.970,0.686
61.970,0.712
61.987,0.699
62.005,0.712
62.005,0.686
62.024,0.647
62.042,0.686
62.042,0.660
62.060,0.595
62.079,0.686
62.079,0.621
62.096,0.453
62.114,0.647
62.114,0.518
62.133,0.168
62.151,0.544
62.151,0.207
62.170,0.492
62.187,0.311
62.187,0.414
62.205,0.595
62.222,0.336
62.222,0.556
62.240,0.233
62.257,0.518
62.258,0.621
62.276,0.492
62.294,0.621
62.294,0.686
62.313,0.621
62.330,0.686
62.330,0.712
62.348,0.686
62.366,0.725
62.366,0.712
62.385,0.725
62.403,0.725
62.403,0.686
62.421,0.725
62.440,0.699
62.440,0.634
62.457,0.712
62.457,0.647
62.474,0.505
62.493,0.660
62.510,0.544
62.510,0.181
62.529,0.569
62.529,0.285
62.547,0.453
62.566,0.362
62.566,0.388
62.584,0.595
62.603,0.311
62.603,0.569
62.620,0.220
62.640,0.531
62.640,0.634
62.659,0.492
62.677,0.621
62.677,0.673
62.695,0.569
62.713,0.660
62.713,0.673
62.732,0.647
62.732,0.660
62.750,0.660
62.768,0.660
62.768,0.647
62.786,0.621
62.804,0.647
62.804,0.608
62.821,0.531
62.840,0.608
62.840,0.556
62.858,0.427
62.876,0.569
62.876,0.505
62.894,0.181
62.913,0.492
62.913,0.246
62.932,0.362
62.952,0.324
62.952,0.285
62.970,0.505
62.970,0.207
62.989,0.479
63.008,0.220
63.008,0.440
63.026,0.556
63.045,0.388
63.045,0.531
63.064,0.582
63.083,0.505
63.083,0.569
63.101,0.595
63.102,0.556
63.121,0.582
63.139,0.582
63.139,0.582
63.158,0.582
63.176,0.556
63.176,0.595
63.193,0.569
63.211,0.505
63.211,0.569
63.229,0.531
63.246,0.401
63.246,0.531
63.265,0.440
63.282,0.233
63.282,0.466
63.300,0.272
63.318,0.272
63.318,0.336
63.336,0.220
63.355,0.440
63.355,0.181
63.373,0.414
63.390,0.556
63.390,0.401
63.409,0.531
63.426,0.362
63.426,0.505
63.445,0.582
63.464,0.492
63.464,0.582
63.481,0.621
63.481,0.569
63.500,0.608
63.518,0.621
63.518,0.608
63.538,0.621
63.556,0.608
63.556,0.621
63.576,0.608
63.593,0.556
63.593,0.621
63.612,0.569
63.629,0.466
63.630,0.595
63.648,0.492
63.665,0.272
63.665,0.518
63.683,0.336
63.702,0.440
63.702,0.401
63.721,0.233
63.721,0.466
63.739,0.168
63.758,0.453
63.758,0.556
63.776,0.414
63.794,0.531
63.794,0.349
63.811,0.518
63.829,0.582
63.829,0.492
63.847,0.569
63.864,0.595
63.864,0.556
63.882,0.595
63.901,0.608
63.901,0.582
63.918,0.608
63.937,0.582
63.937,0.608
63.954,0.582
63.972,0.556
63.972,0.582
63.990,0.556
64.008,0.479
64.008,0.569
64.027,0.492
64.046,0.311
64.046,0.518
64.063,0.375
64.081,0.220
64.082,0.414
64.099,0.556
64.117,0.453
64.117,0.181
64.135,0.427
64.153,0.569
64.153,0.401
64.172,0.556
64.189,0.336
64.189,0.544
64.208,0.621
64.225,0.518
64.225,0.608
64.245,0.647
64.245,0.595
64.265,0.634
64.282,0.634
64.282,0.621
64.300,0.634
64.318,0.621
64.318,0.634
64.335,0.621
64.354,0.569
64.354,0.621
64.373,0.582
64.389,0.492
64.389,0.595
64.407,0.518
64.424,0.518
64.424,0.544
64.442,0.401
64.461,0.194
64.461,0.440
64.480,0.168
64.498,0.453
64.498,0.207
64.516,0.479
64.533,0.556
64.533,0.349
64.552,0.531
64.570,0.285
64.570,0.505
64.590,0.569
64.590,0.453
64.609,0.556
64.626,0.621
64.626,0.544
64.645,0.582
64.662,0.595
64.662,0.569
64.681,0.582
64.700,0.582
64.700,0.582
64.719,0.569
64.738,0.544
64.738,0.582
64.758,0.544
64.759,0.479
64.777,0.556
64.796,0.492
64.796,0.336
64.815,0.518
64.833,0.388
64.834,0.194
64.851,0.427
64.851,0.207
64.870,0.388
64.887,0.233
64.887,0.336
64.906,0.492
64.924,0.544
64.924,0.466
64.941,0.220
64.959,0.440
64.960,0.544
64.979,0.414
64.997,0.531
64.997,0.582
65.014,0.518
65.033,0.595
65.033,0.595
65.052,0.582
65.069,0.608
65.069,0.608
65.088,0.608
65.107,0.608
65.107,0.569
65.126,0.621
65.126,0.595
65.144,0.518
65.164,0.608
65.164,0.544
65.183,0.401
65.202,0.556
65.202,0.427
65.221,0.155
65.221,0.466
65.240,0.220
65.258,0.362
65.258,0.272
65.277,0.311
65.296,0.505
65.297,0.259
65.314,0.479
65.332,0.181
65.333,0.440
65.351,0.544
65.369,0.401
65.369,0.531
65.388,0.582
65.388,0.505
65.406,0.569
65.423,0.595
65.423,0.608
65.441,0.595
65.458,0.595
65.475,0.608
65.475,0.608
65.494,0.569
65.511,0.595
65.511,0.595
65.530,0.518
65.530,0.595
65.549,0.531
65.567,0.388
65.567,0.544
65.586,0.440
65.609,0.181
65.609,0.466
65.628,0.207
65.628,0.336
65.646,0.298
65.666,0.285
65.666,0.479
65.688,0.207
65.688,0.440
65.707,0.168
65.724,0.427
65.725,0.544
65.743,0.375
65.761,0.531
65.761,0.582
65.781,0.505
65.781,0.569
65.802,0.608
65.820,0.569
65.821,0.595
65.840,0.608
65.859,0.595
65.859,0.595
65.880,0.569
65.880,0.608
65.899,0.595
65.918,0.518
65.918,0.595
65.938,0.531
65.938,0.414
65.956,0.544
65.975,0.453
65.975,0.194
65.993,0.479
66.013,0.259
66.013,0.298
66.031,0.324
66.031,0.246
66.051,0.453
66.070,0.181
66.070,0.427
66.089,0.544
66.107,0.414
66.107,0.531
66.125,0.349
66.142,0.505
66.142,0.569
66.162,0.492
66.162,0.569
66.180,0.608
66.199,0.556
66.199,0.595
66.217,0.595
66.235,0.582
66.235,0.608
66.253,0.582
66.271,0.608
66.271,0.582
66.289,0.531
66.308,0.595
66.308,0.544
66.326,0.440
66.344,0.569
66.344,0.544
66.362,0.246
66.381,0.505
66.381,0.311
66.398,0.298
66.417,0.375
66.417,0.207
66.435,0.479
66.452,0.168
66.452,0.466
66.471,0.582
66.471,0.427
66.489,0.556
66.507,0.401
66.507,0.544
66.525,0.608
66.542,0.518
66.543,0.595
66.561,0.634
66.580,0.582
66.580,0.621
66.599,0.634
66.619,0.621
66.619,0.634
66.638,0.608
66.638,0.634
66.658,0.634
66.675,0.582
66.675,0.647
66.693,0.595
66.713,0.505
66.713,0.608
66.733,0.531
66.733,0.311
66.751,0.544
66.770,0.388
66.770,0.285
66.790,0.440
66.807,0.168
66.807,0.479
66.825,0.168
66.844,0.440
66.844,0.582
66.863,0.479
66.882,0.556
66.882,0.336
66.901,0.544
66.901,0.621
66.919,0.531
66.937,0.608
66.937,0.660
66.962,0.608
66.962,0.660
66.984,0.673
66.984,0.660
67.003,0.673
67.023,0.673
67.023,0.686
67.041,0.686
67.060,0.634
67.060,0.686
67.080,0.660
67.080,0.569
67.098,0.673
67.116,0.608
67.116,0.427
67.136,0.621
67.154,0.479
67.154,0.233
67.173,0.531
67.192,0.168
67.192,0.544
67.210,0.207
67.210,0.492
67.229,0.621
67.248,0.440
67.248,0.608
67.266,0.440
67.285,0.595
67.285,0.673
67.304,0.569
67.323,0.660
67.323,0.712
67.342,0.647
67.342,0.699
67.360,0.725
67.379,0.686
67.379,0.712
67.399,0.712
67.417,0.725
67.417,0.712
67.435,0.673
67.453,0.712
67.453,0.686
67.472,0.595
67.472,0.699
67.490,0.621
67.509,0.466
67.509,0.634
67.527,0.505
67.547,0.181
67.547,0.556
67.565,0.168
67.584,0.518
67.584,0.298
67.603,0.479
67.603,0.634
67.622,0.414
67.639,0.621
67.640,0.324
67.658,0.608
67.676,0.699
67.676,0.621
67.694,0.699
67.712,0.751
67.712,0.686
67.730,0.751
67.748,0.764
67.748,0.764
67.765,0.776
67.784,0.776
67.784,0.789
67.802,0.776
67.821,0.751
67.821,0.789
67.838,0.764
67.857,0.673
67.857,0.751
67.874,0.686
67.893,0.569
67.893,0.660
67.911,0.531
67.929,0.155
67.929,0.531
67.947,0.233
67.947,0.414
67.965,0.298
67.985,0.324
67.985,0.479
68.002,0.233
68.020,0.414
68.020,0.181
68.038,0.336
68.057,0.401
68.057,0.259
68.075,0.375
68.093,0.440
68.093,0.621
68.111,0.518
68.128,0.569
68.128,0.595
68.147,0.660
68.164,0.673
68.164,0.699
68.183,0.712
68.200,0.712
68.200,0.764
68.219,0.738
68.237,0.686
68.237,0.776
68.254,0.725
68.273,0.595
68.273,0.751
68.291,0.647
68.309,0.233
68.309,0.673
68.327,0.401
68.345,0.556
68.345,0.505
68.363,0.505
68.383,0.712
68.383,0.401
68.401,0.673
68.401,0.246
68.418,0.647
68.436,0.751
68.436,0.595
68.455,0.738
68.473,0.789
68.473,0.712
68.491,0.776
68.511,0.776
68.511,0.764
68.528,0.789
68.546,0.789
68.546,0.789
68.564,0.789
68.582,0.764
68.582,0.789
68.601,0.764
68.619,0.712
68.619,0.764
68.637,0.699
68.655,0.595
68.655,0.712
68.672,0.608
68.690,0.272
68.690,0.621
68.708,0.453
68.726,0.440
68.726,0.440
68.744,0.336
68.762,0.569
68.762,0.220
68.779,0.531
68.797,0.324
68.797,0.492
68.815,0.621
68.832,0.440
68.832,0.595
68.850,0.673
68.869,0.582
68.869,0.660
68.886,0.686
68.904,0.647
68.904,0.699
68.923,0.686
68.940,0.686
68.940,0.699
68.958,0.660
68.976,0.699
68.976,0.673
68.994,0.608
69.013,0.686
69.013,0.621
69.031,0.531
69.049,0.647
69.049,0.556
69.068,0.285
69.068,0.582
69.086,0.375
69.104,0.375
69.104,0.440
69.123,0.440
69.142,0.569
69.142,0.181
69.160,0.531
69.178,0.660
69.178,0.518
69.197,0.647
69.215,0.479
69.215,0.634
69.233,0.699
69.250,0.621
69.250,0.686
69.268,0.725
69.286,0.686
69.286,0.725
69.305,0.725
69.322,0.725
69.322,0.738
69.340,0.712
69.357,0.738
69.357,0.738
69.375,0.673
69.395,0.738
69.395,0.699
69.414,0.608
69.414,0.725
69.432,0.647
69.450,0.401
69.450,0.660
69.468,0.492
69.487,0.388
69.487,0.544
69.505,0.272
69.522,0.621
69.522,0.155
69.540,0.595
69.559,0.699
69.559,0.544
69.577,0.699
69.597,0.479
69.597,0.673
69.615,0.751
69.615,0.660
69.636,0.738
69.656,0.789
69.656,0.738
69.674,0.776
69.692,0.789
69.692,0.776
69.711,0.789
69.711,0.776
69.729,0.802
69.748,0.789
69.748,0.725
69.766,0.789
69.783,0.751
69.784,0.660
69.802,0.738
69.820,0.686
69.820,0.492
69.838,0.712
69.857,0.544
69.857,0.349
69.876,0.582
69.894,0.207
69.894,0.621
69.912,0.233
69.932,0.608
69.932,0.725
69.949,0.544
69.949,0.699
69.968,0.492
69.986,0.699
69.986,0.764
70.005,0.660
70.025,0.764
70.025,0.802
70.043,0.738
70.062,0.802
70.062,0.802
70.081,0.789
70.081,0.815
70.101,0.802
70.121,0.815
70.121,0.802
70.140,0.764
70.140,0.815
70.160,0.776
70.179,0.686
70.179,0.789
70.198,0.699
70.198,0.518
70.219,0.725
70.239,0.582
70.239,0.518
70.259,0.621
70.259,0.194
70.278,0.634
70.297,0.298
70.297,0.582
70.318,0.725
70.318,0.531
70.338,0.712
70.358,0.440
70.358,0.686
70.377,0.776
70.377,0.673
70.396,0.764
70.415,0.802
70.415,0.738
70.434,0.802
70.454,0.815
70.454,0.802
70.474,0.815
70.475,0.802
70.495,0.815
70.514,0.802
70.514,0.764
70.533,0.815
70.533,0.776
70.552,0.712
70.573,0.789
70.573,0.725
70.592,0.556
70.592,0.738
70.611,0.621
70.630,0.207
70.630,0.634
70.650,0.233
70.670,0.595
70.670,0.401
70.689,0.531
70.689,0.712
70.708,0.466
70.729,0.686
70.729,0.349
70.748,0.660
70.748,0.764
70.767,0.621
70.786,0.738
70.786,0.802
70.806,0.738
70.824,0.789
70.824,0.802
70.843,0.776
70.843,0.802
70.862,0.776
70.880,0.802
70.880,0.789
70.899,0.751
70.918,0.789
70.918,0.764
70.938,0.686
70.939,0.776
70.958,0.699
70.978,0.556
70.978,0.725
70.999,0.595
70.999,0.181
71.019,0.634
71.040,0.285
71.040,0.544
71.063,0.401
71.063,0.492
71.085,0.673
71.085,0.401
71.108,0.647
71.108,0.285
71.127,0.608
71.127,0.712
71.147,0.582
71.166,0.712
71.166,0.738
71.186,0.686
71.206,0.738
71.206,0.764
71.227,0.725
71.227,0.751
71.247,0.751
71.247,0.751
71.268,0.751
71.288,0.712
71.288,0.738
71.309,0.725
71.309,0.660
71.331,0.725
71.331,0.673
71.351,0.531
71.371,0.686
71.371,0.569
71.390,0.246
71.390,0.582
71.410,0.311
71.429,0.479
71.429,0.414
71.448,0.401
71.468,0.608
71.468,0.531
71.487,0.582
71.487,0.220
71.506,0.544
71.525,0.647
71.525,0.492
71.546,0.634
71.546,0.686
71.566,0.595
71.585,0.673
71.585,0.686
71.605,0.660
71.605,0.686
71.624,0.673
71.645,0.673
71.645,0.673
71.664,0.647
71.664,0.673
71.685,0.647
71.704,0.582
71.704,0.647
71.724,0.595
71.724,0.466
71.744,0.595
71.764,0.492
71.764,0.220
71.783,0.518
71.784,0.634
71.805,0.362
71.824,0.362
71.824,0.285
71.845,0.492
71.845,0.194
71.864,0.453
71.883,0.544
71.884,0.414
71.904,0.518
71.904,0.349
71.924,0.492
71.944,0.556
71.945,0.466
71.964,0.531
71.964,0.556
71.983,0.518
72.001,0.544
72.001,0.544
72.020,0.531
72.039,0.544
72.039,0.505
72.059,0.531
72.059,0.505
72.078,0.440
72.096,0.505
72.096,0.440
72.116,0.336
72.134,0.440
72.134,0.440
72.154,0.181
72.154,0.349
72.172,0.246
72.192,0.207
72.193,0.272
72.211,0.168
72.211,0.336
72.230,0.168
72.250,0.298
72.250,0.427
72.267,0.272
72.287,0.414
72.287,0.427
72.307,0.401
72.307,0.492
72.326,0.375
72.345,0.479
72.345,0.505
72.364,0.466
72.383,0.505
72.383,0.505
72.401,0.518
72.420,0.531
72.420,0.505
72.440,0.556
72.440,0.531
72.459,0.479
72.478,0.544
72.478,0.518
72.496,0.401
72.516,0.531
72.516,0.453
72.536,0.246
72.536,0.479
72.556,0.311
72.575,0.233
72.575,0.349
72.596,0.181
72.596,0.569
72.615,0.155
72.635,0.414
72.635,0.544
72.655,0.362
72.655,0.518
72.673,0.324
72.693,0.505
72.693,0.595
72.713,0.492
72.713,0.582
72.732,0.634
72.752,0.582
72.752,0.634
72.771,0.647
72.771,0.634
72.789,0.634
72.809,0.647
72.809,0.660
72.827,0.647
72.847,0.582
72.847,0.647
72.865,0.608
72.884,0.518
72.884,0.621
72.902,0.556
72.902,0.349
72.921,0.582
72.940,0.427
72.940,0.259
72.958,0.466
72.977,0.479
72.977,0.505
72.997,0.194
73.015,0.518
73.016,0.595
73.035,0.427
73.035,0.595
73.054,0.362
73.073,0.582
73.073,0.647
73.091,0.556
73.110,0.647
73.110,0.686
73.132,0.647
73.132,0.686
73.153,0.699
73.153,0.686
73.174,0.712
73.193,0.686
73.193,0.712
73.212,0.699
73.212,0.660
73.230,0.712
73.248,0.673
73.249,0.595
73.268,0.686
73.287,0.608
73.287,0.440
73.305,0.634
73.324,0.518
73.324,0.207
73.343,0.531
73.343,0.155
73.361,0.518
73.380,0.285
73.380,0.479
73.400,0.634
73.419,0.427
73.419,0.621
73.437,0.349
73.456,0.595
73.457,0.686
73.476,0.569
73.476,0.673
73.495,0.725
73.513,0.660
73.513,0.725
73.532,0.738
73.551,0.712
73.552,0.738
73.570,0.725
73.570,0.751
73.588,0.738
73.608,0.699
73.608,0.738
73.626,0.712
73.644,0.634
73.644,0.725
73.665,0.647
73.665,0.492
73.683,0.673
73.702,0.544
73.702,0.181
73.722,0.582
73.739,0.220
73.739,0.531
73.758,0.349
73.777,0.505
73.777,0.647
73.795,0.440
73.813,0.647
73.813,0.349
73.831,0.621
73.831,0.725
73.849,0.608
73.867,0.699
73.867,0.751
73.884,0.686
73.903,0.751
73.903,0.764
73.920,0.738
73.938,0.776
73.938,0.764
73.956,0.764
73.975,0.764
73.975,0.738
73.993,0.764
74.015,0.738
74.015,0.673
74.035,0.751
74.036,0.699
74.056,0.556
74.075,0.712
74.075,0.608
74.094,0.181
74.094,0.621
74.114,0.311
74.133,0.544
74.133,0.440
74.157,0.479
74.157,0.673
74.182,0.401
74.182,0.647
74.209,0.246
74.209,0.621
74.231,0.738
74.231,0.582
74.252,0.725
74.252,0.776
74.274,0.699
74.274,0.764
74.296,0.789
74.296,0.764
74.316,0.776
74.335,0.789
74.335,0.789
74.359,0.776
74.359,0.764
74.384,0.789
74.384,0.776
74.405,0.712
74.405,0.776
74.426,0.725
74.447,0.595
74.447,0.738
74.469,0.621
74.469,0.246
74.495,0.660
74.495,0.388
74.517,0.518
74.517,0.492
74.535,0.453
74.535,0.686
74.554,0.336
74.572,0.647
74.572,0.220
74.590,0.621
74.608,0.738
74.608,0.582
74.625,0.725
74.643,0.776
74.643,0.712
74.661,0.776
74.680,0.802
74.680,0.764
74.701,0.802
74.701,0.802
74.725,0.802
74.725,0.802
74.744,0.776
74.763,0.802
74.763,0.789
74.782,0.738
74.801,0.789
74.801,0.738
74.821,0.634
74.821,0.751
74.839,0.660
74.858,0.531
74.858,0.686
74.876,0.453
74.894,0.518
74.894,0.518
74.912,0.427
74.929,0.673
74.929,0.285
74.947,0.647
74.965,0.751
74.965,0.608
74.984,0.738
75.003,0.569
75.003,0.725
75.021,0.789
75.022,0.712
75.040,0.776
75.058,0.802
75.058,0.764
75.077,0.802
75.094,0.802
75.094,0.789
75.112,0.802
75.130,0.776
75.130,0.802
75.148,0.789
75.166,0.738
75.166,0.802
75.183,0.751
75.202,0.647
75.202,0.751
75.219,0.673
75.236,0.414
75.236,0.686
75.255,0.505
75.273,0.440
75.273,0.556
75.291,0.349
75.309,0.660
75.309,0.194
75.326,0.621
75.344,0.738
75.344,0.569
75.362,0.712
75.380,0.531
75.380,0.699
75.398,0.776
75.417,0.686
75.417,0.751
75.434,0.802
75.453,0.751
75.453,0.776
75.470,0.789
75.489,0.776
75.489,0.802
75.505,0.789
75.524,0.802
75.524,0.789
75.542,0.738
75.560,0.776
75.560,0.751
75.578,0.660
75.595,0.764
75.595,0.673
75.613,0.440
75.630,0.699
75.630,0.518
75.648,0.401
75.666,0.582
75.666,0.272
75.684,0.634
75.701,0.181
75.701,0.595
75.720,0.712
75.738,0.569
75.738,0.699
75.755,0.492
75.774,0.686
75.774,0.751
75.793,0.647
75.810,0.751
75.811,0.776
75.829,0.751
75.847,0.776
75.847,0.789
75.865,0.776
75.882,0.789
75.883,0.764
75.901,0.789
75.920,0.764
75.921,0.725
75.938,0.776
75.955,0.738
75.955,0.660
75.974,0.738
75.992,0.686
75.992,0.479
76.010,0.699
76.010,0.544
76.028,0.311
76.046,0.595
76.046,0.194
76.065,0.595
76.083,0.298
76.083,0.556
76.101,0.686
76.120,0.505
76.120,0.686
76.137,0.440
76.155,0.660
76.155,0.738
76.174,0.621
76.192,0.725
76.192,0.764
76.210,0.712
76.229,0.764
76.229,0.764
76.248,0.751
76.267,0.776
76.267,0.764
76.287,0.776
76.287,0.764
76.305,0.712
76.329,0.764
76.329,0.725
76.351,0.647
76.351,0.738
76.371,0.673
76.371,0.492
76.396,0.686
76.396,0.556
76.422,0.220
76.422,0.582
76.446,0.155
76.446,0.569
76.470,0.311
76.470,0.518
76.495,0.673
76.495,0.453
76.519,0.660
76.519,0.375
76.543,0.621
76.543,0.712
76.562,0.608
76.562,0.712
76.583,0.751
76.583,0.699
76.605,0.738
76.623,0.751
76.624,0.738
76.644,0.764
76.644,0.764
76.664,0.764
76.683,0.751
76.683,0.725
76.704,0.751
76.704,0.738
76.728,0.660
76.728,0.751
76.751,0.673
76.751,0.518
76.778,0.699
76.778,0.569
76.802,0.207
76.802,0.608
76.832,0.246
76.832,0.544
76.853,0.375
76.853,0.479
76.873,0.660
76.873,0.401
76.893,0.634
76.893,0.466
76.914,0.621
76.935,0.725
76.935,0.582
76.955,0.686
76.955,0.751
76.976,0.686
76.976,0.738
76.995,0.776
77.013,0.738
77.013,0.764
77.032,0.751
77.050,0.764
77.050,0.764
77.070,0.725
77.090,0.764
77.090,0.738
77.108,0.660
77.108,0.738
77.127,0.686
77.145,0.544
77.145,0.699
77.164,0.582
77.182,0.207
77.182,0.608
77.200,0.324
77.219,0.544
77.219,0.427
77.238,0.427
77.238,0.634
77.256,0.349
77.275,0.621
77.275,0.233
77.294,0.582
77.313,0.699
77.313,0.556
77.331,0.686
77.349,0.738
77.349,0.660
77.368,0.725
77.368,0.764
77.388,0.725
77.406,0.751
77.406,0.751
77.424,0.751
77.443,0.751
77.443,0.725
77.461,0.751
77.479,0.738
77.479,0.673
77.498,0.751
77.516,0.686
77.516,0.569
77.535,0.699
77.553,0.595
77.553,0.246
77.572,0.621
77.572,0.375
77.590,0.479
77.608,0.453
77.608,0.479
77.628,0.621
77.645,0.298
77.645,0.595
77.664,0.181
77.682,0.556
77.682,0.686
77.701,0.518
77.701,0.647
77.721,0.725
77.739,0.647
77.739,0.712
77.757,0.738
77.775,0.699
77.775,0.738
77.794,0.725
77.812,0.725
77.812,0.725
77.830,0.699
77.848,0.738
77.848,0.712
77.868,0.647
77.887,0.725
77.887,0.660
77.905,0.556
77.906,0.673
77.925,0.569
77.943,0.298
77.943,0.595
77.963,0.375
77.982,0.388
77.982,0.440
78.001,0.285
78.001,0.544
78.019,0.168
78.041,0.479
78.041,0.608
78.060,0.453
78.060,0.582
78.079,0.414
78.097,0.569
78.097,0.647
78.115,0.556
78.133,0.660
78.133,0.699
78.151,0.660
78.170,0.712
78.170,0.712
78.188,0.712
78.206,0.725
78.206,0.699
78.223,0.712
78.242,0.699
78.242,0.634
78.258,0.699
78.276,0.647
78.276,0.544
78.296,0.660
78.314,0.569
78.314,0.324
78.331,0.595
78.349,0.401
78.349,0.336
78.367,0.466
78.385,0.259
78.385,0.556
78.403,0.168
78.421,0.531
78.421,0.647
78.439,0.518
78.456,0.634
78.457,0.427
78.474,0.608
78.492,0.673
78.492,0.582
78.510,0.673
78.528,0.699
78.528,0.647
78.546,0.686
78.564,0.699
78.564,0.686
78.582,0.699
78.599,0.686
78.599,0.699
78.618,0.699
78.636,0.647
78.636,0.712
78.654,0.660
78.671,0.582
78.671,0.673
78.689,0.608
78.710,0.388
78.710,0.608
78.728,0.453
78.729,0.298
78.746,0.492
78.766,0.207
78.766,0.531
78.783,0.194
78.800,0.492
78.800,0.621
78.819,0.440
78.837,0.608
78.837,0.375
78.854,0.582
78.873,0.673
78.873,0.556
78.890,0.660
78.908,0.699
78.908,0.647
78.926,0.699
78.945,0.712
78.945,0.686
78.963,0.699
78.980,0.699
78.980,0.712
78.997,0.699
79.016,0.647
79.016,0.699
79.033,0.660
79.051,0.582
79.051,0.686
79.068,0.595
79.086,0.414
79.086,0.621
79.105,0.466
79.123,0.233
79.123,0.518
79.140,0.168
79.157,0.505
79.158,0.233
79.175,0.466
79.193,0.608
79.194,0.427
79.212,0.595
79.230,0.349
79.230,0.569
79.247,0.660
79.265,0.556
79.265,0.647
79.284,0.686
79.301,0.647
79.301,0.686
79.320,0.699
79.337,0.673
79.338,0.699
79.355,0.699
79.373,0.699
79.373,0.686
79.391,0.660
79.410,0.699
79.410,0.673
79.427,0.595
79.445,0.673
79.445,0.608
79.462,0.440
79.480,0.634
79.481,0.505
79.498,0.207
79.517,0.531
79.517,0.194
79.534,0.505
79.552,0.311
79.552,0.440
79.570,0.608
79.588,0.375
79.588,0.595
79.607,0.272
79.625,0.569
79.625,0.660
79.644,0.531
79.644,0.647
79.662,0.686
79.680,0.634
79.680,0.686
79.697,0.712
79.716,0.686
79.716,0.712
79.733,0.699
79.751,0.699
79.751,0.699
79.771,0.660
79.788,0.712
79.788,0.686
79.805,0.608
79.824,0.686
79.824,0.634
79.841,0.479
79.859,0.634
79.859,0.544
79.876,0.466
79.895,0.544
79.895,0.246
79.913,0.466
79.933,0.336
79.934,0.401
79.951,0.595
79.969,0.349
79.969,0.569
79.987,0.246
80.004,0.544
80.004,0.647
80.022,0.505
80.040,0.634
80.040,0.686
80.058,0.621
80.076,0.686
80.076,0.699
80.093,0.673
80.110,0.712
80.110,0.699
80.128,0.699
80.146,0.699
80.146,0.673
80.164,0.699
80.182,0.686
80.182,0.608
80.200,0.686
80.217,0.634
80.217,0.492
80.236,0.660
80.253,0.531
80.253,0.181
80.270,0.556
80.288,0.388
80.288,0.453
80.307,0.388
80.325,0.375
80.325,0.582
80.343,0.272
80.361,0.556
80.361,0.168
80.379,0.569
80.396,0.634
80.396,0.492
80.414,0.621
80.432,0.686
80.432,0.595
80.450,0.673
80.470,0.686
80.470,0.673
80.487,0.699
80.504,0.699
80.504,0.686
80.522,0.699
80.541,0.673
80.541,0.712
80.558,0.686
80.576,0.621
80.576,0.686
80.593,0.634
80.612,0.518
80.612,0.647
80.631,0.556
80.649,0.259
80.650,0.582
80.667,0.569
80.668,0.401
80.685,0.427
80.703,0.311
80.703,0.569
80.720,0.233
80.738,0.544
80.738,0.621
80.757,0.518
80.774,0.634
80.774,0.466
80.793,0.621
80.811,0.686
80.811,0.595
80.829,0.673
80.846,0.699
80.846,0.660
80.864,0.699
80.883,0.712
80.883,0.699
80.901,0.699
80.919,0.686
80.919,0.699
80.936,0.686
80.954,0.634
80.954,0.686
80.971,0.647
80.988,0.531
80.988,0.660
81.006,0.569
81.025,0.311
81.025,0.595
81.042,0.388
81.059,0.388
81.077,0.453
81.077,0.285
81.095,0.556
81.112,0.181
81.112,0.531
81.130,0.634
81.147,0.479
81.148,0.634
81.165,0.440
81.183,0.608
81.183,0.673
81.200,0.582
81.220,0.673
81.220,0.699
81.239,0.660
81.239,0.686
81.256,0.686
81.273,0.686
81.291,0.699
81.291,0.686
81.309,0.699
81.329,0.686
81.329,0.647
81.348,0.699
81.348,0.660
81.368,0.556
81.386,0.673
81.386,0.582
81.405,0.479
81.424,0.595
81.424,0.427
81.443,0.324
81.443,0.479
81.463,0.207
81.481,0.531
81.481,0.181
81.499,0.505
81.516,0.634
81.516,0.453
81.535,0.608
81.553,0.388
81.553,0.595
81.570,0.673
81.589,0.556
81.589,0.660
81.607,0.699
81.624,0.647
81.624,0.686
81.642,0.699
81.660,0.699
81.660,0.712
81.678,0.699
81.695,0.712
81.695,0.699
81.713,0.647
81.730,0.699
81.731,0.660
81.748,0.569
81.767,0.673
81.767,0.582
81.787,0.401
81.806,0.621
81.806,0.453
81.824,0.259
81.824,0.492
81.842,0.181
81.860,0.518
81.860,0.194
81.878,0.479
81.899,0.621
81.899,0.440
81.917,0.595
81.937,0.362
81.937,0.582
81.956,0.660
81.956,0.556
81.976,0.647
81.997,0.699
81.997,0.634
82.017,0.686
82.017,0.699
82.037,0.673
82.037,0.699
82.056,0.686
82.074,0.699
82.074,0.699
82.091,0.660
82.109,0.699
82.109,0.673
82.127,0.582
82.146,0.673
82.146,0.595
82.165,0.440
82.183,0.621
82.183,0.479
82.201,0.220
82.220,0.518
82.220,0.194
82.239,0.505
82.258,0.272
82.259,0.453
82.278,0.608
82.278,0.401
82.294,0.595
82.313,0.311
82.313,0.569
82.331,0.647
82.348,0.544
82.350,0.647
82.369,0.686
82.387,0.621
82.387,0.686
82.404,0.699
82.421,0.686
82.421,0.712
82.440,0.686
82.458,0.699
82.458,0.699
82.475,0.660
82.493,0.686
82.493,0.673
82.511,0.582
82.530,0.673
82.530,0.608
82.549,0.466
82.568,0.634
82.568,0.518
82.586,0.168
82.586,0.531
82.605,0.220
82.623,0.479
82.623,0.311
82.642,0.414
82.661,0.595
82.661,0.349
82.682,0.569
82.682,0.259
82.701,0.544
82.720,0.647
82.720,0.518
82.738,0.634
82.756,0.686
82.757,0.608
82.775,0.686
82.775,0.699
82.794,0.673
82.813,0.699
82.813,0.699
82.833,0.699
82.853,0.699
82.853,0.686
82.872,0.699
82.872,0.686
82.890,0.608
82.909,0.686
82.909,0.621
82.928,0.492
82.947,0.647
82.947,0.608
82.967,0.181
82.967,0.556
82.985,0.285
83.004,0.453
83.004,0.362
83.024,0.401
83.042,0.582
83.042,0.298
83.060,0.556
83.078,0.194
83.079,0.531
83.097,0.647
83.097,0.492
83.115,0.634
83.133,0.686
83.133,0.608
83.151,0.686
83.169,0.699
83.169,0.673
83.188,0.699
83.206,0.699
83.206,0.699
83.223,0.699
83.241,0.673
83.241,0.699
83.259,0.673
83.276,0.608
83.276,0.686
83.293,0.634
83.311,0.505
83.311,0.647
83.330,0.544
83.348,0.220
83.348,0.556
83.367,0.324
83.385,0.414
83.385,0.414
83.402,0.324
83.420,0.569
83.420,0.207
83.438,0.544
83.458,0.298
83.458,0.505
83.475,0.647
83.494,0.466
83.494,0.621
83.512,0.686
83.530,0.595
83.530,0.673
83.547,0.699
83.565,0.660
83.565,0.699
83.583,0.699
83.600,0.699
83.600,0.699
83.618,0.673
83.637,0.699
83.637,0.686
83.655,0.634
83.673,0.686
83.673,0.634
83.690,0.531
83.709,0.647
83.709,0.569
83.730,0.285
83.730,0.595
83.754,0.375
83.754,0.401
83.775,0.440
83.775,0.311
83.795,0.569
83.815,0.194
83.815,0.531
83.836,0.647
83.836,0.505
83.856,0.634
83.876,0.453
83.876,0.608
83.899,0.673
83.899,0.595
83.921,0.673
83.921,0.699
83.943,0.660
83.943,0.699
83.964,0.699
83.984,0.699
83.984,0.699
84.004,0.686
84.004,0.699
84.026,0.686
84.026,0.634
84.046,0.686
84.068,0.647
84.068,0.544
84.094,0.660
84.094,0.569
84.118,0.349
84.118,0.595
84.138,0.414
84.138,0.324
84.159,0.479
84.159,0.207
84.180,0.544
84.201,0.155
84.201,0.518
84.219,0.634
84.219,0.479
84.236,0.621
84.253,0.414
84.253,0.595
84.271,0.686
84.290,0.569
84.290,0.660
84.308,0.699
84.325,0.660
84.325,0.699
84.343,0.699
84.360,0.686
84.360,0.699
84.379,0.686
84.397,0.699
84.397,0.686
84.415,0.647
84.433,0.699
84.433,0.660
84.451,0.569
84.469,0.673
84.469,0.582
84.486,0.401
84.504,0.608
84.504,0.440
84.523,0.272
84.540,0.492
84.541,0.181
84.558,0.531
84.576,0.155
84.576,0.492
84.593,0.621
84.611,0.453
84.611,0.608
84.629,0.388
84.647,0.582
84.647,0.673
84.664,0.569
84.682,0.647
84.682,0.699
84.700,0.647
84.720,0.686
84.720,0.699
84.739,0.686
84.758,0.699
84.758,0.686
84.776,0.699
84.776,0.699
84.794,0.660
84.814,0.699
84.814,0.660
84.832,0.582
84.852,0.673
84.852,0.595
84.870,0.414
84.888,0.608
84.888,0.479
84.904,0.220
84.923,0.518
84.923,0.142
84.941,0.518
84.959,0.246
84.959,0.466
84.977,0.621
84.995,0.401
84.995,0.595
85.013,0.311
85.030,0.582
85.030,0.660
85.048,0.544
85.067,0.647
85.067,0.699
85.085,0.634
85.101,0.699
85.101,0.712
85.119,0.673
85.136,0.699
85.136,0.686
85.154,0.699
85.172,0.699
85.172,0.660
85.191,0.699
85.209,0.660
85.209,0.595
85.226,0.673
85.243,0.621
85.243,0.453
85.262,0.634
85.280,0.492
85.280,0.155
85.297,0.531
85.315,0.375
85.315,0.466
85.332,0.298
85.349,0.440
85.349,0.608
85.367,0.466
85.385,0.582
85.385,0.272
85.404,0.544
85.421,0.634
85.421,0.518
85.439,0.634
85.457,0.686
85.457,0.621
85.476,0.686
85.493,0.699
85.493,0.673
85.511,0.699
85.529,0.699
85.529,0.686
85.548,0.699
85.565,0.660
85.565,0.699
85.583,0.673
85.602,0.608
85.602,0.673
85.620,0.634
85.636,0.466
85.636,0.647
85.655,0.531
85.673,0.168
85.673,0.544
85.691,0.259
85.708,0.453
85.708,0.375
85.727,0.401
85.746,0.595
85.746,0.336
85.763,0.569
85.782,0.207
85.782,0.531
85.801,0.647
85.801,0.505
85.820,0.634
85.837,0.686
85.837,0.621
85.855,0.673
85.873,0.699
85.873,0.673
85.893,0.699
85.911,0.699
85.911,0.699
85.930,0.712
85.947,0.686
85.947,0.712
85.964,0.686
85.982,0.634
85.982,0.686
86.000,0.634
86.017,0.505
86.017,0.660
86.035,0.544
86.053,0.220
86.053,0.556
86.070,0.311
86.088,0.427
86.088,0.388
86.105,0.349
86.124,0.595
86.124,0.246
86.142,0.556
86.160,0.155
86.160,0.531
86.177,0.647
86.194,0.479
86.194,0.621
86.212,0.686
86.229,0.621
86.229,0.673
86.247,0.699
86.265,0.660
86.265,0.699
86.283,0.699
86.301,0.699
86.301,0.699
86.318,0.673
86.336,0.699
86.354,0.699
86.354,0.621
86.372,0.686
86.372,0.634
86.390,0.518
86.409,0.647
86.409,0.544
86.426,0.246
86.445,0.569
86.445,0.349
86.462,0.401
86.483,0.427
86.483,0.324
86.500,0.569
86.517,0.220
86.518,0.531
86.536,0.647
86.554,0.505
86.554,0.634
86.572,0.466
86.591,0.608
86.591,0.686
86.608,0.595
86.627,0.673
86.627,0.699
86.644,0.660
86.661,0.699
86.661,0.712
86.678,0.699
86.697,0.712
86.697,0.686
86.715,0.712
86.733,0.699
86.733,0.647
86.750,0.699
86.767,0.660
86.767,0.556
86.784,0.673
86.803,0.582
86.803,0.336
86.821,0.595
86.838,0.518
86.838,0.349
86.856,0.479
86.874,0.233
86.874,0.544
86.893,0.155
86.910,0.518
86.910,0.647
86.927,0.479
86.945,0.621
86.945,0.427
86.964,0.608
86.980,0.686
86.980,0.582
86.998,0.660
87.017,0.712
87.017,0.660
87.034,0.712
87.051,0.712
87.051,0.699
87.071,0.699
87.088,0.686
87.088,0.699
87.106,0.699
87.123,0.647
87.123,0.699
87.140,0.647
87.158,0.556
87.159,0.673
87.176,0.595
87.193,0.375
87.194,0.608
87.212,0.453
87.230,0.285
87.230,0.505
87.247,0.207
87.266,0.531
87.266,0.168
87.284,0.505
87.303,0.634
87.303,0.453
87.322,0.608
87.340,0.401
87.340,0.582
87.359,0.673
87.378,0.569
87.378,0.660
87.397,0.699
87.397,0.647
87.415,0.699
87.436,0.699
87.436,0.673
87.454,0.699
87.473,0.699
87.473,0.699
87.492,0.686
87.492,0.647
87.510,0.699
87.529,0.660
87.529,0.582
87.547,0.673
87.566,0.608
87.566,0.414
87.585,0.621
87.604,0.479
87.604,0.311
87.623,0.518
87.623,0.168
87.641,0.505
87.662,0.246
87.662,0.582
87.680,0.621
87.700,0.414
87.700,0.595
87.718,0.324
87.718,0.569
87.735,0.660
87.753,0.544
87.754,0.647
87.773,0.699
87.790,0.634
87.790,0.686
87.809,0.712
87.827,0.686
87.827,0.699
87.845,0.686
87.864,0.699
87.864,0.699
87.884,0.647
87.884,0.699
87.903,0.673
87.921,0.569
87.921,0.673
87.939,0.608
87.957,0.453
87.957,0.621
87.975,0.479
87.993,0.168
87.993,0.531
88.014,0.181
88.031,0.479
88.031,0.285
88.050,0.440
88.067,0.608
88.067,0.362
88.085,0.595
88.103,0.272
88.103,0.556
88.122,0.647
88.122,0.531
88.140,0.647
88.158,0.699
88.158,0.621
88.176,0.686
88.194,0.699
88.194,0.673
88.213,0.712
88.232,0.699
88.232,0.699
88.250,0.699
88.268,0.660
88.268,0.699
88.286,0.673
88.304,0.608
88.304,0.673
88.324,0.621
88.341,0.479
88.342,0.660
88.359,0.518
88.376,0.155
88.376,0.544
88.394,0.233
88.413,0.466
88.413,0.349
88.431,0.414
88.449,0.595
88.449,0.349
88.467,0.569
88.485,0.246
88.485,0.556
88.503,0.647
88.521,0.518
88.521,0.647
88.540,0.686
88.540,0.621
88.559,0.686
88.576,0.699
88.576,0.673
88.595,0.699
88.612,0.699
88.612,0.699
88.630,0.699
88.648,0.660
88.648,0.699
88.666,0.673
88.685,0.608
88.685,0.686
88.703,0.634
88.722,0.492
88.722,0.634
88.741,0.531
88.759,0.194
88.759,0.556
88.778,0.298
88.778,0.440
88.798,0.362
88.815,0.349
88.816,0.582
88.834,0.259
88.852,0.569
88.852,0.181
88.870,0.531
88.887,0.686
88.887,0.505
88.907,0.634
88.925,0.686
88.925,0.621
88.944,0.673
88.961,0.712
88.961,0.673
88.979,0.712
88.998,0.699
88.998,0.712
89.016,0.699
89.016,0.673
89.034,0.712
89.052,0.686
89.052,0.621
89.070,0.699
89.089,0.647
89.089,0.518
89.108,0.660
89.125,0.544
89.126,0.233
89.146,0.582
89.164,0.311
89.164,0.414
89.184,0.401
89.184,0.349
89.202,0.556
89.221,0.233
89.221,0.544
89.241,0.647
89.260,0.505
89.260,0.634
89.279,0.466
89.279,0.608
89.300,0.673
89.318,0.595
89.318,0.660
89.337,0.699
89.354,0.673
89.354,0.699
89.372,0.699
89.374,0.699
89.391,0.699
89.408,0.673
89.409,0.699
89.427,0.686
89.445,0.621
89.445,0.699
89.463,0.647
89.481,0.544
89.481,0.660
89.500,0.556
89.518,0.298
89.518,0.595
89.536,0.388
89.555,0.362
89.555,0.453
89.576,0.272
89.576,0.569
89.595,0.194
89.614,0.531
89.614,0.647
89.633,0.492
89.652,0.634
89.652,0.440
89.672,0.608
89.672,0.673
89.692,0.582
89.710,0.660
89.710,0.712
89.728,0.647
89.748,0.699
89.748,0.699
89.765,0.686
89.784,0.712
89.784,0.686
89.802,0.699
89.802,0.699
89.821,0.634
89.840,0.699
89.840,0.647
89.859,0.544
89.877,0.660
89.877,0.569
89.894,0.336
89.914,0.595
89.915,0.492
89.934,0.336
89.934,0.466
89.952,0.233
89.971,0.544
89.971,0.168
89.990,0.505
90.008,0.621
90.008,0.466
90.028,0.608
90.028,0.427
90.047,0.595
90.065,0.660
90.065,0.569
90.084,0.660
90.102,0.712
90.102,0.647
90.121,0.699
90.140,0.699
90.140,0.699
90.160,0.699
90.160,0.686
90.178,0.699
90.196,0.686
90.196,0.647
90.214,0.712
90.233,0.660
90.233,0.569
90.250,0.673
90.269,0.595
90.270,0.388
90.288,0.621
90.307,0.440
90.307,0.285
90.325,0.505
90.344,0.194
90.344,0.544
90.361,0.194
90.361,0.505
90.381,0.634
90.399,0.453
90.399,0.608
90.418,0.388
90.437,0.595
90.437,0.660
90.455,0.569
90.474,0.660
90.474,0.699
90.493,0.647
90.493,0.699
90.511,0.699
90.531,0.686
90.531,0.712
90.550,0.686
90.568,0.699
90.568,0.686
90.587,0.647
90.604,0.686
90.605,0.660
90.623,0.582
90.642,0.673
90.642,0.595
90.659,0.414
90.659,0.621
90.677,0.466
90.695,0.233
90.695,0.505
90.714,0.168
90.733,0.505
90.733,0.246
90.752,0.453
90.769,0.621
90.769,0.401
90.787,0.595
90.804,0.349
90.804,0.582
90.824,0.673
90.844,0.544
90.844,0.660
90.862,0.699
90.862,0.634
90.882,0.686
90.900,0.712
90.900,0.673
90.920,0.699
90.939,0.686
90.939,0.699
90.957,0.699
90.957,0.673
90.975,0.699
90.993,0.660
90.993,0.582
91.011,0.673
91.030,0.608
91.030,0.608
91.047,0.634
91.065,0.492
91.066,0.181
91.085,0.531
91.103,0.207
91.103,0.505
91.121,0.285
91.140,0.544
91.140,0.608
91.160,0.388
91.160,0.582
91.178,0.285
91.196,0.556
91.196,0.647
91.214,0.531
91.233,0.647
91.233,0.686
91.251,0.634
91.269,0.686
91.269,0.712
91.287,0.686
91.305,0.699
91.305,0.699
91.324,0.699
91.342,0.699
91.342,0.660
91.360,0.699
91.378,0.673
91.378,0.608
91.396,0.699
91.414,0.621
91.414,0.479
91.433,0.634
91.433,0.621
91.451,0.414
91.470,0.556
91.470,0.259
91.488,0.518
91.506,0.349
91.506,0.414
91.524,0.608
91.542,0.336
91.542,0.569
91.561,0.233
91.578,0.544
91.578,0.647
91.596,0.505
91.616,0.634
91.616,0.686
91.633,0.621
91.652,0.686
91.652,0.712
91.672,0.673
91.672,0.699
91.689,0.699
91.708,0.699
91.708,0.699
91.727,0.686
91.745,0.699
91.745,0.686
91.764,0.608
91.781,0.699
91.781,0.634
91.800,0.492
91.818,0.647
91.818,0.531
91.836,0.220
91.855,0.556
91.855,0.298
91.874,0.440
91.874,0.375
91.894,0.375
91.912,0.569
91.912,0.285
91.931,0.556
91.950,0.246
91.950,0.531
91.970,0.647
91.970,0.492
91.987,0.634
92.005,0.686
92.005,0.608
92.022,0.673
92.041,0.699
92.041,0.673
92.059,0.699
92.077,0.699
92.077,0.686
92.095,0.699
92.113,0.673
92.113,0.699
92.131,0.686
92.150,0.621
92.150,0.686
92.167,0.634
92.186,0.531
92.186,0.660
92.203,0.556
92.222,0.272
92.222,0.582
92.240,0.375
92.259,0.427
92.259,0.427
92.278,0.336
92.295,0.582
92.295,0.311
92.315,0.544
92.315,0.660
92.333,0.518
92.352,0.634
92.352,0.466
92.372,0.621
92.389,0.686
92.390,0.595
92.408,0.686
92.425,0.673
92.426,0.660
92.443,0.699
92.462,0.699
92.462,0.699
92.480,0.699
92.499,0.673
92.499,0.712
92.516,0.686
92.535,0.621
92.535,0.686
92.552,0.647
92.553,0.531
92.571,0.660
92.589,0.556
92.589,0.298
92.608,0.595
92.625,0.375
92.625,0.362
92.644,0.440
92.662,0.272
92.662,0.556
92.682,0.285
92.699,0.531
92.700,0.634
92.718,0.505
92.736,0.634
92.736,0.453
92.755,0.608
92.755,0.673
92.775,0.582
92.796,0.660
92.796,0.699
92.819,0.647
92.819,0.699
92.838,0.699
92.857,0.699
92.857,0.699
92.876,0.686
92.877,0.699
92.894,0.686
92.914,0.634
92.914,0.699
92.932,0.660
92.950,0.544
92.950,0.673
92.968,0.582
92.987,0.349
92.987,0.595
93.007,0.427
93.007,0.336
93.027,0.492
93.045,0.233
93.045,0.544
93.063,0.246
93.082,0.505
93.082,0.621
93.100,0.466
93.100,0.621
93.121,0.401
93.139,0.595
93.139,0.660
93.158,0.582
93.177,0.660
93.177,0.686
93.195,0.647
93.213,0.686
93.213,0.712
93.231,0.699
93.249,0.699
93.249,0.686
93.266,0.699
93.285,0.699
93.285,0.634
93.302,0.699
93.320,0.660
93.320,0.569
93.339,0.673
93.340,0.582
93.359,0.401
93.377,0.608
93.377,0.466
93.396,0.259
93.415,0.492
93.415,0.168
93.433,0.531
93.452,0.194
93.452,0.492
93.470,0.621
93.470,0.440
93.488,0.608
93.506,0.375
93.506,0.582
93.524,0.660
93.543,0.556
93.543,0.660
93.571,0.699
93.571,0.634
93.591,0.699
93.592,0.699
93.614,0.686
93.614,0.699
93.637,0.686
93.637,0.699
93.658,0.699
93.679,0.660
93.679,0.699
93.699,0.673
93.699,0.582
93.717,0.673
93.737,0.595
93.737,0.414
93.758,0.621
93.758,0.479
93.776,0.233
93.796,0.518
93.797,0.181
93.818,0.505
93.818,0.259
93.846,0.466
93.846,0.608
93.870,0.414
93.870,0.595
93.894,0.311
93.894,0.608
93.917,0.660
93.917,0.544
93.940,0.647
93.940,0.686
93.968,0.634
93.968,0.686
93.992,0.699
93.992,0.686
94.012,0.699
94.012,0.699
94.031,0.699
94.031,0.699
94.051,0.660
94.071,0.699
94.071,0.673
94.094,0.582
94.094,0.686
94.116,0.608
94.116,0.466
94.135,0.634
94.155,0.492
94.156,0.207
94.177,0.531
94.177,0.233
94.199,0.492
94.199,0.673
94.220,0.440
94.220,0.595
94.239,0.362
94.258,0.582
94.258,0.272
94.277,0.544
94.296,0.647
94.296,0.518
94.316,0.673
94.316,0.686
94.336,0.621
94.356,0.686
94.357,0.699
94.377,0.673
94.377,0.699
94.397,0.699
94.416,0.712
94.416,0.699
94.436,0.660
94.436,0.699
94.454,0.673
94.474,0.608
94.474,0.686
94.494,0.621
94.494,0.479
94.515,0.634
94.534,0.518
94.534,0.194
94.553,0.544
94.553,0.259
94.573,0.453
94.591,0.349
94.591,0.414
94.610,0.595
94.629,0.324
94.629,0.569
94.647,0.246
94.665,0.544
94.665,0.647
94.684,0.505
94.684,0.634
94.703,0.686
94.722,0.621
94.722,0.673
94.741,0.699
94.760,0.673
94.760,0.699
94.780,0.699
94.800,0.712
94.800,0.699
94.821,0.673
94.821,0.699
94.841,0.686
94.841,0.608
94.861,0.686
94.881,0.634
94.881,0.505
94.901,0.647
94.901,0.544
94.920,0.634
94.939,0.569
94.939,0.336
94.957,0.440
94.978,0.401
94.978,0.362
94.998,0.582
94.999,0.272
95.017,0.556
95.035,0.194
95.036,0.531
95.056,0.647
95.057,0.492
95.076,0.621
95.095,0.673
95.095,0.608
95.113,0.686
95.113,0.712
95.133,0.673
95.151,0.712
95.152,0.699
95.170,0.699
95.188,0.699
95.188,0.673
95.206,0.699
95.226,0.686
95.226,0.634
95.244,0.712
95.244,0.634
95.264,0.518
95.283,0.660
95.283,0.544
95.300,0.272
95.318,0.582
95.318,0.349
95.337,0.401
95.357,0.427
95.357,0.311
95.374,0.569
95.393,0.207
95.393,0.531
95.412,0.647
95.412,0.505
95.430,0.647
95.448,0.466
95.448,0.621
95.467,0.673
95.485,0.595
95.485,0.673
95.504,0.699
95.522,0.660
95.522,0.699
95.540,0.699
95.558,0.686
95.558,0.712
95.577,0.686
95.595,0.712
95.595,0.686
95.614,0.634
95.614,0.699
95.633,0.647
95.653,0.544
95.653,0.660
95.673,0.569
95.691,0.324
95.691,0.595
95.709,0.414
95.709,0.375
95.728,0.466
95.746,0.285
95.746,0.556
95.764,0.207
95.782,0.518
95.782,0.647
95.801,0.492
95.820,0.634
95.820,0.440
95.840,0.608
95.840,0.673
95.859,0.582
95.881,0.673
95.881,0.699
95.901,0.660
95.901,0.699
95.921,0.699
95.941,0.686
95.941,0.725
95.966,0.686
95.966,0.699
95.989,0.686
95.989,0.647
96.009,0.699
96.009,0.647
96.028,0.556
96.051,0.660
96.052,0.582
96.073,0.362
96.073,0.608
96.093,0.440
96.094,0.311
96.117,0.479
96.117,0.220
96.139,0.544
96.139,0.220
96.161,0.647
96.181,0.634
96.181,0.453
96.202,0.608
96.202,0.388
96.223,0.595
96.223,0.673
96.243,0.556
96.266,0.673
96.266,0.699
96.288,0.634
96.288,0.699
96.313,0.699
96.313,0.686
96.335,0.699
96.335,0.686
96.357,0.699
96.357,0.699
96.378,0.647
96.378,0.699
96.401,0.660
96.401,0.582
96.424,0.673
96.424,0.595
96.449,0.401
96.449,0.647
96.469,0.466
96.489,0.272
96.489,0.505
96.510,0.181
96.510,0.518
96.531,0.194
96.531,0.492
96.549,0.634
96.570,0.453
96.570,0.608
96.588,0.375
96.607,0.595
96.607,0.660
96.627,0.556
96.627,0.660
96.647,0.686
96.665,0.647
96.665,0.699
96.688,0.712
96.689,0.686
96.712,0.712
96.712,0.686
96.733,0.699
96.734,0.699
96.755,0.660
96.776,0.712
96.776,0.673
96.798,0.621
96.798,0.673
96.819,0.608
96.819,0.440
96.840,0.621
96.861,0.479
96.862,0.233
96.888,0.518
96.888,0.207
96.909,0.492
96.909,0.285
96.930,0.453
96.930,0.608
96.950,0.388
96.950,0.595
96.971,0.569
96.992,0.569
96.992,0.647
97.016,0.531
97.016,0.647
97.042,0.699
97.043,0.621
97.043,0.686
97.067,0.699
97.067,0.686
97.089,0.712
97.110,0.699
97.110,0.699
97.132,0.699
97.132,0.660
97.154,0.712
97.154,0.673
97.178,0.595
97.178,0.686
97.201,0.621
97.201,0.466
97.221,0.634
97.221,0.505
97.241,0.414
97.260,0.544
97.260,0.233
97.280,0.466
97.299,0.505
97.299,0.427
97.318,0.595
97.318,0.349
97.337,0.582
97.357,0.272
97.357,0.556
97.376,0.660
97.376,0.647
97.394,0.634
97.412,0.686
97.413,0.621
97.433,0.686
97.450,0.699
97.450,0.673
97.468,0.699
97.490,0.699
97.490,0.699
97.507,0.699
97.507,0.673
97.527,0.712
97.547,0.686
97.547,0.608
97.565,0.686
97.584,0.634
97.584,0.492
97.605,0.647
97.605,0.531
97.623,0.207
97.642,0.556
97.642,0.285
97.661,0.453
97.680,0.375
97.680,0.401
97.698,0.595
97.698,0.298
97.717,0.569
97.736,0.181
97.736,0.531
97.755,0.647
97.772,0.505
97.772,0.621
97.791,0.686
97.810,0.608
97.810,0.686
97.828,0.699
97.846,0.673
97.846,0.699
97.863,0.699
97.883,0.699
97.883,0.699
97.900,0.673
97.901,0.712
97.919,0.686
97.938,0.621
97.938,0.686
97.956,0.634
97.974,0.505
97.974,0.647
97.993,0.544
98.011,0.233
98.011,0.582
98.030,0.336
98.049,0.414
98.049,0.401
98.067,0.362
98.067,0.595
98.087,0.388
98.105,0.544
98.105,0.207
98.123,0.518
98.142,0.634
98.142,0.479
98.160,0.621
98.178,0.686
98.178,0.595
98.198,0.673
98.219,0.699
98.219,0.660
98.241,0.699
98.241,0.712
98.261,0.699
98.261,0.699
98.280,0.673
98.299,0.712
98.299,0.699
98.318,0.621
98.318,0.699
98.339,0.647
98.358,0.531
98.358,0.660
98.376,0.556
98.394,0.272
98.394,0.595
98.412,0.375
98.412,0.660
98.431,0.453
98.450,0.311
98.450,0.556
98.469,0.207
98.487,0.544
98.487,0.647
98.508,0.505
98.508,0.634
98.528,0.453
98.547,0.608
98.547,0.686
98.571,0.582
98.571,0.660
98.591,0.699
98.591,0.660
98.611,0.699
98.630,0.699
98.630,0.699
98.650,0.699
98.668,0.686
98.668,0.699
98.687,0.686
98.687,0.634
98.706,0.699
98.725,0.660
98.725,0.544
98.744,0.660
98.769,0.569
98.769,0.336
98.789,0.582
98.789,0.414
98.807,0.324
98.807,0.466
98.830,0.233
98.830,0.556
98.853,0.155
98.873,0.518
98.873,0.634
98.895,0.479
98.895,0.621
98.914,0.427
98.914,0.634
98.934,0.673
98.953,0.569
98.953,0.660
98.971,0.712
98.993,0.647
98.993,0.699
99.013,0.699
99.013,0.686
99.036,0.712
99.036,0.686
99.059,0.699
99.059,0.686
99.082,0.647
99.082,0.686
99.103,0.660
99.103,0.556
99.125,0.686
99.148,0.582
99.148,0.375
99.169,0.608
99.169,0.440
99.193,0.298
99.193,0.492
99.214,0.220
99.214,0.518
99.237,0.233
99.237,0.505
99.260,0.621
99.260,0.453
99.283,0.608
99.283,0.388
99.305,0.595
99.305,0.660
99.327,0.660
99.348,0.660
99.348,0.699
99.367,0.647
99.368,0.686
99.386,0.699
99.405,0.686
99.405,0.712
99.425,0.686
99.425,0.699
99.446,0.699
99.465,0.660
99.465,0.699
99.483,0.673
99.503,0.582
99.503,0.673
99.522,0.595
99.522,0.595
99.541,0.621
99.559,0.479
99.559,0.220
99.578,0.518
99.596,0.155
99.596,0.505
99.615,0.233
99.615,0.479
99.634,0.621
99.653,0.414
99.653,0.595
99.671,0.336
99.689,0.569
99.689,0.660
99.707,0.544
99.725,0.647
99.725,0.699
99.745,0.647
99.765,0.686
99.765,0.712
99.782,0.673
99.782,0.699
99.802,0.699
99.819,0.699
99.820,0.699
99.838,0.660
99.856,0.712
99.856,0.673
99.875,0.582
99.894,0.686
99.894,0.608
99.912,0.440
99.931,0.634
99.931,0.492
99.951,0.505
99.951,0.518
99.970,0.207
99.988,0.492
99.988,0.285
100.007,0.440
100.007,0.595
100.026,0.375
100.046,0.582
100.046,0.673
100.065,0.556
100.085,0.660
100.085,0.531
100.104,0.647
100.104,0.686
100.123,0.634
100.142,0.686
100.142,0.712
100.160,0.686
100.178,0.699
100.178,0.699
100.197,0.699
100.216,0.699
100.216,0.660
100.234,0.712
100.234,0.686
100.254,0.621
100.273,0.686
100.273,0.621
100.291,0.492
100.311,0.647
100.311,0.531
100.330,0.220
100.330,0.556
100.349,0.595
100.368,0.531
100.368,0.362
100.387,0.401
100.406,0.582
100.406,0.324
100.426,0.582
100.426,0.220
100.444,0.544
100.465,0.660
100.465,0.518
100.484,0.634
100.505,0.686
100.506,0.621
100.525,0.686
100.525,0.712
100.544,0.686
100.544,0.699
100.564,0.699
100.584,0.699
100.584,0.699
100.603,0.673
100.603,0.712
100.622,0.686
100.640,0.608
100.640,0.686
100.658,0.634
100.676,0.505
100.676,0.634
100.695,0.531
100.713,0.220
100.713,0.569
100.731,0.298
100.750,0.440
100.750,0.388
100.768,0.362
100.786,0.582
100.787,0.272
100.804,0.556
100.823,0.181
100.823,0.531
100.840,0.634
100.859,0.492
100.859,0.634
100.878,0.686
100.878,0.608
100.896,0.686
100.915,0.699
100.915,0.660
100.935,0.699
100.954,0.699
100.954,0.699
100.974,0.699
100.974,0.673
100.992,0.699
101.010,0.673
101.010,0.621
101.028,0.686
101.047,0.647
101.047,0.518
101.068,0.660
101.068,0.569
101.086,0.272
101.104,0.582
101.104,0.349
101.123,0.414
101.142,0.440
101.142,0.324
101.160,0.569
101.179,0.233
101.179,0.544
101.197,0.647
101.215,0.505
101.215,0.647
101.233,0.453
101.251,0.621
101.251,0.686
101.269,0.595
101.289,0.673
101.289,0.699
101.307,0.660
101.308,0.699
101.325,0.699
101.343,0.699
101.343,0.699
101.361,0.686
101.380,0.699
101.380,0.686
101.398,0.647
101.418,0.699
101.418,0.647
101.435,0.544
101.453,0.660
101.453,0.569
101.472,0.311
101.492,0.608
101.492,0.401
101.512,0.336
101.512,0.466
101.531,0.246
101.549,0.556
101.549,0.168
101.566,0.531
101.586,0.647
101.586,0.479
101.604,0.621
101.604,0.440
101.622,0.608
101.641,0.686
101.641,0.582
101.658,0.673
101.677,0.699
101.677,0.647
101.694,0.699
101.713,0.712
101.713,0.699
101.732,0.712
101.750,0.686
101.750,0.699
101.768,0.686
101.786,0.647
101.786,0.699
101.803,0.660
101.820,0.556
101.820,0.673
101.839,0.595
101.859,0.362
101.859,0.608
101.876,0.440
101.894,0.440
101.894,0.492
101.914,0.194
101.914,0.544
101.934,0.168
101.951,0.505
101.951,0.634
101.969,0.466
101.987,0.621
101.987,0.414
102.004,0.595
102.023,0.673
102.023,0.556
102.041,0.660
102.059,0.699
102.059,0.647
102.079,0.686
102.097,0.699
102.098,0.686
102.115,0.699
102.134,0.686
102.135,0.712
102.153,0.686
102.153,0.647
102.171,0.699
102.189,0.660
102.189,0.595
102.207,0.673
102.225,0.608
102.225,0.414
102.242,0.621
102.260,0.466
102.260,0.272
102.279,0.505
102.296,0.181
102.296,0.518
102.314,0.246
102.331,0.479
102.331,0.621
102.351,0.427
102.369,0.608
102.369,0.336
102.387,0.582
102.406,0.660
102.406,0.556
102.423,0.647
102.440,0.699
102.440,0.647
102.460,0.699
102.479,0.699
102.479,0.686
102.497,0.712
102.516,0.686
102.516,0.712
102.535,0.699
102.535,0.660
102.554,0.699
102.572,0.673
102.572,0.582
102.592,0.686
102.609,0.608
102.609,0.440
102.628,0.621
102.646,0.492
102.646,0.207
102.664,0.531
102.683,0.220
102.683,0.492
102.700,0.259
102.700,0.453
102.719,0.608
102.738,0.401
102.738,0.595
102.755,0.311
102.773,0.569
102.774,0.647
102.792,0.544
102.810,0.647
102.810,0.699
102.828,0.634
102.846,0.686
102.846,0.699
102.864,0.686
102.881,0.699
102.881,0.699
102.900,0.699
102.919,0.699
102.919,0.660
102.936,0.712
102.954,0.673
102.955,0.608
102.972,0.686
102.991,0.608
102.991,0.479
103.009,0.634
103.009,0.518
103.028,0.155
103.046,0.544
103.046,0.233
103.063,0.466
103.083,0.349
103.083,0.440
103.102,0.608
103.121,0.595
103.121,0.582
103.138,0.246
103.156,0.556
103.156,0.660
103.174,0.531
103.191,0.634
103.191,0.699
103.210,0.634
103.229,0.686
103.229,0.699
103.246,0.686
103.265,0.699
103.265,0.699
103.283,0.699
103.300,0.699
103.300,0.660
103.319,0.699
103.336,0.673
103.336,0.608
103.356,0.686
103.356,0.621
103.373,0.492
103.391,0.647
103.391,0.531
103.409,0.181
103.427,0.556
103.427,0.285
103.445,0.440
103.465,0.375
103.465,0.375
103.485,0.582
103.504,0.285
103.504,0.556
103.524,0.207
103.524,0.531
103.544,0.647
103.564,0.505
103.564,0.634
103.583,0.686
103.583,0.608
103.606,0.673
103.606,0.699
103.628,0.673
103.646,0.699
103.646,0.699
103.665,0.699
103.666,0.699
103.686,0.673
103.706,0.712
103.706,0.686
103.727,0.621
103.727,0.699
103.748,0.647
103.748,0.505
103.768,0.647
103.787,0.556
103.787,0.246
103.806,0.582
103.824,0.336
103.824,0.427
103.843,0.414
103.843,0.349
103.862,0.569
103.881,0.233
103.881,0.544
103.901,0.660
103.920,0.518
103.920,0.634
103.938,0.479
103.938,0.634
103.957,0.699
103.977,0.608
103.977,0.673
103.996,0.712
104.015,0.673
104.015,0.699
104.033,0.699
104.051,0.699
104.051,0.699
104.070,0.686
104.070,0.699
104.089,0.673
104.108,0.634
104.108,0.699
104.126,0.647
104.143,0.544
104.143,0.660
104.162,0.569
104.178,0.311
104.179,0.582
104.196,0.388
104.215,0.362
104.215,0.453
104.232,0.298
104.251,0.556
104.251,0.246
104.269,0.544
104.288,0.647
104.288,0.492
104.306,0.634
104.326,0.440
104.326,0.608
104.344,0.686
104.344,0.595
104.362,0.673
104.378,0.699
104.379,0.660
104.397,0.699
104.415,0.712
104.415,0.699
104.432,0.699
104.450,0.686
104.450,0.699
104.468,0.699
104.487,0.647
104.487,0.699
104.504,0.660
104.522,0.544
104.522,0.660
104.539,0.582
104.557,0.349
104.575,0.595
104.575,0.401
104.593,0.336
104.593,0.479
104.611,0.233
104.630,0.544
104.630,0.194
104.648,0.505
104.667,0.634
104.668,0.466
104.685,0.621
104.704,0.414
104.704,0.595
104.723,0.686
104.740,0.569
104.740,0.660
104.761,0.699
104.761,0.647
104.780,0.686
104.800,0.699
104.800,0.699
104.820,0.699
104.820,0.686
104.839,0.699
104.859,0.699
104.859,0.647
104.878,0.699
104.895,0.673
104.896,0.569
104.914,0.686
104.932,0.595
104.932,0.401
104.952,0.608
104.952,0.505
104.969,0.285
104.989,0.518
104.989,0.207
105.006,0.531
105.026,0.207
105.026,0.492
105.045,0.634
105.061,0.440
105.062,0.608
105.080,0.362
105.098,0.582
105.098,0.673
105.119,0.556
105.119,0.660
105.138,0.699
105.156,0.647
105.156,0.699
105.174,0.712
105.192,0.699
105.192,0.712
105.212,0.699
105.230,0.699
105.230,0.699
105.249,0.660
105.249,0.699
105.267,0.673
105.285,0.582
105.285,0.686
105.303,0.595
105.321,0.427
105.321,0.621
105.340,0.479
105.359,0.246
105.359,0.505
105.377,0.181
105.395,0.505
105.395,0.259
105.415,0.453
105.415,0.621
105.433,0.414
105.450,0.595
105.468,0.349
105.468,0.569
105.487,0.660
105.504,0.544
105.504,0.660
105.523,0.686
105.523,0.634
105.541,0.686
105.559,0.712
105.559,0.686
105.576,0.699
105.594,0.699
105.594,0.699
105.612,0.699
105.630,0.660
105.630,0.712
105.648,0.673
105.666,0.595
105.667,0.686
105.684,0.608
105.701,0.466
105.701,0.634
105.719,0.492
105.737,0.207
105.737,0.544
105.755,0.246
105.773,0.492
105.773,0.336
105.791,0.427
105.809,0.608
105.809,0.349
105.827,0.595
105.846,0.272
105.846,0.556
105.864,0.660
105.882,0.531
105.882,0.660
105.900,0.699
105.919,0.621
105.919,0.686
105.937,0.699
105.955,0.686
105.955,0.712
105.974,0.699
105.992,0.699
105.992,0.699
106.009,0.673
106.029,0.699
106.029,0.673
106.047,0.608
106.047,0.686
106.063,0.634
106.082,0.492
106.082,0.634
106.100,0.531
106.119,0.181
106.119,0.556
106.136,0.259
106.154,0.466
106.154,0.362
106.173,0.388
106.193,0.582
106.193,0.298
106.212,0.556
106.230,0.194
106.230,0.531
106.248,0.647
106.266,0.492
106.266,0.634
106.283,0.686
106.302,0.608
106.302,0.686
106.321,0.712
106.321,0.660
106.339,0.699
106.357,0.699
106.358,0.699
106.375,0.699
106.393,0.673
106.393,0.699
106.411,0.686
106.429,0.621
106.429,0.686
106.446,0.647
106.465,0.518
106.465,0.660
106.482,0.544
106.500,0.686
106.500,0.569
106.520,0.324
106.537,0.427
106.537,0.414
106.554,0.349
106.573,0.582
106.573,0.311
106.591,0.556
106.610,0.207
106.610,0.531
106.628,0.634
106.646,0.479
106.646,0.634
106.664,0.686
106.683,0.608
106.683,0.673
106.701,0.699
106.701,0.673
106.720,0.699
106.738,0.699
106.738,0.699
106.756,0.712
106.774,0.673
106.774,0.699
106.793,0.686
106.811,0.634
106.811,0.686
106.829,0.647
106.847,0.544
106.847,0.660
106.865,0.556
106.883,0.285
106.884,0.595
106.901,0.388
106.921,0.388
106.921,0.440
106.939,0.272
106.957,0.569
106.957,0.181
106.974,0.531
106.993,0.647
106.993,0.492
107.011,0.634
107.028,0.453
107.028,0.621
107.047,0.673
107.047,0.582
107.066,0.673
107.084,0.712
107.084,0.660
107.102,0.699
107.123,0.712
107.123,0.686
107.141,0.712
107.160,0.686
107.160,0.712
107.178,0.699
107.179,0.634
107.196,0.712
107.213,0.660
107.213,0.556
107.232,0.660
107.250,0.569
107.250,0.324
107.267,0.608
107.286,0.414
107.286,0.349
107.305,0.479
107.321,0.259
107.321,0.544
107.339,0.155
107.358,0.518
107.358,0.634
107.376,0.492
107.393,0.634
107.393,0.440
107.412,0.608
107.431,0.686
107.431,0.582
107.448,0.660
107.467,0.699
107.467,0.660
107.485,0.686
107.501,0.699
107.503,0.699
107.520,0.699
107.538,0.686
107.538,0.712
107.557,0.699
107.574,0.647
107.574,0.712
107.591,0.660
107.609,0.569
107.609,0.673
107.626,0.595
107.644,0.388
107.644,0.621
107.662,0.453
107.679,0.298
107.679,0.492
107.696,0.233
107.715,0.531
107.715,0.660
107.732,0.492
107.749,0.634
107.750,0.453
107.768,0.608
107.785,0.388
107.785,0.595
107.803,0.673
107.822,0.556
107.822,0.660
107.841,0.699
107.858,0.647
107.858,0.686
107.875,0.712
107.893,0.699
107.893,0.712
107.910,0.699
107.928,0.712
107.928,0.699
107.946,0.660
107.964,0.699
107.965,0.673
107.982,0.569
108.001,0.686
108.001,0.595
108.019,0.414
108.039,0.621
108.039,0.466
108.057,0.233
108.075,0.505
108.075,0.168
108.093,0.505
108.111,0.246
108.111,0.479
108.129,0.634
108.148,0.427
108.148,0.595
108.167,0.362
108.167,0.582
108.184,0.660
108.202,0.544
108.202,0.647
108.219,0.699
108.238,0.647
108.238,0.699
108.257,0.699
108.276,0.686
108.276,0.712
108.293,0.699
108.312,0.699
108.312,0.699
108.329,0.660
108.347,0.712
108.347,0.673
108.365,0.595
108.383,0.686
108.383,0.621
108.400,0.440
108.418,0.634
108.418,0.505
108.435,0.220
108.453,0.531
108.453,0.259
108.471,0.505
108.489,0.285
108.489,0.453
108.507,0.621
108.524,0.388
108.524,0.582
108.542,0.298
108.560,0.556
108.560,0.673
108.578,0.531
108.595,0.647
108.595,0.699
108.614,0.634
108.632,0.686
108.632,0.712
108.650,0.673
108.668,0.712
108.668,0.686
108.686,0.699
108.705,0.712
108.705,0.673
108.722,0.712
108.739,0.673
108.739,0.608
108.757,0.686
108.775,0.621
108.775,0.479
108.792,0.634
108.811,0.518
108.811,0.207
108.828,0.544
108.846,0.233
108.846,0.492
108.863,0.336
108.881,0.414
108.881,0.608
108.900,0.349
108.917,0.582
108.917,0.246
108.934,0.544
108.952,0.673
108.952,0.518
108.970,0.634
108.988,0.699
109.006,0.621
109.006,0.686
109.024,0.712
109.024,0.673
109.043,0.699
109.063,0.699
109.063,0.699
109.082,0.712
109.103,0.673
109.103,0.712
109.123,0.686
109.123,0.621
109.144,0.686
109.144,0.634
109.165,0.492
109.185,0.647
109.185,0.531
109.203,0.207
109.203,0.569
109.221,0.285
109.239,0.440
109.239,0.362
109.259,0.388
109.276,0.582
109.276,0.311
109.295,0.569
109.314,0.220
109.314,0.531
109.333,0.647
109.333,0.505
109.354,0.634
109.375,0.686
109.375,0.608
109.394,0.686
109.394,0.712
109.413,0.673
109.433,0.699
109.433,0.699
109.454,0.699
109.454,0.699
109.473,0.673
109.493,0.699
109.493,0.686
109.511,0.621
109.530,0.686
109.530,0.634
109.548,0.518
109.548,0.660
109.566,0.556
109.585,0.246
109.585,0.582
109.603,0.349
109.622,0.414
109.622,0.414
109.639,0.336
109.657,0.569
109.658,0.233
109.676,0.544
109.693,0.194
109.693,0.518
109.710,0.634
109.728,0.466
109.728,0.621
109.745,0.686
109.765,0.608
109.765,0.673
109.783,0.712
109.802,0.673
109.802,0.712
109.820,0.712
109.837,0.699
109.838,0.712
109.855,0.686
109.872,0.712
109.873,0.686
109.893,0.634
109.893,0.712
109.912,0.647
109.930,0.518
109.930,0.660
109.946,0.556
109.965,0.298
109.965,0.621
109.983,0.375
110.001,0.388
110.001,0.440
110.019,0.311
110.037,0.556
110.037,0.207
110.055,0.531
110.073,0.647
110.073,0.492
110.092,0.634
110.110,0.453
110.110,0.608
110.128,0.686
110.146,0.595
110.146,0.673
110.164,0.699
110.183,0.673
110.183,0.699
110.203,0.686
110.220,0.699
110.220,0.699
110.239,0.686
110.239,0.712
110.258,0.686
110.277,0.647
110.277,0.699
110.295,0.660
110.314,0.544
110.314,0.660
110.333,0.582
110.352,0.336
110.352,0.608
110.371,0.427
110.371,0.336
110.390,0.479
110.408,0.233
110.408,0.556
110.426,0.181
110.444,0.518
110.445,0.647
110.462,0.479
110.481,0.634
110.481,0.608
110.499,0.608
110.517,0.686
110.517,0.582
110.534,0.673
110.553,0.699
110.554,0.660
110.572,0.699
110.589,0.712
110.589,0.699
110.606,0.725
110.624,0.686
110.624,0.725
110.643,0.699
110.643,0.647
110.661,0.699
110.679,0.660
110.679,0.569
110.696,0.673
110.714,0.582
110.731,0.401
110.732,0.608
110.750,0.453
110.768,0.285
110.768,0.479
110.786,0.207
110.786,0.621
110.804,0.207
110.821,0.492
110.840,0.634
110.840,0.453
110.865,0.608
110.865,0.388
110.883,0.582
110.883,0.673
110.902,0.556
110.919,0.660
110.919,0.699
110.938,0.647
110.955,0.686
110.955,0.699
110.974,0.686
110.992,0.712
110.992,0.699
111.010,0.712
111.027,0.699
111.027,0.660
111.045,0.699
111.062,0.660
111.062,0.582
111.080,0.673
111.099,0.608
111.099,0.414
111.117,0.634
111.134,0.466
111.134,0.259
111.152,0.518
111.170,0.207
111.170,0.505
111.189,0.285
111.207,0.479
111.207,0.621
111.225,0.427
111.242,0.608
111.242,0.349
111.260,0.582
111.277,0.673
111.277,0.556
111.295,0.660
111.314,0.699
111.314,0.647
111.331,0.699
111.349,0.712
111.349,0.686
111.366,0.712
111.385,0.686
111.385,0.712
111.403,0.699
111.422,0.660
111.422,0.712
111.439,0.660
111.458,0.595
111.458,0.673
111.475,0.608
111.494,0.453
111.494,0.634
111.512,0.544
111.532,0.233
111.532,0.531
111.551,0.181
111.551,0.492
111.568,0.298
111.587,0.440
111.587,0.621
111.605,0.388
111.623,0.595
111.623,0.285
111.641,0.544
111.658,0.660
111.658,0.531
111.677,0.647
111.695,0.699
111.696,0.634
111.715,0.686
111.733,0.699
111.733,0.686
111.752,0.712
111.752,0.699
111.770,0.712
111.790,0.712
111.790,0.660
111.810,0.712
111.829,0.673
111.829,0.608
111.849,0.686
111.849,0.634
111.867,0.479
111.886,0.647
111.886,0.531
111.903,0.194
111.921,0.556
111.921,0.259
111.939,0.466
111.957,0.336
111.957,0.427
111.975,0.595
111.993,0.362
111.993,0.582
112.011,0.246
112.028,0.725
112.029,0.647
112.047,0.518
112.065,0.647
112.065,0.699
112.084,0.634
112.100,0.699
112.101,0.699
112.118,0.686
112.137,0.712
112.137,0.699
112.154,0.712
112.172,0.699
112.172,0.686
112.189,0.699
112.208,0.686
112.208,0.621
112.225,0.686
112.243,0.634
112.243,0.505
112.261,0.647
112.279,0.531
112.279,0.259
112.297,0.556
112.314,0.311
112.314,0.440
112.332,0.544
112.349,0.375
112.349,0.608
112.367,0.272
112.385,0.556
112.385,0.233
112.403,0.531
112.422,0.647
112.422,0.492
112.439,0.634
112.457,0.686
112.457,0.621
112.474,0.686
112.493,0.712
112.493,0.673
112.512,0.699
112.530,0.712
112.530,0.712
112.548,0.712
112.567,0.686
112.567,0.712
112.585,0.686
112.585,0.621
112.603,0.699
112.622,0.634
112.623,0.518
112.641,0.660
112.659,0.544
112.659,0.259
112.679,0.582
112.698,0.336
112.698,0.427
112.717,0.414
112.717,0.349
112.737,0.569
112.758,0.259
112.759,0.544
112.779,0.660
112.779,0.518
112.797,0.634
112.817,0.466
112.817,0.621
112.835,0.686
112.835,0.647
112.854,0.673
112.873,0.712
112.873,0.660
112.892,0.699
112.911,0.699
112.911,0.699
112.930,0.712
112.948,0.686
112.948,0.712
112.967,0.686
112.967,0.634
112.986,0.686
113.004,0.660
113.004,0.544
113.025,0.673
113.044,0.569
113.044,0.440
113.061,0.595
113.062,0.401
113.081,0.375
113.100,0.466
113.100,0.285
113.119,0.556
113.138,0.220
113.138,0.531
113.156,0.660
113.156,0.505
113.175,0.621
113.193,0.453
113.193,0.608
113.213,0.686
113.231,0.582
113.232,0.673
113.252,0.712
113.252,0.660
113.271,0.699
113.289,0.712
113.289,0.699
113.309,0.712
113.328,0.686
113.328,0.712
113.346,0.699
113.364,0.712
113.364,0.699
113.381,0.660
113.401,0.544
113.401,0.660
113.419,0.569
113.419,0.362
113.438,0.595
113.458,0.427
113.458,0.336
113.477,0.479
113.497,0.233
113.497,0.556
113.517,0.233
113.517,0.518
113.535,0.647
113.554,0.479
113.555,0.699
113.574,0.414
113.574,0.595
113.595,0.673
113.613,0.569
113.613,0.673
113.632,0.699
113.650,0.647
113.650,0.699
113.667,0.712
113.685,0.686
113.685,0.712
113.703,0.686
113.722,0.712
113.722,0.686
113.741,0.660
113.741,0.699
113.758,0.660
113.776,0.569
113.776,0.673
113.795,0.582
113.814,0.388
113.815,0.608
113.832,0.453
113.852,0.285
113.852,0.505
113.871,0.505
113.871,0.531
113.890,0.207
113.910,0.492
113.910,0.634
113.929,0.440
113.948,0.608
113.948,0.414
113.967,0.595
113.967,0.673
113.986,0.569
114.005,0.647
114.005,0.686
114.024,0.647
114.043,0.699
114.043,0.712
114.060,0.699
114.078,0.699
114.078,0.686
114.097,0.699
114.114,0.686
114.114,0.647
114.133,0.699
114.133,0.660
114.150,0.582
114.168,0.686
114.186,0.621
114.186,0.440
114.204,0.621
114.222,0.479
114.223,0.246
114.240,0.518
114.240,0.155
114.258,0.505
114.276,0.259
114.276,0.595
114.294,0.621
114.314,0.414
114.314,0.595
114.332,0.324
114.350,0.569
114.350,0.673
114.369,0.544
114.386,0.647
114.387,0.699
114.405,0.634
114.423,0.686
114.423,0.712
114.441,0.686
114.459,0.712
114.459,0.699
114.478,0.712
114.478,0.699
114.496,0.660
114.516,0.699
114.516,0.673
114.535,0.595
114.554,0.673
114.554,0.621
114.575,0.453
114.576,0.634
114.597,0.492
114.619,0.220
114.619,0.531
114.637,0.233
114.637,0.479
114.656,0.311
114.674,0.440
114.674,0.621
114.692,0.595
114.692,0.582
114.712,0.298
114.733,0.569
114.733,0.660
114.753,0.544
114.753,0.660
114.773,0.699
114.794,0.621
114.794,0.699
114.814,0.699
114.815,0.686
114.834,0.699
114.859,0.699
114.859,0.699
114.878,0.699
114.878,0.673
114.898,0.712
114.898,0.673
114.916,0.608
114.935,0.686
114.935,0.621
114.956,0.479
114.956,0.634
114.974,0.518
114.995,0.194
114.995,0.556
115.013,0.272
115.033,0.466
115.033,0.349
115.053,0.401
115.053,0.595
115.072,0.311
115.091,0.582
115.091,0.634
115.109,0.544
115.110,0.647
115.128,0.505
115.147,0.647
115.147,0.699
115.164,0.621
115.182,0.699
115.183,0.712
115.201,0.686
115.220,0.712
115.220,0.699
115.239,0.699
115.257,0.712
115.257,0.673
115.277,0.712
115.277,0.686
115.293,0.621
115.312,0.686
115.312,0.634
115.330,0.505
115.347,0.647
115.347,0.531
115.365,0.207
115.384,0.569
115.384,0.324
115.401,0.660
115.420,0.375
115.421,0.375
115.440,0.582
115.458,0.298
115.458,0.556
115.477,0.181
115.494,0.518
115.494,0.647
115.512,0.492
115.530,0.621
115.530,0.673
115.548,0.608
115.566,0.686
115.566,0.712
115.584,0.673
115.601,0.712
115.601,0.712
115.619,0.699
115.638,0.712
115.638,0.673
115.655,0.712
115.673,0.686
115.673,0.634
115.690,0.699
115.709,0.647
115.709,0.595
115.729,0.660
115.729,0.556
115.747,0.259
115.765,0.595
115.765,0.362
115.784,0.401
115.803,0.440
115.803,0.336
115.822,0.582
115.842,0.233
115.842,0.556
115.861,0.647
115.861,0.518
115.880,0.647
115.898,0.479
115.898,0.634
115.918,0.699
115.937,0.595
115.937,0.673
115.955,0.699
115.955,0.673
115.973,0.712
115.991,0.712
115.991,0.699
116.010,0.712
116.029,0.686
116.029,0.712
116.047,0.686
116.065,0.634
116.065,0.686
116.085,0.647
116.103,0.544
116.103,0.673
116.122,0.569
116.122,0.324
116.140,0.595
116.157,0.401
116.157,0.362
116.174,0.453
116.193,0.298
116.211,0.556
116.211,0.220
116.230,0.518
116.230,0.647
116.249,0.479
116.268,0.634
116.268,0.440
116.286,0.608
116.304,0.686
116.304,0.582
116.324,0.673
116.324,0.699
116.342,0.660
116.359,0.699
116.377,0.712
116.377,0.699
116.394,0.712
116.413,0.686
116.413,0.712
116.432,0.712
116.432,0.647
116.450,0.699
116.467,0.660
116.467,0.556
116.485,0.673
116.504,0.582
116.504,0.388
116.522,0.608
116.539,0.427
116.540,0.336
116.558,0.492
116.575,0.272
116.575,0.544
116.593,0.220
116.611,0.505
116.611,0.634
116.628,0.673
116.647,0.621
116.647,0.401
116.664,0.608
116.682,0.673
116.682,0.569
116.699,0.660
116.717,0.699
116.717,0.660
116.737,0.699
116.756,0.712
116.757,0.686
116.779,0.699
116.779,0.686
116.800,0.699
116.819,0.699
116.819,0.660
116.838,0.699
116.838,0.660
116.856,0.582
116.874,0.673
116.874,0.595
116.891,0.414
116.911,0.621
116.911,0.479
116.929,0.246
116.949,0.505
116.949,0.194
116.967,0.531
116.985,0.233
116.985,0.479
117.003,0.634
117.020,0.440
117.020,0.608
117.038,0.505
117.038,0.582
117.056,0.673
117.074,0.556
117.093,0.660
117.093,0.712
117.110,0.647
117.110,0.699
117.129,0.712
117.146,0.686
117.146,0.699
117.165,0.699
117.183,0.712
117.183,0.699
117.203,0.673
117.220,0.712
117.220,0.673
117.240,0.582
117.256,0.699
117.256,0.608
117.276,0.427
117.296,0.621
117.296,0.479
117.313,0.233
117.314,0.518
117.333,0.220
117.352,0.505
117.352,0.272
117.371,0.466
117.388,0.621
117.388,0.401
117.407,0.595
117.425,0.336
117.425,0.582
117.444,0.673
117.444,0.608
117.463,0.647
117.482,0.699
117.482,0.634
117.500,0.686
117.518,0.712
117.518,0.660
117.536,0.699
117.554,0.699
117.555,0.699
117.574,0.699
117.592,0.660
117.592,0.699
117.609,0.673
117.628,0.595
117.628,0.686
117.647,0.608
117.647,0.466
117.665,0.634
117.684,0.531
117.684,0.181
117.703,0.544
117.722,0.207
117.722,0.492
117.740,0.336
117.759,0.427
117.759,0.608
117.779,0.362
117.779,0.582
117.796,0.233
117.815,0.556
117.815,0.660
117.832,0.531
117.850,0.647
117.850,0.699
117.869,0.621
117.887,0.686
117.887,0.712
117.904,0.686
117.922,0.712
117.922,0.699
117.941,0.699
117.959,0.699
117.959,0.673
117.978,0.712
117.996,0.686
117.996,0.608
118.014,0.686
118.032,0.621
118.032,0.492
118.053,0.647
118.053,0.531
118.071,0.168
118.090,0.556
118.090,0.259
118.109,0.453
118.127,0.349
118.127,0.388
118.145,0.582
118.165,0.311
118.165,0.556
118.183,0.220
118.183,0.531
118.202,0.647
118.220,0.505
118.220,0.634
118.238,0.699
118.256,0.621
118.256,0.686
118.276,0.712
118.294,0.673
118.294,0.699
118.312,0.699
118.330,0.699
118.330,0.699
118.348,0.686
118.367,0.712
118.367,0.686
118.385,0.608
118.385,0.699
118.403,0.634
118.420,0.518
118.421,0.660
118.438,0.556
118.456,0.220
118.475,0.569
118.475,0.699
118.493,0.427
118.493,0.414
118.512,0.349
118.529,0.582
118.529,0.246
118.548,0.556
118.565,0.336
118.565,0.531
118.582,0.647
118.600,0.479
118.600,0.634
118.619,0.699
118.637,0.608
118.637,0.686
118.655,0.699
118.672,0.673
118.672,0.738
118.690,0.699
118.711,0.699
118.711,0.699
118.734,0.686
118.734,0.712
118.759,0.686
118.759,0.634
118.780,0.712
118.780,0.699
118.799,0.531
118.817,0.660
118.817,0.556
118.839,0.272
118.839,0.582
118.864,0.375
118.864,0.388
118.883,0.440
118.901,0.311
118.901,0.569
118.921,0.194
118.921,0.531
118.940,0.647
118.959,0.505
118.959,0.634
118.976,0.466
118.994,0.725
118.994,0.686
119.012,0.595
119.031,0.673
119.031,0.699
119.049,0.660
119.068,0.699
119.068,0.712
119.086,0.699
119.104,0.712
119.104,0.673
119.122,0.712
119.122,0.699
119.143,0.647
119.163,0.699
119.163,0.647
119.180,0.556
119.198,0.764
119.198,0.582
119.218,0.336
119.218,0.608
119.243,0.427
119.243,0.336
119.261,0.466
119.279,0.272
119.279,0.556
119.298,0.207
119.318,0.531
119.318,0.634
119.337,0.492
119.358,0.634
119.358,0.440
119.378,0.608
119.378,0.673
119.400,0.582
119.400,0.660
119.427,0.712
119.427,0.660
119.447,0.699
119.447,0.712
119.465,0.686
119.483,0.699
119.483,0.686
119.502,0.712
119.520,0.699
119.520,0.634
119.539,0.699
119.558,0.660
119.558,0.556
119.576,0.673
119.576,0.582
119.595,0.375
119.614,0.608
119.614,0.453
119.633,0.349
119.651,0.479
119.651,0.181
119.671,0.531
119.671,0.194
119.693,0.479
119.714,0.647
119.714,0.427
119.735,0.608
119.735,0.401
119.755,0.582
119.755,0.673
119.775,0.569
119.792,0.660
119.793,0.699
119.812,0.712
119.830,0.699
119.830,0.712
119.848,0.686
119.867,0.712
119.867,0.699
119.887,0.712
119.887,0.686
119.904,0.660
119.924,0.712
119.924,0.673
119.943,0.582
119.964,0.673
119.964,0.608
119.984,0.427
119.984,0.621
120.004,0.479
120.004,0.634
120.023,0.518
120.043,0.181
120.043,0.518
120.063,0.233
120.081,0.479
120.081,0.621
120.100,0.440
120.100,0.608
120.118,0.349
120.137,0.582
120.137,0.660
120.156,0.544
120.175,0.647
120.175,0.699
120.195,0.634
120.195,0.686
120.214,0.751
120.233,0.686
120.234,0.712
120.253,0.699
120.272,0.699
120.272,0.699
120.292,0.660
120.292,0.699
120.313,0.673
120.333,0.595
120.333,0.699
120.358,0.608
120.358,0.453
120.379,0.634
120.379,0.505
120.397,0.181
120.397,0.531
120.416,0.220
120.433,0.492
120.433,0.311
120.451,0.440
120.470,0.608
120.470,0.401
120.487,0.595
120.506,0.285
120.506,0.569
120.524,0.660
120.541,0.531
120.541,0.647
120.559,0.699
120.577,0.634
120.577,0.686
120.595,0.712
120.617,0.686
120.617,0.712
120.635,0.725
120.653,0.699
120.653,0.699
120.672,0.660
120.672,0.712
120.690,0.673
120.707,0.621
120.707,0.673
120.729,0.621
120.749,0.466
120.749,0.634
120.767,0.531
120.767,0.181
120.792,0.544
120.792,0.246
120.812,0.466
120.833,0.349
120.833,0.401
120.853,0.595
120.853,0.324
120.874,0.582
120.874,0.233
120.896,0.544
120.916,0.660
120.916,0.518
120.936,0.634
120.936,0.686
120.954,0.621
120.973,0.686
120.974,0.699
120.992,0.673
121.010,0.699
121.010,0.712
121.029,0.686
121.029,0.699
121.049,0.673
121.067,0.712
121.067,0.686
121.086,0.621
121.104,0.686
121.104,0.634
121.122,0.505
121.141,0.647
121.141,0.531
121.159,0.246
121.178,0.569
121.178,0.298
121.198,0.440
121.198,0.401
121.215,0.375
121.234,0.582
121.234,0.311
121.253,0.673
121.272,0.207
121.272,0.531
121.290,0.647
121.310,0.492
121.310,0.621
121.328,0.673
121.328,0.621
121.346,0.673
121.364,0.699
121.364,0.660
121.382,0.699
121.401,0.699
121.401,0.699
121.420,0.699
121.437,0.673
121.437,0.699
121.455,0.673
121.473,0.621
121.473,0.686
121.490,0.634
121.508,0.569
121.508,0.647
121.526,0.544
121.544,0.259
121.544,0.608
121.562,0.362
121.580,0.414
121.580,0.427
121.597,0.324
121.614,0.582
121.614,0.220
121.633,0.531
121.651,0.647
121.651,0.492
121.668,0.634
121.687,0.453
121.688,0.621
121.704,0.673
121.722,0.595
121.722,0.673
121.739,0.699
121.758,0.660
121.758,0.699
121.777,0.699
121.794,0.686
121.794,0.699
121.814,0.673
121.831,0.699
121.831,0.686
121.849,0.634
121.866,0.699
121.866,0.647
121.886,0.531
121.903,0.647
121.903,0.569
121.921,0.285
121.938,0.582
121.938,0.388
121.956,0.375
121.974,0.453
121.974,0.259
121.993,0.544
121.993,0.285
122.012,0.531
122.029,0.647
122.029,0.492
122.046,0.621
122.064,0.440
122.082,0.595
122.082,0.673
122.100,0.582
122.117,0.660
122.117,0.699
122.136,0.660
122.153,0.686
122.153,0.699
122.171,0.686
122.188,0.699
122.188,0.686
122.208,0.699
122.208,0.673
122.227,0.634
122.244,0.699
122.244,0.647
122.263,0.556
122.281,0.660
122.281,0.582
122.300,0.362
122.321,0.608
122.321,0.440
122.339,0.311
122.339,0.492
122.357,0.207
122.377,0.544
122.377,0.194
122.395,0.492
122.412,0.621
122.412,0.453
122.431,0.608
122.450,0.388
122.450,0.582
122.467,0.673
122.485,0.569
122.485,0.673
122.503,0.712
122.520,0.647
122.520,0.699
122.539,0.712
122.558,0.686
122.558,0.699
122.576,0.699
122.594,0.699
122.595,0.686
122.614,0.634
122.614,0.699
122.633,0.660
122.651,0.556
122.652,0.673
122.670,0.595
122.688,0.388
122.690,0.608
122.707,0.453
122.726,0.259
122.726,0.505
122.745,0.155
122.745,0.518
122.764,0.207
122.783,0.582
122.783,0.608
122.801,0.440
122.819,0.595
122.819,0.375
122.837,0.582
122.856,0.660
122.856,0.556
122.874,0.660
122.874,0.699
122.893,0.634
122.910,0.686
122.912,0.712
122.928,0.686
122.947,0.699
122.948,0.686
122.965,0.686
122.985,0.699
122.985,0.647
123.005,0.699
123.005,0.673
123.025,0.582
123.266,0.673
123.267,0.595
123.267,0.427
123.267,0.595
123.267,0.479
123.267,0.194
123.267,0.518
123.267,0.181
123.267,0.492
123.267,0.285
123.267,0.453
123.267,0.608
123.267,0.388
123.267,0.595
123.267,0.298
123.267,0.569
123.267,0.660
123.267,0.544
123.267,0.647
123.267,0.686
123.268,0.621
123.285,0.686
