时间(s),电压(V)
0.296,0.453
0.296,0.324
0.296,0.505
0.296,0.233
0.296,0.556
0.297,0.181
0.297,0.531
0.297,0.660
0.297,0.492
0.297,0.647
0.297,0.440
0.297,0.621
0.297,0.699
0.297,0.595
0.297,0.686
0.297,0.738
0.297,0.686
0.297,0.699
0.297,0.738
0.297,0.712
0.297,0.738
0.297,0.712
0.297,0.725
0.298,0.725
0.298,0.686
0.369,0.725
0.369,0.699
0.369,0.595
0.369,0.699
0.369,0.634
0.369,0.427
0.382,0.634
0.487,0.492
0.487,0.298
0.487,0.531
0.487,0.155
0.488,0.556
0.488,0.233
0.488,0.505
0.488,0.647
0.488,0.466
0.571,0.634
0.571,0.686
0.571,0.608
0.571,0.699
0.571,0.621
0.571,0.686
0.571,0.725
0.591,0.673
0.591,0.725
0.608,0.738
0.625,0.725
0.640,0.738
0.640,0.725
0.654,0.738
0.670,0.725
0.685,0.686
0.701,0.738
0.701,0.699
0.717,0.621
0.743,0.712
0.744,0.634
0.783,0.466
0.783,0.660
0.785,0.505
0.785,0.207
0.813,0.544
0.813,0.660
0.834,0.518
0.834,0.324
0.852,0.492
0.868,0.634
0.869,0.414
0.884,0.621
0.899,0.336
0.915,0.595
0.915,0.686
0.930,0.556
0.946,0.673
0.961,0.725
0.961,0.660
0.977,0.725
0.991,0.751
1.008,0.712
1.022,0.738
1.022,0.738
1.038,0.738
1.055,0.738
1.055,0.699
1.072,0.738
1.088,0.725
1.102,0.634
1.118,0.725
1.118,0.647
1.132,0.492
1.148,0.673
1.165,0.531
1.165,0.155
1.181,0.569
1.196,0.207
1.213,0.505
1.213,0.349
1.228,0.453
1.244,0.634
1.261,0.362
1.261,0.621
1.275,0.298
1.290,0.582
1.306,0.686
1.306,0.556
1.321,0.660
1.337,0.712
1.353,0.647
1.367,0.712
1.367,0.738
1.383,0.712
1.398,0.738
1.412,0.725
1.413,0.725
1.428,0.725
1.443,0.686
1.458,0.738
1.473,0.712
1.473,0.634
1.487,0.712
1.503,0.660
1.517,0.505
1.534,0.686
1.534,0.556
1.548,0.207
1.564,0.595
1.579,0.298
1.594,0.479
1.594,0.401
1.609,0.401
1.624,0.608
1.640,0.699
1.640,0.595
1.655,0.194
1.670,0.556
1.684,0.673
1.700,0.518
1.700,0.660
1.715,0.725
1.730,0.647
1.745,0.712
1.761,0.751
1.762,0.699
1.777,0.738
1.791,0.738
1.806,0.738
1.806,0.738
1.821,0.712
1.836,0.738
1.852,0.725
1.867,0.660
1.867,0.725
1.883,0.660
1.899,0.544
1.914,0.712
1.915,0.569
1.931,0.220
1.947,0.608
1.961,0.349
1.961,0.453
1.977,0.427
1.992,0.362
2.008,0.595
2.008,0.246
2.023,0.582
2.039,0.181
2.055,0.556
2.070,0.673
2.070,0.518
2.086,0.647
2.101,0.712
2.117,0.634
2.117,0.699
2.134,0.738
2.148,0.699
2.164,0.738
2.164,0.738
2.179,0.738
2.195,0.725
2.210,0.699
2.224,0.738
2.226,0.725
2.241,0.660
2.256,0.725
2.272,0.673
2.272,0.569
2.287,0.686
2.301,0.608
2.316,0.336
2.333,0.621
2.333,0.427
2.348,0.531
2.363,0.479
2.378,0.298
2.378,0.595
2.394,0.207
2.410,0.569
2.425,0.686
2.425,0.531
2.443,0.660
2.458,0.479
2.474,0.647
2.474,0.712
2.489,0.621
2.504,0.686
2.521,0.738
2.521,0.699
2.536,0.725
2.552,0.725
2.567,0.725
2.583,0.738
2.583,0.712
2.598,0.738
2.613,0.725
2.629,0.673
2.629,0.725
2.645,0.686
2.661,0.569
2.677,0.686
2.677,0.608
2.693,0.375
2.708,0.634
2.725,0.453
2.725,0.362
2.740,0.492
2.756,0.259
2.772,0.569
2.772,0.194
2.788,0.531
2.805,0.673
2.820,0.492
2.820,0.647
2.835,0.440
2.852,0.634
2.868,0.712
2.868,0.595
2.884,0.686
2.899,0.738
2.915,0.686
2.915,0.725
2.931,0.738
2.946,0.712
2.962,0.751
2.962,0.725
2.978,0.738
2.994,0.738
3.011,0.686
3.011,0.738
3.026,0.699
3.042,0.595
3.058,0.699
3.058,0.634
3.073,0.414
3.089,0.647
3.106,0.479
3.106,0.298
3.122,0.531
3.138,0.220
3.153,0.556
3.153,0.207
3.168,0.544
3.184,0.660
3.201,0.479
3.201,0.647
3.217,0.414
3.233,0.621
3.249,0.712
3.249,0.595
3.266,0.699
3.281,0.725
3.298,0.673
3.298,0.725
3.314,0.725
3.330,0.712
3.330,0.738
3.346,0.712
3.362,0.738
3.378,0.725
3.378,0.686
3.394,0.725
3.410,0.686
3.425,0.621
3.425,0.712
3.442,0.621
3.459,0.453
3.474,0.660
3.474,0.505
3.491,0.207
3.507,0.544
3.523,0.194
3.523,0.531
3.540,0.259
3.557,0.492
3.557,0.647
3.573,0.414
3.589,0.621
3.606,0.349
3.606,0.595
3.622,0.699
3.639,0.569
3.639,0.686
3.656,0.725
3.671,0.660
3.688,0.725
3.688,0.738
3.705,0.725
3.722,0.738
3.738,0.725
3.738,0.738
3.755,0.738
3.771,0.699
3.771,0.738
3.787,0.699
3.805,0.634
3.823,0.712
3.823,0.647
3.840,0.479
3.856,0.660
3.856,0.518
3.873,0.168
3.890,0.569
3.905,0.207
3.905,0.518
3.922,0.311
3.939,0.479
3.939,0.647
3.955,0.414
3.972,0.608
3.989,0.298
3.989,0.608
4.005,0.686
4.022,0.556
4.022,0.673
4.038,0.725
4.054,0.660
4.071,0.699
4.071,0.725
4.087,0.712
4.104,0.738
4.104,0.725
4.122,0.738
4.138,0.738
4.155,0.712
4.156,0.738
4.172,0.712
4.189,0.634
4.189,0.712
4.205,0.647
4.223,0.518
4.239,0.673
4.239,0.556
4.257,0.168
4.273,0.582
4.273,0.272
4.290,0.479
4.306,0.388
4.306,0.414
4.323,0.621
4.339,0.311
4.356,0.595
4.356,0.233
4.373,0.569
4.389,0.686
4.389,0.531
4.407,0.660
4.424,0.725
4.441,0.647
4.441,0.725
4.458,0.738
4.474,0.699
4.474,0.738
4.492,0.738
4.508,0.738
4.525,0.738
4.525,0.712
4.542,0.738
4.559,0.712
4.559,0.647
4.575,0.725
4.591,0.660
4.607,0.544
4.607,0.686
4.625,0.569
4.642,0.220
4.642,0.595
4.660,0.349
4.678,0.453
4.678,0.414
4.695,0.401
4.713,0.621
4.713,0.298
4.733,0.582
4.750,0.220
4.750,0.544
4.769,0.673
4.788,0.518
4.788,0.647
4.805,0.712
4.823,0.634
4.823,0.699
4.841,0.738
4.859,0.699
4.859,0.725
4.876,0.725
4.893,0.712
4.893,0.738
4.911,0.699
4.928,0.738
4.928,0.712
4.944,0.660
4.962,0.725
4.962,0.673
4.981,0.544
4.997,0.686
4.997,0.595
5.015,0.298
5.032,0.608
5.050,0.401
5.050,0.401
5.068,0.466
5.085,0.324
5.085,0.595
5.102,0.544
5.120,0.569
5.120,0.686
5.136,0.531
5.155,0.673
5.155,0.466
5.172,0.647
5.190,0.712
5.190,0.621
5.207,0.699
5.224,0.738
5.224,0.686
5.241,0.725
5.258,0.738
5.276,0.725
5.276,0.738
5.293,0.712
5.311,0.738
5.311,0.712
5.328,0.660
5.346,0.725
5.346,0.673
5.364,0.569
5.383,0.686
5.383,0.595
5.401,0.362
5.421,0.621
5.421,0.479
5.440,0.362
5.440,0.479
5.458,0.233
5.477,0.582
5.477,0.220
5.495,0.531
5.511,0.673
5.511,0.505
5.528,0.647
5.546,0.453
5.546,0.621
5.563,0.712
5.583,0.608
5.583,0.699
5.602,0.738
5.619,0.686
5.619,0.738
5.637,0.738
5.656,0.725
5.656,0.725
5.674,0.712
5.692,0.738
5.692,0.725
5.712,0.673
5.712,0.725
5.731,0.686
5.750,0.595
5.750,0.712
5.768,0.608
5.785,0.401
5.785,0.647
5.803,0.466
5.820,0.336
5.820,0.518
5.838,0.246
5.857,0.556
5.857,0.220
5.876,0.518
5.893,0.660
5.893,0.479
5.911,0.634
5.927,0.401
5.927,0.634
5.945,0.699
5.962,0.595
5.962,0.686
5.981,0.738
6.001,0.686
6.001,0.725
6.019,0.725
6.037,0.725
6.037,0.738
6.054,0.725
6.072,0.738
6.072,0.725
6.090,0.686
6.107,0.738
6.107,0.686
6.125,0.582
6.143,0.699
6.143,0.634
6.160,0.453
6.179,0.647
6.179,0.505
6.197,0.246
6.214,0.556
6.214,0.220
6.233,0.544
6.250,0.349
6.250,0.505
6.268,0.647
6.287,0.440
6.287,0.634
6.304,0.375
6.322,0.608
6.323,0.699
6.343,0.582
6.360,0.699
6.360,0.738
6.380,0.673
6.380,0.725
6.399,0.738
6.416,0.725
6.416,0.738
6.434,0.725
6.452,0.738
6.452,0.725
6.470,0.686
6.488,0.725
6.488,0.699
6.507,0.621
6.525,0.712
6.525,0.634
6.543,0.479
6.562,0.673
6.562,0.518
6.582,0.233
6.582,0.556
6.600,0.246
6.618,0.518
6.618,0.324
6.636,0.466
6.654,0.647
6.655,0.401
6.673,0.595
6.692,0.324
6.692,0.595
6.711,0.673
6.729,0.569
6.729,0.686
6.748,0.725
6.748,0.660
6.766,0.712
6.784,0.738
6.784,0.712
6.803,0.738
6.822,0.725
6.822,0.738
6.841,0.738
6.860,0.699
6.860,0.725
6.878,0.712
6.878,0.634
6.898,0.712
6.917,0.660
6.917,0.518
6.936,0.673
6.953,0.544
6.953,0.246
6.972,0.582
6.991,0.298
6.991,0.492
7.010,0.375
7.010,0.427
7.030,0.634
7.047,0.336
7.047,0.595
7.066,0.220
7.084,0.569
7.084,0.686
7.103,0.531
7.121,0.673
7.121,0.725
7.139,0.647
7.157,0.712
7.157,0.751
7.176,0.712
7.193,0.738
7.194,0.725
7.212,0.738
7.212,0.738
7.230,0.699
7.247,0.738
7.247,0.712
7.267,0.647
7.284,0.712
7.284,0.660
7.303,0.531
7.320,0.686
7.320,0.556
7.338,0.194
7.354,0.595
7.372,0.324
7.372,0.453
7.391,0.401
7.408,0.388
7.408,0.621
7.425,0.311
7.443,0.582
7.443,0.246
7.461,0.569
7.479,0.673
7.479,0.531
7.497,0.660
7.766,0.725
7.766,0.647
7.766,0.699
7.766,0.738
7.766,0.699
7.766,0.725
7.766,0.725
7.766,0.725
7.766,0.725
7.766,0.712
7.766,0.738
7.766,0.712
7.766,0.660
7.766,0.725
7.766,0.673
7.766,0.544
7.767,0.686
7.767,0.582
7.767,0.285
7.767,0.608
7.767,0.375
7.767,0.440
7.767,0.440
7.787,0.388
7.787,0.608
7.804,0.246
7.823,0.569
7.823,0.686
7.840,0.531
7.860,0.673
7.860,0.492
7.878,0.647
7.895,0.712
7.895,0.634
7.913,0.712
7.933,0.725
7.933,0.699
7.951,0.738
7.969,0.725
7.969,0.725
7.986,0.738
7.986,0.712
8.005,0.725
8.023,0.725
8.023,0.673
8.041,0.725
8.058,0.673
8.058,0.556
8.077,0.686
8.095,0.582
8.095,0.324
8.113,0.608
8.131,0.414
8.131,0.388
8.149,0.479
8.167,0.324
8.167,0.582
8.186,0.220
8.202,0.544
8.202,0.660
8.221,0.505
8.240,0.660
8.240,0.466
8.258,0.634
8.277,0.712
8.277,0.608
8.294,0.699
8.312,0.725
8.312,0.686
8.330,0.738
8.348,0.738
8.348,0.725
8.366,0.751
8.385,0.725
8.385,0.738
8.402,0.738
8.420,0.686
8.420,0.725
8.438,0.686
8.456,0.582
8.456,0.699
8.474,0.621
8.475,0.388
8.492,0.634
8.511,0.453
8.511,0.349
8.529,0.505
8.546,0.259
8.546,0.582
8.564,0.233
8.582,0.544
8.582,0.673
8.600,0.492
8.618,0.660
8.618,0.440
8.636,0.621
8.654,0.686
8.654,0.608
8.672,0.699
8.689,0.738
8.689,0.686
8.707,0.725
8.725,0.725
8.725,0.712
8.743,0.738
8.761,0.712
8.761,0.738
8.779,0.725
8.796,0.673
8.796,0.725
8.815,0.699
8.832,0.595
8.832,0.699
8.850,0.621
8.867,0.427
8.885,0.647
8.885,0.479
8.904,0.298
8.904,0.518
8.921,0.246
8.941,0.556
8.941,0.207
8.957,0.505
8.975,0.660
8.975,0.453
8.993,0.634
9.013,0.401
9.013,0.608
9.032,0.699
9.051,0.582
9.051,0.686
9.069,0.738
9.088,0.673
9.088,0.725
9.105,0.738
9.123,0.712
9.123,0.738
9.141,0.725
9.158,0.738
9.159,0.725
9.175,0.673
9.193,0.738
9.193,0.699
9.210,0.608
9.227,0.712
9.228,0.634
9.245,0.440
9.262,0.660
9.262,0.505
9.281,0.285
9.298,0.544
9.298,0.181
9.315,0.544
9.333,0.272
9.334,0.492
9.351,0.634
9.368,0.440
9.368,0.621
9.385,0.349
9.403,0.608
9.404,0.686
9.422,0.582
9.440,0.686
9.440,0.725
9.458,0.673
9.476,0.712
9.476,0.738
9.496,0.712
9.712,0.725
9.712,0.725
9.713,0.738
9.713,0.725
9.713,0.686
9.713,0.738
9.713,0.699
9.713,0.621
9.713,0.712
9.713,0.647
9.713,0.466
9.713,0.673
9.713,0.531
9.713,0.181
9.713,0.569
9.713,0.259
9.713,0.531
9.713,0.336
9.713,0.479
9.730,0.634
9.748,0.388
9.765,0.621
9.765,0.298
9.783,0.582
9.799,0.686
9.799,0.556
9.816,0.673
9.834,0.712
9.834,0.660
9.851,0.712
9.868,0.738
9.868,0.712
9.885,0.738
9.903,0.725
9.921,0.738
9.921,0.725
9.937,0.699
9.954,0.738
9.954,0.712
9.972,0.634
9.990,0.725
9.990,0.660
10.008,0.505
10.025,0.673
10.025,0.531
10.042,0.155
10.059,0.582
10.059,0.272
10.076,0.479
10.095,0.375
10.095,0.427
10.113,0.621
10.130,0.362
10.147,0.595
10.147,0.246
10.164,0.569
10.182,0.673
10.182,0.544
10.199,0.673
10.217,0.725
10.217,0.647
10.234,0.712
10.252,0.738
10.252,0.699
10.270,0.738
10.287,0.738
10.287,0.738
10.305,0.738
10.324,0.712
10.324,0.725
10.343,0.699
10.361,0.647
10.361,0.712
10.378,0.660
10.396,0.531
10.397,0.686
10.415,0.556
10.434,0.298
10.434,0.595
10.453,0.324
10.454,0.466
10.471,0.427
10.489,0.401
10.489,0.608
10.507,0.298
10.526,0.582
10.526,0.207
10.543,0.569
10.561,0.673
10.561,0.518
10.577,0.660
10.596,0.699
10.596,0.647
10.612,0.699
10.630,0.725
10.648,0.699
10.648,0.725
10.665,0.725
10.682,0.725
10.682,0.738
10.700,0.699
10.717,0.725
10.717,0.699
10.734,0.647
10.752,0.725
10.752,0.660
10.769,0.544
10.787,0.673
10.787,0.569
10.804,0.285
10.822,0.608
10.822,0.375
10.840,0.427
10.857,0.453
10.857,0.336
10.875,0.595
10.893,0.207
10.893,0.556
10.912,0.673
10.932,0.531
10.932,0.673
10.950,0.479
10.970,0.647
10.970,0.725
10.988,0.621
10.988,0.699
11.007,0.738
11.026,0.699
11.026,0.738
11.043,0.725
11.061,0.725
11.061,0.738
11.079,0.725
11.097,0.738
11.097,0.725
11.114,0.660
11.133,0.725
11.133,0.686
11.152,0.569
11.169,0.699
11.169,0.595
11.188,0.349
11.206,0.621
11.206,0.414
11.224,0.388
11.243,0.492
11.243,0.285
11.262,0.634
11.262,0.220
11.279,0.556
11.297,0.673
11.314,0.518
11.314,0.660
11.333,0.479
11.350,0.634
11.350,0.712
11.369,0.621
11.369,0.699
11.386,0.738
11.404,0.686
11.420,0.725
11.420,0.725
11.438,0.712
11.454,0.738
11.454,0.712
11.472,0.738
11.489,0.725
11.489,0.673
11.507,0.725
11.525,0.673
11.525,0.569
11.544,0.686
11.562,0.608
11.562,0.479
11.578,0.634
11.596,0.453
11.596,0.349
11.612,0.505
11.630,0.220
11.647,0.556
11.647,0.207
11.664,0.531
11.682,0.660
11.682,0.479
11.699,0.647
11.717,0.427
11.717,0.621
11.736,0.712
11.753,0.595
11.753,0.686
11.771,0.725
11.790,0.686
11.790,0.725
11.809,0.738
11.825,0.725
11.825,0.738
11.843,0.712
11.860,0.738
11.860,0.725
11.878,0.673
11.896,0.738
11.896,0.686
11.914,0.595
11.931,0.712
11.931,0.621
11.949,0.427
11.966,0.647
11.966,0.492
11.983,0.362
12.000,0.531
12.000,0.194
12.018,0.544
12.035,0.207
12.051,0.518
12.051,0.660
12.069,0.479
12.087,0.634
12.087,0.401
12.105,0.621
12.121,0.686
12.121,0.595
12.139,0.699
12.157,0.725
12.157,0.686
12.174,0.712
12.191,0.738
12.191,0.712
12.208,0.725
12.225,0.712
12.243,0.738
12.243,0.725
12.260,0.686
12.278,0.738
12.278,0.686
12.294,0.608
12.312,0.712
12.312,0.634
12.330,0.453
12.348,0.660
12.348,0.505
12.366,0.259
12.383,0.544
12.383,0.207
12.400,0.531
12.417,0.272
12.417,0.492
12.434,0.647
12.452,0.414
12.469,0.621
12.469,0.311
12.486,0.595
12.504,0.699
12.504,0.569
12.522,0.673
12.539,0.725
12.539,0.660
12.556,0.725
12.573,0.738
12.573,0.725
12.592,0.738
12.608,0.725
12.608,0.738
12.626,0.738
12.642,0.699
12.659,0.738
12.659,0.699
12.677,0.608
12.695,0.712
12.695,0.647
12.712,0.479
12.731,0.660
12.731,0.531
12.748,0.220
12.766,0.569
12.766,0.220
12.783,0.505
12.800,0.505
12.800,0.505
12.818,0.634
12.835,0.388
12.835,0.608
12.855,0.311
12.874,0.582
12.874,0.673
12.890,0.544
12.909,0.660
12.909,0.712
12.928,0.660
12.945,0.712
12.945,0.738
12.963,0.699
12.982,0.738
12.982,0.725
12.999,0.725
13.016,0.725
13.016,0.699
13.034,0.738
13.051,0.712
13.051,0.647
13.068,0.725
13.086,0.647
13.086,0.505
13.104,0.673
13.122,0.556
13.122,0.168
13.138,0.595
13.155,0.285
13.155,0.492
13.173,0.388
13.189,0.427
13.206,0.621
13.207,0.336
13.224,0.595
13.241,0.220
13.241,0.569
13.259,0.686
13.276,0.518
13.276,0.660
13.293,0.712
13.310,0.647
13.310,0.712
13.327,0.738
13.344,0.712
13.362,0.725
13.362,0.725
13.380,0.725
13.398,0.738
13.398,0.712
13.415,0.738
13.432,0.712
13.432,0.647
13.449,0.725
13.467,0.660
13.467,0.531
13.484,0.686
13.501,0.556
13.501,0.259
13.519,0.608
13.537,0.349
13.537,0.440
13.556,0.427
13.573,0.388
13.573,0.608
13.591,0.285
13.608,0.582
13.608,0.168
13.625,0.544
13.642,0.660
13.660,0.505
13.660,0.647
13.678,0.712
13.695,0.634
13.696,0.699
13.715,0.738
13.731,0.699
13.731,0.738
13.749,0.738
13.766,0.725
13.766,0.738
13.784,0.712
13.801,0.738
13.801,0.712
13.818,0.660
13.835,0.738
13.835,0.673
13.853,0.544
13.870,0.686
13.870,0.582
13.888,0.272
13.907,0.608
13.907,0.388
13.928,0.427
13.945,0.466
13.946,0.349
13.963,0.595
13.981,0.207
13.981,0.556
13.998,0.673
14.016,0.544
14.016,0.660
14.033,0.479
14.051,0.647
14.051,0.712
14.069,0.621
14.087,0.699
14.087,0.738
14.103,0.699
14.122,0.725
14.122,0.738
14.139,0.725
14.156,0.751
14.156,0.699
14.174,0.738
14.192,0.725
14.192,0.673
14.209,0.725
14.227,0.699
14.244,0.569
14.244,0.686
14.262,0.595
14.279,0.362
14.279,0.634
14.296,0.440
14.314,0.401
14.314,0.492
14.331,0.246
14.349,0.582
14.349,0.155
14.366,0.544
14.384,0.660
14.384,0.505
14.402,0.660
14.418,0.440
14.419,0.634
14.437,0.712
14.456,0.608
14.456,0.699
14.473,0.738
14.491,0.686
14.491,0.725
14.509,0.738
14.527,0.725
14.527,0.738
14.543,0.712
14.562,0.738
14.562,0.725
14.580,0.673
14.597,0.738
14.597,0.699
14.614,0.582
14.631,0.699
14.649,0.647
14.649,0.375
14.667,0.634
14.686,0.453
14.686,0.336
14.705,0.505
14.705,0.207
14.723,0.556
14.740,0.155
14.740,0.518
14.759,0.660
14.779,0.479
14.779,0.634
14.797,0.414
14.814,0.621
14.814,0.699
14.832,0.582
14.849,0.673
14.849,0.725
14.867,0.673
14.884,0.725
14.884,0.725
14.903,0.712
14.921,0.738
14.921,0.725
14.939,0.725
14.956,0.725
14.956,0.686
14.975,0.738
14.994,0.686
14.994,0.621
15.012,0.712
15.032,0.621
15.032,0.440
15.050,0.647
15.050,0.492
15.067,0.259
15.086,0.544
15.086,0.142
15.104,0.544
15.121,0.207
15.122,0.505
15.140,0.673
15.164,0.518
15.164,0.634
15.190,0.375
15.190,0.608
15.208,0.699
15.208,0.582
15.227,0.686
15.227,0.725
15.249,0.673
15.266,0.725
15.266,0.738
15.284,0.725
15.302,0.751
15.302,0.738
15.320,0.751
15.338,0.738
15.338,0.673
15.356,0.725
15.375,0.699
15.375,0.608
15.393,0.712
15.410,0.634
15.410,0.466
15.429,0.660
15.446,0.505
15.446,0.207
15.464,0.544
15.483,0.194
15.483,0.505
15.501,0.272
15.501,0.453
15.520,0.634
15.539,0.414
15.539,0.634
15.557,0.349
15.577,0.621
15.577,0.725
15.595,0.582
15.614,0.673
15.614,0.712
15.633,0.634
15.633,0.673
15.651,0.686
15.669,0.647
15.669,0.673
15.687,0.647
15.705,0.647
15.705,0.634
15.724,0.595
15.741,0.621
15.741,0.608
15.761,0.518
15.780,0.608
15.780,0.544
15.798,0.401
15.816,0.556
15.816,0.453
15.835,0.142
15.835,0.492
15.854,0.194
15.873,0.556
15.873,0.324
15.891,0.414
15.909,0.608
15.909,0.349
15.927,0.608
15.945,0.272
15.945,0.595
15.965,0.699
15.984,0.569
15.984,0.712
16.002,0.764
16.002,0.699
16.020,0.776
16.038,0.789
16.038,0.764
16.057,0.789
16.075,0.789
16.075,0.802
16.094,0.789
16.112,0.764
16.112,0.802
16.130,0.776
16.148,0.725
16.149,0.802
16.167,0.738
16.185,0.621
16.185,0.751
16.203,0.647
16.221,0.246
16.221,0.686
16.239,0.414
16.255,0.556
16.256,0.505
16.274,0.479
16.293,0.712
16.293,0.414
16.312,0.686
16.312,0.246
16.328,0.647
16.348,0.789
16.348,0.621
16.365,0.751
16.383,0.828
16.383,0.738
16.402,0.802
16.420,0.841
16.420,0.802
16.439,0.841
16.458,0.815
16.458,0.828
16.478,0.828
16.478,0.802
16.498,0.841
16.517,0.815
16.517,0.751
16.536,0.828
16.555,0.764
16.555,0.634
16.574,0.776
16.574,0.673
16.592,0.311
16.610,0.712
16.611,0.453
16.630,0.544
16.650,0.544
16.650,0.466
16.670,0.712
16.670,0.336
16.688,0.699
16.707,0.168
16.707,0.647
16.726,0.764
16.746,0.608
16.746,0.764
16.764,0.815
16.764,0.738
16.783,0.802
16.802,0.828
16.802,0.789
16.819,0.828
16.838,0.828
16.838,0.828
16.856,0.841
16.874,0.802
16.874,0.828
16.892,0.815
16.910,0.764
16.910,0.815
16.928,0.789
16.946,0.673
16.946,0.789
16.964,0.699
16.981,0.427
16.981,0.725
17.000,0.531
17.017,0.492
17.017,0.582
17.035,0.401
17.053,0.699
17.053,0.207
17.072,0.660
17.091,0.789
17.091,0.621
17.109,0.764
17.127,0.556
17.127,0.738
17.145,0.815
17.163,0.712
17.163,0.802
17.181,0.841
17.181,0.776
17.199,0.828
17.217,0.828
17.217,0.815
17.236,0.815
17.254,0.789
17.254,0.802
17.272,0.789
17.290,0.725
17.290,0.776
17.308,0.725
17.325,0.621
17.325,0.725
17.344,0.647
17.362,0.388
17.363,0.647
17.379,0.440
17.398,0.349
17.398,0.492
17.416,0.479
17.434,0.544
17.434,0.194
17.452,0.492
17.471,0.621
17.471,0.440
17.490,0.595
17.508,0.362
17.508,0.569
17.526,0.634
17.526,0.518
17.544,0.608
17.563,0.634
17.563,0.582
17.581,0.608
17.599,0.621
17.599,0.595
17.618,0.595
17.635,0.582
17.635,0.582
17.653,0.556
17.671,0.505
17.671,0.544
17.688,0.492
17.707,0.388
17.707,0.505
17.726,0.401
17.744,0.246
17.744,0.414
17.762,0.259
17.781,0.181
17.781,0.324
17.799,0.168
17.817,0.362
17.817,0.194
17.835,0.336
17.835,0.466
17.854,0.285
17.872,0.453
17.872,0.233
17.890,0.427
17.909,0.531
17.909,0.427
17.928,0.531
17.945,0.582
17.946,0.531
17.965,0.595
17.983,0.595
17.983,0.595
18.003,0.608
18.003,0.595
18.021,0.660
18.039,0.621
18.039,0.569
18.059,0.634
18.076,0.595
18.076,0.505
18.095,0.621
18.114,0.544
18.114,0.375
18.132,0.634
18.150,0.427
18.150,0.207
18.168,0.479
18.186,0.142
18.186,0.479
18.205,0.207
18.205,0.440
18.223,0.608
18.241,0.712
18.241,0.595
18.260,0.324
18.278,0.569
18.278,0.660
18.297,0.544
18.314,0.660
18.314,0.712
18.332,0.647
18.350,0.699
18.350,0.712
18.369,0.712
18.386,0.725
18.386,0.725
18.405,0.738
18.424,0.725
18.424,0.686
18.442,0.738
18.461,0.712
18.461,0.621
18.478,0.712
18.496,0.660
18.496,0.505
18.516,0.673
18.516,0.544
18.534,0.181
18.552,0.582
18.552,0.207
18.569,0.531
18.588,0.349
18.588,0.492
18.607,0.660
18.624,0.427
18.625,0.634
18.643,0.324
18.662,0.608
18.662,0.712
18.681,0.569
18.699,0.673
18.699,0.738
18.717,0.686
18.718,0.738
18.736,0.751
18.755,0.738
18.755,0.764
18.772,0.751
18.790,0.764
18.790,0.751
18.810,0.712
18.828,0.751
18.828,0.738
18.846,0.660
18.864,0.751
18.864,0.686
18.883,0.544
18.901,0.699
18.901,0.569
18.920,0.168
18.920,0.608
18.938,0.686
18.956,0.518
18.956,0.414
18.974,0.440
18.993,0.660
18.993,0.362
19.012,0.621
19.031,0.220
19.031,0.595
19.048,0.712
19.067,0.569
19.067,0.686
19.085,0.751
19.103,0.686
19.103,0.751
19.121,0.764
19.139,0.751
19.139,0.776
19.157,0.764
19.175,0.764
19.175,0.776
19.192,0.738
19.211,0.776
19.211,0.751
19.229,0.686
19.229,0.751
19.247,0.699
19.265,0.569
19.265,0.712
19.284,0.595
19.302,0.194
19.302,0.634
19.321,0.349
19.339,0.492
19.339,0.440
19.357,0.427
19.375,0.634
19.375,0.492
19.394,0.608
19.411,0.155
19.411,0.556
19.429,0.686
19.448,0.531
19.448,0.660
19.466,0.712
19.484,0.621
19.484,0.673
19.504,0.712
19.504,0.673
19.522,0.699
19.540,0.686
19.540,0.673
19.559,0.673
19.576,0.634
19.576,0.660
19.595,0.621
19.612,0.556
19.612,0.608
19.630,0.531
19.647,0.427
19.649,0.531
19.666,0.427
19.685,0.272
19.685,0.427
19.702,0.233
19.721,0.505
19.721,0.259
19.739,0.194
19.759,0.388
19.759,0.181
19.776,0.375
19.795,0.466
19.795,0.336
19.812,0.453
19.812,0.298
19.830,0.453
19.849,0.518
19.849,0.440
19.868,0.505
19.885,0.544
19.885,0.505
19.904,0.531
19.923,0.544
19.923,0.531
19.942,0.544
19.961,0.518
19.961,0.531
19.979,0.531
20.000,0.466
20.000,0.531
20.018,0.479
20.018,0.375
20.036,0.492
20.054,0.401
20.054,0.194
20.072,0.634
20.090,0.246
20.090,0.259
20.109,0.298
20.127,0.220
20.127,0.375
20.144,0.142
20.163,0.349
20.163,0.440
20.183,0.311
20.183,0.440
20.201,0.272
20.219,0.427
20.219,0.492
20.238,0.414
20.255,0.479
20.255,0.531
20.274,0.479
20.293,0.531
20.293,0.544
20.311,0.518
20.330,0.544
20.330,0.531
20.348,0.544
20.366,0.518
20.366,0.466
20.384,0.518
20.384,0.466
20.403,0.375
20.421,0.479
20.421,0.401
20.439,0.233
20.457,0.440
20.457,0.272
20.475,0.194
20.493,0.647
20.493,0.155
20.510,0.388
20.528,0.142
20.528,0.349
20.546,0.479
20.565,0.375
20.565,0.479
20.582,0.285
20.600,0.440
20.600,0.518
20.619,0.427
20.637,0.492
20.637,0.544
20.655,0.479
20.674,0.544
20.674,0.531
20.691,0.518
20.709,0.544
20.709,0.531
20.727,0.544
20.745,0.544
20.745,0.505
20.763,0.544
20.781,0.505
20.781,0.569
20.800,0.518
20.817,0.440
20.817,0.285
20.836,0.466
20.853,0.324
20.853,0.181
20.871,0.349
20.890,0.220
20.890,0.362
20.908,0.220
20.925,0.311
20.925,0.427
20.942,0.259
20.960,0.401
20.960,0.233
20.979,0.531
20.997,0.531
20.997,0.349
21.018,0.466
21.018,0.518
21.037,0.440
21.056,0.492
21.056,0.518
21.073,0.492
21.090,0.505
21.091,0.634
21.110,0.518
21.127,0.518
21.127,0.479
21.145,0.518
21.162,0.492
21.162,0.427
21.180,0.505
21.198,0.453
21.198,0.595
21.215,0.453
21.234,0.324
21.234,0.220
21.251,0.375
21.268,0.466
21.268,0.336
21.286,0.194
21.303,0.285
21.303,0.492
21.322,0.246
21.340,0.427
21.340,0.181
21.358,0.388
21.376,0.479
21.376,0.349
21.394,0.453
21.411,0.505
21.411,0.427
21.431,0.505
21.449,0.518
21.449,0.492
21.466,0.518
21.484,0.505
21.484,0.505
21.502,0.621
21.520,0.466
21.520,0.505
21.539,0.479
21.539,0.414
21.560,0.479
21.579,0.427
21.579,0.285
21.597,0.440
21.616,0.544
21.616,0.168
21.636,0.362
21.636,0.168
21.654,0.298
21.673,0.207
21.673,0.246
21.693,0.414
21.713,0.233
21.713,0.401
21.731,0.168
21.731,0.362
21.748,0.466
21.766,0.336
21.766,0.453
21.784,0.492
21.802,0.440
21.802,0.518
21.820,0.518
21.840,0.492
21.840,0.505
21.858,0.518
21.877,0.505
21.877,0.505
21.895,0.492
21.913,0.505
21.913,0.505
21.931,0.427
21.950,0.492
21.950,0.440
21.969,0.311
21.969,0.453
21.990,0.349
22.010,0.181
22.010,0.375
22.032,0.582
22.032,0.375
22.054,0.246
22.054,0.246
22.073,0.388
22.092,0.207
22.092,0.375
22.112,0.155
22.112,0.336
22.131,0.453
22.150,0.298
22.150,0.440
22.170,0.479
22.189,0.427
22.189,0.479
22.208,0.505
22.208,0.479
22.227,0.505
22.246,0.505
22.246,0.505
22.266,0.505
22.284,0.479
22.284,0.505
22.304,0.492
22.304,0.427
22.322,0.492
22.340,0.440
22.340,0.324
22.358,0.453
22.376,0.401
22.376,0.194
22.394,0.375
22.413,0.220
22.413,0.233
22.431,0.246
22.448,0.194
22.449,0.375
22.466,0.194
22.483,0.362
22.484,0.453
22.503,0.324
22.522,0.440
22.522,0.608
22.540,0.427
22.540,0.492
22.558,0.388
22.576,0.479
22.576,0.518
22.594,0.466
22.611,0.505
22.612,0.518
22.630,0.505
22.649,0.518
22.649,0.479
22.667,0.518
22.685,0.492
22.685,0.427
22.702,0.505
22.720,0.440
22.720,0.582
22.738,0.466
22.756,0.375
22.756,0.207
22.775,0.388
22.793,0.246
22.793,0.246
22.811,0.272
22.828,0.181
22.828,0.595
22.847,0.220
22.865,0.336
22.865,0.453
22.883,0.311
22.901,0.427
22.901,0.272
22.918,0.414
22.937,0.479
22.937,0.699
22.955,0.466
22.974,0.505
22.974,0.466
22.993,0.505
23.010,0.505
23.010,0.492
23.027,0.505
23.046,0.725
23.046,0.518
23.065,0.492
23.065,0.453
23.082,0.505
23.100,0.466
23.100,0.375
23.117,0.479
23.136,0.401
23.136,0.233
23.155,0.414
23.173,0.285
23.173,0.220
23.191,0.311
23.209,0.168
23.209,0.362
23.227,0.142
23.245,0.556
23.245,0.453
23.262,0.272
23.280,0.427
23.281,0.220
23.298,0.414
23.316,0.479
23.316,0.375
23.334,0.466
23.352,0.505
23.352,0.453
23.369,0.505
23.387,0.505
23.387,0.492
23.405,0.505
23.422,0.492
23.422,0.518
23.441,0.492
23.458,0.453
23.458,0.505
23.476,0.453
23.494,0.362
23.494,0.479
23.511,0.401
23.529,0.207
23.529,0.414
23.546,0.272
23.566,0.595
23.566,0.311
23.583,0.194
23.599,0.336
23.601,0.168
23.618,0.285
23.636,0.427
23.636,0.272
23.654,0.427
23.672,0.233
23.673,0.401
23.691,0.479
23.710,0.375
23.710,0.466
23.728,0.505
23.746,0.440
23.747,0.582
23.765,0.505
23.783,0.492
23.783,0.505
23.804,0.492
23.804,0.505
23.822,0.505
23.839,0.453
23.839,0.492
23.857,0.647
23.875,0.401
23.875,0.492
23.892,0.427
23.910,0.259
23.910,0.440
23.928,0.311
23.946,0.194
23.946,0.349
23.964,0.168
23.981,0.336
23.981,0.194
23.999,0.272
24.017,0.440
24.017,0.233
24.035,0.427
24.054,0.207
24.054,0.621
24.072,0.466
24.091,0.336
24.091,0.466
24.109,0.505
24.127,0.453
24.127,0.479
24.145,0.505
24.164,0.492
24.165,0.505
24.181,0.492
24.199,0.505
24.199,0.505
24.217,0.479
24.234,0.505
24.234,0.492
24.253,0.401
24.270,0.621
24.270,0.427
24.288,0.311
24.305,0.453
24.305,0.324
24.323,0.168
24.341,0.362
24.341,0.194
24.358,0.298
24.377,0.207
24.377,0.272
24.396,0.440
24.413,0.233
24.413,0.427
24.432,0.194
24.449,0.414
24.449,0.518
24.467,0.388
24.485,0.569
24.485,0.569
24.504,0.518
24.522,0.582
24.522,0.608
24.538,0.582
24.556,0.634
24.556,0.634
24.574,0.634
24.591,0.647
24.591,0.608
24.610,0.660
24.627,0.634
24.628,0.569
24.646,0.647
24.663,0.595
24.663,0.440
24.683,0.621
24.700,0.505
24.700,0.155
24.720,0.544
24.720,0.233
24.739,0.453
24.757,0.362
24.757,0.414
24.777,0.608
24.796,0.505
24.796,0.582
24.814,0.220
24.832,0.556
24.832,0.660
24.850,0.531
24.868,0.647
24.868,0.712
24.886,0.699
24.887,0.686
24.904,0.738
24.922,0.686
24.922,0.725
24.939,0.712
24.957,0.725
24.957,0.725
24.975,0.699
24.994,0.725
24.994,0.712
25.012,0.647
25.029,0.712
25.029,0.660
25.047,0.544
25.065,0.673
25.065,0.569
25.084,0.544
25.102,0.595
25.102,0.388
25.120,0.453
25.139,0.440
25.139,0.362
25.157,0.595
25.175,0.233
25.175,0.556
25.194,0.207
25.211,0.531
25.211,0.660
25.229,0.492
25.247,0.647
25.248,0.712
25.266,0.608
25.284,0.686
25.284,0.725
25.302,0.673
25.320,0.712
25.320,0.712
25.339,0.699
25.339,0.712
25.358,0.686
25.378,0.725
25.378,0.686
25.396,0.634
25.415,0.699
25.415,0.647
25.433,0.518
25.452,0.660
25.452,0.544
25.470,0.259
25.470,0.582
25.489,0.349
25.507,0.569
25.508,0.427
25.525,0.285
25.544,0.544
25.544,0.181
25.562,0.518
25.580,0.634
25.580,0.479
25.599,0.725
25.617,0.453
25.617,0.608
25.635,0.673
25.653,0.582
25.653,0.673
25.672,0.699
25.672,0.660
25.690,0.699
25.710,0.712
25.710,0.699
25.728,0.712
25.747,0.686
25.747,0.712
25.766,0.699
25.785,0.647
25.785,0.712
25.804,0.699
25.804,0.556
25.822,0.673
25.841,0.582
25.841,0.349
25.859,0.621
25.879,0.440
25.879,0.349
25.897,0.492
25.916,0.582
25.916,0.556
25.935,0.207
25.935,0.518
25.954,0.660
25.972,0.492
25.972,0.647
25.990,0.427
26.010,0.634
26.010,0.699
26.029,0.621
26.046,0.699
26.047,0.738
26.065,0.699
26.085,0.751
26.085,0.751
26.103,0.738
26.103,0.764
26.122,0.751
26.140,0.776
26.140,0.764
26.158,0.725
26.177,0.776
26.177,0.738
26.195,0.647
26.215,0.764
26.215,0.686
26.232,0.492
26.232,0.725
26.250,0.556
26.269,0.336
26.270,0.608
26.288,0.168
26.307,0.634
26.307,0.349
26.326,0.595
26.344,0.738
26.344,0.531
26.362,0.725
26.380,0.479
26.380,0.712
26.399,0.776
26.399,0.673
26.417,0.764
26.437,0.815
26.437,0.764
26.455,0.815
26.473,0.828
26.473,0.802
26.492,0.815
26.511,0.802
26.511,0.815
26.529,0.815
26.529,0.764
26.548,0.815
26.566,0.789
26.566,0.699
26.584,0.789
26.602,0.712
26.602,0.544
26.621,0.738
26.639,0.595
26.639,0.272
26.657,0.634
26.675,0.142
26.675,0.621
26.694,0.311
26.712,0.569
26.712,0.725
26.730,0.518
26.749,0.712
26.749,0.414
26.767,0.699
26.785,0.764
26.785,0.647
26.804,0.751
26.804,0.802
26.822,0.751
26.841,0.802
26.841,0.815
26.858,0.789
26.877,0.815
26.877,0.802
26.894,0.802
26.913,0.815
26.913,0.764
26.931,0.802
26.948,0.776
26.948,0.699
26.966,0.789
26.985,0.712
26.985,0.556
27.003,0.738
27.021,0.608
27.021,0.168
27.039,0.634
27.058,0.259
27.058,0.582
27.075,0.375
27.093,0.531
27.093,0.712
27.112,0.453
27.129,0.660
27.129,0.595
27.147,0.634
27.166,0.725
27.166,0.582
27.184,0.712
27.202,0.751
27.202,0.686
27.220,0.738
27.239,0.751
27.239,0.725
27.256,0.751
27.256,0.725
27.275,0.725
27.295,0.738
27.295,0.699
27.312,0.725
27.329,0.686
27.329,0.621
27.348,0.699
27.367,0.647
27.367,0.479
27.385,0.647
27.405,0.531
27.405,0.168
27.425,0.556
27.425,0.233
27.448,0.466
27.448,0.336
27.468,0.414
27.488,0.595
27.488,0.336
27.508,0.569
27.508,0.207
27.527,0.544
27.546,0.647
27.546,0.505
27.563,0.634
27.581,0.686
27.581,0.621
27.599,0.673
27.618,0.699
27.619,0.673
27.637,0.699
27.637,0.725
27.656,0.699
27.674,0.699
27.674,0.673
27.693,0.699
27.712,0.686
27.712,0.621
27.730,0.686
27.750,0.634
27.750,0.492
27.767,0.647
27.785,0.544
27.785,0.181
27.804,0.569
27.804,0.298
27.822,0.466
27.839,0.414
27.839,0.518
27.858,0.608
27.875,0.298
27.875,0.582
27.894,0.168
27.912,0.544
27.912,0.673
27.930,0.505
27.948,0.660
27.948,0.725
27.966,0.660
27.984,0.725
27.984,0.751
28.003,0.725
28.021,0.764
28.021,0.764
28.039,0.764
28.057,0.776
28.057,0.751
28.076,0.776
28.093,0.764
28.093,0.699
28.114,0.776
28.114,0.725
28.133,0.595
28.151,0.738
28.151,0.647
28.169,0.466
28.187,0.686
28.187,0.453
28.204,0.492
28.222,0.531
28.222,0.414
28.239,0.686
28.257,0.311
28.257,0.660
28.275,0.738
28.292,0.621
28.293,0.751
28.311,0.569
28.327,0.738
28.328,0.802
28.345,0.712
28.364,0.789
28.364,0.815
28.381,0.776
28.399,0.815
28.417,0.802
28.417,0.802
28.434,0.815
28.452,0.789
28.452,0.802
28.469,0.789
28.488,0.738
28.488,0.802
28.507,0.738
28.507,0.621
28.524,0.738
28.541,0.647
28.559,0.362
28.559,0.673
28.577,0.453
28.595,0.440
28.595,0.505
28.614,0.324
28.614,0.608
28.631,0.155
28.649,0.556
28.649,0.686
28.667,0.621
28.685,0.634
28.685,0.427
28.704,0.608
28.722,0.660
28.722,0.569
28.739,0.634
28.757,0.660
28.757,0.595
28.775,0.634
28.792,0.634
28.810,0.608
28.810,0.595
28.828,0.569
28.828,0.582
28.846,0.544
28.865,0.492
28.865,0.556
28.883,0.492
28.901,0.362
28.901,0.479
28.919,0.375
28.936,0.194
28.936,0.388
28.954,0.233
28.972,0.194
28.972,0.285
28.989,0.194
29.008,0.375
29.008,0.181
29.026,0.349
29.045,0.479
29.045,0.349
29.062,0.492
29.080,0.324
29.080,0.556
29.097,0.595
29.116,0.492
29.116,0.595
29.135,0.660
29.153,0.595
29.153,0.660
29.172,0.686
29.190,0.673
29.190,0.699
29.208,0.673
29.225,0.699
29.225,0.699
29.243,0.660
29.261,0.712
29.261,0.673
29.279,0.582
29.296,0.686
29.296,0.621
29.314,0.414
29.331,0.634
29.331,0.479
29.349,0.285
29.367,0.544
29.367,0.155
29.386,0.569
29.403,0.168
29.403,0.544
29.421,0.673
29.439,0.492
29.439,0.660
29.456,0.427
29.474,0.647
29.474,0.725
29.492,0.634
29.511,0.725
29.511,0.751
29.528,0.699
29.547,0.764
29.547,0.776
29.564,0.751
29.581,0.776
29.581,0.764
29.600,0.776
29.618,0.764
29.618,0.738
29.636,0.776
29.654,0.751
29.654,0.660
29.672,0.751
29.690,0.699
29.690,0.569
29.708,0.712
29.727,0.556
29.727,0.246
29.746,0.608
29.746,0.181
29.763,0.595
29.781,0.298
29.799,0.556
29.799,0.712
29.817,0.492
29.817,0.699
29.834,0.414
29.853,0.673
29.853,0.764
29.871,0.647
29.890,0.764
29.890,0.802
29.908,0.751
29.927,0.789
29.927,0.815
29.944,0.789
29.962,0.828
29.962,0.815
29.981,0.815
29.999,0.815
29.999,0.776
30.017,0.815
30.035,0.789
30.035,0.725
30.053,0.802
30.071,0.738
30.071,0.582
30.089,0.751
30.106,0.621
30.107,0.181
30.125,0.660
30.143,0.259
30.144,0.608
30.162,0.375
30.162,0.556
30.180,0.725
30.199,0.492
30.199,0.725
30.218,0.388
30.236,0.673
30.236,0.764
30.254,0.634
30.273,0.751
30.273,0.802
30.291,0.738
30.310,0.789
30.310,0.802
30.329,0.776
30.329,0.802
30.348,0.789
30.365,0.802
30.365,0.789
30.384,0.751
30.402,0.802
30.402,0.751
30.421,0.699
30.439,0.776
30.439,0.712
30.457,0.544
30.476,0.712
30.476,0.582
30.494,0.142
30.512,0.621
30.512,0.272
30.529,0.518
30.548,0.388
30.548,0.440
30.566,0.634
30.585,0.349
30.585,0.595
30.603,0.246
30.603,0.544
30.622,0.660
30.639,0.505
30.639,0.621
30.658,0.673
30.675,0.595
30.675,0.647
30.693,0.673
30.712,0.621
30.712,0.660
30.730,0.647
30.749,0.634
30.749,0.634
30.767,0.595
30.784,0.608
30.785,0.595
30.804,0.518
30.822,0.582
30.822,0.518
30.840,0.375
30.840,0.518
30.859,0.401
30.876,0.194
30.876,0.414
30.895,0.181
30.913,0.285
30.913,0.634
30.932,0.233
30.949,0.401
30.949,0.194
30.967,0.375
30.986,0.155
30.986,0.336
31.005,0.453
31.025,0.324
31.025,0.427
31.045,0.492
31.045,0.427
31.063,0.505
31.081,0.531
31.081,0.518
31.100,0.556
31.119,0.556
31.119,0.569
31.137,0.582
31.157,0.556
31.157,0.608
31.176,0.569
31.176,0.531
31.193,0.595
31.211,0.556
31.211,0.453
31.230,0.582
31.249,0.505
31.249,0.220
31.267,0.544
31.285,0.324
31.285,0.388
31.306,0.401
31.306,0.324
31.327,0.582
31.348,0.207
31.348,0.556
31.368,0.673
31.368,0.531
31.388,0.647
31.407,0.479
31.407,0.660
31.428,0.725
31.428,0.647
31.448,0.725
31.467,0.751
31.467,0.712
31.487,0.751
31.488,0.764
31.508,0.764
31.508,0.764
31.529,0.738
31.549,0.764
31.550,0.751
31.570,0.699
31.570,0.764
31.589,0.712
31.608,0.621
31.609,0.738
31.630,0.634
31.630,0.401
31.650,0.673
31.650,0.479
31.673,0.440
31.693,0.544
31.693,0.324
31.714,0.647
31.714,0.168
31.735,0.621
31.735,0.738
31.753,0.595
31.772,0.738
31.772,0.531
31.790,0.712
31.809,0.776
31.809,0.686
31.827,0.776
31.845,0.815
31.845,0.764
31.863,0.802
31.881,0.828
31.881,0.802
31.901,0.828
31.901,0.802
31.918,0.828
31.936,0.802
31.954,0.764
31.954,0.815
31.972,0.776
31.990,0.673
31.990,0.789
32.009,0.699
32.009,0.466
32.027,0.725
32.045,0.531
32.045,0.440
32.064,0.595
32.082,0.298
32.082,0.647
32.100,0.194
32.119,0.634
32.119,0.751
32.136,0.582
32.155,0.725
32.155,0.531
32.174,0.712
32.192,0.789
32.192,0.699
32.209,0.776
32.228,0.815
32.228,0.764
32.246,0.802
32.246,0.802
32.264,0.802
32.281,0.815
32.281,0.789
32.299,0.802
32.317,0.789
32.335,0.751
32.335,0.789
32.355,0.751
32.355,0.673
32.372,0.764
32.390,0.686
32.390,0.479
32.407,0.686
32.426,0.531
32.426,0.311
32.444,0.569
32.462,0.207
32.462,0.595
32.480,0.220
32.499,0.531
32.499,0.686
32.516,0.479
32.534,0.660
32.534,0.414
32.552,0.634
32.570,0.725
32.570,0.595
32.589,0.699
32.607,0.751
32.607,0.686
32.624,0.738
32.643,0.725
32.643,0.725
32.660,0.738
32.678,0.712
32.678,0.725
32.696,0.725
32.714,0.673
32.714,0.712
32.732,0.673
32.750,0.582
32.750,0.673
32.768,0.686
32.787,0.414
32.787,0.634
32.805,0.466
32.824,0.233
32.824,0.518
32.845,0.168
32.845,0.492
32.866,0.220
32.866,0.440
32.886,0.595
32.906,0.388
32.906,0.582
32.927,0.298
32.927,0.556
32.947,0.647
32.968,0.518
32.968,0.647
32.986,0.660
32.986,0.595
33.005,0.660
33.023,0.673
33.023,0.647
33.042,0.673
33.060,0.660
33.060,0.673
33.080,0.673
33.098,0.621
33.098,0.647
33.116,0.621
33.116,0.544
33.136,0.621
33.155,0.556
33.155,0.401
33.175,0.569
33.175,0.440
33.195,0.181
33.213,0.479
33.213,0.259
33.230,0.414
33.250,0.298
33.250,0.349
33.267,0.518
33.286,0.285
33.286,0.492
33.303,0.246
33.323,0.466
33.323,0.569
33.341,0.440
33.359,0.556
33.359,0.608
33.377,0.531
33.395,0.595
33.395,0.608
33.412,0.582
33.430,0.621
33.430,0.608
33.449,0.608
33.466,0.608
33.466,0.569
33.484,0.608
33.502,0.582
33.502,0.492
33.521,0.595
33.521,0.518
33.540,0.479
33.558,0.531
33.558,0.414
33.577,0.233
33.594,0.440
33.594,0.285
33.612,0.349
33.630,0.233
33.631,0.311
33.650,0.479
33.668,0.259
33.668,0.440
33.685,0.181
33.704,0.414
33.704,0.531
33.721,0.388
33.740,0.505
33.740,0.556
33.758,0.479
33.779,0.556
33.779,0.569
33.797,0.544
33.797,0.582
33.815,0.556
33.833,0.556
33.833,0.556
33.851,0.544
33.869,0.569
33.869,0.544
33.888,0.479
33.905,0.544
33.905,0.492
33.924,0.375
33.941,0.505
33.942,0.401
33.960,0.233
33.979,0.440
33.979,0.259
33.996,0.634
34.014,0.272
34.014,0.246
34.033,0.466
34.033,0.207
34.052,0.427
34.070,0.233
34.070,0.414
34.088,0.531
34.106,0.388
34.106,0.518
34.124,0.582
34.141,0.518
34.141,0.582
34.160,0.608
34.178,0.582
34.178,0.621
34.198,0.621
34.217,0.608
34.217,0.621
34.235,0.595
34.236,0.621
34.253,0.595
34.271,0.544
34.271,0.608
34.290,0.556
34.307,0.440
34.307,0.556
34.325,0.466
34.343,0.220
34.343,0.479
34.362,0.272
34.379,0.285
34.379,0.336
34.397,0.259
34.416,0.492
34.416,0.207
34.434,0.453
34.452,0.544
34.452,0.414
34.469,0.544
34.487,0.375
34.487,0.531
34.505,0.595
34.523,0.505
34.523,0.582
34.541,0.621
34.561,0.569
34.561,0.608
34.579,0.621
34.598,0.608
34.598,0.621
34.617,0.595
34.617,0.608
34.635,0.608
34.655,0.544
34.655,0.608
34.673,0.569
34.692,0.466
34.692,0.582
34.711,0.492
34.730,0.246
34.730,0.531
34.749,0.324
34.749,0.324
34.768,0.401
34.787,0.233
34.787,0.505
34.805,0.181
34.824,0.479
34.824,0.582
34.842,0.440
34.842,0.569
34.861,0.388
34.879,0.544
34.879,0.621
34.898,0.531
34.916,0.608
34.916,0.647
34.933,0.595
34.951,0.647
34.951,0.647
34.970,0.621
34.987,0.647
34.987,0.621
35.005,0.647
35.024,0.634
35.024,0.582
35.041,0.634
35.059,0.595
35.059,0.518
35.077,0.621
35.096,0.518
35.096,0.324
35.113,0.556
35.131,0.388
35.131,0.259
35.149,0.427
35.167,0.246
35.167,0.479
35.186,0.155
35.205,0.427
35.205,0.582
35.223,0.401
35.224,0.556
35.242,0.336
35.259,0.544
35.259,0.621
35.279,0.531
35.297,0.634
35.297,0.673
35.314,0.621
35.332,0.673
35.332,0.686
35.350,0.673
35.368,0.699
35.368,0.686
35.386,0.712
35.405,0.699
35.405,0.647
35.422,0.712
35.439,0.673
35.439,0.582
35.457,0.699
35.475,0.621
35.475,0.427
35.493,0.660
35.511,0.505
35.511,0.298
35.528,0.569
35.545,0.207
35.545,0.582
35.563,0.233
35.581,0.556
35.581,0.712
35.600,0.505
35.618,0.699
35.618,0.453
35.636,0.686
35.654,0.764
35.654,0.660
35.672,0.751
35.690,0.789
35.690,0.738
35.709,0.789
35.727,0.802
35.727,0.776
35.745,0.802
35.762,0.789
35.762,0.802
35.781,0.789
35.798,0.751
35.798,0.802
35.816,0.764
35.833,0.673
35.833,0.776
35.851,0.699
35.869,0.531
35.869,0.725
35.888,0.569
35.905,0.285
35.905,0.621
35.922,0.194
35.940,0.595
35.940,0.349
35.957,0.544
35.976,0.712
35.976,0.479
35.994,0.686
36.012,0.375
36.012,0.660
36.030,0.751
36.047,0.621
36.048,0.725
36.066,0.789
36.084,0.712
36.084,0.764
36.102,0.776
36.120,0.764
36.120,0.776
36.137,0.751
36.156,0.764
36.156,0.751
36.174,0.725
36.191,0.764
36.191,0.725
36.209,0.647
36.226,0.725
36.227,0.660
36.245,0.492
36.263,0.660
36.263,0.531
36.280,0.181
36.298,0.556
36.298,0.259
36.316,0.492
36.334,0.336
36.335,0.414
36.352,0.634
36.369,0.362
36.369,0.582
36.387,0.298
36.405,0.544
36.405,0.647
36.423,0.518
36.440,0.634
36.441,0.686
36.459,0.608
36.476,0.673
36.476,0.686
36.494,0.634
36.512,0.686
36.512,0.660
36.529,0.647
36.546,0.647
36.546,0.621
36.564,0.634
36.582,0.608
36.582,0.531
36.600,0.595
36.618,0.531
36.619,0.414
36.636,0.531
36.654,0.414
36.654,0.194
36.673,0.453
36.692,0.246
36.692,0.336
36.710,0.272
36.728,0.272
36.728,0.466
36.746,0.220
36.764,0.660
36.764,0.194
36.781,0.388
36.800,0.505
36.800,0.375
36.818,0.479
36.836,0.544
36.836,0.466
36.854,0.544
36.872,0.569
36.872,0.531
36.891,0.544
36.908,0.556
36.908,0.556
36.926,0.556
36.945,0.531
36.945,0.582
36.963,0.544
36.963,0.492
36.981,0.556
36.998,0.505
36.999,0.388
37.017,0.518
37.034,0.414
37.034,0.220
37.052,0.440
37.070,0.556
37.070,0.298
37.089,0.311
37.107,0.272
37.107,0.453
37.125,0.246
37.143,0.414
37.143,0.233
37.160,0.388
37.178,0.505
37.178,0.336
37.197,0.492
37.214,0.544
37.214,0.466
37.234,0.544
37.251,0.569
37.252,0.544
37.269,0.621
37.287,0.569
37.287,0.569
37.304,0.582
37.322,0.569
37.322,0.582
37.341,0.582
37.359,0.544
37.359,0.595
37.376,0.569
37.394,0.466
37.394,0.595
37.413,0.518
37.430,0.246
37.430,0.556
37.448,0.336
37.466,0.375
37.466,0.440
37.484,0.298
37.502,0.582
37.502,0.220
37.520,0.569
37.538,0.686
37.538,0.544
37.556,0.699
37.573,0.518
37.573,0.725
37.591,0.764
37.609,0.673
37.609,0.764
37.628,0.802
37.646,0.764
37.646,0.802
37.664,0.802
37.682,0.815
37.682,0.815
37.699,0.802
37.717,0.815
37.717,0.802
37.735,0.738
37.754,0.802
37.754,0.751
37.772,0.634
37.789,0.751
37.789,0.647
37.808,0.401
37.808,0.621
37.826,0.440
37.844,0.311
37.845,0.440
37.862,0.207
37.881,0.453
37.881,0.608
37.901,0.362
37.919,0.453
37.919,0.311
37.937,0.479
37.956,0.324
37.956,0.531
37.973,0.634
37.992,0.569
37.992,0.686
38.010,0.738
38.028,0.712
38.028,0.764
38.045,0.789
38.046,0.789
38.064,0.815
38.082,0.802
38.082,0.828
38.101,0.815
38.119,0.764
38.119,0.828
38.137,0.789
38.156,0.699
38.156,0.789
38.173,0.712
38.191,0.492
38.192,0.725
38.211,0.556
38.231,0.388
38.231,0.608
38.249,0.207
38.249,0.660
38.267,0.168
38.287,0.608
38.287,0.738
38.306,0.544
38.325,0.686
38.325,0.479
38.346,0.699
38.346,0.764
38.366,0.673
38.386,0.751
38.386,0.789
38.406,0.738
38.406,0.776
38.425,0.802
38.444,0.776
38.444,0.789
38.462,0.776
38.462,0.789
38.481,0.776
38.498,0.738
38.498,0.776
38.517,0.738
38.534,0.647
38.534,0.751
38.553,0.673
38.573,0.479
38.573,0.686
38.592,0.544
38.610,0.595
38.610,0.582
38.629,0.181
38.648,0.582
38.649,0.285
38.667,0.531
38.667,0.699
38.686,0.479
38.705,0.673
38.705,0.401
38.723,0.660
38.741,0.738
38.741,0.608
38.759,0.738
38.778,0.764
38.778,0.712
38.795,0.764
38.813,0.776
38.813,0.751
38.831,0.776
38.849,0.764
38.849,0.764
38.866,0.751
38.884,0.725
38.884,0.776
38.903,0.751
38.921,0.660
38.921,0.738
38.938,0.673
38.956,0.518
38.956,0.699
38.975,0.556
38.975,0.181
38.993,0.595
39.011,0.207
39.011,0.569
39.028,0.349
39.047,0.505
39.047,0.686
39.065,0.453
39.084,0.673
39.084,0.349
39.104,0.647
39.122,0.751
39.122,0.621
39.141,0.738
39.158,0.776
39.158,0.725
39.176,0.776
39.194,0.802
39.194,0.776
39.213,0.802
39.213,0.802
39.231,0.802
39.249,0.815
39.249,0.776
39.267,0.815
39.285,0.776
39.285,0.712
39.303,0.789
39.321,0.725
39.321,0.582
39.339,0.751
39.356,0.621
39.356,0.142
39.375,0.660
39.392,0.298
39.392,0.595
39.411,0.453
39.428,0.531
39.428,0.712
39.447,0.453
39.465,0.699
39.465,0.311
39.484,0.673
39.502,0.764
39.502,0.634
39.520,0.764
39.538,0.815
39.538,0.751
39.556,0.815
39.574,0.828
39.574,0.802
39.592,0.828
39.610,0.828
39.610,0.828
39.628,0.828
39.646,0.802
39.646,0.828
39.664,0.815
39.682,0.738
39.682,0.815
39.701,0.764
39.719,0.634
39.719,0.776
39.736,0.712
39.755,0.259
39.755,0.699
39.772,0.427
39.791,0.556
39.791,0.518
39.811,0.466
39.811,0.712
39.828,0.634
39.846,0.686
39.846,0.207
39.864,0.660
39.881,0.776
39.881,0.621
39.901,0.764
39.920,0.815
39.920,0.738
39.937,0.802
39.955,0.841
39.955,0.789
39.973,0.828
39.992,0.828
39.992,0.828
40.010,0.828
40.028,0.802
40.028,0.828
40.046,0.802
40.065,0.738
40.065,0.815
40.082,0.764
40.100,0.634
40.100,0.776
40.118,0.673
40.118,0.324
40.136,0.699
40.154,0.453
40.154,0.505
40.173,0.531
40.190,0.427
40.190,0.686
40.209,0.285
40.227,0.647
40.227,0.336
40.245,0.634
40.264,0.738
40.264,0.569
40.283,0.725
40.301,0.776
40.301,0.712
40.320,0.764
40.337,0.802
40.337,0.764
40.354,0.789
40.372,0.802
40.372,0.789
40.390,0.789
40.409,0.776
40.409,0.802
40.427,0.764
40.445,0.712
40.445,0.776
40.463,0.725
40.480,0.621
40.480,0.738
40.498,0.634
40.516,0.362
40.516,0.660
40.534,0.466
40.552,0.427
40.552,0.518
40.570,0.311
40.588,0.621
40.588,0.168
40.606,0.582
40.606,0.686
40.625,0.531
40.643,0.673
40.643,0.479
40.660,0.647
40.677,0.712
40.696,0.621
40.696,0.699
40.714,0.738
40.714,0.699
40.733,0.725
40.751,0.738
40.751,0.712
40.768,0.725
40.786,0.712
40.786,0.712
40.803,0.699
40.822,0.647
40.822,0.699
40.840,0.660
40.858,0.544
40.858,0.660
40.875,0.569
40.893,0.362
40.893,0.595
40.912,0.401
40.930,0.311
40.930,0.440
40.949,0.207
40.967,0.518
40.967,0.233
40.985,0.466
41.003,0.582
41.003,0.414
41.021,0.569
41.039,0.349
41.039,0.531
41.058,0.621
41.076,0.505
41.076,0.595
41.093,0.621
41.111,0.556
41.111,0.608
41.129,0.608
41.148,0.582
41.148,0.608
41.166,0.608
41.183,0.595
41.183,0.569
41.201,0.505
41.219,0.556
41.219,0.518
41.238,0.414
41.255,0.492
41.255,0.414
41.276,0.259
41.276,0.440
41.294,0.298
41.311,0.207
41.311,0.311
41.329,0.168
41.347,0.311
41.347,0.220
41.365,0.427
41.382,0.401
41.382,0.233
41.400,0.388
41.418,0.246
41.418,0.349
41.436,0.453
41.454,0.336
41.454,0.440
41.472,0.479
41.489,0.505
41.489,0.479
41.507,0.492
41.527,0.479
41.527,0.505
41.543,0.492
41.562,0.505
41.562,0.505
41.578,0.466
41.597,0.518
41.597,0.492
41.614,0.401
41.632,0.505
41.632,0.440
41.650,0.285
41.669,0.479
41.669,0.324
41.687,0.194
41.705,0.388
41.705,0.233
41.723,0.362
41.740,0.233
41.740,0.336
41.760,0.492
41.777,0.298
41.777,0.479
41.795,0.259
41.812,0.466
41.812,0.556
41.830,0.440
41.848,0.556
41.848,0.595
41.866,0.556
41.884,0.673
41.884,0.647
41.902,0.621
41.919,0.634
41.919,0.647
41.937,0.647
41.954,0.647
41.954,0.621
41.972,0.673
41.990,0.647
41.990,0.544
42.007,0.647
42.025,0.582
42.025,0.440
42.043,0.608
42.061,0.466
42.061,0.233
42.078,0.531
42.096,0.272
42.097,0.634
42.114,0.311
42.133,0.440
42.133,0.608
42.151,0.362
42.168,0.595
42.168,0.285
42.186,0.634
42.203,0.673
42.203,0.531
42.221,0.660
42.241,0.699
42.241,0.647
42.258,0.712
42.276,0.738
42.276,0.712
42.295,0.738
42.313,0.738
42.313,0.738
42.331,0.738
42.348,0.699
42.348,0.751
42.366,0.725
42.384,0.660
42.384,0.738
42.401,0.686
42.418,0.544
42.419,0.686
42.438,0.595
42.455,0.207
42.455,0.621
42.472,0.349
42.490,0.492
42.490,0.686
42.509,0.427
42.525,0.660
42.525,0.336
42.544,0.647
42.562,0.246
42.562,0.608
42.580,0.725
42.597,0.569
42.597,0.712
42.614,0.776
42.632,0.686
42.632,0.764
42.650,0.789
42.668,0.764
42.668,0.789
42.686,0.789
42.703,0.789
42.703,0.802
42.720,0.751
42.739,0.789
42.739,0.776
42.756,0.712
42.774,0.789
42.774,0.738
42.792,0.608
42.811,0.751
42.811,0.634
42.829,0.285
42.848,0.673
42.848,0.427
42.865,0.505
42.883,0.505
42.883,0.453
42.902,0.686
42.919,0.349
42.919,0.660
42.938,0.207
42.956,0.634
42.956,0.738
42.972,0.595
42.991,0.725
42.991,0.789
43.010,0.712
43.028,0.789
43.028,0.815
43.046,0.776
43.064,0.802
43.064,0.815
43.082,0.802
43.101,0.815
43.101,0.802
43.118,0.828
43.137,0.802
43.137,0.751
43.156,0.802
43.156,0.764
43.174,0.647
43.191,0.764
43.191,0.686
43.209,0.388
43.226,0.712
43.244,0.492
43.245,0.492
43.263,0.556
43.263,0.388
43.281,0.699
43.301,0.207
43.301,0.660
43.320,0.764
43.339,0.608
43.339,0.751
43.359,0.544
43.359,0.738
43.379,0.789
43.397,0.712
43.397,0.802
43.418,0.815
43.418,0.776
43.438,0.815
43.457,0.815
43.457,0.815
43.476,0.815
43.493,0.802
43.493,0.828
43.511,0.802
43.529,0.751
43.529,0.815
43.548,0.776
43.566,0.660
43.566,0.776
43.584,0.699
43.584,0.440
43.602,0.712
43.619,0.518
43.619,0.440
43.637,0.569
43.655,0.298
43.655,0.673
43.674,0.194
43.691,0.608
43.691,0.738
43.710,0.569
43.727,0.738
43.727,0.518
43.745,0.712
43.763,0.789
43.763,0.686
43.781,0.776
43.800,0.815
43.800,0.764
43.820,0.802
43.839,0.815
43.839,0.802
43.859,0.815
43.859,0.789
43.878,0.815
43.897,0.802
43.898,0.764
43.917,0.815
43.936,0.764
43.936,0.673
43.955,0.789
43.955,0.699
43.973,0.479
43.992,0.699
43.992,0.544
44.011,0.375
44.030,0.595
44.030,0.220
44.050,0.621
44.050,0.259
44.070,0.595
44.090,0.738
44.090,0.544
44.108,0.699
44.108,0.479
44.128,0.699
44.148,0.764
44.148,0.660
44.168,0.751
44.168,0.789
44.186,0.738
44.205,0.789
44.205,0.789
44.224,0.789
44.244,0.802
44.244,0.776
44.265,0.802
44.265,0.789
44.282,0.738
44.301,0.789
44.301,0.738
44.320,0.673
44.339,0.764
44.339,0.686
44.357,0.518
44.375,0.712
44.375,0.556
44.393,0.246
44.411,0.595
44.411,0.207
44.430,0.582
44.447,0.453
44.447,0.544
44.464,0.699
44.482,0.492
44.482,0.686
44.500,0.414
44.519,0.660
44.519,0.738
44.538,0.621
44.538,0.725
44.556,0.789
44.574,0.712
44.574,0.764
44.591,0.776
44.610,0.751
44.610,0.789
44.627,0.764
44.645,0.776
44.646,0.776
44.664,0.738
44.682,0.776
44.682,0.751
44.701,0.660
44.719,0.751
44.719,0.686
44.740,0.505
44.740,0.699
44.759,0.582
44.779,0.181
44.779,0.608
44.797,0.220
44.815,0.544
44.815,0.349
44.832,0.505
44.851,0.686
44.851,0.621
44.869,0.647
44.887,0.336
44.887,0.621
44.904,0.725
44.923,0.608
44.923,0.699
44.941,0.764
44.960,0.686
44.960,0.738
44.979,0.764
44.979,0.738
44.997,0.764
45.015,0.764
45.015,0.764
45.032,0.764
45.051,0.725
45.052,0.764
45.071,0.738
45.088,0.660
45.088,0.738
45.106,0.686
45.123,0.544
45.123,0.699
45.141,0.569
45.160,0.207
45.160,0.608
45.178,0.298
45.197,0.518
45.197,0.414
45.215,0.453
45.233,0.647
45.233,0.362
45.251,0.634
45.269,0.233
45.269,0.595
45.287,0.712
45.287,0.556
45.306,0.699
45.324,0.751
45.324,0.673
45.344,0.738
45.364,0.764
45.364,0.738
45.381,0.764
45.400,0.764
45.400,0.764
45.418,0.764
45.436,0.725
45.436,0.764
45.453,0.751
45.453,0.673
45.472,0.738
45.489,0.686
45.508,0.556
45.508,0.712
45.526,0.582
45.526,0.220
45.543,0.621
45.562,0.349
45.562,0.466
45.580,0.440
45.598,0.401
45.598,0.634
45.617,0.285
45.635,0.608
45.635,0.207
45.653,0.569
45.672,0.699
45.672,0.531
45.690,0.673
45.708,0.738
45.708,0.660
45.726,0.725
45.745,0.751
45.745,0.725
45.764,0.751
45.764,0.751
45.783,0.738
45.801,0.751
45.801,0.738
45.819,0.764
45.838,0.751
45.838,0.686
45.856,0.738
45.874,0.699
45.874,0.647
45.892,0.712
45.909,0.608
45.910,0.311
45.928,0.634
45.946,0.414
45.946,0.440
45.964,0.492
45.982,0.349
45.982,0.621
46.001,0.220
46.018,0.595
46.018,0.699
46.036,0.556
46.054,0.686
46.055,0.505
46.074,0.660
46.074,0.738
46.091,0.647
46.111,0.725
46.111,0.751
46.128,0.712
46.146,0.751
46.146,0.751
46.164,0.751
46.181,0.764
46.181,0.738
46.200,0.764
46.217,0.738
46.217,0.686
46.237,0.764
46.254,0.699
46.254,0.582
46.275,0.699
46.293,0.647
46.293,0.362
46.311,0.634
46.329,0.440
46.329,0.375
46.349,0.492
46.349,0.259
46.369,0.582
46.387,0.207
46.387,0.569
46.404,0.686
46.423,0.518
46.423,0.673
46.441,0.466
46.459,0.647
46.459,0.725
46.477,0.621
46.477,0.712
46.496,0.751
46.513,0.699
46.513,0.738
46.531,0.751
46.551,0.738
46.551,0.738
46.569,0.725
46.588,0.738
46.588,0.738
46.607,0.673
46.624,0.738
46.624,0.686
46.643,0.595
46.660,0.699
46.660,0.621
46.678,0.440
46.697,0.647
46.697,0.466
46.714,0.336
46.733,0.518
46.733,0.207
46.750,0.569
46.768,0.207
46.769,0.518
46.786,0.660
46.804,0.479
46.804,0.634
46.824,0.401
46.824,0.621
46.841,0.686
46.861,0.582
46.861,0.673
46.880,0.725
46.900,0.673
46.900,0.725
46.920,0.725
46.920,0.712
46.940,0.725
46.960,0.712
46.960,0.738
46.983,0.725
46.983,0.673
47.004,0.725
47.004,0.686
47.024,0.582
47.052,0.686
47.052,0.621
47.052,0.427
47.074,0.634
47.074,0.479
47.094,0.246
47.112,0.531
47.112,0.168
47.133,0.518
47.153,0.246
47.153,0.466
47.173,0.621
47.173,0.414
47.193,0.608
47.193,0.349
47.211,0.569
47.230,0.673
47.230,0.544
47.250,0.647
47.268,0.699
47.268,0.634
47.289,0.699
47.289,0.712
47.309,0.699
47.328,0.712
47.328,0.712
47.348,0.712
47.348,0.712
47.371,0.673
47.391,0.725
47.392,0.686
47.415,0.595
47.415,0.738
47.438,0.634
47.438,0.479
47.463,0.647
47.464,0.505
47.486,0.518
47.486,0.556
47.507,0.207
47.507,0.505
47.528,0.324
47.528,0.479
47.547,0.634
47.568,0.414
47.568,0.621
47.590,0.311
47.590,0.582
47.609,0.686
47.609,0.556
47.628,0.673
47.646,0.725
47.646,0.647
47.665,0.712
47.683,0.725
47.683,0.712
47.702,0.725
47.721,0.725
47.721,0.725
47.740,0.725
47.758,0.686
47.758,0.725
47.777,0.699
47.778,0.608
47.795,0.699
47.814,0.621
47.814,0.479
47.833,0.634
47.852,0.505
47.852,0.207
47.873,0.544
47.873,0.246
47.891,0.440
47.910,0.324
47.910,0.375
47.929,0.569
47.947,0.298
47.947,0.556
47.966,0.233
47.984,0.531
47.984,0.660
48.004,0.505
48.004,0.660
48.021,0.725
48.040,0.634
48.040,0.712
48.059,0.738
48.077,0.712
48.077,0.751
48.096,0.738
48.114,0.725
48.114,0.725
48.132,0.699
48.151,0.725
48.151,0.686
48.169,0.621
48.169,0.699
48.188,0.647
48.207,0.518
48.207,0.673
48.227,0.556
48.244,0.233
48.244,0.595
48.263,0.324
48.280,0.466
48.280,0.401
48.298,0.401
48.316,0.608
48.316,0.298
48.335,0.582
48.354,0.181
48.354,0.531
48.373,0.660
48.373,0.505
48.393,0.647
48.412,0.712
48.412,0.634
48.430,0.686
48.448,0.712
48.448,0.686
48.466,0.725
48.485,0.725
48.485,0.725
48.504,0.725
48.504,0.699
48.522,0.725
48.539,0.699
48.540,0.660
48.557,0.712
48.575,0.660
48.576,0.544
48.595,0.686
48.613,0.569
48.613,0.259
48.630,0.595
48.649,0.375
48.649,0.427
48.666,0.440
48.685,0.324
48.685,0.582
48.702,0.194
48.721,0.569
48.721,0.246
48.738,0.518
48.757,0.660
48.757,0.479
48.776,0.634
48.794,0.699
48.794,0.621
48.812,0.699
48.812,0.725
48.829,0.673
48.848,0.725
48.866,0.751
48.866,0.725
48.884,0.725
48.884,0.699
48.904,0.738
48.921,0.699
48.921,0.647
48.938,0.725
48.956,0.660
48.956,0.544
48.975,0.673
48.992,0.595
48.992,0.479
49.011,0.608
49.030,0.414
49.031,0.375
49.048,0.544
49.067,0.285
49.067,0.582
49.084,0.194
49.102,0.544
49.102,0.660
49.121,0.518
49.139,0.647
49.139,0.466
49.157,0.634
49.175,0.699
49.175,0.608
49.192,0.699
49.210,0.725
49.210,0.686
49.229,0.725
49.229,0.725
49.248,0.712
49.266,0.725
49.266,0.712
49.286,0.725
49.305,0.712
49.305,0.673
49.326,0.712
49.326,0.673
49.345,0.582
49.365,0.699
49.365,0.608
49.384,0.349
49.384,0.621
49.404,0.440
49.422,0.362
49.422,0.505
49.441,0.233
49.460,0.569
49.460,0.556
49.477,0.518
49.497,0.673
49.497,0.492
49.516,0.647
49.516,0.427
49.535,0.621
49.554,0.699
49.554,0.595
49.574,0.686
49.593,0.725
49.593,0.673
49.612,0.712
49.612,0.725
49.630,0.712
49.649,0.738
49.649,0.725
49.667,0.725
49.685,0.712
49.685,0.660
49.703,0.725
49.721,0.673
49.722,0.595
49.738,0.686
49.756,0.621
49.756,0.414
49.775,0.634
49.792,0.466
49.793,0.272
49.811,0.518
49.828,0.155
49.828,0.544
49.846,0.207
49.865,0.505
49.865,0.647
49.883,0.453
49.901,0.634
49.901,0.401
49.920,0.608
49.937,0.699
49.937,0.569
49.955,0.673
49.973,0.712
49.973,0.660
49.992,0.712
49.992,0.725
50.011,0.712
50.030,0.725
50.030,0.712
50.048,0.712
50.067,0.725
50.067,0.686
50.087,0.712
50.087,0.686
50.104,0.595
50.123,0.699
50.123,0.608
50.141,0.427
50.159,0.634
50.159,0.479
50.176,0.246
50.195,0.531
50.195,0.142
50.213,0.531
50.231,0.259
50.231,0.479
50.249,0.621
50.266,0.414
50.266,0.621
50.283,0.349
50.302,0.595
50.302,0.686
50.320,0.569
50.337,0.673
50.337,0.712
50.356,0.660
50.374,0.712
50.374,0.712
50.391,0.699
50.413,0.725
50.413,0.712
50.431,0.725
50.448,0.712
50.448,0.686
50.465,0.712
50.482,0.686
50.482,0.608
50.500,0.699
50.518,0.634
50.518,0.479
50.536,0.647
50.555,0.518
50.555,0.168
50.572,0.556
50.589,0.427
50.589,0.505
50.608,0.311
50.626,0.453
50.626,0.634
50.644,0.375
50.662,0.608
50.662,0.285
50.680,0.582
50.697,0.686
50.697,0.544
50.716,0.660
50.734,0.712
50.734,0.647
50.751,0.712
50.769,0.725
50.769,0.699
50.788,0.725
50.806,0.712
50.806,0.725
50.823,0.725
50.841,0.686
50.841,0.738
50.858,0.699
50.875,0.608
50.875,0.712
50.893,0.634
50.910,0.492
50.910,0.660
50.928,0.531
50.947,0.181
50.947,0.569
50.965,0.246
50.983,0.466
50.983,0.362
51.001,0.466
51.017,0.621
51.017,0.362
51.036,0.595
51.053,0.259
51.053,0.556
51.071,0.660
51.089,0.531
51.089,0.660
51.106,0.699
51.123,0.634
51.123,0.699
51.141,0.712
51.159,0.686
51.159,0.712
51.176,0.725
51.194,0.712
51.194,0.725
51.211,0.686
51.230,0.725
51.247,0.699
51.247,0.634
51.264,0.712
51.282,0.660
51.282,0.518
51.300,0.660
51.318,0.556
51.318,0.194
51.336,0.582
51.354,0.324
51.354,0.453
51.372,0.414
51.390,0.388
51.391,0.608
51.409,0.272
51.409,0.556
51.428,0.194
51.446,0.531
51.446,0.660
51.466,0.492
51.485,0.647
51.485,0.712
51.505,0.621
51.505,0.699
51.524,0.725
51.544,0.673
51.544,0.725
51.563,0.712
51.583,0.712
51.583,0.725
51.605,0.686
51.605,0.725
51.627,0.699
51.627,0.634
51.647,0.712
51.647,0.647
51.668,0.544
51.687,0.686
51.687,0.556
51.706,0.272
51.706,0.595
51.730,0.375
51.730,0.427
51.751,0.427
51.771,0.349
51.771,0.582
51.793,0.233
51.793,0.556
51.812,0.673
51.833,0.518
51.833,0.660
51.854,0.479
51.854,0.647
51.874,0.699
51.874,0.608
51.894,0.686
51.914,0.712
51.915,0.686
51.934,0.725
51.934,0.725
51.952,0.712
51.970,0.725
51.970,0.712
51.987,0.738
52.005,0.699
52.005,0.647
52.022,0.712
52.042,0.660
52.042,0.556
52.060,0.673
52.078,0.569
52.078,0.298
52.095,0.608
52.112,0.414
52.112,0.388
52.131,0.466
52.148,0.285
52.148,0.582
52.166,0.168
52.183,0.544
52.183,0.660
52.202,0.505
52.219,0.647
52.219,0.453
52.237,0.634
52.255,0.699
52.255,0.595
52.273,0.699
52.291,0.725
52.291,0.673
52.308,0.712
52.326,0.725
52.326,0.725
52.343,0.725
52.361,0.699
52.378,0.725
52.378,0.712
52.395,0.660
52.414,0.699
52.414,0.673
52.434,0.582
52.434,0.686
52.451,0.595
52.468,0.375
52.468,0.621
52.487,0.466
52.505,0.388
52.505,0.492
52.523,0.194
52.541,0.569
52.541,0.168
52.558,0.518
52.576,0.647
52.576,0.479
52.595,0.621
52.613,0.621
52.613,0.608
52.632,0.699
52.651,0.608
52.651,0.673
52.669,0.725
52.687,0.673
52.687,0.712
52.705,0.725
52.725,0.712
52.725,0.725
52.744,0.699
52.744,0.725
52.761,0.725
52.779,0.673
52.779,0.725
52.798,0.673
52.814,0.582
52.814,0.699
52.834,0.621
52.852,0.388
52.852,0.647
52.870,0.466
52.887,0.298
52.887,0.505
52.905,0.336
52.924,0.531
52.924,0.181
52.942,0.505
52.960,0.647
52.960,0.453
52.978,0.634
52.999,0.375
52.999,0.608
53.018,0.686
53.018,0.582
53.036,0.686
53.054,0.712
53.054,0.673
53.073,0.712
53.091,0.725
53.091,0.712
53.110,0.725
53.128,0.712
53.128,0.725
53.146,0.712
53.164,0.673
53.164,0.712
53.181,0.686
53.198,0.595
53.198,0.699
53.218,0.634
53.235,0.466
53.235,0.634
53.255,0.505
53.255,0.181
53.272,0.556
53.290,0.155
53.290,0.518
53.307,0.259
53.325,0.479
53.344,0.647
53.344,0.518
53.362,0.621
53.362,0.324
53.379,0.595
53.398,0.686
53.398,0.556
53.417,0.673
53.435,0.712
53.435,0.660
53.454,0.712
53.472,0.725
53.472,0.699
53.491,0.725
53.508,0.725
53.508,0.725
53.527,0.712
53.546,0.673
53.546,0.725
53.564,0.699
53.564,0.608
53.584,0.699
53.602,0.621
53.602,0.466
53.620,0.647
53.637,0.518
53.638,0.168
53.655,0.569
53.674,0.181
53.674,0.492
53.692,0.311
53.710,0.453
53.710,0.621
53.727,0.401
53.745,0.608
53.745,0.388
53.763,0.582
53.780,0.673
53.780,0.531
53.798,0.660
53.816,0.712
53.816,0.647
53.833,0.699
53.852,0.725
53.852,0.699
53.868,0.712
53.886,0.712
53.886,0.712
53.904,0.712
53.922,0.686
53.922,0.712
53.940,0.699
53.957,0.621
53.957,0.712
53.975,0.634
53.993,0.492
53.993,0.660
54.011,0.544
54.029,0.155
54.029,0.582
54.049,0.272
54.067,0.479
54.067,0.388
54.085,0.414
54.104,0.608
54.104,0.324
54.121,0.582
54.140,0.181
54.140,0.556
54.158,0.673
54.177,0.531
54.177,0.660
54.194,0.712
54.211,0.634
54.211,0.699
54.230,0.725
54.248,0.686
54.248,0.725
54.266,0.725
54.266,0.712
54.284,0.712
54.301,0.686
54.318,0.725
54.319,0.699
54.336,0.634
54.354,0.712
54.354,0.647
54.371,0.582
54.389,0.660
54.389,0.556
54.408,0.233
54.426,0.582
54.426,0.298
54.443,0.440
54.462,0.401
54.462,0.388
54.479,0.608
54.497,0.272
54.497,0.569
54.515,0.181
54.532,0.531
54.532,0.660
54.550,0.492
54.567,0.634
54.567,0.712
54.585,0.621
54.602,0.699
54.602,0.725
54.620,0.686
54.638,0.712
54.639,0.725
54.657,0.712
54.675,0.725
54.675,0.699
54.695,0.725
54.695,0.699
54.715,0.660
54.735,0.712
54.735,0.660
54.756,0.544
54.756,0.673
54.778,0.569
54.799,0.246
54.799,0.608
54.817,0.375
54.817,0.401
54.835,0.440
54.853,0.349
54.853,0.595
54.871,0.233
54.889,0.556
54.889,0.660
54.907,0.531
54.926,0.660
54.926,0.479
54.947,0.634
54.947,0.699
54.967,0.621
54.988,0.699
54.988,0.712
55.007,0.686
55.007,0.712
55.026,0.712
55.046,0.712
55.046,0.725
55.065,0.699
55.065,0.725
55.085,0.699
55.104,0.647
55.104,0.712
55.122,0.660
55.140,0.556
55.140,0.686
55.158,0.582
55.175,0.324
55.175,0.608
55.193,0.531
55.211,0.362
55.212,0.466
55.229,0.246
55.246,0.569
55.246,0.168
55.265,0.531
55.283,0.660
55.283,0.492
55.300,0.647
55.319,0.440
55.319,0.621
55.338,0.712
55.356,0.582
55.356,0.686
55.376,0.725
55.376,0.686
55.396,0.725
55.414,0.725
55.414,0.712
55.433,0.738
55.451,0.712
55.451,0.725
55.473,0.712
55.473,0.660
55.493,0.725
55.510,0.686
55.510,0.582
55.528,0.699
55.546,0.595
55.546,0.375
55.564,0.634
55.581,0.453
55.581,0.324
55.599,0.492
55.617,0.349
55.617,0.556
55.635,0.181
55.653,0.531
55.653,0.647
55.672,0.479
55.689,0.621
55.689,0.414
55.707,0.621
55.726,0.699
55.726,0.582
55.743,0.686
55.743,0.712
55.763,0.660
55.781,0.712
55.781,0.725
55.799,0.712
55.818,0.725
55.818,0.712
55.835,0.725
55.854,0.712
55.854,0.673
55.873,0.712
55.890,0.673
55.890,0.582
55.907,0.686
55.926,0.608
55.926,0.427
55.944,0.634
55.962,0.479
55.962,0.259
55.981,0.518
55.999,0.207
55.999,0.544
56.017,0.673
56.035,0.492
56.035,0.647
56.054,0.440
56.054,0.621
56.073,0.362
56.091,0.608
56.092,0.686
56.110,0.569
56.127,0.686
56.127,0.712
56.145,0.660
56.163,0.725
56.163,0.712
56.182,0.712
56.200,0.725
56.200,0.712
56.217,0.725
56.235,0.712
56.235,0.673
56.253,0.725
56.271,0.686
56.271,0.595
56.290,0.699
56.307,0.608
56.307,0.453
56.326,0.647
56.344,0.505
56.344,0.194
56.362,0.531
56.380,0.220
56.380,0.505
56.399,0.259
56.399,0.466
56.418,0.634
56.435,0.401
56.435,0.608
56.452,0.324
56.472,0.569
56.472,0.673
56.490,0.556
56.509,0.660
56.509,0.699
56.527,0.647
56.546,0.699
56.546,0.725
56.564,0.699
56.581,0.712
56.581,0.712
56.599,0.725
56.617,0.712
56.617,0.673
56.635,0.712
56.652,0.699
56.653,0.621
56.670,0.699
56.688,0.634
56.688,0.492
56.705,0.660
56.723,0.518
56.723,0.388
56.742,0.556
56.760,0.233
56.760,0.492
56.777,0.401
56.797,0.440
56.797,0.621
56.814,0.375
56.832,0.608
56.832,0.272
56.851,0.569
56.868,0.673
56.868,0.544
56.886,0.660
56.886,0.712
56.905,0.647
56.923,0.699
56.923,0.725
56.942,0.686
56.959,0.725
56.959,0.725
56.977,0.725
56.995,0.725
56.995,0.686
57.013,0.738
57.031,0.699
57.031,0.621
57.049,0.712
57.067,0.647
57.067,0.505
57.087,0.660
57.105,0.531
57.105,0.207
57.122,0.569
57.139,0.272
57.139,0.466
57.157,0.388
57.176,0.388
57.176,0.608
57.194,0.311
57.213,0.582
57.213,0.220
57.231,0.556
57.248,0.673
57.248,0.518
57.267,0.647
57.285,0.712
57.285,0.621
57.303,0.699
57.303,0.725
57.321,0.699
57.339,0.725
57.358,0.725
57.358,0.712
57.375,0.712
57.376,0.699
57.393,0.738
57.411,0.699
57.411,0.634
57.428,0.699
57.447,0.647
57.447,0.518
57.464,0.673
57.482,0.556
57.482,0.246
57.502,0.595
57.520,0.479
57.520,0.453
57.539,0.414
57.556,0.375
57.558,0.595
57.575,0.259
57.593,0.569
57.593,0.220
57.612,0.544
57.630,0.660
57.630,0.492
57.650,0.634
57.650,0.699
57.667,0.621
57.685,0.699
57.685,0.712
57.704,0.686
57.721,0.712
57.721,0.712
57.739,0.712
57.758,0.712
57.758,0.686
57.776,0.725
57.794,0.699
57.794,0.647
57.811,0.699
57.829,0.660
57.829,0.556
57.846,0.673
57.865,0.569
57.865,0.298
57.882,0.608
57.901,0.388
57.901,0.388
57.918,0.466
57.936,0.272
57.936,0.582
57.954,0.194
57.972,0.556
57.972,0.660
57.991,0.505
58.009,0.647
58.009,0.466
58.027,0.634
58.046,0.699
58.046,0.608
58.065,0.686
58.082,0.725
58.082,0.686
58.100,0.725
58.119,0.725
58.119,0.699
58.138,0.725
58.138,0.686
58.156,0.725
58.174,0.712
58.174,0.660
58.191,0.712
58.210,0.673
58.210,0.556
58.227,0.673
58.245,0.595
58.245,0.349
58.262,0.634
58.279,0.414
58.298,0.349
58.298,0.479
58.316,0.285
58.316,0.556
58.334,0.336
58.353,0.531
58.353,0.660
58.370,0.492
58.388,0.647
58.388,0.453
58.406,0.621
58.425,0.686
58.425,0.595
58.443,0.686
58.461,0.712
58.461,0.673
58.479,0.699
58.497,0.725
58.497,0.712
58.516,0.712
58.533,0.699
58.533,0.725
58.552,0.712
58.570,0.673
58.571,0.725
58.589,0.673
58.607,0.569
58.608,0.686
58.626,0.608
58.626,0.388
58.643,0.621
58.661,0.466
58.679,0.311
58.679,0.505
58.697,0.207
58.697,0.544
58.716,0.194
58.734,0.505
58.734,0.647
58.753,0.466
58.770,0.634
58.770,0.440
58.788,0.608
58.807,0.699
58.807,0.582
58.824,0.673
58.843,0.712
58.843,0.673
58.861,0.699
58.879,0.725
58.879,0.712
58.898,0.738
58.915,0.712
58.915,0.738
58.933,0.725
58.950,0.673
58.950,0.712
58.969,0.673
58.986,0.582
58.986,0.686
59.005,0.608
59.023,0.427
59.023,0.647
59.040,0.492
59.058,0.233
59.058,0.518
59.076,0.194
59.094,0.531
59.094,0.401
59.112,0.492
59.131,0.647
59.131,0.427
59.149,0.608
59.166,0.362
59.166,0.582
59.184,0.686
59.203,0.556
59.203,0.660
59.221,0.712
59.221,0.647
59.239,0.712
59.256,0.725
59.274,0.699
59.274,0.738
59.292,0.712
59.310,0.725
59.310,0.725
59.328,0.686
59.328,0.725
59.346,0.699
59.363,0.608
59.382,0.686
59.382,0.634
59.400,0.492
59.400,0.647
59.417,0.518
59.435,0.233
59.435,0.556
59.453,0.207
59.472,0.505
59.472,0.311
59.489,0.466
59.509,0.634
59.510,0.401
59.527,0.608
59.545,0.285
59.545,0.582
59.563,0.686
59.581,0.556
59.581,0.673
59.599,0.712
59.617,0.647
59.617,0.712
59.635,0.725
59.653,0.686
59.653,0.725
59.671,0.712
59.688,0.725
59.688,0.725
59.707,0.686
59.725,0.725
59.725,0.686
59.743,0.621
59.760,0.699
59.760,0.634
59.780,0.479
59.797,0.647
59.797,0.531
59.815,0.207
59.832,0.556
59.832,0.259
59.850,0.479
59.869,0.362
59.869,0.414
59.887,0.621
59.905,0.349
59.905,0.595
59.922,0.233
59.941,0.556
59.941,0.673
59.958,0.531
59.976,0.647
59.976,0.699
59.994,0.634
60.013,0.699
60.013,0.712
60.032,0.686
60.032,0.738
60.051,0.725
60.069,0.725
60.069,0.712
60.087,0.699
60.105,0.725
60.105,0.699
60.125,0.621
60.143,0.712
60.143,0.647
60.164,0.518
60.164,0.673
60.183,0.544
60.202,0.194
60.202,0.582
60.222,0.324
60.222,0.466
60.241,0.401
60.261,0.401
60.261,0.608
60.279,0.298
60.297,0.582
60.298,0.168
60.315,0.544
60.334,0.660
60.334,0.505
60.351,0.647
60.372,0.699
60.372,0.621
60.391,0.686
60.391,0.725
60.410,0.686
60.429,0.725
60.430,0.712
60.449,0.712
60.449,0.712
60.468,0.699
60.487,0.725
60.487,0.699
60.505,0.647
60.526,0.712
60.527,0.686
60.544,0.531
60.544,0.673
60.562,0.569
60.580,0.285
60.581,0.608
60.598,0.466
60.616,0.414
60.616,0.453
60.634,0.324
60.652,0.595
60.653,0.233
60.670,0.556
60.688,0.634
60.688,0.544
60.706,0.660
60.725,0.479
60.725,0.634
60.742,0.712
60.761,0.608
60.761,0.686
60.779,0.725
60.797,0.686
60.798,0.725
60.816,0.725
60.833,0.712
60.833,0.725
60.851,0.699
60.869,0.712
60.869,0.712
60.887,0.647
60.905,0.725
60.905,0.673
60.923,0.544
60.942,0.686
60.942,0.595
60.959,0.324
60.960,0.595
60.977,0.388
60.995,0.375
61.012,0.453
61.012,0.285
61.030,0.569
61.048,0.194
61.048,0.531
61.067,0.660
61.067,0.492
61.085,0.634
61.103,0.453
61.103,0.621
61.122,0.699
61.141,0.608
61.141,0.699
61.158,0.712
61.175,0.673
61.175,0.725
61.193,0.725
61.212,0.712
61.212,0.725
61.229,0.699
61.247,0.725
61.247,0.712
61.266,0.647
61.283,0.725
61.283,0.686
61.301,0.582
61.321,0.699
61.322,0.608
61.340,0.375
61.357,0.634
61.357,0.453
61.375,0.324
61.393,0.518
61.393,0.207
61.410,0.556
61.429,0.168
61.429,0.518
61.447,0.647
61.465,0.453
61.465,0.634
61.482,0.414
61.499,0.608
61.499,0.699
61.518,0.582
61.536,0.686
61.536,0.725
61.555,0.673
61.556,0.725
61.574,0.738
61.591,0.725
61.591,0.738
61.609,0.712
61.628,0.738
61.628,0.725
61.645,0.673
61.663,0.738
61.663,0.686
61.682,0.569
61.700,0.686
61.700,0.608
61.717,0.414
61.735,0.634
61.735,0.479
61.753,0.285
61.771,0.518
61.771,0.181
61.788,0.531
61.807,0.194
61.807,0.492
61.824,0.634
61.843,0.440
61.844,0.634
61.862,0.401
61.880,0.608
61.880,0.686
61.898,0.569
61.916,0.673
61.917,0.712
61.935,0.660
61.953,0.712
61.953,0.738
61.970,0.712
61.987,0.738
61.987,0.725
62.005,0.725
62.024,0.725
62.024,0.673
62.042,0.725
62.060,0.686
62.060,0.608
62.079,0.699
62.096,0.621
62.096,0.453
62.114,0.647
62.133,0.518
62.133,0.207
62.151,0.544
62.151,0.155
62.170,0.518
62.187,0.272
62.187,0.453
62.205,0.621
62.222,0.388
62.222,0.595
62.240,0.298
62.258,0.569
62.258,0.647
62.276,0.531
62.294,0.660
62.294,0.699
62.313,0.647
62.330,0.712
62.330,0.738
62.348,0.725
62.366,0.751
62.366,0.725
62.385,0.738
62.403,0.738
62.403,0.699
62.421,0.751
62.440,0.712
62.440,0.634
62.457,0.712
62.474,0.647
62.474,0.492
62.493,0.660
62.510,0.544
62.510,0.129
62.529,0.569
62.547,0.246
62.547,0.492
62.566,0.349
62.584,0.427
62.584,0.634
62.603,0.375
62.620,0.608
62.620,0.272
62.640,0.569
62.641,0.673
62.659,0.531
62.677,0.660
62.677,0.699
62.695,0.621
62.713,0.699
62.713,0.712
62.732,0.673
62.750,0.699
62.750,0.699
62.768,0.699
62.786,0.686
62.786,0.660
62.804,0.673
62.821,0.660
62.821,0.569
62.840,0.660
62.858,0.595
62.858,0.453
62.876,0.608
62.893,0.556
62.894,0.207
62.913,0.531
62.913,0.220
62.932,0.427
62.952,0.336
62.952,0.349
62.970,0.556
62.989,0.285
62.989,0.531
63.008,0.194
63.026,0.505
63.026,0.595
63.045,0.453
63.045,0.582
63.064,0.634
63.083,0.556
63.083,0.621
63.101,0.647
63.121,0.608
63.121,0.647
63.139,0.634
63.139,0.634
63.158,0.647
63.176,0.608
63.176,0.634
63.193,0.608
63.211,0.544
63.211,0.621
63.229,0.556
63.246,0.440
63.246,0.569
63.265,0.466
63.282,0.220
63.282,0.492
63.300,0.298
63.318,0.336
63.318,0.324
63.336,0.285
63.355,0.505
63.355,0.220
63.373,0.466
63.390,0.349
63.390,0.440
63.409,0.569
63.426,0.414
63.426,0.556
63.445,0.634
63.464,0.544
63.464,0.621
63.481,0.647
63.500,0.608
63.500,0.660
63.518,0.660
63.538,0.647
63.538,0.660
63.556,0.634
63.556,0.647
63.576,0.647
63.593,0.569
63.593,0.647
63.612,0.595
63.629,0.479
63.630,0.582
63.648,0.505
63.665,0.259
63.665,0.544
63.683,0.336
63.702,0.453
63.702,0.388
63.721,0.272
63.739,0.505
63.739,0.233
63.758,0.479
63.776,0.582
63.776,0.440
63.794,0.569
63.811,0.414
63.811,0.556
63.829,0.634
63.847,0.544
63.847,0.621
63.864,0.647
63.882,0.608
63.882,0.634
63.901,0.647
63.918,0.634
63.918,0.647
63.937,0.621
63.954,0.647
63.954,0.621
63.972,0.569
63.990,0.634
63.990,0.582
64.008,0.505
64.027,0.608
64.027,0.518
64.046,0.298
64.046,0.544
64.063,0.362
64.081,0.298
64.082,0.440
64.099,0.440
64.117,0.492
64.117,0.194
64.135,0.479
64.153,0.608
64.153,0.440
64.172,0.595
64.189,0.388
64.189,0.582
64.208,0.660
64.225,0.544
64.225,0.634
64.245,0.673
64.265,0.621
64.265,0.673
64.282,0.673
64.282,0.647
64.300,0.673
64.318,0.647
64.335,0.660
64.335,0.647
64.354,0.595
64.373,0.647
64.373,0.608
64.389,0.518
64.407,0.621
64.407,0.556
64.424,0.492
64.442,0.582
64.442,0.401
64.461,0.259
64.461,0.453
64.480,0.194
64.498,0.492
64.498,0.220
64.516,0.531
64.533,0.595
64.533,0.414
64.552,0.582
64.570,0.349
64.570,0.544
64.590,0.621
64.608,0.505
64.609,0.608
64.626,0.647
64.645,0.582
64.645,0.634
64.662,0.647
64.681,0.634
64.681,0.634
64.700,0.621
64.700,0.647
64.719,0.621
64.738,0.582
64.738,0.621
64.758,0.595
64.777,0.518
64.777,0.608
64.796,0.531
64.796,0.349
64.815,0.556
64.833,0.414
64.834,0.233
64.851,0.453
64.870,0.168
64.870,0.453
64.887,0.220
64.906,0.401
64.906,0.544
64.924,0.505
64.941,0.531
64.941,0.285
64.959,0.518
64.979,0.595
64.979,0.466
64.997,0.582
65.014,0.634
65.015,0.595
65.033,0.634
65.033,0.647
65.052,0.621
65.069,0.660
65.069,0.647
65.088,0.660
65.107,0.647
65.107,0.608
65.126,0.647
65.144,0.634
65.144,0.544
65.164,0.634
65.165,0.569
65.183,0.401
65.202,0.569
65.202,0.453
65.221,0.207
65.240,0.479
65.240,0.207
65.258,0.427
65.277,0.272
65.277,0.388
65.296,0.544
65.297,0.324
65.314,0.531
65.332,0.259
65.333,0.505
65.351,0.595
65.369,0.466
65.369,0.569
65.388,0.621
65.406,0.569
65.406,0.634
65.423,0.647
65.441,0.634
65.441,0.647
65.458,0.647
65.475,0.647
65.475,0.634
65.494,0.621
65.511,0.660
65.511,0.634
65.530,0.556
65.549,0.621
65.549,0.556
65.567,0.414
65.586,0.582
65.586,0.466
65.609,0.142
65.609,0.492
65.628,0.207
65.645,0.414
65.646,0.336
65.666,0.349
65.666,0.544
65.688,0.259
65.688,0.518
65.707,0.220
65.724,0.492
65.725,0.582
65.743,0.453
65.761,0.582
65.761,0.634
65.781,0.556
65.802,0.621
65.802,0.647
65.821,0.621
65.821,0.647
65.840,0.673
65.859,0.647
65.859,0.647
65.880,0.621
65.880,0.660
65.899,0.621
65.918,0.569
65.918,0.634
65.938,0.569
65.938,0.453
65.956,0.595
65.975,0.479
65.975,0.168
65.993,0.518
66.013,0.272
66.013,0.362
66.031,0.349
66.051,0.311
66.051,0.531
66.070,0.207
66.070,0.492
66.089,0.207
66.107,0.466
66.107,0.582
66.125,0.414
66.142,0.556
66.142,0.621
66.162,0.544
66.180,0.621
66.180,0.660
66.199,0.621
66.217,0.647
66.217,0.647
66.235,0.647
66.253,0.660
66.253,0.634
66.271,0.660
66.289,0.634
66.289,0.582
66.308,0.647
66.308,0.595
66.326,0.466
66.344,0.608
66.344,0.621
66.362,0.246
66.381,0.531
66.381,0.324
66.398,0.349
66.417,0.388
66.417,0.259
66.435,0.531
66.452,0.207
66.452,0.505
66.471,0.608
66.489,0.479
66.489,0.608
66.507,0.427
66.525,0.582
66.525,0.647
66.542,0.556
66.561,0.634
66.561,0.673
66.580,0.621
66.598,0.660
66.599,0.660
66.619,0.660
66.619,0.673
66.638,0.647
66.658,0.660
66.658,0.660
66.675,0.608
66.693,0.660
66.693,0.621
66.713,0.505
66.713,0.634
66.733,0.544
66.751,0.298
66.751,0.569
66.770,0.388
66.790,0.324
66.790,0.440
66.807,0.220
66.807,0.518
66.825,0.207
66.844,0.492
66.844,0.608
66.863,0.544
66.882,0.595
66.882,0.388
66.901,0.582
66.919,0.660
66.919,0.569
66.937,0.647
66.962,0.686
66.962,0.647
66.962,0.686
66.984,0.699
67.003,0.686
67.003,0.699
67.023,0.673
67.023,0.699
67.041,0.699
67.060,0.647
67.060,0.712
67.080,0.660
67.098,0.569
67.098,0.673
67.116,0.595
67.134,0.401
67.136,0.634
67.154,0.466
67.154,0.298
67.173,0.556
67.192,0.155
67.192,0.569
67.210,0.129
67.229,0.531
67.229,0.660
67.248,0.466
67.248,0.634
67.266,0.544
67.285,0.608
67.285,0.699
67.304,0.582
67.323,0.673
67.323,0.738
67.342,0.673
67.360,0.712
67.360,0.725
67.379,0.725
67.379,0.738
67.399,0.725
67.417,0.725
67.417,0.725
67.435,0.686
67.453,0.725
67.453,0.699
67.472,0.595
67.490,0.699
67.490,0.634
67.509,0.440
67.527,0.647
67.527,0.505
67.547,0.233
67.547,0.544
67.565,0.116
67.584,0.544
67.584,0.298
67.603,0.505
67.622,0.660
67.622,0.453
67.639,0.634
67.658,0.375
67.658,0.621
67.676,0.712
67.694,0.647
67.694,0.712
67.712,0.764
67.730,0.712
67.730,0.764
67.748,0.802
67.765,0.776
67.765,0.802
67.784,0.802
67.784,0.815
67.802,0.802
67.821,0.776
67.821,0.815
67.838,0.764
67.857,0.686
67.857,0.776
67.874,0.699
67.893,0.569
67.893,0.686
67.911,0.544
67.929,0.155
67.929,0.569
67.947,0.220
67.965,0.492
67.965,0.285
67.985,0.414
68.002,0.569
68.002,0.311
68.020,0.505
68.038,0.233
68.038,0.440
68.057,0.505
68.075,0.362
68.075,0.453
68.093,0.479
68.110,0.712
68.111,0.479
68.128,0.531
68.147,0.544
68.147,0.608
68.164,0.634
68.183,0.673
68.183,0.699
68.200,0.686
68.219,0.738
68.219,0.725
68.237,0.673
68.237,0.751
68.254,0.712
68.273,0.569
68.273,0.751
68.291,0.621
68.309,0.142
68.309,0.673
68.327,0.336
68.345,0.582
68.345,0.479
68.363,0.544
68.383,0.738
68.383,0.479
68.401,0.725
68.418,0.336
68.418,0.673
68.436,0.789
68.455,0.647
68.455,0.764
68.473,0.815
68.491,0.751
68.492,0.802
68.511,0.828
68.511,0.789
68.528,0.828
68.546,0.828
68.546,0.841
68.564,0.815
68.582,0.789
68.582,0.815
68.601,0.789
68.619,0.725
68.619,0.789
68.637,0.738
68.655,0.608
68.655,0.751
68.672,0.634
68.690,0.220
68.690,0.660
68.708,0.634
68.726,0.505
68.726,0.440
68.744,0.427
68.762,0.647
68.762,0.298
68.779,0.595
68.797,0.194
68.797,0.569
68.815,0.686
68.832,0.531
68.832,0.673
68.850,0.725
68.869,0.647
68.869,0.712
68.886,0.738
68.904,0.712
68.904,0.738
68.923,0.738
68.940,0.751
68.940,0.751
68.958,0.699
68.976,0.751
68.976,0.725
68.994,0.673
69.013,0.738
69.013,0.673
69.031,0.569
69.049,0.699
69.049,0.582
69.068,0.259
69.086,0.634
69.086,0.375
69.104,0.453
69.123,0.466
69.123,0.556
69.142,0.621
69.142,0.259
69.160,0.608
69.178,0.712
69.178,0.569
69.197,0.699
69.215,0.544
69.215,0.686
69.233,0.751
69.250,0.673
69.250,0.751
69.268,0.776
69.286,0.725
69.286,0.776
69.305,0.776
69.322,0.751
69.322,0.776
69.340,0.764
69.357,0.789
69.357,0.764
69.375,0.712
69.395,0.789
69.395,0.738
69.414,0.634
69.432,0.764
69.432,0.686
69.450,0.388
69.468,0.686
69.468,0.492
69.487,0.466
69.505,0.544
69.505,0.336
69.522,0.660
69.522,0.155
69.540,0.634
69.559,0.751
69.559,0.595
69.577,0.738
69.597,0.531
69.597,0.725
69.615,0.776
69.635,0.699
69.636,0.776
69.656,0.828
69.656,0.764
69.674,0.802
69.692,0.815
69.692,0.802
69.711,0.815
69.729,0.802
69.729,0.828
69.748,0.815
69.766,0.751
69.766,0.815
69.783,0.764
69.801,0.673
69.802,0.789
69.820,0.699
69.838,0.466
69.838,0.725
69.857,0.544
69.857,0.427
69.876,0.608
69.894,0.272
69.894,0.660
69.912,0.142
69.932,0.634
69.932,0.776
69.949,0.595
69.968,0.751
69.968,0.544
69.986,0.725
70.005,0.802
70.005,0.712
70.025,0.789
70.025,0.841
70.043,0.776
70.062,0.828
70.062,0.828
70.081,0.815
70.101,0.841
70.101,0.828
70.121,0.828
70.121,0.828
70.140,0.776
70.159,0.828
70.160,0.789
70.179,0.686
70.179,0.802
70.198,0.725
70.219,0.505
70.219,0.751
70.239,0.569
70.239,0.608
70.259,0.621
70.278,0.220
70.278,0.660
70.297,0.220
70.297,0.621
70.318,0.751
70.338,0.569
70.338,0.738
70.358,0.492
70.358,0.712
70.377,0.789
70.396,0.686
70.396,0.789
70.415,0.815
70.434,0.789
70.434,0.802
70.454,0.828
70.454,0.815
70.474,0.828
70.494,0.815
70.495,0.828
70.514,0.815
70.514,0.776
70.533,0.815
70.552,0.776
70.554,0.725
70.573,0.789
70.573,0.712
70.592,0.544
70.611,0.725
70.611,0.595
70.630,0.298
70.630,0.621
70.650,0.181
70.670,0.621
70.670,0.324
70.689,0.569
70.708,0.725
70.708,0.492
70.729,0.699
70.729,0.414
70.748,0.673
70.767,0.764
70.767,0.634
70.786,0.751
70.786,0.802
70.806,0.725
70.824,0.789
70.824,0.802
70.843,0.776
70.862,0.789
70.862,0.789
70.880,0.789
70.880,0.789
70.899,0.738
70.918,0.802
70.918,0.764
70.938,0.673
70.958,0.764
70.958,0.686
70.978,0.531
70.978,0.712
70.999,0.582
71.019,0.181
71.019,0.608
71.040,0.233
71.042,0.556
71.063,0.336
71.063,0.505
71.085,0.686
71.085,0.427
71.108,0.660
71.108,0.336
71.127,0.621
71.147,0.725
71.147,0.595
71.166,0.699
71.166,0.751
71.186,0.673
71.206,0.738
71.206,0.751
71.227,0.725
71.227,0.751
71.247,0.738
71.268,0.751
71.268,0.738
71.288,0.699
71.288,0.738
71.309,0.712
71.309,0.634
71.331,0.725
71.351,0.647
71.351,0.492
71.371,0.660
71.371,0.531
71.390,0.220
71.410,0.569
71.410,0.259
71.429,0.479
71.429,0.349
71.448,0.414
71.468,0.608
71.468,0.595
71.487,0.569
71.506,0.220
71.506,0.531
71.525,0.634
71.525,0.492
71.546,0.621
71.566,0.660
71.566,0.595
71.585,0.660
71.585,0.673
71.605,0.634
71.624,0.660
71.624,0.660
71.645,0.647
71.645,0.660
71.664,0.621
71.684,0.647
71.685,0.621
71.704,0.544
71.704,0.621
71.724,0.556
71.744,0.427
71.744,0.569
71.764,0.453
71.764,0.194
71.783,0.479
71.804,0.621
71.805,0.362
71.824,0.285
71.824,0.311
71.845,0.479
71.864,0.233
71.864,0.427
71.884,0.155
71.884,0.388
71.904,0.492
71.924,0.336
71.924,0.466
71.945,0.531
71.945,0.453
71.964,0.505
71.983,0.544
71.983,0.492
72.001,0.518
72.001,0.518
72.020,0.505
72.039,0.518
72.039,0.466
72.059,0.505
72.059,0.479
72.078,0.414
72.096,0.479
72.096,0.440
72.116,0.324
72.134,0.427
72.134,0.401
72.154,0.207
72.172,0.375
72.172,0.272
72.192,0.233
72.193,0.311
72.211,0.220
72.230,0.388
72.230,0.207
72.250,0.375
72.267,0.479
72.267,0.336
72.287,0.479
72.287,0.595
72.307,0.466
72.326,0.544
72.326,0.453
72.345,0.544
72.364,0.569
72.364,0.531
72.383,0.569
72.383,0.582
72.401,0.582
72.420,0.595
72.420,0.569
72.440,0.608
72.459,0.595
72.459,0.531
72.478,0.608
72.478,0.569
72.496,0.453
72.516,0.595
72.516,0.492
72.536,0.259
72.536,0.518
72.556,0.324
72.575,0.311
72.575,0.388
72.596,0.259
72.596,0.556
72.615,0.207
72.635,0.466
72.635,0.595
72.655,0.440
72.655,0.569
72.673,0.401
72.693,0.569
72.693,0.660
72.713,0.556
72.732,0.647
72.732,0.686
72.752,0.634
72.752,0.686
72.771,0.699
72.789,0.673
72.789,0.686
72.809,0.712
72.827,0.712
72.827,0.699
72.847,0.634
72.847,0.699
72.865,0.647
72.884,0.544
72.884,0.673
72.902,0.582
72.921,0.349
72.921,0.621
72.940,0.440
72.958,0.336
72.958,0.505
72.977,0.569
72.977,0.556
72.997,0.220
73.016,0.686
73.016,0.647
73.035,0.492
73.054,0.647
73.054,0.440
73.073,0.621
73.073,0.699
73.091,0.608
73.110,0.699
73.110,0.725
73.132,0.686
73.132,0.725
73.153,0.738
73.174,0.725
73.174,0.738
73.193,0.725
73.193,0.751
73.212,0.751
73.230,0.699
73.230,0.738
73.249,0.699
73.268,0.608
73.268,0.725
73.287,0.647
73.287,0.466
73.305,0.673
73.324,0.660
73.324,0.285
73.343,0.556
73.361,0.155
73.361,0.569
73.380,0.246
73.400,0.531
73.400,0.686
73.419,0.492
73.419,0.673
73.437,0.414
73.456,0.647
73.457,0.725
73.476,0.621
73.495,0.725
73.495,0.764
73.513,0.699
73.513,0.751
73.532,0.764
73.552,0.751
73.552,0.789
73.570,0.764
73.588,0.776
73.588,0.764
73.608,0.738
73.608,0.776
73.626,0.738
73.644,0.647
73.644,0.751
73.665,0.686
73.683,0.492
73.683,0.699
73.702,0.544
73.721,0.259
73.722,0.608
73.739,0.349
73.739,0.569
73.758,0.311
73.777,0.544
73.777,0.699
73.795,0.492
73.813,0.686
73.813,0.414
73.831,0.660
73.849,0.751
73.849,0.634
73.867,0.738
73.884,0.776
73.884,0.725
73.903,0.776
73.920,0.802
73.920,0.764
73.938,0.789
73.956,0.789
73.956,0.802
73.975,0.789
73.993,0.751
73.993,0.802
74.015,0.764
74.015,0.686
74.035,0.776
74.056,0.712
74.056,0.544
74.075,0.725
74.075,0.608
74.094,0.155
74.114,0.634
74.114,0.259
74.133,0.582
74.133,0.401
74.157,0.518
74.157,0.712
74.182,0.440
74.182,0.686
74.209,0.336
74.210,0.660
74.231,0.764
74.231,0.634
74.252,0.751
74.252,0.789
74.274,0.725
74.296,0.789
74.296,0.815
74.316,0.789
74.316,0.815
74.335,0.802
74.335,0.828
74.359,0.815
74.359,0.776
74.384,0.815
74.384,0.789
74.405,0.712
74.406,0.789
74.426,0.738
74.447,0.582
74.447,0.764
74.469,0.621
74.469,0.181
74.495,0.673
74.495,0.336
74.517,0.556
74.517,0.466
74.535,0.505
74.554,0.699
74.554,0.414
74.572,0.686
74.590,0.311
74.590,0.660
74.608,0.764
74.625,0.621
74.625,0.751
74.643,0.815
74.661,0.738
74.661,0.802
74.680,0.815
74.680,0.789
74.701,0.828
74.725,0.815
74.725,0.815
74.744,0.828
74.744,0.815
74.763,0.828
74.763,0.802
74.782,0.738
74.801,0.802
74.802,0.751
74.821,0.621
74.839,0.764
74.839,0.660
74.858,0.505
74.875,0.686
74.876,0.414
74.894,0.556
74.912,0.518
74.912,0.492
74.929,0.699
74.929,0.362
74.947,0.673
74.965,0.569
74.984,0.647
74.984,0.764
75.003,0.595
75.003,0.751
75.021,0.802
75.039,0.725
75.040,0.789
75.058,0.815
75.077,0.789
75.077,0.815
75.094,0.828
75.112,0.815
75.112,0.828
75.130,0.789
75.148,0.828
75.148,0.802
75.166,0.725
75.183,0.815
75.183,0.751
75.202,0.647
75.219,0.764
75.219,0.673
75.236,0.388
75.255,0.699
75.255,0.479
75.273,0.492
75.291,0.556
75.291,0.414
75.309,0.686
75.326,0.259
75.326,0.647
75.344,0.764
75.362,0.608
75.362,0.738
75.380,0.569
75.398,0.725
75.398,0.802
75.417,0.712
75.434,0.776
75.434,0.815
75.453,0.776
75.470,0.815
75.470,0.815
75.489,0.802
75.505,0.815
75.505,0.789
75.524,0.815
75.542,0.802
75.542,0.738
75.560,0.815
75.578,0.751
75.578,0.647
75.595,0.764
75.613,0.673
75.613,0.414
75.630,0.712
75.648,0.492
75.648,0.453
75.666,0.569
75.684,0.336
75.684,0.660
75.701,0.194
75.720,0.621
75.720,0.751
75.738,0.582
75.755,0.738
75.755,0.531
75.774,0.699
75.793,0.776
75.793,0.686
75.810,0.764
75.829,0.802
75.829,0.751
75.847,0.802
75.847,0.802
75.865,0.802
75.882,0.802
75.883,0.776
75.901,0.802
75.921,0.802
75.921,0.725
75.938,0.789
75.955,0.764
75.955,0.660
75.974,0.764
75.992,0.686
75.992,0.453
76.010,0.699
76.028,0.531
76.028,0.375
76.046,0.582
76.065,0.220
76.065,0.621
76.083,0.246
76.101,0.595
76.101,0.725
76.120,0.531
76.137,0.712
76.137,0.479
76.155,0.686
76.173,0.764
76.174,0.660
76.192,0.751
76.192,0.789
76.210,0.725
76.229,0.776
76.229,0.789
76.249,0.776
76.267,0.789
76.267,0.764
76.287,0.789
76.305,0.776
76.305,0.725
76.329,0.789
76.329,0.738
76.351,0.634
76.351,0.738
76.371,0.660
76.371,0.466
76.396,0.699
76.396,0.531
76.422,0.298
76.422,0.582
76.446,0.168
76.446,0.595
76.470,0.233
76.470,0.556
76.495,0.699
76.495,0.505
76.519,0.686
76.519,0.427
76.543,0.660
76.543,0.738
76.562,0.634
76.562,0.725
76.583,0.764
76.605,0.712
76.605,0.776
76.623,0.776
76.624,0.764
76.644,0.776
76.664,0.764
76.664,0.776
76.683,0.764
76.683,0.725
76.704,0.776
76.704,0.751
76.728,0.660
76.728,0.751
76.751,0.686
76.778,0.505
76.778,0.699
76.778,0.569
76.802,0.233
76.802,0.595
76.832,0.207
76.832,0.569
76.853,0.336
76.853,0.518
76.873,0.673
76.873,0.453
76.893,0.660
76.914,0.621
76.914,0.634
76.935,0.738
76.935,0.595
76.955,0.712
76.955,0.764
76.976,0.699
76.995,0.764
76.995,0.776
77.013,0.751
77.032,0.764
77.032,0.764
77.050,0.751
77.050,0.751
77.070,0.725
77.090,0.776
77.090,0.738
77.108,0.660
77.127,0.751
77.127,0.686
77.145,0.531
77.145,0.699
77.164,0.582
77.182,0.168
77.182,0.608
77.200,0.246
77.219,0.634
77.219,0.388
77.238,0.479
77.256,0.660
77.256,0.388
77.275,0.647
77.294,0.311
77.294,0.621
77.313,0.712
77.313,0.569
77.331,0.699
77.349,0.751
77.349,0.673
77.368,0.738
77.387,0.751
77.388,0.725
77.406,0.751
77.424,0.764
77.424,0.751
77.443,0.764
77.443,0.725
77.461,0.764
77.479,0.738
77.479,0.660
77.498,0.751
77.516,0.686
77.516,0.544
77.535,0.699
77.553,0.582
77.553,0.181
77.572,0.621
77.590,0.324
77.590,0.505
77.608,0.401
77.628,0.544
77.628,0.647
77.645,0.362
77.645,0.608
77.664,0.207
77.682,0.582
77.682,0.699
77.701,0.544
77.721,0.673
77.721,0.738
77.739,0.725
77.757,0.725
77.757,0.751
77.775,0.712
77.794,0.751
77.794,0.738
77.812,0.725
77.812,0.751
77.830,0.712
77.848,0.751
77.848,0.725
77.868,0.673
77.887,0.725
77.887,0.673
77.905,0.556
77.925,0.699
77.925,0.634
77.943,0.246
77.943,0.595
77.963,0.349
77.982,0.440
77.982,0.427
78.001,0.349
78.019,0.582
78.019,0.233
78.041,0.531
78.041,0.324
78.060,0.492
78.079,0.621
78.079,0.453
78.097,0.608
78.115,0.686
78.115,0.595
78.133,0.673
78.151,0.725
78.151,0.686
78.170,0.725
78.170,0.725
78.188,0.725
78.206,0.738
78.206,0.712
78.223,0.738
78.242,0.712
78.242,0.660
78.258,0.712
78.276,0.673
78.276,0.544
78.296,0.673
78.314,0.582
78.314,0.298
78.331,0.608
78.349,0.401
78.349,0.401
78.367,0.440
78.385,0.324
78.385,0.582
78.403,0.207
78.421,0.556
78.421,0.673
78.439,0.518
78.456,0.647
78.457,0.466
78.474,0.634
78.492,0.699
78.492,0.608
78.510,0.673
78.528,0.712
78.528,0.686
78.546,0.712
78.564,0.712
78.564,0.712
78.582,0.725
78.599,0.699
78.599,0.725
78.618,0.712
78.636,0.673
78.636,0.725
78.654,0.673
78.671,0.569
78.671,0.686
78.689,0.595
78.710,0.362
78.710,0.621
78.728,0.440
78.746,0.362
78.746,0.479
78.766,0.246
78.766,0.556
78.783,0.168
78.800,0.518
78.800,0.660
78.819,0.479
78.837,0.634
78.837,0.414
78.855,0.634
78.873,0.699
78.873,0.582
78.890,0.699
78.908,0.725
78.908,0.673
78.926,0.738
78.945,0.738
78.945,0.712
78.963,0.725
78.980,0.712
78.980,0.725
78.997,0.712
79.016,0.660
79.016,0.712
79.033,0.686
79.051,0.569
79.051,0.699
79.068,0.595
79.086,0.388
79.086,0.621
79.105,0.466
79.123,0.298
79.123,0.505
79.140,0.194
79.158,0.544
79.158,0.194
79.175,0.518
79.194,0.647
79.194,0.466
79.212,0.621
79.230,0.401
79.230,0.608
79.247,0.686
79.265,0.582
79.265,0.673
79.284,0.725
79.301,0.673
79.301,0.712
79.320,0.725
79.337,0.712
79.338,0.725
79.355,0.712
79.373,0.712
79.373,0.712
79.391,0.673
79.410,0.712
79.410,0.686
79.427,0.608
79.445,0.699
79.445,0.621
79.462,0.427
79.480,0.634
79.481,0.479
79.498,0.246
79.517,0.531
79.517,0.168
79.534,0.531
79.552,0.246
79.552,0.492
79.570,0.647
79.588,0.427
79.588,0.608
79.607,0.324
79.625,0.595
79.625,0.686
79.644,0.569
79.662,0.673
79.662,0.725
79.680,0.660
79.697,0.725
79.697,0.725
79.716,0.712
79.733,0.738
79.733,0.712
79.751,0.725
79.771,0.725
79.771,0.673
79.788,0.725
79.805,0.686
79.806,0.608
79.824,0.699
79.841,0.634
79.841,0.466
79.859,0.647
79.876,0.544
79.876,0.453
79.895,0.556
79.913,0.207
79.913,0.505
79.933,0.311
79.934,0.440
79.951,0.621
79.969,0.388
79.969,0.608
79.987,0.311
80.004,0.582
80.004,0.673
80.022,0.556
80.040,0.673
80.040,0.725
80.058,0.647
80.076,0.725
80.076,0.725
80.093,0.699
80.110,0.712
80.110,0.712
80.128,0.712
80.146,0.725
80.146,0.686
80.164,0.725
80.182,0.699
80.182,0.621
80.200,0.699
80.217,0.647
80.217,0.492
80.236,0.660
80.253,0.531
80.270,0.155
80.270,0.569
80.288,0.479
80.307,0.492
80.307,0.362
80.325,0.427
80.325,0.608
80.343,0.336
80.361,0.582
80.361,0.220
80.379,0.582
80.396,0.673
80.396,0.518
80.414,0.647
80.432,0.712
80.432,0.634
80.450,0.699
80.470,0.712
80.470,0.699
80.487,0.712
80.504,0.712
80.504,0.725
80.522,0.725
80.541,0.686
80.541,0.725
80.558,0.686
80.576,0.621
80.576,0.699
80.593,0.660
80.612,0.518
80.612,0.660
80.631,0.556
80.649,0.194
80.650,0.595
80.668,0.544
80.684,0.427
80.685,0.414
80.703,0.362
80.720,0.608
80.720,0.285
80.738,0.556
80.757,0.505
80.757,0.531
80.774,0.660
80.793,0.518
80.793,0.647
80.811,0.699
80.829,0.621
80.829,0.699
80.846,0.725
80.864,0.686
80.864,0.712
80.883,0.712
80.901,0.725
80.901,0.712
80.919,0.699
80.936,0.725
80.936,0.712
80.954,0.647
80.971,0.699
80.971,0.647
80.988,0.531
81.006,0.673
81.006,0.569
81.025,0.272
81.042,0.608
81.042,0.349
81.059,0.427
81.077,0.440
81.077,0.336
81.095,0.582
81.112,0.220
81.112,0.556
81.130,0.660
81.147,0.518
81.148,0.647
81.165,0.479
81.183,0.634
81.183,0.699
81.201,0.621
81.220,0.686
81.220,0.738
81.239,0.686
81.256,0.725
81.256,0.712
81.273,0.712
81.291,0.725
81.291,0.712
81.309,0.725
81.329,0.699
81.329,0.647
81.348,0.725
81.368,0.673
81.368,0.556
81.386,0.673
81.386,0.595
81.405,0.479
81.424,0.608
81.424,0.427
81.443,0.375
81.463,0.479
81.463,0.259
81.481,0.569
81.481,0.194
81.499,0.531
81.516,0.660
81.516,0.479
81.535,0.647
81.553,0.440
81.553,0.621
81.570,0.699
81.589,0.595
81.589,0.686
81.607,0.725
81.624,0.686
81.624,0.712
81.642,0.725
81.660,0.712
81.660,0.725
81.678,0.712
81.695,0.725
81.695,0.712
81.713,0.647
81.731,0.712
81.731,0.673
81.748,0.569
81.767,0.686
81.767,0.595
81.787,0.375
81.806,0.621
81.806,0.453
81.824,0.324
81.842,0.505
81.842,0.220
81.860,0.556
81.877,0.181
81.878,0.518
81.899,0.647
81.899,0.466
81.917,0.634
81.937,0.414
81.937,0.621
81.956,0.686
81.956,0.595
81.976,0.686
81.997,0.712
81.997,0.673
82.017,0.712
82.017,0.725
82.037,0.699
82.055,0.725
82.056,0.712
82.074,0.725
82.091,0.712
82.091,0.660
82.109,0.712
82.127,0.686
82.127,0.595
82.146,0.699
82.165,0.608
82.165,0.414
82.183,0.608
82.183,0.492
82.201,0.259
82.220,0.518
82.220,0.194
82.239,0.544
82.258,0.233
82.259,0.492
82.278,0.647
82.294,0.453
82.294,0.621
82.313,0.375
82.331,0.595
82.331,0.686
82.348,0.569
82.369,0.673
82.369,0.725
82.387,0.660
82.387,0.712
82.404,0.725
82.421,0.699
82.421,0.712
82.440,0.712
82.458,0.725
82.458,0.712
82.475,0.673
82.493,0.725
82.493,0.686
82.511,0.608
82.530,0.699
82.530,0.608
82.549,0.440
82.568,0.647
82.568,0.505
82.586,0.181
82.605,0.531
82.605,0.168
82.623,0.518
82.623,0.272
82.642,0.466
82.661,0.634
82.661,0.401
82.682,0.608
82.701,0.311
82.701,0.582
82.720,0.673
82.720,0.544
82.738,0.660
82.756,0.712
82.757,0.647
82.775,0.699
82.793,0.725
82.794,0.699
82.813,0.725
82.813,0.712
82.833,0.725
82.853,0.725
82.853,0.686
82.872,0.712
82.890,0.699
82.890,0.608
82.909,0.699
82.909,0.634
82.928,0.492
82.947,0.660
82.947,0.544
82.967,0.155
82.985,0.582
82.985,0.246
83.004,0.505
83.023,0.324
83.024,0.440
83.042,0.621
83.042,0.362
83.060,0.595
83.078,0.246
83.079,0.569
83.097,0.673
83.115,0.531
83.115,0.660
83.133,0.712
83.151,0.634
83.151,0.699
83.169,0.725
83.188,0.699
83.188,0.725
83.206,0.712
83.223,0.725
83.223,0.725
83.241,0.673
83.259,0.725
83.259,0.699
83.276,0.621
83.293,0.699
83.293,0.647
83.311,0.505
83.330,0.660
83.330,0.544
83.348,0.207
83.367,0.569
83.367,0.311
83.385,0.453
83.402,0.388
83.402,0.375
83.420,0.608
83.438,0.285
83.438,0.582
83.458,0.414
83.458,0.556
83.475,0.673
83.494,0.505
83.494,0.660
83.512,0.712
83.530,0.621
83.530,0.699
83.547,0.712
83.565,0.686
83.565,0.725
83.583,0.725
83.600,0.725
83.600,0.738
83.618,0.699
83.637,0.725
83.637,0.699
83.655,0.647
83.673,0.712
83.673,0.647
83.690,0.531
83.709,0.673
83.709,0.556
83.730,0.259
83.754,0.595
83.754,0.349
83.775,0.440
83.775,0.582
83.795,0.362
83.795,0.595
83.815,0.259
83.815,0.569
83.836,0.401
83.856,0.531
83.856,0.660
83.876,0.479
83.876,0.647
83.899,0.699
83.899,0.621
83.921,0.699
83.921,0.725
83.943,0.699
83.964,0.712
83.964,0.725
83.984,0.712
83.984,0.725
84.004,0.699
84.026,0.738
84.026,0.712
84.046,0.660
84.046,0.712
84.068,0.660
84.068,0.556
84.094,0.686
84.094,0.582
84.118,0.285
84.118,0.608
84.138,0.414
84.138,0.388
84.159,0.466
84.159,0.272
84.180,0.569
84.201,0.194
84.201,0.556
84.219,0.660
84.236,0.505
84.236,0.647
84.253,0.466
84.271,0.634
84.271,0.686
84.290,0.608
84.308,0.686
84.308,0.725
84.325,0.673
84.343,0.712
84.343,0.725
84.360,0.712
84.379,0.725
84.379,0.699
84.397,0.725
84.415,0.712
84.415,0.647
84.433,0.712
84.451,0.673
84.451,0.569
84.469,0.686
84.486,0.608
84.486,0.518
84.504,0.621
84.523,0.440
84.523,0.336
84.540,0.492
84.558,0.246
84.558,0.556
84.576,0.181
84.593,0.531
84.593,0.660
84.611,0.492
84.629,0.634
84.629,0.414
84.647,0.621
84.664,0.686
84.664,0.595
84.682,0.673
84.700,0.712
84.700,0.660
84.720,0.712
84.720,0.725
84.739,0.699
84.758,0.725
84.758,0.712
84.776,0.725
84.794,0.712
84.794,0.673
84.814,0.712
84.832,0.673
84.832,0.582
84.852,0.699
84.852,0.621
84.870,0.401
84.888,0.621
84.888,0.492
84.904,0.298
84.923,0.492
84.923,0.194
84.941,0.544
84.959,0.194
84.959,0.505
84.977,0.634
84.995,0.440
84.995,0.634
85.013,0.375
85.030,0.608
85.030,0.699
85.048,0.582
85.067,0.673
85.067,0.725
85.085,0.673
85.101,0.712
85.101,0.712
85.119,0.699
85.136,0.725
85.136,0.712
85.154,0.725
85.172,0.712
85.172,0.673
85.191,0.712
85.209,0.673
85.209,0.595
85.226,0.699
85.243,0.634
85.243,0.453
85.262,0.647
85.280,0.505
85.280,0.194
85.297,0.621
85.315,0.466
85.332,0.518
85.332,0.233
85.349,0.466
85.367,0.634
85.367,0.492
85.385,0.621
85.403,0.349
85.404,0.582
85.421,0.686
85.439,0.556
85.439,0.660
85.457,0.712
85.475,0.647
85.476,0.712
85.493,0.738
85.493,0.699
85.511,0.725
85.529,0.725
85.529,0.725
85.548,0.725
85.565,0.686
85.565,0.725
85.583,0.699
85.602,0.608
85.602,0.699
85.620,0.634
85.636,0.479
85.638,0.647
85.655,0.518
85.673,0.194
85.673,0.569
85.691,0.220
85.708,0.492
85.708,0.375
85.727,0.453
85.746,0.621
85.746,0.388
85.763,0.608
85.782,0.285
85.782,0.582
85.801,0.673
85.820,0.544
85.820,0.660
85.837,0.712
85.855,0.660
85.855,0.712
85.873,0.725
85.893,0.699
85.893,0.725
85.911,0.712
85.911,0.725
85.930,0.725
85.947,0.686
85.947,0.725
85.964,0.699
85.982,0.621
85.982,0.699
86.000,0.647
86.017,0.505
86.035,0.647
86.036,0.531
86.053,0.168
86.070,0.569
86.070,0.285
86.088,0.479
86.105,0.388
86.105,0.388
86.124,0.634
86.142,0.298
86.142,0.595
86.160,0.220
86.177,0.556
86.177,0.660
86.194,0.518
86.211,0.660
86.212,0.725
86.229,0.725
86.247,0.712
86.247,0.725
86.265,0.699
86.283,0.738
86.283,0.725
86.301,0.725
86.318,0.738
86.318,0.699
86.336,0.738
86.354,0.712
86.354,0.634
86.372,0.712
86.390,0.660
86.390,0.518
86.409,0.673
86.426,0.556
86.426,0.207
86.445,0.608
86.462,0.324
86.462,0.440
86.483,0.427
86.483,0.375
86.500,0.608
86.518,0.259
86.518,0.569
86.536,0.207
86.554,0.544
86.554,0.660
86.572,0.492
86.591,0.647
86.591,0.699
86.608,0.621
86.627,0.699
86.627,0.712
86.644,0.686
86.661,0.712
86.661,0.725
86.678,0.712
86.697,0.725
86.697,0.712
86.715,0.725
86.733,0.712
86.733,0.647
86.750,0.712
86.767,0.673
86.784,0.556
86.784,0.686
86.803,0.582
86.803,0.298
86.821,0.608
86.838,0.738
86.856,0.401
86.856,0.466
86.874,0.298
86.893,0.595
86.893,0.181
86.910,0.569
86.927,0.673
86.927,0.531
86.945,0.712
86.964,0.466
86.964,0.634
86.980,0.699
86.998,0.608
86.998,0.686
87.017,0.738
87.034,0.673
87.034,0.725
87.051,0.725
87.071,0.712
87.071,0.725
87.088,0.712
87.106,0.738
87.106,0.712
87.123,0.673
87.140,0.712
87.140,0.673
87.158,0.569
87.176,0.686
87.176,0.608
87.193,0.375
87.212,0.621
87.212,0.440
87.230,0.349
87.247,0.492
87.247,0.259
87.266,0.569
87.284,0.181
87.284,0.544
87.303,0.660
87.322,0.492
87.322,0.647
87.340,0.440
87.340,0.634
87.359,0.699
87.378,0.595
87.378,0.673
87.397,0.725
87.415,0.673
87.415,0.712
87.436,0.725
87.436,0.712
87.454,0.725
87.473,0.712
87.473,0.738
87.492,0.725
87.510,0.673
87.510,0.725
87.529,0.686
87.547,0.595
87.547,0.789
87.566,0.621
87.566,0.401
87.585,0.634
87.604,0.440
87.604,0.427
87.623,0.518
87.641,0.168
87.641,0.544
87.662,0.220
87.662,0.673
87.680,0.660
87.700,0.453
87.700,0.634
87.718,0.388
87.735,0.621
87.735,0.686
87.754,0.582
87.773,0.686
87.773,0.712
87.790,0.660
87.809,0.725
87.809,0.738
87.827,0.725
87.845,0.725
87.845,0.712
87.864,0.738
87.864,0.725
87.884,0.673
87.903,0.725
87.903,0.673
87.921,0.595
87.939,0.686
87.939,0.621
87.957,0.440
87.975,0.647
87.975,0.492
87.993,0.181
88.014,0.531
88.014,0.142
88.031,0.518
88.031,0.246
88.050,0.492
88.067,0.647
88.067,0.427
88.085,0.621
88.103,0.349
88.103,0.582
88.122,0.686
88.140,0.556
88.140,0.660
88.158,0.725
88.176,0.660
88.176,0.712
88.194,0.725
88.213,0.699
88.213,0.725
88.232,0.699
88.250,0.725
88.250,0.725
88.268,0.673
88.286,0.738
88.286,0.699
88.304,0.634
88.304,0.712
88.324,0.634
88.342,0.466
88.342,0.647
88.359,0.518
88.376,0.181
88.376,0.595
88.394,0.181
88.413,0.518
88.413,0.324
88.431,0.479
88.449,0.634
88.449,0.414
88.467,0.608
88.485,0.311
88.485,0.582
88.503,0.673
88.521,0.556
88.521,0.673
88.540,0.725
88.559,0.660
88.559,0.712
88.576,0.725
88.595,0.699
88.595,0.738
88.612,0.725
88.629,0.738
88.630,0.725
88.648,0.686
88.666,0.738
88.666,0.699
88.685,0.712
88.685,0.712
88.703,0.634
88.722,0.492
88.722,0.660
88.741,0.531
88.759,0.155
88.759,0.569
88.778,0.259
88.798,0.479
88.798,0.375
88.815,0.414
88.834,0.621
88.834,0.336
88.852,0.595
88.852,0.246
88.870,0.569
88.887,0.673
88.907,0.531
88.907,0.673
88.925,0.712
88.925,0.647
88.944,0.699
88.961,0.738
88.961,0.699
88.979,0.738
88.998,0.725
88.998,0.725
89.016,0.725
89.034,0.699
89.034,0.738
89.052,0.712
89.070,0.634
89.070,0.725
89.089,0.647
89.108,0.505
89.108,0.673
89.125,0.556
89.126,0.194
89.146,0.595
89.164,0.285
89.164,0.479
89.184,0.401
89.202,0.401
89.202,0.608
89.221,0.298
89.221,0.582
89.241,0.181
89.260,0.556
89.260,0.673
89.279,0.505
89.300,0.660
89.300,0.712
89.318,0.634
89.318,0.712
89.337,0.738
89.354,0.686
89.354,0.725
89.372,0.725
89.391,0.725
89.391,0.725
89.408,0.712
89.427,0.738
89.427,0.712
89.445,0.647
89.463,0.712
89.463,0.660
89.481,0.544
89.500,0.686
89.500,0.582
89.518,0.285
89.536,0.608
89.536,0.375
89.555,0.440
89.555,0.453
89.576,0.336
89.595,0.608
89.595,0.233
89.614,0.569
89.633,0.349
89.633,0.531
89.652,0.660
89.652,0.492
89.672,0.647
89.692,0.712
89.692,0.634
89.710,0.699
89.710,0.725
89.728,0.699
89.748,0.725
89.748,0.725
89.765,0.725
89.784,0.725
89.784,0.699
89.802,0.738
89.821,0.712
89.821,0.660
89.840,0.738
89.859,0.673
89.859,0.544
89.877,0.686
89.877,0.582
89.894,0.311
89.914,0.608
89.915,0.582
89.934,0.388
89.952,0.466
89.952,0.298
89.971,0.582
89.971,0.168
89.990,0.544
90.008,0.673
90.008,0.505
90.028,0.647
90.047,0.453
90.047,0.634
90.065,0.699
90.084,0.608
90.084,0.699
90.102,0.738
90.121,0.673
90.121,0.725
90.140,0.738
90.140,0.725
90.160,0.725
90.178,0.712
90.178,0.725
90.196,0.712
90.214,0.673
90.214,0.712
90.233,0.673
90.250,0.582
90.250,0.699
90.270,0.608
90.270,0.362
90.288,0.634
90.307,0.440
90.307,0.349
90.325,0.505
90.344,0.207
90.344,0.582
90.361,0.142
90.380,0.544
90.381,0.660
90.399,0.492
90.418,0.647
90.418,0.440
90.437,0.634
90.437,0.699
90.455,0.595
90.474,0.699
90.474,0.738
90.493,0.686
90.511,0.725
90.511,0.725
90.531,0.712
90.550,0.725
90.550,0.712
90.568,0.725
90.568,0.725
90.587,0.673
90.604,0.712
90.605,0.686
90.623,0.582
90.642,0.686
90.642,0.608
90.659,0.414
90.677,0.634
90.677,0.453
90.695,0.298
90.714,0.518
90.714,0.181
90.733,0.556
90.752,0.194
90.752,0.505
90.769,0.647
90.787,0.440
90.787,0.634
90.804,0.401
90.824,0.621
90.824,0.699
90.844,0.582
90.844,0.673
90.862,0.725
90.882,0.660
90.882,0.712
90.900,0.725
90.900,0.712
90.920,0.725
90.939,0.712
90.939,0.725
90.957,0.712
90.975,0.686
90.975,0.725
90.993,0.686
91.011,0.608
91.011,0.699
91.030,0.634
91.047,0.531
91.047,0.647
91.065,0.505
91.085,0.220
91.085,0.544
91.103,0.155
91.103,0.544
91.121,0.246
91.140,0.531
91.140,0.647
91.160,0.440
91.178,0.621
91.178,0.349
91.196,0.595
91.214,0.686
91.214,0.544
91.233,0.686
91.251,0.712
91.251,0.660
91.269,0.725
91.269,0.738
91.287,0.712
91.305,0.725
91.305,0.725
91.324,0.725
91.342,0.712
91.342,0.686
91.360,0.725
91.378,0.686
91.378,0.621
91.396,0.699
91.414,0.634
91.414,0.479
91.433,0.647
91.451,0.531
91.451,0.375
91.470,0.556
91.488,0.207
91.488,0.505
91.506,0.336
91.524,0.453
91.524,0.634
91.542,0.388
91.560,0.608
91.561,0.298
91.578,0.582
91.596,0.686
91.596,0.556
91.616,0.673
91.616,0.725
91.633,0.647
91.652,0.712
91.652,0.725
91.672,0.712
91.689,0.725
91.689,0.725
91.708,0.725
91.727,0.725
91.727,0.686
91.745,0.725
91.763,0.699
91.764,0.608
91.781,0.712
91.781,0.660
91.800,0.492
91.818,0.660
91.818,0.531
91.836,0.246
91.855,0.569
91.855,0.272
91.874,0.492
91.894,0.362
91.894,0.427
91.912,0.621
91.931,0.349
91.931,0.595
91.950,0.259
91.950,0.582
91.970,0.699
91.987,0.544
91.987,0.673
92.005,0.725
92.022,0.647
92.022,0.712
92.041,0.725
92.059,0.699
92.059,0.725
92.077,0.725
92.095,0.725
92.095,0.725
92.113,0.699
92.131,0.725
92.131,0.699
92.150,0.634
92.167,0.699
92.167,0.660
92.186,0.531
92.203,0.673
92.203,0.569
92.222,0.207
92.240,0.595
92.240,0.336
92.259,0.466
92.259,0.401
92.278,0.388
92.295,0.608
92.295,0.336
92.315,0.582
92.333,0.168
92.333,0.544
92.352,0.673
92.372,0.518
92.372,0.647
92.390,0.712
92.390,0.634
92.408,0.712
92.425,0.725
92.426,0.699
92.443,0.725
92.462,0.725
92.462,0.725
92.480,0.738
92.499,0.712
92.499,0.725
92.516,0.712
92.535,0.660
92.535,0.725
92.552,0.660
92.571,0.544
92.571,0.673
92.589,0.569
92.608,0.272
92.608,0.595
92.625,0.375
92.644,0.427
92.644,0.440
92.662,0.336
92.681,0.582
92.682,0.298
92.699,0.569
92.700,0.311
92.718,0.531
92.736,0.660
92.736,0.492
92.755,0.647
92.775,0.712
92.775,0.621
92.796,0.699
92.796,0.725
92.819,0.686
92.819,0.725
92.838,0.738
92.857,0.738
92.857,0.725
92.877,0.712
92.894,0.725
92.894,0.712
92.914,0.660
92.914,0.725
92.932,0.673
92.950,0.556
92.950,0.686
92.968,0.595
92.987,0.336
92.987,0.608
93.007,0.414
93.027,0.401
93.027,0.479
93.045,0.298
93.045,0.582
93.063,0.194
93.082,0.544
93.082,0.660
93.100,0.518
93.121,0.660
93.121,0.466
93.139,0.634
93.139,0.712
93.158,0.608
93.177,0.699
93.177,0.738
93.195,0.699
93.213,0.725
93.213,0.725
93.231,0.725
93.249,0.725
93.249,0.712
93.266,0.725
93.285,0.712
93.285,0.660
93.302,0.725
93.320,0.686
93.320,0.582
93.339,0.686
93.359,0.608
93.359,0.388
93.377,0.621
93.377,0.453
93.396,0.324
93.415,0.505
93.415,0.207
93.433,0.569
93.452,0.142
93.452,0.518
93.470,0.660
93.488,0.466
93.488,0.738
93.506,0.427
93.524,0.621
93.524,0.699
93.543,0.595
93.571,0.686
93.571,0.725
93.571,0.673
93.592,0.712
93.592,0.725
93.614,0.712
93.637,0.738
93.637,0.725
93.658,0.738
93.658,0.712
93.679,0.673
93.679,0.725
93.699,0.725
93.717,0.595
93.717,0.686
93.737,0.621
93.737,0.401
93.758,0.634
93.776,0.479
93.776,0.298
93.796,0.518
93.797,0.168
93.818,0.556
93.818,0.207
93.846,0.505
93.846,0.647
93.870,0.466
93.870,0.634
93.894,0.388
93.894,0.634
93.917,0.699
93.917,0.582
93.940,0.686
93.940,0.725
93.968,0.660
93.968,0.725
93.992,0.725
93.992,0.712
94.012,0.738
94.012,0.712
94.031,0.738
94.051,0.738
94.051,0.673
94.071,0.738
94.071,0.699
94.094,0.608
94.094,0.699
94.116,0.634
94.134,0.453
94.135,0.660
94.155,0.505
94.156,0.207
94.177,0.544
94.177,0.220
94.199,0.531
94.220,0.440
94.220,0.492
94.239,0.647
94.239,0.427
94.258,0.621
94.277,0.336
94.277,0.595
94.296,0.686
94.296,0.556
94.316,0.673
94.336,0.725
94.336,0.660
94.357,0.712
94.357,0.738
94.377,0.712
94.397,0.738
94.397,0.725
94.416,0.738
94.416,0.725
94.436,0.686
94.454,0.738
94.454,0.699
94.474,0.621
94.474,0.712
94.494,0.634
94.515,0.479
94.515,0.673
94.534,0.518
94.534,0.233
94.553,0.556
94.572,0.220
94.573,0.505
94.591,0.324
94.610,0.453
94.610,0.621
94.629,0.375
94.629,0.608
94.647,0.324
94.665,0.582
94.665,0.686
94.684,0.556
94.702,0.673
94.703,0.725
94.722,0.647
94.740,0.712
94.741,0.725
94.760,0.699
94.760,0.738
94.780,0.738
94.800,0.738
94.800,0.725
94.821,0.699
94.821,0.738
94.841,0.712
94.859,0.647
94.861,0.712
94.881,0.647
94.881,0.505
94.901,0.673
94.920,0.544
94.920,0.466
94.939,0.582
94.939,0.298
94.957,0.505
94.978,0.375
94.978,0.427
94.998,0.621
94.999,0.336
95.017,0.595
95.036,0.233
95.036,0.556
95.056,0.686
95.076,0.518
95.076,0.660
95.095,0.712
95.095,0.634
95.113,0.712
95.133,0.738
95.133,0.699
95.151,0.725
95.170,0.725
95.170,0.725
95.188,0.725
95.188,0.699
95.206,0.725
95.226,0.712
95.226,0.634
95.244,0.712
95.264,0.660
95.264,0.531
95.283,0.673
95.300,0.556
95.300,0.220
95.318,0.582
95.318,0.336
95.337,0.453
95.357,0.414
95.357,0.362
95.374,0.595
95.393,0.272
95.393,0.582
95.412,0.207
95.430,0.544
95.430,0.673
95.448,0.505
95.466,0.647
95.467,0.712
95.485,0.634
95.485,0.699
95.504,0.725
95.522,0.699
95.522,0.725
95.540,0.725
95.558,0.725
95.558,0.725
95.577,0.712
95.595,0.725
95.595,0.712
95.614,0.660
95.633,0.712
95.633,0.673
95.653,0.544
95.653,0.686
95.673,0.582
95.691,0.298
95.691,0.621
95.709,0.401
95.728,0.427
95.728,0.453
95.746,0.349
95.764,0.595
95.764,0.246
95.782,0.569
95.800,0.673
95.801,0.531
95.820,0.660
95.820,0.479
95.840,0.647
95.859,0.699
95.859,0.634
95.881,0.699
95.881,0.712
95.901,0.686
95.921,0.725
95.921,0.738
95.941,0.725
95.941,0.725
95.966,0.699
95.966,0.725
95.989,0.712
95.989,0.660
96.009,0.712
96.028,0.673
96.028,0.569
96.051,0.686
96.052,0.582
96.073,0.336
96.073,0.621
96.093,0.427
96.094,0.375
96.117,0.479
96.117,0.259
96.139,0.582
96.161,0.207
96.161,0.544
96.181,0.673
96.181,0.492
96.202,0.647
96.202,0.453
96.223,0.634
96.243,0.699
96.243,0.608
96.266,0.686
96.266,0.738
96.288,0.686
96.288,0.725
96.313,0.738
96.313,0.725
96.335,0.738
96.335,0.712
96.357,0.725
96.357,0.712
96.378,0.673
96.401,0.725
96.401,0.686
96.424,0.582
96.424,0.699
96.449,0.608
96.449,0.375
96.469,0.673
96.469,0.453
96.489,0.336
96.489,0.518
96.510,0.246
96.510,0.569
96.531,0.220
96.549,0.518
96.549,0.647
96.570,0.492
96.570,0.647
96.588,0.414
96.607,0.608
96.607,0.699
96.627,0.608
96.647,0.686
96.647,0.725
96.665,0.673
96.665,0.712
96.688,0.738
96.689,0.712
96.712,0.725
96.733,0.712
96.733,0.725
96.754,0.725
96.755,0.673
96.776,0.725
96.776,0.686
96.798,0.595
96.798,0.699
96.819,0.621
96.819,0.427
96.840,0.634
96.861,0.479
96.862,0.272
96.888,0.531
96.888,0.194
96.909,0.544
96.909,0.246
96.930,0.492
96.930,0.647
96.950,0.440
96.971,0.621
96.971,0.492
96.992,0.595
96.992,0.686
97.016,0.569
97.016,0.686
97.043,0.725
97.043,0.673
97.067,0.725
97.067,0.751
97.089,0.712
97.089,0.738
97.110,0.725
97.110,0.725
97.132,0.725
97.132,0.686
97.154,0.725
97.154,0.686
97.178,0.608
97.178,0.699
97.201,0.634
97.201,0.453
97.221,0.647
97.240,0.505
97.241,0.349
97.260,0.544
97.260,0.207
97.280,0.518
97.299,0.492
97.299,0.466
97.318,0.634
97.337,0.414
97.337,0.621
97.357,0.349
97.357,0.595
97.376,0.686
97.394,0.569
97.394,0.673
97.412,0.712
97.432,0.647
97.433,0.712
97.450,0.738
97.468,0.725
97.468,0.725
97.490,0.712
97.490,0.725
97.507,0.738
97.527,0.686
97.527,0.712
97.547,0.699
97.547,0.621
97.565,0.699
97.584,0.647
97.584,0.479
97.605,0.660
97.623,0.544
97.623,0.207
97.642,0.569
97.642,0.246
97.661,0.518
97.680,0.362
97.680,0.440
97.698,0.634
97.717,0.362
97.717,0.608
97.736,0.259
97.736,0.569
97.755,0.673
97.772,0.531
97.772,0.660
97.791,0.725
97.810,0.647
97.810,0.712
97.828,0.738
97.846,0.712
97.846,0.725
97.863,0.725
97.883,0.725
97.883,0.738
97.900,0.686
97.919,0.712
97.919,0.699
97.938,0.634
97.956,0.712
97.956,0.660
97.974,0.518
97.974,0.673
97.993,0.544
98.011,0.194
98.011,0.582
98.030,0.298
98.049,0.453
98.049,0.401
98.067,0.414
98.087,0.608
98.087,0.401
98.105,0.595
98.123,0.220
98.123,0.556
98.142,0.673
98.142,0.518
98.160,0.660
98.178,0.712
98.178,0.634
98.198,0.712
98.219,0.725
98.219,0.686
98.241,0.725
98.241,0.725
98.261,0.725
98.261,0.725
98.280,0.712
98.299,0.725
98.299,0.712
98.318,0.647
98.339,0.712
98.339,0.660
98.358,0.531
98.358,0.673
98.376,0.569
98.394,0.233
98.395,0.595
98.412,0.349
98.431,0.479
98.431,0.440
98.450,0.362
98.468,0.595
98.469,0.259
98.487,0.569
98.487,0.479
98.508,0.531
98.528,0.660
98.528,0.479
98.547,0.647
98.547,0.699
98.571,0.634
98.571,0.712
98.591,0.725
98.611,0.686
98.611,0.725
98.630,0.725
98.630,0.725
98.650,0.738
98.668,0.699
98.668,0.738
98.687,0.712
98.706,0.660
98.706,0.712
98.725,0.673
98.725,0.556
98.744,0.673
98.769,0.569
98.769,0.324
98.789,0.608
98.789,0.414
98.807,0.388
98.830,0.466
98.830,0.285
98.852,0.582
98.853,0.207
98.873,0.544
98.873,0.673
98.895,0.505
98.895,0.647
98.914,0.466
98.934,0.634
98.934,0.699
98.953,0.608
98.953,0.699
98.971,0.725
98.993,0.686
98.993,0.725
99.013,0.725
99.013,0.725
99.036,0.725
99.036,0.712
99.059,0.738
99.059,0.712
99.082,0.660
99.103,0.725
99.103,0.673
99.125,0.569
99.125,0.699
99.148,0.595
99.148,0.336
99.169,0.621
99.169,0.427
99.193,0.362
99.193,0.492
99.214,0.259
99.214,0.569
99.237,0.220
99.237,0.531
99.260,0.647
99.283,0.492
99.283,0.647
99.305,0.427
99.305,0.621
99.327,0.699
99.327,0.595
99.348,0.686
99.348,0.738
99.367,0.686
99.386,0.725
99.386,0.725
99.405,0.712
99.405,0.712
99.425,0.712
99.446,0.725
99.446,0.712
99.465,0.673
99.465,0.712
99.483,0.686
99.503,0.595
99.503,0.686
99.522,0.608
99.541,0.492
99.541,0.634
99.559,0.479
99.559,0.285
99.578,0.531
99.596,0.194
99.596,0.544
99.615,0.207
99.633,0.518
99.634,0.647
99.653,0.466
99.671,0.621
99.671,0.388
99.689,0.608
99.707,0.699
99.707,0.569
99.725,0.686
99.725,0.725
99.745,0.673
99.765,0.725
99.765,0.725
99.782,0.712
99.802,0.738
99.802,0.712
99.819,0.738
99.838,0.725
99.838,0.686
99.856,0.751
99.856,0.699
99.875,0.595
99.894,0.712
99.894,0.621
99.912,0.440
99.931,0.647
99.931,0.492
99.951,0.505
99.970,0.544
99.970,0.181
99.988,0.518
99.988,0.246
100.007,0.492
100.026,0.647
100.026,0.440
100.046,0.621
100.046,0.401
100.065,0.595
100.085,0.686
100.085,0.569
100.104,0.673
100.123,0.725
100.123,0.660
100.142,0.712
100.160,0.725
100.160,0.699
100.178,0.725
100.178,0.712
100.197,0.725
100.216,0.725
100.216,0.686
100.234,0.738
100.254,0.699
100.254,0.621
100.273,0.712
100.273,0.634
100.291,0.479
100.311,0.647
100.311,0.518
100.330,0.181
100.349,0.556
100.349,0.375
100.368,0.505
100.368,0.336
100.387,0.453
100.406,0.647
100.406,0.388
100.426,0.621
100.444,0.298
100.444,0.582
100.465,0.686
100.465,0.556
100.484,0.660
100.505,0.725
100.506,0.660
100.525,0.712
100.525,0.738
100.544,0.712
100.564,0.725
100.564,0.712
100.584,0.725
100.584,0.725
100.603,0.699
100.622,0.725
100.622,0.699
100.640,0.621
100.658,0.712
100.658,0.673
100.676,0.492
100.695,0.660
100.695,0.531
100.713,0.155
100.731,0.569
100.731,0.272
100.750,0.479
100.750,0.375
100.768,0.414
100.786,0.608
100.787,0.324
100.804,0.595
100.823,0.246
100.823,0.569
100.840,0.686
100.859,0.544
100.859,0.647
100.878,0.712
100.896,0.647
100.896,0.725
100.915,0.738
100.935,0.699
100.935,0.725
100.954,0.725
100.954,0.725
100.974,0.738
100.992,0.712
100.992,0.725
101.010,0.712
101.028,0.647
101.028,0.725
101.047,0.673
101.068,0.569
101.068,0.673
101.086,0.569
101.086,0.259
101.104,0.595
101.123,0.311
101.123,0.466
101.142,0.414
101.160,0.388
101.160,0.595
101.179,0.285
101.179,0.582
101.197,0.168
101.215,0.544
101.215,0.673
101.233,0.505
101.251,0.647
101.251,0.699
101.269,0.634
101.289,0.712
101.289,0.738
101.308,0.699
101.325,0.725
101.325,0.725
101.343,0.725
101.361,0.738
101.361,0.699
101.380,0.725
101.398,0.712
101.398,0.660
101.418,0.725
101.418,0.660
101.435,0.544
101.453,0.673
101.453,0.569
101.472,0.285
101.492,0.634
101.492,0.388
101.512,0.401
101.512,0.453
101.531,0.311
101.549,0.582
101.549,0.181
101.566,0.569
101.586,0.673
101.586,0.518
101.604,0.660
101.622,0.479
101.622,0.634
101.641,0.712
101.658,0.621
101.658,0.686
101.677,0.725
101.694,0.686
101.694,0.725
101.713,0.738
101.732,0.725
101.732,0.738
101.750,0.699
101.768,0.725
101.768,0.712
101.786,0.647
101.786,0.725
101.803,0.686
101.820,0.569
101.820,0.699
101.839,0.595
101.859,0.336
101.859,0.621
101.876,0.427
101.894,0.595
101.894,0.479
101.914,0.259
101.933,0.582
101.934,0.181
101.951,0.544
101.969,0.647
101.969,0.505
101.987,0.647
102.004,0.453
102.004,0.634
102.023,0.699
102.041,0.595
102.041,0.686
102.059,0.725
102.079,0.686
102.079,0.725
102.098,0.725
102.098,0.725
102.115,0.738
102.134,0.712
102.135,0.725
102.153,0.725
102.171,0.673
102.171,0.725
102.189,0.686
102.207,0.582
102.207,0.699
102.225,0.621
102.242,0.401
102.242,0.634
102.260,0.466
102.279,0.324
102.279,0.518
102.296,0.220
102.314,0.556
102.314,0.194
102.331,0.518
102.351,0.660
102.351,0.466
102.369,0.634
102.387,0.388
102.387,0.621
102.406,0.712
102.406,0.582
102.423,0.686
102.440,0.725
102.441,0.686
102.460,0.725
102.479,0.725
102.479,0.712
102.497,0.738
102.516,0.712
102.516,0.725
102.535,0.725
102.554,0.673
102.554,0.725
102.572,0.699
102.572,0.582
102.592,0.699
102.609,0.621
102.609,0.427
102.628,0.647
102.646,0.479
102.646,0.246
102.664,0.531
102.683,0.168
102.683,0.544
102.700,0.220
102.719,0.505
102.719,0.647
102.738,0.440
102.755,0.621
102.755,0.375
102.774,0.608
102.792,0.686
102.792,0.569
102.810,0.673
102.810,0.725
102.828,0.660
102.846,0.725
102.846,0.725
102.864,0.712
102.881,0.725
102.900,0.712
102.900,0.725
102.919,0.725
102.919,0.686
102.936,0.738
102.954,0.699
102.955,0.621
102.972,0.712
102.991,0.634
102.991,0.466
103.009,0.647
103.028,0.518
103.028,0.207
103.046,0.544
103.063,0.181
103.063,0.518
103.083,0.311
103.102,0.479
103.102,0.634
103.121,0.556
103.121,0.621
103.138,0.311
103.156,0.582
103.156,0.686
103.174,0.556
103.191,0.673
103.192,0.725
103.210,0.660
103.229,0.725
103.229,0.738
103.246,0.712
103.265,0.738
103.265,0.725
103.283,0.725
103.300,0.725
103.300,0.686
103.319,0.725
103.336,0.699
103.336,0.621
103.356,0.712
103.373,0.634
103.373,0.492
103.391,0.647
103.409,0.518
103.409,0.155
103.427,0.569
103.445,0.246
103.445,0.492
103.465,0.362
103.465,0.427
103.485,0.621
103.504,0.336
103.504,0.595
103.524,0.259
103.524,0.569
103.544,0.673
103.564,0.531
103.564,0.647
103.583,0.712
103.606,0.647
103.606,0.712
103.628,0.725
103.628,0.699
103.646,0.738
103.646,0.725
103.665,0.725
103.686,0.725
103.686,0.686
103.706,0.738
103.706,0.712
103.727,0.634
103.727,0.712
103.748,0.660
103.768,0.518
103.768,0.673
103.787,0.569
103.787,0.220
103.806,0.595
103.824,0.285
103.824,0.479
103.843,0.401
103.861,0.414
103.862,0.595
103.881,0.298
103.901,0.582
103.901,0.207
103.920,0.556
103.920,0.673
103.938,0.505
103.957,0.660
103.957,0.712
103.977,0.647
103.977,0.699
103.996,0.725
104.015,0.699
104.015,0.725
104.033,0.725
104.051,0.725
104.051,0.725
104.070,0.699
104.089,0.738
104.089,0.712
104.108,0.647
104.108,0.725
104.126,0.673
104.143,0.544
104.143,0.686
104.162,0.569
104.179,0.272
104.196,0.595
104.196,0.388
104.215,0.427
104.215,0.453
104.234,0.336
104.251,0.595
104.251,0.246
104.269,0.569
104.288,0.505
104.288,0.531
104.306,0.660
104.326,0.492
104.326,0.647
104.344,0.699
104.362,0.634
104.362,0.712
104.378,0.725
104.397,0.686
104.397,0.725
104.415,0.738
104.432,0.725
104.432,0.725
104.450,0.712
104.468,0.738
104.468,0.712
104.487,0.647
104.504,0.725
104.504,0.673
104.522,0.556
104.539,0.686
104.539,0.582
104.557,0.324
104.575,0.621
104.575,0.388
104.593,0.388
104.611,0.466
104.611,0.298
104.630,0.582
104.648,0.181
104.648,0.556
104.667,0.660
104.684,0.518
104.685,0.647
104.704,0.453
104.704,0.634
104.723,0.699
104.740,0.608
104.740,0.699
104.761,0.738
104.780,0.686
104.780,0.725
104.800,0.738
104.800,0.725
104.820,0.725
104.839,0.712
104.839,0.725
104.859,0.712
104.859,0.660
104.878,0.725
104.895,0.686
104.896,0.582
104.914,0.699
104.932,0.608
104.932,0.388
104.952,0.634
104.969,0.518
104.969,0.324
104.989,0.518
105.006,0.194
105.006,0.569
105.026,0.142
105.026,0.531
105.045,0.660
105.061,0.479
105.062,0.647
105.080,0.414
105.098,0.621
105.098,0.699
105.119,0.595
105.138,0.686
105.138,0.725
105.156,0.673
105.156,0.725
105.174,0.725
105.192,0.725
105.192,0.725
105.212,0.712
105.230,0.725
105.230,0.725
105.249,0.673
105.267,0.725
105.267,0.686
105.285,0.595
105.303,0.699
105.303,0.608
105.321,0.414
105.340,0.634
105.340,0.466
105.359,0.285
105.359,0.531
105.377,0.155
105.395,0.531
105.395,0.207
105.415,0.505
105.433,0.660
105.433,0.466
105.450,0.634
105.468,0.388
105.468,0.608
105.487,0.686
105.504,0.582
105.504,0.686
105.523,0.725
105.541,0.673
105.541,0.712
105.559,0.725
105.576,0.712
105.576,0.725
105.594,0.712
105.612,0.725
105.612,0.725
105.630,0.686
105.648,0.725
105.648,0.686
105.666,0.621
105.684,0.712
105.684,0.621
105.701,0.453
105.719,0.673
105.719,0.505
105.737,0.207
105.755,0.556
105.755,0.181
105.773,0.518
105.791,0.285
105.791,0.479
105.809,0.647
105.827,0.414
105.827,0.621
105.846,0.311
105.864,0.595
105.864,0.686
105.882,0.569
105.884,0.673
105.900,0.725
105.919,0.660
105.919,0.712
105.937,0.725
105.955,0.699
105.955,0.738
105.974,0.725
105.992,0.725
105.992,0.725
106.009,0.686
106.029,0.751
106.029,0.699
106.047,0.621
106.063,0.712
106.063,0.634
106.082,0.479
106.100,0.660
106.100,0.531
106.119,0.142
106.136,0.556
106.136,0.207
106.154,0.492
106.173,0.336
106.173,0.440
106.193,0.621
106.193,0.362
106.212,0.595
106.230,0.259
106.230,0.569
106.248,0.699
106.266,0.531
106.266,0.660
106.283,0.725
106.302,0.634
106.302,0.712
106.321,0.738
106.339,0.699
106.339,0.725
106.358,0.725
106.375,0.725
106.375,0.725
106.393,0.686
106.411,0.738
106.411,0.712
106.429,0.634
106.446,0.712
106.446,0.660
106.465,0.518
106.482,0.686
106.482,0.556
106.500,0.427
106.520,0.582
106.520,0.298
106.537,0.466
106.554,0.414
106.554,0.401
106.573,0.608
106.591,0.324
106.591,0.595
106.610,0.194
106.610,0.569
106.628,0.673
106.646,0.531
106.646,0.660
106.664,0.712
106.683,0.647
106.683,0.712
106.701,0.725
106.720,0.699
106.721,0.725
106.738,0.725
106.756,0.725
106.756,0.725
106.774,0.686
106.792,0.725
106.793,0.699
106.811,0.647
106.812,0.712
106.829,0.660
106.847,0.531
106.847,0.673
106.865,0.569
106.883,0.233
106.884,0.608
106.901,0.349
106.921,0.440
106.921,0.440
106.939,0.362
106.957,0.608
106.957,0.233
106.974,0.569
106.993,0.686
106.993,0.531
107.011,0.660
107.028,0.479
107.028,0.647
107.047,0.712
107.065,0.621
107.066,0.699
107.084,0.738
107.102,0.686
107.102,0.725
107.123,0.738
107.123,0.725
107.141,0.738
107.160,0.712
107.160,0.738
107.178,0.725
107.196,0.660
107.196,0.712
107.213,0.673
107.231,0.556
107.232,0.686
107.250,0.582
107.266,0.298
107.267,0.621
107.286,0.388
107.304,0.388
107.305,0.479
107.321,0.298
107.339,0.582
107.339,0.181
107.358,0.556
107.376,0.673
107.376,0.518
107.393,0.660
107.412,0.479
107.412,0.634
107.431,0.699
107.431,0.621
107.448,0.699
107.467,0.725
107.467,0.673
107.485,0.725
107.501,0.725
107.503,0.712
107.520,0.725
107.538,0.712
107.538,0.738
107.557,0.725
107.574,0.660
107.574,0.725
107.591,0.673
107.609,0.582
107.626,0.686
107.626,0.595
107.644,0.362
107.662,0.621
107.662,0.440
107.679,0.362
107.696,0.492
107.696,0.233
107.715,0.569
107.732,0.544
107.732,0.531
107.750,0.660
107.767,0.492
107.768,0.647
107.785,0.427
107.803,0.621
107.803,0.699
107.822,0.595
107.841,0.686
107.841,0.738
107.858,0.686
107.875,0.725
107.875,0.738
107.893,0.712
107.910,0.738
107.910,0.712
107.928,0.725
107.946,0.712
107.946,0.673
107.964,0.725
107.982,0.686
107.982,0.569
108.001,0.686
108.019,0.608
108.019,0.401
108.039,0.621
108.039,0.466
108.057,0.298
108.075,0.518
108.075,0.194
108.093,0.544
108.111,0.194
108.111,0.518
108.129,0.660
108.148,0.479
108.148,0.634
108.167,0.414
108.184,0.621
108.184,0.686
108.202,0.582
108.219,0.686
108.219,0.725
108.238,0.673
108.257,0.712
108.257,0.725
108.276,0.712
108.293,0.725
108.293,0.725
108.312,0.738
108.329,0.712
108.329,0.673
108.347,0.725
108.365,0.699
108.365,0.595
108.383,0.699
108.400,0.621
108.400,0.440
108.418,0.647
108.435,0.492
108.435,0.259
108.453,0.531
108.471,0.194
108.471,0.544
108.489,0.259
108.507,0.492
108.507,0.647
108.524,0.427
108.542,0.621
108.542,0.349
108.560,0.595
108.578,0.686
108.578,0.569
108.595,0.673
108.614,0.725
108.614,0.660
108.632,0.712
108.650,0.738
108.650,0.712
108.668,0.738
108.686,0.712
108.686,0.738
108.705,0.725
108.722,0.686
108.722,0.725
108.739,0.686
108.757,0.608
108.757,0.699
108.775,0.621
108.792,0.479
108.792,0.647
108.811,0.518
108.828,0.207
108.828,0.544
108.846,0.207
108.863,0.556
108.863,0.311
108.881,0.479
108.900,0.634
108.900,0.401
108.917,0.608
108.934,0.311
108.934,0.582
108.952,0.673
108.970,0.544
108.970,0.673
108.988,0.725
109.006,0.647
109.006,0.725
109.024,0.738
109.043,0.712
109.043,0.738
109.063,0.725
109.063,0.725
109.082,0.738
109.103,0.699
109.103,0.738
109.123,0.699
109.123,0.621
109.144,0.712
109.165,0.647
109.165,0.492
109.185,0.673
109.185,0.544
109.203,0.194
109.221,0.569
109.221,0.246
109.239,0.492
109.259,0.336
109.259,0.453
109.276,0.634
109.295,0.375
109.295,0.608
109.314,0.246
109.314,0.582
109.333,0.686
109.354,0.531
109.354,0.660
109.375,0.712
109.375,0.647
109.394,0.712
109.413,0.725
109.413,0.712
109.433,0.725
109.433,0.725
109.454,0.725
109.473,0.712
109.473,0.699
109.493,0.738
109.493,0.686
109.511,0.634
109.530,0.712
109.530,0.660
109.548,0.518
109.566,0.673
109.566,0.556
109.585,0.207
109.603,0.582
109.603,0.311
109.622,0.466
109.639,0.414
109.640,0.388
109.657,0.608
109.675,0.285
109.676,0.595
109.693,0.207
109.710,0.556
109.710,0.673
109.728,0.518
109.745,0.660
109.745,0.712
109.765,0.634
109.783,0.712
109.783,0.738
109.802,0.699
109.802,0.738
109.820,0.712
109.837,0.725
109.838,0.738
109.855,0.699
109.872,0.738
109.873,0.712
109.893,0.647
109.912,0.725
109.912,0.660
109.930,0.531
109.946,0.673
109.947,0.569
109.965,0.259
109.983,0.634
109.983,0.349
110.001,0.440
110.019,0.414
110.019,0.375
110.037,0.595
110.054,0.259
110.055,0.569
110.073,0.531
110.092,0.531
110.092,0.660
110.110,0.492
110.128,0.647
110.128,0.712
110.146,0.621
110.164,0.699
110.164,0.738
110.183,0.699
110.183,0.712
110.203,0.725
110.220,0.725
110.220,0.738
110.239,0.699
110.258,0.738
110.258,0.725
110.277,0.660
110.277,0.725
110.295,0.673
110.314,0.569
110.314,0.699
110.333,0.582
110.352,0.298
110.352,0.608
110.371,0.401
110.390,0.401
110.390,0.466
110.408,0.285
110.408,0.595
110.426,0.142
110.445,0.569
110.445,0.686
110.462,0.518
110.481,0.660
110.481,0.595
110.499,0.634
110.517,0.712
110.517,0.621
110.534,0.712
110.554,0.725
110.554,0.673
110.572,0.725
110.589,0.738
110.589,0.725
110.606,0.738
110.624,0.712
110.624,0.725
110.643,0.712
110.661,0.660
110.661,0.725
110.679,0.673
110.696,0.582
110.696,0.699
110.714,0.595
110.731,0.375
110.732,0.634
110.750,0.440
110.768,0.336
110.768,0.479
110.786,0.259
110.804,0.634
110.804,0.129
110.821,0.531
110.840,0.660
110.840,0.492
110.865,0.647
110.865,0.440
110.883,0.621
110.902,0.712
110.902,0.595
110.919,0.686
110.938,0.725
110.938,0.686
110.955,0.725
110.974,0.725
110.974,0.712
110.992,0.738
110.992,0.725
111.010,0.725
111.027,0.725
111.045,0.673
111.045,0.725
111.062,0.699
111.080,0.595
111.080,0.699
111.099,0.621
111.116,0.401
111.117,0.647
111.134,0.466
111.152,0.311
111.152,0.518
111.170,0.168
111.170,0.556
111.189,0.207
111.207,0.518
111.207,0.660
111.225,0.466
111.242,0.647
111.242,0.401
111.260,0.621
111.277,0.686
111.295,0.582
111.295,0.686
111.314,0.725
111.314,0.673
111.331,0.725
111.349,0.738
111.349,0.712
111.366,0.725
111.385,0.712
111.385,0.725
111.403,0.725
111.422,0.673
111.422,0.738
111.439,0.699
111.458,0.595
111.458,0.686
111.475,0.621
111.494,0.453
111.494,0.647
111.512,0.505
111.532,0.207
111.532,0.531
111.551,0.129
111.551,0.531
111.568,0.233
111.587,0.492
111.605,0.647
111.605,0.427
111.623,0.621
111.623,0.336
111.641,0.595
111.658,0.686
111.677,0.556
111.677,0.673
111.695,0.712
111.696,0.660
111.715,0.712
111.733,0.738
111.733,0.712
111.752,0.738
111.769,0.725
111.770,0.738
111.790,0.725
111.790,0.686
111.810,0.725
111.829,0.699
111.829,0.608
111.849,0.699
111.866,0.647
111.867,0.466
111.886,0.647
111.886,0.518
111.903,0.181
111.921,0.556
111.921,0.181
111.939,0.518
111.957,0.285
111.957,0.466
111.975,0.634
111.993,0.414
111.993,0.608
112.011,0.311
112.029,0.595
112.029,0.686
112.047,0.556
112.065,0.673
112.065,0.725
112.084,0.660
112.101,0.712
112.101,0.738
112.118,0.712
112.137,0.712
112.137,0.725
112.154,0.725
112.172,0.725
112.172,0.686
112.189,0.725
112.208,0.686
112.208,0.634
112.225,0.712
112.243,0.660
112.243,0.505
112.261,0.660
112.279,0.544
112.279,0.233
112.297,0.569
112.314,0.272
112.314,0.479
112.332,0.518
112.349,0.427
112.349,0.621
112.367,0.336
112.385,0.595
112.385,0.246
112.403,0.569
112.422,0.673
112.422,0.531
112.439,0.660
112.457,0.712
112.457,0.647
112.474,0.699
112.493,0.738
112.493,0.699
112.512,0.725
112.530,0.725
112.530,0.725
112.548,0.725
112.567,0.699
112.567,0.725
112.585,0.712
112.603,0.634
112.603,0.712
112.622,0.647
112.641,0.505
112.641,0.660
112.659,0.556
112.659,0.220
112.679,0.582
112.698,0.298
112.698,0.466
112.717,0.401
112.737,0.388
112.737,0.608
112.759,0.298
112.759,0.582
112.779,0.181
112.779,0.556
112.797,0.660
112.817,0.505
112.817,0.647
112.835,0.712
112.854,0.634
112.854,0.699
112.873,0.725
112.892,0.699
112.892,0.725
112.911,0.725
112.911,0.725
112.930,0.725
112.948,0.712
112.948,0.725
112.967,0.712
112.986,0.647
112.986,0.725
113.004,0.673
113.004,0.544
113.025,0.686
113.044,0.569
113.044,0.466
113.062,0.608
113.081,0.375
113.081,0.427
113.100,0.453
113.100,0.336
113.119,0.595
113.138,0.233
113.138,0.582
113.156,0.336
113.175,0.544
113.175,0.660
113.193,0.492
113.213,0.647
113.213,0.712
113.231,0.621
113.232,0.699
113.252,0.725
113.271,0.699
113.271,0.725
113.289,0.725
113.309,0.725
113.309,0.725
113.328,0.712
113.328,0.738
113.346,0.712
113.364,0.660
113.364,0.725
113.382,0.673
113.401,0.544
113.401,0.686
113.419,0.595
113.438,0.324
113.438,0.608
113.458,0.414
113.458,0.388
113.477,0.453
113.497,0.298
113.497,0.582
113.517,0.220
113.517,0.556
113.535,0.673
113.555,0.505
113.555,0.660
113.574,0.453
113.595,0.634
113.595,0.699
113.613,0.608
113.613,0.686
113.632,0.738
113.650,0.686
113.650,0.725
113.667,0.725
113.685,0.712
113.685,0.725
113.703,0.712
113.722,0.725
113.722,0.712
113.741,0.673
113.758,0.725
113.758,0.686
113.776,0.582
113.795,0.686
113.795,0.608
113.814,0.362
113.815,0.634
113.832,0.440
113.852,0.349
113.852,0.505
113.871,0.466
113.890,0.569
113.890,0.155
113.910,0.531
113.910,0.660
113.929,0.479
113.948,0.634
113.948,0.440
113.967,0.621
113.986,0.699
113.986,0.608
114.005,0.699
114.005,0.725
114.024,0.673
114.043,0.725
114.043,0.725
114.060,0.725
114.078,0.725
114.078,0.712
114.097,0.725
114.114,0.725
114.115,0.673
114.133,0.725
114.150,0.673
114.150,0.582
114.168,0.699
114.186,0.608
114.186,0.414
114.204,0.647
114.222,0.492
114.223,0.259
114.240,0.531
114.258,0.207
114.258,0.544
114.276,0.194
114.294,0.531
114.294,0.647
114.314,0.453
114.332,0.634
114.332,0.388
114.350,0.608
114.350,0.699
114.369,0.582
114.386,0.686
114.387,0.725
114.405,0.673
114.423,0.725
114.423,0.738
114.441,0.712
114.459,0.725
114.459,0.712
114.478,0.725
114.496,0.725
114.496,0.673
114.516,0.738
114.535,0.699
114.535,0.608
114.554,0.712
114.554,0.634
114.575,0.440
114.597,0.647
114.597,0.492
114.619,0.233
114.619,0.544
114.637,0.168
114.637,0.531
114.656,0.259
114.674,0.492
114.674,0.634
114.692,0.466
114.712,0.621
114.712,0.362
114.733,0.595
114.733,0.686
114.753,0.569
114.773,0.673
114.773,0.725
114.794,0.660
114.794,0.712
114.814,0.725
114.834,0.699
114.834,0.725
114.859,0.725
114.859,0.712
114.878,0.725
114.878,0.686
114.898,0.725
114.916,0.699
114.916,0.621
114.935,0.712
114.935,0.634
114.956,0.479
114.974,0.660
114.974,0.531
114.995,0.181
114.995,0.556
115.013,0.233
115.033,0.518
115.033,0.336
115.053,0.453
115.072,0.634
115.072,0.375
115.091,0.608
115.091,0.479
115.109,0.582
115.128,0.673
115.128,0.531
115.147,0.673
115.164,0.712
115.164,0.647
115.182,0.712
115.201,0.725
115.201,0.712
115.220,0.725
115.220,0.712
115.239,0.712
115.257,0.725
115.257,0.686
115.277,0.725
115.293,0.699
115.293,0.608
115.312,0.725
115.330,0.660
115.330,0.505
115.347,0.660
115.365,0.544
115.365,0.155
115.384,0.569
115.401,0.285
115.403,0.544
115.420,0.362
115.440,0.427
115.440,0.621
115.458,0.349
115.458,0.595
115.477,0.220
115.494,0.556
115.494,0.673
115.512,0.531
115.530,0.660
115.530,0.699
115.548,0.634
115.566,0.712
115.566,0.738
115.584,0.699
115.601,0.725
115.601,0.725
115.619,0.725
115.638,0.725
115.638,0.699
115.655,0.738
115.673,0.712
115.673,0.647
115.690,0.712
115.709,0.660
115.709,0.544
115.729,0.673
115.747,0.569
115.747,0.181
115.765,0.595
115.783,0.324
115.784,0.453
115.803,0.427
115.803,0.375
115.822,0.608
115.842,0.259
115.842,0.582
115.861,0.155
115.880,0.556
115.881,0.673
115.898,0.518
115.898,0.660
115.918,0.725
115.937,0.634
115.937,0.712
115.955,0.738
115.973,0.686
115.973,0.725
115.991,0.725
116.010,0.725
116.010,0.725
116.029,0.712
116.047,0.738
116.047,0.712
116.065,0.660
116.065,0.712
116.085,0.660
116.103,0.556
116.103,0.686
116.122,0.582
116.140,0.285
116.140,0.608
116.157,0.375
116.174,0.427
116.174,0.440
116.193,0.336
116.211,0.582
116.211,0.233
116.230,0.556
116.249,0.673
116.249,0.531
116.268,0.660
116.268,0.492
116.286,0.647
116.304,0.712
116.304,0.608
116.324,0.699
116.342,0.738
116.342,0.686
116.359,0.725
116.377,0.738
116.377,0.725
116.394,0.725
116.413,0.712
116.413,0.738
116.432,0.725
116.450,0.660
116.450,0.712
116.467,0.686
116.485,0.556
116.485,0.686
116.504,0.595
116.522,0.324
116.522,0.621
116.539,0.427
116.558,0.401
116.558,0.479
116.575,0.285
116.593,0.569
116.593,0.168
116.611,0.544
116.628,0.673
116.628,0.531
116.647,0.647
116.664,0.453
116.664,0.634
116.682,0.699
116.699,0.595
116.699,0.699
116.717,0.712
116.737,0.686
116.737,0.712
116.757,0.725
116.757,0.712
116.779,0.725
116.779,0.712
116.800,0.725
116.819,0.712
116.819,0.660
116.838,0.725
116.856,0.673
116.856,0.595
116.874,0.699
116.891,0.608
116.891,0.401
116.911,0.634
116.911,0.453
116.929,0.311
116.949,0.505
116.949,0.168
116.967,0.556
116.985,0.181
116.985,0.518
117.003,0.660
117.020,0.479
117.020,0.634
117.038,0.440
117.056,0.621
117.056,0.699
117.074,0.582
117.093,0.686
117.093,0.725
117.110,0.673
117.129,0.725
117.129,0.725
117.146,0.712
117.165,0.738
117.165,0.712
117.183,0.738
117.203,0.725
117.203,0.673
117.220,0.725
117.220,0.686
117.240,0.595
117.256,0.699
117.257,0.621
117.276,0.414
117.296,0.647
117.296,0.479
117.314,0.272
117.333,0.531
117.333,0.168
117.352,0.531
117.352,0.233
117.371,0.505
117.388,0.647
117.388,0.453
117.407,0.634
117.425,0.388
117.425,0.621
117.444,0.686
117.463,0.595
117.463,0.686
117.482,0.712
117.500,0.660
117.500,0.725
117.518,0.738
117.518,0.725
117.536,0.738
117.554,0.725
117.555,0.725
117.574,0.725
117.592,0.686
117.592,0.725
117.609,0.699
117.628,0.608
117.628,0.699
117.647,0.634
117.665,0.466
117.665,0.647
117.684,0.505
117.703,0.207
117.703,0.544
117.722,0.181
117.722,0.531
117.740,0.298
117.759,0.479
117.759,0.634
117.779,0.414
117.796,0.621
117.796,0.311
117.815,0.595
117.832,0.673
117.832,0.556
117.850,0.673
117.869,0.725
117.869,0.660
117.887,0.712
117.904,0.725
117.904,0.712
117.922,0.738
117.941,0.712
117.941,0.725
117.959,0.725
117.959,0.686
117.978,0.725
117.996,0.699
117.996,0.621
118.014,0.712
118.032,0.634
118.032,0.492
118.053,0.660
118.071,0.531
118.071,0.142
118.090,0.569
118.090,0.207
118.109,0.505
118.127,0.336
118.127,0.453
118.145,0.621
118.165,0.375
118.165,0.595
118.183,0.246
118.202,0.569
118.202,0.673
118.220,0.544
118.238,0.660
118.238,0.712
118.256,0.647
118.256,0.699
118.276,0.725
118.294,0.712
118.294,0.725
118.312,0.712
118.330,0.725
118.330,0.725
118.348,0.699
118.367,0.738
118.367,0.699
118.385,0.634
118.403,0.725
118.403,0.660
118.420,0.505
118.438,0.673
118.438,0.544
118.456,0.155
118.475,0.595
118.475,0.531
118.493,0.466
118.512,0.414
118.512,0.401
118.529,0.621
118.547,0.336
118.548,0.595
118.565,0.246
118.582,0.556
118.582,0.673
118.600,0.518
118.618,0.660
118.619,0.712
118.637,0.647
118.654,0.699
118.655,0.725
118.672,0.699
118.690,0.738
118.690,0.725
118.711,0.725
118.711,0.725
118.734,0.699
118.734,0.738
118.759,0.699
118.759,0.634
118.780,0.712
118.799,0.660
118.799,0.531
118.817,0.673
118.817,0.569
118.839,0.220
118.839,0.595
118.864,0.362
118.883,0.440
118.883,0.427
118.901,0.349
118.901,0.595
118.921,0.246
118.940,0.569
118.940,0.194
118.959,0.544
118.976,0.660
118.976,0.505
118.994,0.634
119.012,0.712
119.012,0.621
119.031,0.686
119.031,0.725
119.049,0.686
119.068,0.725
119.068,0.725
119.086,0.725
119.104,0.738
119.104,0.712
119.122,0.738
119.143,0.725
119.143,0.660
119.163,0.712
119.163,0.673
119.180,0.556
119.198,0.686
119.198,0.595
119.218,0.298
119.243,0.608
119.243,0.401
119.261,0.401
119.261,0.466
119.279,0.336
119.298,0.595
119.298,0.194
119.318,0.556
119.318,0.673
119.337,0.531
119.358,0.673
119.358,0.479
119.378,0.634
119.378,0.699
119.400,0.621
119.400,0.686
119.427,0.725
119.427,0.686
119.447,0.725
119.465,0.725
119.465,0.712
119.483,0.738
119.483,0.712
119.502,0.738
119.520,0.712
119.520,0.660
119.539,0.712
119.558,0.673
119.558,0.569
119.576,0.686
119.595,0.595
119.595,0.362
119.614,0.621
119.633,0.453
119.633,0.349
119.651,0.505
119.651,0.207
119.671,0.569
119.693,0.155
119.693,0.531
119.714,0.673
119.714,0.479
119.735,0.634
119.735,0.440
119.755,0.621
119.775,0.712
119.775,0.621
119.793,0.699
119.793,0.725
119.812,0.673
119.830,0.712
119.830,0.725
119.848,0.712
119.867,0.738
119.867,0.725
119.887,0.725
119.904,0.725
119.904,0.660
119.924,0.725
119.924,0.686
119.943,0.569
119.964,0.699
119.964,0.608
119.984,0.401
119.984,0.634
120.004,0.466
120.023,0.479
120.023,0.505
120.043,0.181
120.043,0.556
120.063,0.155
120.081,0.518
120.081,0.647
120.100,0.466
120.118,0.634
120.118,0.414
120.137,0.621
120.156,0.712
120.156,0.595
120.175,0.673
120.175,0.725
120.195,0.673
120.214,0.725
120.214,0.725
120.234,0.712
120.234,0.725
120.253,0.712
120.272,0.725
120.272,0.725
120.292,0.673
120.313,0.725
120.313,0.686
120.333,0.608
120.333,0.699
120.358,0.621
120.358,0.440
120.379,0.647
120.379,0.492
120.397,0.233
120.415,0.544
120.416,0.168
120.433,0.531
120.451,0.259
120.451,0.466
120.470,0.634
120.487,0.427
120.487,0.621
120.506,0.349
120.524,0.595
120.524,0.686
120.541,0.569
120.559,0.686
120.559,0.712
120.577,0.673
120.595,0.712
120.595,0.738
120.617,0.712
120.617,0.725
120.635,0.725
120.653,0.725
120.653,0.712
120.672,0.699
120.690,0.725
120.690,0.686
120.707,0.621
120.729,0.712
120.729,0.634
120.749,0.466
120.749,0.660
120.767,0.505
120.792,0.181
120.792,0.556
120.812,0.207
120.812,0.505
120.833,0.311
120.833,0.453
120.853,0.634
120.853,0.375
120.874,0.621
120.896,0.311
120.896,0.582
120.916,0.686
120.916,0.556
120.936,0.673
120.936,0.725
120.954,0.660
120.973,0.712
120.974,0.738
120.992,0.712
121.010,0.725
121.010,0.725
121.029,0.725
121.049,0.725
121.049,0.699
121.067,0.725
121.067,0.699
121.086,0.621
121.104,0.712
121.104,0.647
121.122,0.492
121.141,0.660
121.141,0.531
121.159,0.194
121.178,0.569
121.178,0.246
121.198,0.505
121.215,0.375
121.215,0.427
121.234,0.621
121.234,0.336
121.253,0.608
121.272,0.233
121.272,0.569
121.290,0.673
121.310,0.531
121.310,0.660
121.328,0.712
121.346,0.634
121.346,0.712
121.364,0.725
121.382,0.699
121.382,0.738
121.401,0.725
121.401,0.725
121.420,0.725
121.437,0.699
121.437,0.725
121.455,0.699
121.473,0.634
121.473,0.712
121.490,0.647
121.508,0.608
121.508,0.673
121.526,0.556
121.544,0.233
121.544,0.699
121.562,0.336
121.580,0.466
121.580,0.414
121.597,0.375
121.614,0.608
121.632,0.272
121.633,0.582
121.651,0.531
121.651,0.544
121.668,0.673
121.687,0.505
121.688,0.647
121.704,0.712
121.722,0.634
121.722,0.712
121.739,0.725
121.758,0.712
121.758,0.725
121.777,0.738
121.794,0.712
121.794,0.725
121.814,0.712
121.831,0.725
121.831,0.699
121.849,0.647
121.866,0.725
121.866,0.673
121.886,0.531
121.903,0.686
121.903,0.569
121.921,0.259
121.938,0.608
121.938,0.375
121.956,0.414
121.974,0.453
121.974,0.336
121.993,0.582
122.012,0.233
122.012,0.569
122.029,0.673
122.046,0.531
122.046,0.673
122.064,0.556
122.082,0.634
122.082,0.725
122.100,0.621
122.117,0.699
122.117,0.725
122.136,0.699
122.153,0.725
122.153,0.725
122.171,0.725
122.188,0.738
122.188,0.712
122.208,0.738
122.227,0.712
122.227,0.660
122.244,0.712
122.263,0.673
122.263,0.569
122.281,0.686
122.300,0.595
122.300,0.349
122.321,0.621
122.321,0.440
122.339,0.362
122.357,0.492
122.357,0.272
122.377,0.582
122.394,0.207
122.395,0.544
122.412,0.673
122.412,0.492
122.431,0.647
122.450,0.453
122.450,0.634
122.467,0.699
122.485,0.608
122.485,0.699
122.503,0.725
122.520,0.686
122.520,0.725
122.539,0.738
122.558,0.725
122.558,0.738
122.576,0.712
122.594,0.738
122.595,0.725
122.614,0.673
122.633,0.725
122.633,0.686
122.652,0.582
122.652,0.699
122.670,0.608
122.690,0.375
122.690,0.634
122.707,0.466
122.726,0.324
122.726,0.505
122.745,0.207
122.764,0.544
122.764,0.194
122.783,0.608
122.783,0.660
122.801,0.492
122.819,0.647
122.819,0.427
122.837,0.621
122.856,0.699
122.856,0.582
122.874,0.686
122.892,0.725
122.893,0.660
122.912,0.712
122.928,0.738
122.928,0.712
122.948,0.725
122.965,0.712
122.965,0.725
122.985,0.725
122.985,0.686
123.005,0.725
123.025,0.699
123.025,0.595
123.266,0.686
123.267,0.621
123.267,0.427
123.267,0.647
123.267,0.479
123.267,0.259
123.267,0.531
123.267,0.181
123.267,0.544
123.267,0.246
123.267,0.505
123.267,0.647
123.267,0.440
123.267,0.634
123.267,0.362
123.267,0.608
123.267,0.699
123.267,0.582
123.267,0.686
123.268,0.725
123.285,0.660
123.285,0.725
