时间(s),电压(V)
0.296,0.207
0.296,0.544
0.296,0.194
0.296,0.492
0.296,0.285
0.297,0.453
0.297,0.621
0.297,0.388
0.297,0.595
0.297,0.298
0.297,0.569
0.297,0.673
0.297,0.544
0.297,0.660
0.297,0.712
0.297,0.647
0.297,0.699
0.297,0.725
0.297,0.686
0.297,0.725
0.297,0.712
0.297,0.725
0.297,0.712
0.298,0.686
0.298,0.725
0.369,0.686
0.369,0.621
0.369,0.699
0.369,0.634
0.369,0.479
0.369,0.660
0.382,0.531
0.487,0.181
0.487,0.569
0.487,0.259
0.487,0.479
0.488,0.375
0.488,0.414
0.488,0.608
0.488,0.336
0.488,0.582
0.571,0.298
0.571,0.556
0.571,0.660
0.571,0.518
0.571,0.647
0.571,0.712
0.571,0.634
0.591,0.699
0.608,0.712
0.608,0.686
0.625,0.712
0.640,0.712
0.654,0.725
0.654,0.725
0.670,0.686
0.685,0.725
0.701,0.699
0.701,0.621
0.717,0.712
0.743,0.647
0.744,0.518
0.783,0.647
0.783,0.544
0.785,0.220
0.785,0.582
0.813,0.582
0.813,0.427
0.834,0.401
0.834,0.375
0.852,0.595
0.868,0.285
0.869,0.569
0.884,0.142
0.899,0.544
0.915,0.660
0.915,0.505
0.930,0.634
0.946,0.699
0.961,0.621
0.977,0.699
0.977,0.712
0.991,0.686
1.008,0.725
1.022,0.712
1.022,0.712
1.038,0.725
1.055,0.686
1.072,0.712
1.072,0.699
1.088,0.647
1.102,0.699
1.118,0.660
1.118,0.531
1.132,0.673
1.148,0.569
1.165,0.246
1.165,0.595
1.181,0.362
1.196,0.414
1.213,0.440
1.228,0.311
1.228,0.582
1.244,0.207
1.261,0.569
1.275,0.660
1.275,0.518
1.290,0.647
1.306,0.479
1.321,0.621
1.321,0.699
1.337,0.608
1.353,0.686
1.367,0.725
1.383,0.673
1.383,0.712
1.398,0.712
1.412,0.712
1.428,0.725
1.428,0.699
1.443,0.725
1.458,0.699
1.473,0.647
1.487,0.699
1.487,0.660
1.503,0.544
1.517,0.673
1.534,0.582
1.548,0.336
1.548,0.608
1.564,0.401
1.579,0.375
1.594,0.466
1.594,0.259
1.609,0.569
1.624,0.285
1.640,0.531
1.655,0.660
1.655,0.492
1.670,0.634
1.684,0.440
1.700,0.621
1.715,0.686
1.715,0.595
1.730,0.686
1.745,0.712
1.761,0.673
1.762,0.712
1.777,0.725
1.791,0.699
1.806,0.725
1.821,0.712
1.821,0.725
1.837,0.712
1.852,0.660
1.867,0.725
1.883,0.673
1.883,0.556
1.899,0.686
1.914,0.595
1.931,0.362
1.931,0.621
1.947,0.440
1.961,0.311
1.976,0.492
1.977,0.207
1.992,0.556
2.008,0.181
2.023,0.505
2.023,0.647
2.039,0.466
2.055,0.621
2.070,0.414
2.086,0.621
2.086,0.686
2.101,0.582
2.117,0.673
2.134,0.725
2.134,0.647
2.148,0.712
2.164,0.712
2.179,0.699
2.179,0.725
2.195,0.699
2.210,0.712
2.224,0.699
2.226,0.660
2.241,0.712
2.256,0.673
2.272,0.595
2.287,0.686
2.287,0.621
2.301,0.414
2.316,0.621
2.333,0.492
2.333,0.582
2.348,0.531
2.363,0.181
2.378,0.531
2.394,0.220
2.394,0.492
2.410,0.647
2.425,0.427
2.442,0.621
2.443,0.349
2.458,0.595
2.474,0.686
2.489,0.569
2.489,0.686
2.504,0.712
2.521,0.647
2.536,0.712
2.536,0.725
2.552,0.699
2.567,0.712
2.583,0.712
2.583,0.725
2.598,0.712
2.613,0.660
2.629,0.712
2.645,0.686
2.645,0.595
2.661,0.699
2.677,0.621
2.693,0.453
2.693,0.634
2.708,0.492
2.725,0.207
2.740,0.531
2.740,0.181
2.756,0.505
2.772,0.285
2.788,0.453
2.788,0.621
2.805,0.401
2.820,0.595
2.835,0.298
2.835,0.569
2.852,0.673
2.868,0.544
2.884,0.660
2.884,0.699
2.899,0.647
2.915,0.699
2.931,0.725
2.931,0.699
2.946,0.725
2.962,0.712
2.978,0.712
2.978,0.725
2.994,0.686
3.011,0.725
3.026,0.686
3.026,0.621
3.042,0.699
3.058,0.621
3.073,0.479
3.073,0.660
3.090,0.531
3.106,0.168
3.122,0.556
3.122,0.272
3.138,0.492
3.153,0.362
3.168,0.634
3.168,0.621
3.184,0.375
3.201,0.595
3.217,0.246
3.217,0.569
3.233,0.673
3.249,0.544
3.249,0.647
3.266,0.712
3.281,0.634
3.298,0.699
3.298,0.725
3.314,0.686
3.330,0.725
3.346,0.712
3.346,0.725
3.362,0.712
3.378,0.686
3.394,0.725
3.394,0.699
3.410,0.634
3.425,0.699
3.442,0.634
3.442,0.505
3.459,0.647
3.474,0.556
3.491,0.220
3.491,0.569
3.507,0.298
3.523,0.453
3.523,0.388
3.540,0.375
3.557,0.595
3.573,0.285
3.573,0.569
3.589,0.311
3.606,0.544
3.622,0.647
3.622,0.492
3.639,0.647
3.656,0.699
3.656,0.634
3.671,0.699
3.688,0.712
3.705,0.686
3.705,0.725
3.722,0.712
3.738,0.712
3.738,0.725
3.755,0.699
3.771,0.725
3.787,0.699
3.787,0.634
3.805,0.712
3.823,0.647
3.824,0.531
3.840,0.673
3.856,0.556
3.873,0.246
3.873,0.595
3.890,0.349
3.905,0.414
3.905,0.427
3.922,0.349
3.939,0.582
3.955,0.246
3.955,0.569
3.972,0.388
3.989,0.608
3.989,0.647
4.005,0.479
4.022,0.634
4.038,0.699
4.038,0.621
4.054,0.686
4.071,0.712
4.071,0.673
4.087,0.712
4.104,0.725
4.122,0.699
4.122,0.712
4.138,0.686
4.155,0.712
4.156,0.712
4.172,0.647
4.189,0.712
4.205,0.660
4.205,0.544
4.223,0.673
4.239,0.582
4.239,0.311
4.257,0.608
4.273,0.401
4.290,0.375
4.290,0.466
4.306,0.272
4.323,0.569
4.323,0.168
4.339,0.544
4.356,0.660
4.373,0.505
4.373,0.634
4.389,0.453
4.407,0.634
4.407,0.699
4.424,0.595
4.441,0.686
4.441,0.725
4.458,0.673
4.474,0.712
4.492,0.725
4.492,0.712
4.508,0.725
4.525,0.699
4.525,0.725
4.542,0.712
4.559,0.647
4.575,0.712
4.575,0.660
4.591,0.569
4.607,0.686
4.607,0.595
4.625,0.375
4.642,0.621
4.659,0.440
4.660,0.336
4.678,0.492
4.695,0.246
4.695,0.556
4.713,0.181
4.733,0.505
4.733,0.634
4.750,0.466
4.750,0.621
4.769,0.414
4.788,0.608
4.788,0.686
4.805,0.582
4.823,0.673
4.823,0.712
4.841,0.660
4.859,0.712
4.859,0.725
4.876,0.699
4.893,0.725
4.893,0.699
4.911,0.725
4.928,0.712
4.944,0.660
4.944,0.712
4.962,0.673
4.980,0.582
4.981,0.673
4.997,0.608
5.015,0.414
5.015,0.634
5.032,0.466
5.050,0.272
5.050,0.518
5.068,0.168
5.085,0.544
5.085,0.298
5.102,0.505
5.120,0.647
5.120,0.466
5.136,0.621
5.155,0.362
5.172,0.608
5.172,0.686
5.190,0.569
5.207,0.673
5.207,0.712
5.224,0.660
5.241,0.712
5.241,0.725
5.258,0.712
5.276,0.725
5.276,0.699
5.293,0.725
5.311,0.712
5.311,0.673
5.328,0.725
5.346,0.686
5.346,0.595
5.364,0.699
5.383,0.621
5.383,0.453
5.401,0.647
5.421,0.660
5.421,0.194
5.440,0.531
5.458,0.194
5.458,0.518
5.477,0.259
5.477,0.466
5.495,0.621
5.511,0.401
5.528,0.595
5.528,0.324
5.546,0.582
5.563,0.686
5.563,0.544
5.583,0.660
5.602,0.712
5.602,0.647
5.619,0.699
5.619,0.725
5.637,0.699
5.656,0.725
5.656,0.699
5.674,0.712
5.692,0.712
5.692,0.673
5.712,0.712
5.731,0.699
5.731,0.608
5.750,0.699
5.768,0.634
5.768,0.466
5.785,0.647
5.803,0.518
5.803,0.220
5.820,0.556
5.838,0.220
5.838,0.492
5.857,0.336
5.876,0.427
5.876,0.608
5.893,0.349
5.911,0.582
5.911,0.246
5.927,0.569
5.945,0.673
5.945,0.544
5.962,0.647
5.981,0.699
5.981,0.634
6.001,0.699
6.001,0.712
6.019,0.699
6.037,0.712
6.037,0.699
6.054,0.712
6.072,0.712
6.072,0.686
6.090,0.712
6.107,0.686
6.125,0.621
6.125,0.699
6.143,0.647
6.160,0.505
6.161,0.647
6.179,0.544
6.179,0.207
6.197,0.569
6.214,0.298
6.214,0.453
6.233,0.582
6.250,0.401
6.250,0.595
6.268,0.298
6.287,0.569
6.287,0.194
6.304,0.544
6.322,0.660
6.323,0.505
6.343,0.660
6.360,0.699
6.360,0.621
6.380,0.699
6.399,0.725
6.399,0.686
6.416,0.712
6.434,0.712
6.434,0.712
6.452,0.712
6.470,0.686
6.470,0.725
6.488,0.699
6.507,0.634
6.507,0.712
6.525,0.647
6.525,0.518
6.543,0.660
6.562,0.556
6.562,0.233
6.582,0.595
6.600,0.336
6.600,0.427
6.618,0.414
6.636,0.349
6.636,0.595
6.655,0.246
6.673,0.556
6.673,0.181
6.692,0.531
6.692,0.647
6.711,0.492
6.729,0.647
6.729,0.699
6.748,0.621
6.766,0.686
6.766,0.712
6.784,0.686
6.803,0.725
6.803,0.712
6.822,0.712
6.822,0.712
6.841,0.686
6.860,0.712
6.860,0.686
6.878,0.647
6.898,0.712
6.898,0.660
6.917,0.556
6.936,0.673
6.936,0.582
6.953,0.311
6.953,0.608
6.972,0.414
6.991,0.388
6.991,0.453
7.010,0.285
7.030,0.569
7.030,0.194
7.047,0.544
7.066,0.660
7.066,0.505
7.084,0.647
7.084,0.453
7.103,0.634
7.121,0.686
7.121,0.595
7.139,0.686
7.157,0.725
7.157,0.673
7.176,0.712
7.193,0.712
7.194,0.699
7.212,0.725
7.230,0.699
7.230,0.712
7.247,0.712
7.267,0.660
7.267,0.712
7.284,0.673
7.302,0.556
7.303,0.686
7.320,0.582
7.338,0.336
7.338,0.621
7.354,0.414
7.372,0.324
7.372,0.479
7.391,0.220
7.408,0.544
7.408,0.168
7.425,0.531
7.443,0.647
7.443,0.479
7.461,0.660
7.479,0.440
7.479,0.608
7.497,0.686
7.766,0.595
7.766,0.686
7.766,0.699
7.766,0.660
7.766,0.712
7.766,0.725
7.766,0.712
7.766,0.725
7.766,0.699
7.766,0.725
7.766,0.712
7.766,0.660
7.766,0.712
7.766,0.673
7.766,0.699
7.767,0.686
7.767,0.595
7.767,0.401
7.767,0.621
7.767,0.440
7.767,0.311
7.767,0.505
7.767,0.621
7.787,0.544
7.804,0.181
7.804,0.505
7.823,0.647
7.823,0.453
7.840,0.621
7.860,0.388
7.860,0.595
7.878,0.686
7.895,0.582
7.895,0.673
7.913,0.712
7.933,0.673
7.933,0.699
7.951,0.725
7.969,0.712
7.969,0.725
7.986,0.712
8.005,0.725
8.005,0.712
8.023,0.673
8.041,0.712
8.041,0.673
8.058,0.595
8.077,0.686
8.077,0.608
8.095,0.414
8.113,0.634
8.113,0.479
8.131,0.220
8.149,0.518
8.149,0.194
8.167,0.518
8.186,0.246
8.186,0.466
8.202,0.634
8.221,0.414
8.221,0.608
8.240,0.324
8.240,0.582
8.258,0.686
8.277,0.556
8.277,0.660
8.294,0.725
8.312,0.660
8.312,0.712
8.330,0.725
8.348,0.699
8.348,0.725
8.366,0.712
8.385,0.712
8.385,0.725
8.402,0.673
8.420,0.725
8.420,0.686
8.438,0.608
8.456,0.699
8.456,0.621
8.474,0.453
8.492,0.647
8.492,0.518
8.511,0.181
8.528,0.544
8.529,0.155
8.546,0.505
8.564,0.285
8.564,0.466
8.582,0.621
8.600,0.388
8.600,0.608
8.618,0.298
8.636,0.569
8.636,0.673
8.654,0.531
8.672,0.660
8.672,0.712
8.689,0.647
8.707,0.712
8.707,0.725
8.725,0.699
8.743,0.725
8.743,0.712
8.761,0.712
8.779,0.712
8.779,0.673
8.796,0.725
8.815,0.699
8.815,0.608
8.832,0.699
8.850,0.634
8.850,0.505
8.867,0.647
8.885,0.531
8.885,0.207
8.904,0.556
8.921,0.259
8.921,0.466
8.941,0.362
8.957,0.414
8.957,0.621
8.975,0.324
8.993,0.582
8.993,0.259
9.013,0.556
9.032,0.673
9.032,0.531
9.051,0.660
9.051,0.699
9.069,0.634
9.088,0.699
9.088,0.725
9.105,0.686
9.123,0.712
9.123,0.712
9.141,0.712
9.158,0.712
9.159,0.686
9.175,0.725
9.193,0.699
9.193,0.634
9.210,0.699
9.227,0.634
9.245,0.505
9.245,0.660
9.262,0.531
9.281,0.168
9.281,0.569
9.298,0.272
9.315,0.453
9.315,0.388
9.333,0.388
9.350,0.595
9.351,0.285
9.368,0.569
9.384,0.168
9.385,0.544
9.403,0.660
9.422,0.505
9.422,0.634
9.440,0.699
9.458,0.621
9.458,0.699
9.476,0.738
9.496,0.686
9.496,0.725
9.712,0.725
9.713,0.712
9.713,0.725
9.713,0.686
9.713,0.725
9.713,0.699
9.713,0.621
9.713,0.686
9.713,0.660
9.713,0.518
9.713,0.673
9.713,0.569
9.713,0.272
9.713,0.595
9.713,0.336
9.713,0.427
9.713,0.427
9.713,0.440
9.730,0.582
9.730,0.220
9.748,0.556
9.765,0.544
9.765,0.518
9.783,0.647
9.799,0.479
9.816,0.634
9.816,0.699
9.834,0.608
9.851,0.699
9.851,0.712
9.868,0.686
9.885,0.712
9.885,0.712
9.903,0.712
9.921,0.712
9.921,0.699
9.937,0.712
9.954,0.699
9.954,0.647
9.972,0.699
9.990,0.660
10.008,0.544
10.008,0.686
10.025,0.569
10.042,0.311
10.042,0.608
10.059,0.388
10.076,0.375
10.076,0.466
10.095,0.311
10.113,0.569
10.113,0.194
10.130,0.544
10.147,0.660
10.147,0.492
10.164,0.647
10.182,0.453
10.182,0.621
10.199,0.686
10.217,0.608
10.217,0.686
10.235,0.712
10.252,0.673
10.252,0.712
10.270,0.712
10.287,0.712
10.305,0.725
10.305,0.699
10.324,0.725
10.324,0.751
10.343,0.660
10.361,0.712
10.361,0.673
10.378,0.556
10.396,0.686
10.397,0.595
10.415,0.336
10.434,0.608
10.434,0.427
10.453,0.362
10.471,0.492
10.471,0.505
10.489,0.556
10.507,0.155
10.507,0.531
10.526,0.660
10.543,0.673
10.543,0.634
10.561,0.414
10.577,0.621
10.577,0.686
10.596,0.582
10.612,0.686
10.612,0.712
10.630,0.660
10.648,0.725
10.648,0.725
10.665,0.712
10.682,0.725
10.682,0.699
10.700,0.725
10.717,0.712
10.717,0.673
10.734,0.712
10.752,0.673
10.769,0.582
10.769,0.686
10.787,0.621
10.804,0.401
10.804,0.621
10.822,0.466
10.840,0.272
10.840,0.505
10.857,0.194
10.875,0.544
10.875,0.207
10.893,0.505
10.912,0.647
10.912,0.453
10.932,0.621
10.932,0.375
10.950,0.608
10.970,0.686
10.970,0.569
10.988,0.673
11.007,0.712
11.008,0.647
11.026,0.712
11.026,0.725
11.043,0.712
11.061,0.725
11.079,0.699
11.079,0.712
11.097,0.712
11.114,0.660
11.114,0.712
11.133,0.686
11.133,0.595
11.152,0.738
11.169,0.621
11.169,0.544
11.188,0.634
11.206,0.492
11.206,0.233
11.224,0.544
11.243,0.155
11.243,0.544
11.262,0.246
11.279,0.479
11.279,0.621
11.297,0.427
11.314,0.608
11.314,0.336
11.333,0.595
11.350,0.686
11.350,0.556
11.369,0.660
11.385,0.712
11.386,0.660
11.404,0.699
11.420,0.712
11.420,0.699
11.438,0.725
11.454,0.725
11.472,0.725
11.472,0.738
11.489,0.673
11.507,0.725
11.507,0.686
11.525,0.595
11.544,0.699
11.544,0.621
11.562,0.569
11.578,0.634
11.578,0.505
11.596,0.181
11.612,0.544
11.612,0.181
11.630,0.492
11.647,0.311
11.647,0.453
11.664,0.621
11.682,0.375
11.682,0.595
11.699,0.272
11.717,0.556
11.718,0.673
11.736,0.531
11.753,0.660
11.753,0.725
11.771,0.647
11.790,0.699
11.790,0.725
11.809,0.699
11.825,0.725
11.825,0.712
11.843,0.712
11.860,0.725
11.860,0.686
11.878,0.712
11.896,0.699
11.896,0.621
11.914,0.699
11.931,0.634
11.931,0.479
11.949,0.647
11.966,0.531
11.983,0.194
11.983,0.556
12.000,0.246
12.018,0.466
12.018,0.362
12.035,0.427
12.051,0.608
12.051,0.349
12.069,0.595
12.087,0.246
12.087,0.556
12.105,0.660
12.121,0.518
12.139,0.647
12.139,0.712
12.157,0.634
12.174,0.699
12.174,0.725
12.191,0.686
12.208,0.712
12.208,0.712
12.225,0.712
12.243,0.712
12.243,0.686
12.260,0.725
12.278,0.699
12.278,0.621
12.294,0.699
12.312,0.647
12.330,0.518
12.330,0.647
12.348,0.544
12.365,0.233
12.366,0.582
12.383,0.324
12.400,0.453
12.400,0.401
12.417,0.375
12.434,0.595
12.434,0.272
12.452,0.569
12.469,0.181
12.469,0.544
12.486,0.660
12.504,0.505
12.504,0.647
12.522,0.699
12.539,0.621
12.539,0.699
12.556,0.725
12.573,0.686
12.592,0.725
12.592,0.712
12.608,0.712
12.626,0.725
12.626,0.699
12.642,0.725
12.659,0.699
12.659,0.634
12.677,0.712
12.695,0.686
12.695,0.544
12.712,0.673
12.731,0.569
12.731,0.272
12.748,0.595
12.766,0.362
12.766,0.401
12.783,0.518
12.800,0.582
12.818,0.582
12.818,0.259
12.835,0.544
12.855,0.427
12.855,0.518
12.874,0.647
12.874,0.479
12.890,0.634
12.909,0.699
12.909,0.621
12.928,0.686
12.945,0.712
12.945,0.673
12.963,0.712
12.982,0.712
12.982,0.712
12.999,0.725
13.016,0.699
13.016,0.712
13.034,0.712
13.051,0.647
13.051,0.712
13.068,0.660
13.086,0.544
13.104,0.673
13.104,0.582
13.122,0.324
13.138,0.608
13.138,0.401
13.155,0.388
13.173,0.466
13.173,0.272
13.189,0.569
13.206,0.155
13.207,0.544
13.224,0.660
13.241,0.505
13.259,0.647
13.259,0.453
13.276,0.621
13.293,0.699
13.293,0.595
13.310,0.686
13.327,0.725
13.327,0.673
13.344,0.725
13.362,0.725
13.362,0.699
13.380,0.712
13.398,0.686
13.398,0.712
13.415,0.699
13.432,0.660
13.432,0.712
13.449,0.673
13.467,0.569
13.484,0.686
13.484,0.595
13.501,0.375
13.519,0.621
13.519,0.453
13.537,0.311
13.556,0.492
13.556,0.220
13.573,0.556
13.591,0.168
13.591,0.518
13.608,0.647
13.625,0.466
13.625,0.621
13.642,0.427
13.660,0.608
13.660,0.686
13.678,0.582
13.696,0.673
13.696,0.725
13.715,0.673
13.731,0.712
13.731,0.725
13.749,0.699
13.766,0.725
13.766,0.699
13.784,0.725
13.801,0.712
13.801,0.673
13.818,0.712
13.835,0.673
13.853,0.582
13.853,0.686
13.870,0.608
13.888,0.388
13.888,0.634
13.907,0.453
13.928,0.285
13.928,0.505
13.945,0.207
13.946,0.531
13.963,0.220
13.981,0.505
13.981,0.647
13.998,0.440
14.016,0.621
14.016,0.375
14.033,0.595
14.051,0.686
14.069,0.569
14.069,0.673
14.087,0.712
14.103,0.660
14.103,0.712
14.122,0.725
14.139,0.699
14.139,0.725
14.156,0.712
14.174,0.725
14.174,0.712
14.192,0.660
14.209,0.712
14.209,0.686
14.227,0.595
14.244,0.686
14.244,0.621
14.262,0.440
14.279,0.634
14.279,0.492
14.296,0.194
14.314,0.531
14.314,0.181
14.331,0.518
14.349,0.285
14.349,0.466
14.366,0.634
14.384,0.401
14.402,0.608
14.402,0.324
14.419,0.582
14.437,0.686
14.437,0.544
14.456,0.673
14.473,0.712
14.473,0.660
14.491,0.712
14.509,0.725
14.509,0.699
14.527,0.725
14.543,0.712
14.543,0.725
14.562,0.712
14.580,0.673
14.580,0.712
14.597,0.686
14.614,0.608
14.614,0.686
14.631,0.634
14.649,0.466
14.649,0.647
14.667,0.505
14.686,0.194
14.686,0.544
14.705,0.194
14.723,0.492
14.723,0.311
14.740,0.427
14.759,0.608
14.759,0.375
14.779,0.595
14.779,0.272
14.797,0.569
14.814,0.673
14.814,0.531
14.832,0.647
14.849,0.699
14.867,0.647
14.867,0.699
14.884,0.712
14.903,0.699
14.903,0.712
14.921,0.712
14.938,0.725
14.939,0.712
14.956,0.686
14.956,0.712
14.975,0.686
14.994,0.634
14.994,0.699
15.012,0.647
15.032,0.505
15.032,0.660
15.050,0.544
15.067,0.168
15.067,0.569
15.086,0.272
15.104,0.466
15.104,0.362
15.121,0.414
15.140,0.608
15.140,0.634
15.164,0.595
15.164,0.220
15.190,0.556
15.190,0.660
15.208,0.505
15.208,0.647
15.227,0.699
15.249,0.634
15.249,0.686
15.266,0.712
15.266,0.686
15.284,0.725
15.302,0.712
15.302,0.725
15.320,0.699
15.338,0.673
15.338,0.712
15.356,0.686
15.375,0.621
15.375,0.712
15.393,0.647
15.410,0.505
15.410,0.660
15.429,0.544
15.446,0.207
15.446,0.569
15.464,0.362
15.483,0.427
15.483,0.401
15.501,0.362
15.519,0.595
15.520,0.259
15.539,0.569
15.557,0.233
15.557,0.518
15.577,0.634
15.577,0.453
15.595,0.595
15.614,0.673
15.614,0.595
15.633,0.699
15.651,0.725
15.651,0.699
15.669,0.751
15.687,0.751
15.687,0.738
15.705,0.764
15.723,0.751
15.724,0.764
15.741,0.751
15.761,0.686
15.761,0.751
15.780,0.699
15.780,0.569
15.798,0.699
15.816,0.608
15.816,0.259
15.835,0.621
15.854,0.388
15.854,0.492
15.873,0.440
15.891,0.298
15.891,0.556
15.909,0.194
15.909,0.505
15.927,0.595
15.945,0.440
15.945,0.556
15.965,0.349
15.984,0.518
15.984,0.569
16.002,0.466
16.020,0.531
16.020,0.556
16.038,0.518
16.057,0.556
16.057,0.556
16.075,0.556
16.094,0.569
16.094,0.544
16.112,0.569
16.112,0.569
16.130,0.518
16.148,0.569
16.149,0.518
16.167,0.776
16.185,0.544
16.185,0.453
16.203,0.246
16.221,0.492
16.221,0.311
16.239,0.259
16.255,0.362
16.256,0.194
16.274,0.453
16.293,0.246
16.293,0.427
16.312,0.544
16.328,0.388
16.328,0.531
16.348,0.492
16.365,0.518
16.365,0.595
16.383,0.505
16.402,0.582
16.402,0.621
16.420,0.582
16.439,0.621
16.439,0.621
16.458,0.608
16.458,0.634
16.478,0.608
16.498,0.634
16.498,0.621
16.517,0.569
16.517,0.621
16.536,0.569
16.555,0.466
16.555,0.595
16.574,0.518
16.592,0.298
16.592,0.531
16.610,0.362
16.629,0.246
16.630,0.414
16.650,0.194
16.650,0.466
16.670,0.168
16.688,0.569
16.688,0.556
16.707,0.375
16.707,0.544
16.726,0.324
16.746,0.518
16.746,0.608
16.764,0.505
16.783,0.595
16.783,0.634
16.802,0.582
16.819,0.621
16.819,0.634
16.838,0.621
16.856,0.634
16.856,0.621
16.874,0.634
16.874,0.647
16.892,0.582
16.910,0.621
16.910,0.595
16.928,0.492
16.946,0.608
16.946,0.505
16.964,0.336
16.981,0.556
16.981,0.401
17.000,0.220
17.017,0.440
17.017,0.220
17.035,0.453
17.053,0.220
17.053,0.388
17.072,0.544
17.091,0.336
17.091,0.518
17.109,0.272
17.127,0.479
17.127,0.569
17.145,0.453
17.163,0.544
17.163,0.582
17.181,0.518
17.199,0.569
17.199,0.569
17.217,0.544
17.236,0.556
17.236,0.556
17.254,0.544
17.272,0.544
17.272,0.492
17.290,0.544
17.308,0.518
17.308,0.440
17.325,0.556
17.344,0.505
17.344,0.349
17.363,0.556
17.363,0.427
17.379,0.168
17.398,0.492
17.398,0.738
17.416,0.466
17.434,0.259
17.434,0.453
17.452,0.621
17.471,0.401
17.471,0.608
17.490,0.324
17.508,0.608
17.508,0.686
17.526,0.582
17.544,0.686
17.544,0.751
17.563,0.686
17.580,0.751
17.581,0.764
17.599,0.751
17.618,0.776
17.618,0.764
17.635,0.776
17.653,0.776
17.653,0.751
17.671,0.776
17.688,0.751
17.688,0.686
17.707,0.764
17.726,0.712
17.726,0.556
17.744,0.725
17.744,0.608
17.762,0.142
17.781,0.647
17.781,0.298
17.799,0.556
17.817,0.440
17.817,0.518
17.835,0.699
17.854,0.440
17.854,0.673
17.872,0.298
17.890,0.647
17.890,0.751
17.909,0.621
17.927,0.738
17.928,0.789
17.946,0.712
17.946,0.789
17.965,0.815
17.983,0.776
17.983,0.802
18.003,0.802
18.021,0.802
18.021,0.802
18.039,0.776
18.058,0.815
18.059,0.776
18.076,0.712
18.095,0.802
18.095,0.738
18.114,0.595
18.114,0.751
18.132,0.634
18.150,0.194
18.150,0.660
18.168,0.375
18.186,0.544
18.186,0.466
18.205,0.466
18.223,0.686
18.223,0.479
18.241,0.673
18.260,0.194
18.260,0.621
18.278,0.738
18.297,0.595
18.297,0.738
18.314,0.789
18.332,0.712
18.332,0.776
18.350,0.815
18.369,0.776
18.369,0.802
18.386,0.802
18.386,0.802
18.405,0.815
18.424,0.776
18.424,0.815
18.442,0.789
18.461,0.725
18.461,0.789
18.478,0.738
18.496,0.621
18.496,0.751
18.516,0.647
18.534,0.298
18.534,0.686
18.552,0.427
18.569,0.505
18.569,0.518
18.588,0.440
18.588,0.686
18.607,0.324
18.624,0.660
18.625,0.220
18.643,0.621
18.662,0.738
18.662,0.569
18.681,0.725
18.699,0.776
18.699,0.699
18.717,0.776
18.736,0.802
18.736,0.764
18.755,0.802
18.772,0.802
18.772,0.789
18.790,0.815
18.810,0.776
18.810,0.815
18.828,0.776
18.828,0.725
18.847,0.789
18.864,0.725
18.864,0.634
18.883,0.764
18.901,0.673
18.901,0.401
18.920,0.686
18.938,0.634
18.938,0.453
18.956,0.544
18.974,0.349
18.974,0.660
18.993,0.207
19.012,0.621
19.012,0.738
19.031,0.582
19.031,0.725
19.048,0.531
19.067,0.699
19.067,0.776
19.085,0.686
19.103,0.764
19.103,0.802
19.121,0.751
19.139,0.789
19.139,0.802
19.157,0.789
19.175,0.802
19.175,0.776
19.192,0.802
19.211,0.789
19.211,0.738
19.229,0.802
19.247,0.764
19.247,0.647
19.265,0.764
19.284,0.686
19.284,0.427
19.302,0.699
19.321,0.505
19.321,0.427
19.339,0.569
19.357,0.298
19.357,0.647
19.375,0.531
19.375,0.608
19.394,0.738
19.411,0.569
19.411,0.725
19.430,0.518
19.448,0.699
19.448,0.776
19.466,0.686
19.484,0.764
19.484,0.802
19.504,0.751
19.522,0.789
19.522,0.815
19.540,0.802
19.558,0.815
19.559,0.789
19.576,0.815
19.595,0.802
19.595,0.764
19.612,0.802
19.630,0.764
19.630,0.673
19.647,0.776
19.666,0.699
19.666,0.492
19.685,0.712
19.685,0.556
19.702,0.349
19.721,0.608
19.721,0.142
19.739,0.621
19.759,0.233
19.759,0.582
19.776,0.725
19.795,0.518
19.795,0.699
19.812,0.453
19.830,0.673
19.830,0.764
19.849,0.660
19.868,0.751
19.868,0.802
19.885,0.738
19.904,0.789
19.904,0.789
19.923,0.776
19.923,0.789
19.942,0.789
19.961,0.815
19.961,0.789
19.979,0.738
20.000,0.802
20.000,0.751
20.018,0.660
20.036,0.764
20.036,0.686
20.054,0.518
20.054,0.699
20.072,0.569
20.090,0.272
20.090,0.608
20.109,0.168
20.127,0.595
20.127,0.298
20.144,0.556
20.163,0.712
20.163,0.492
20.183,0.699
20.201,0.401
20.201,0.673
20.219,0.764
20.238,0.647
20.238,0.751
20.255,0.789
20.274,0.751
20.274,0.789
20.293,0.815
20.293,0.789
20.311,0.802
20.330,0.789
20.330,0.802
20.348,0.802
20.366,0.764
20.366,0.802
20.384,0.776
20.403,0.686
20.403,0.776
20.421,0.712
20.439,0.531
20.439,0.712
20.457,0.595
20.475,0.155
20.475,0.660
20.493,0.233
20.510,0.556
20.510,0.388
20.528,0.505
20.546,0.686
20.546,0.453
20.565,0.673
20.582,0.324
20.582,0.647
20.600,0.738
20.619,0.608
20.619,0.751
20.637,0.776
20.655,0.712
20.655,0.776
20.674,0.789
20.674,0.764
20.691,0.789
20.709,0.776
20.709,0.789
20.727,0.776
20.745,0.751
20.745,0.776
20.763,0.751
20.781,0.686
20.781,0.764
20.800,0.699
20.817,0.544
20.817,0.712
20.836,0.595
20.853,0.155
20.853,0.621
20.871,0.336
20.890,0.531
20.890,0.414
20.908,0.479
20.925,0.686
20.925,0.388
20.942,0.660
20.960,0.246
20.960,0.634
20.979,0.751
20.997,0.595
20.997,0.738
21.018,0.802
21.037,0.725
21.037,0.789
21.056,0.802
21.056,0.776
21.073,0.815
21.090,0.802
21.091,0.789
21.110,0.802
21.127,0.764
21.127,0.802
21.145,0.776
21.162,0.712
21.162,0.776
21.180,0.712
21.198,0.621
21.198,0.725
21.215,0.621
21.234,0.298
21.234,0.660
21.251,0.440
21.268,0.518
21.268,0.479
21.286,0.440
21.303,0.699
21.322,0.336
21.322,0.647
21.340,0.155
21.340,0.621
21.358,0.725
21.376,0.569
21.376,0.725
21.394,0.776
21.411,0.699
21.411,0.764
21.431,0.802
21.449,0.764
21.449,0.802
21.466,0.802
21.484,0.802
21.484,0.802
21.502,0.776
21.520,0.802
21.520,0.776
21.539,0.725
21.560,0.789
21.560,0.738
21.579,0.621
21.579,0.751
21.597,0.647
21.616,0.362
21.616,0.673
21.636,0.466
21.654,0.466
21.654,0.544
21.673,0.349
21.673,0.660
21.693,0.220
21.713,0.634
21.713,0.751
21.731,0.595
21.748,0.738
21.748,0.544
21.766,0.712
21.784,0.776
21.784,0.699
21.802,0.776
21.820,0.802
21.820,0.764
21.840,0.802
21.840,0.802
21.858,0.789
21.877,0.802
21.877,0.776
21.895,0.802
21.913,0.789
21.913,0.738
21.931,0.789
21.950,0.751
21.950,0.634
21.969,0.764
21.990,0.673
21.990,0.388
22.010,0.699
22.010,0.518
22.032,0.479
22.032,0.544
22.054,0.324
22.073,0.647
22.073,0.142
22.092,0.621
22.092,0.725
22.112,0.569
22.131,0.725
22.131,0.518
22.150,0.699
22.150,0.776
22.170,0.686
22.189,0.776
22.189,0.802
22.208,0.751
22.227,0.802
22.227,0.802
22.246,0.789
22.246,0.802
22.266,0.789
22.284,0.802
22.284,0.789
22.304,0.751
22.322,0.802
22.322,0.764
22.340,0.660
22.340,0.764
22.358,0.686
22.376,0.479
22.376,0.712
22.394,0.556
22.413,0.362
22.413,0.595
22.431,0.168
22.448,0.634
22.449,0.194
22.466,0.595
22.483,0.725
22.484,0.544
22.503,0.712
22.522,0.582
22.522,0.686
22.540,0.764
22.558,0.660
22.558,0.764
22.576,0.802
22.594,0.751
22.594,0.789
22.611,0.802
22.630,0.789
22.630,0.802
22.649,0.789
22.667,0.802
22.667,0.802
22.685,0.751
22.702,0.802
22.702,0.764
22.720,0.686
22.738,0.764
22.738,0.699
22.756,0.492
22.775,0.725
22.775,0.544
22.793,0.298
22.793,0.608
22.811,0.142
22.828,0.660
22.847,0.272
22.847,0.569
22.865,0.712
22.865,0.505
22.883,0.699
22.901,0.427
22.901,0.660
22.918,0.764
22.937,0.647
22.937,0.751
22.955,0.789
22.974,0.738
22.974,0.802
22.993,0.802
23.010,0.789
23.010,0.802
23.027,0.802
23.046,0.802
23.046,0.789
23.065,0.764
23.082,0.802
23.082,0.776
23.100,0.699
23.117,0.789
23.117,0.725
23.136,0.544
23.155,0.738
23.155,0.595
23.173,0.194
23.189,0.634
23.191,0.233
23.209,0.595
23.227,0.375
23.227,0.634
23.245,0.725
23.262,0.479
23.262,0.699
23.280,0.362
23.298,0.673
23.298,0.764
23.316,0.634
23.334,0.751
23.334,0.789
23.352,0.738
23.369,0.789
23.369,0.815
23.387,0.776
23.405,0.802
23.405,0.802
23.422,0.802
23.441,0.802
23.441,0.764
23.458,0.789
23.476,0.776
23.476,0.699
23.494,0.789
23.511,0.712
23.511,0.569
23.529,0.725
23.546,0.608
23.546,0.582
23.566,0.647
23.583,0.311
23.583,0.556
23.599,0.427
23.618,0.492
23.618,0.686
23.636,0.401
23.654,0.673
23.654,0.272
23.672,0.647
23.691,0.751
23.691,0.608
23.710,0.738
23.710,0.776
23.728,0.712
23.747,0.776
23.747,0.802
23.765,0.764
23.783,0.802
23.783,0.802
23.804,0.789
23.822,0.802
23.822,0.776
23.839,0.802
23.857,0.776
23.857,0.712
23.875,0.789
23.892,0.725
23.893,0.595
23.910,0.751
23.928,0.634
23.928,0.233
23.946,0.673
23.964,0.375
23.964,0.544
23.981,0.479
23.999,0.466
23.999,0.686
24.017,0.362
24.035,0.673
24.035,0.168
24.054,0.647
24.071,0.738
24.072,0.582
24.091,0.725
24.109,0.789
24.109,0.712
24.127,0.776
24.127,0.802
24.145,0.776
24.165,0.802
24.165,0.802
24.181,0.789
24.199,0.802
24.199,0.776
24.217,0.815
24.234,0.789
24.234,0.725
24.253,0.802
24.270,0.738
24.270,0.621
24.288,0.751
24.305,0.647
24.305,0.349
24.323,0.686
24.341,0.453
24.358,0.479
24.358,0.518
24.377,0.414
24.377,0.673
24.396,0.246
24.413,0.634
24.413,0.751
24.432,0.608
24.449,0.738
24.449,0.544
24.467,0.725
24.485,0.789
24.485,0.699
24.504,0.776
24.522,0.802
24.522,0.764
24.538,0.802
24.556,0.802
24.556,0.802
24.574,0.828
24.591,0.789
24.591,0.815
24.610,0.802
24.628,0.738
24.628,0.802
24.646,0.751
24.663,0.647
24.663,0.764
24.683,0.673
24.700,0.388
24.700,0.699
24.720,0.479
24.739,0.466
24.739,0.556
24.757,0.349
24.777,0.673
24.777,0.518
24.796,0.621
24.796,0.751
24.814,0.595
24.832,0.725
24.832,0.544
24.850,0.712
24.868,0.776
24.868,0.686
24.886,0.776
24.904,0.815
24.904,0.764
24.922,0.802
24.939,0.815
24.939,0.802
24.957,0.815
24.975,0.789
24.975,0.815
24.994,0.802
25.010,0.751
25.012,0.802
25.029,0.764
25.047,0.660
25.047,0.776
25.065,0.686
25.084,0.634
25.084,0.712
25.102,0.556
25.120,0.414
25.121,0.595
25.139,0.259
25.157,0.660
25.157,0.194
25.175,0.608
25.175,0.738
25.194,0.556
25.211,0.725
25.211,0.492
25.229,0.699
25.247,0.776
25.248,0.673
25.266,0.776
25.284,0.815
25.284,0.764
25.302,0.802
25.320,0.815
25.320,0.802
25.339,0.815
25.358,0.789
25.358,0.815
25.378,0.802
25.378,0.764
25.396,0.802
25.415,0.764
25.415,0.673
25.433,0.776
25.452,0.712
25.452,0.492
25.470,0.725
25.489,0.569
25.489,0.453
25.508,0.608
25.525,0.168
25.525,0.621
25.544,0.272
25.544,0.582
25.562,0.738
25.580,0.518
25.580,0.712
25.599,0.453
25.617,0.686
25.617,0.776
25.635,0.660
25.653,0.764
25.654,0.802
25.672,0.751
25.690,0.802
25.691,0.815
25.710,0.789
25.728,0.802
25.729,0.802
25.747,0.815
25.747,0.802
25.766,0.776
25.785,0.815
25.785,0.802
25.804,0.699
25.822,0.789
25.822,0.725
25.841,0.556
25.859,0.738
25.859,0.608
25.879,0.233
25.879,0.647
25.897,0.634
25.916,0.608
25.916,0.375
25.935,0.556
25.954,0.725
25.954,0.492
25.972,0.699
25.972,0.388
25.990,0.673
26.010,0.776
26.010,0.647
26.029,0.751
26.046,0.802
26.047,0.751
26.065,0.802
26.085,0.815
26.085,0.789
26.103,0.802
26.122,0.802
26.122,0.802
26.140,0.802
26.140,0.764
26.158,0.802
26.177,0.764
26.177,0.686
26.195,0.764
26.215,0.699
26.215,0.556
26.232,0.699
26.250,0.569
26.250,0.181
26.269,0.595
26.288,0.272
26.288,0.505
26.307,0.401
26.307,0.427
26.326,0.608
26.344,0.336
26.344,0.569
26.362,0.246
26.380,0.531
26.380,0.621
26.399,0.479
26.417,0.595
26.417,0.647
26.437,0.569
26.437,0.621
26.455,0.647
26.473,0.608
26.474,0.634
26.492,0.621
26.511,0.621
26.511,0.634
26.529,0.595
26.548,0.621
26.548,0.595
26.566,0.531
26.584,0.595
26.584,0.531
26.602,0.414
26.621,0.595
26.621,0.453
26.639,0.194
26.656,0.479
26.657,0.233
26.675,0.349
26.675,0.298
26.694,0.272
26.712,0.492
26.712,0.220
26.730,0.453
26.749,0.168
26.749,0.427
26.767,0.544
26.785,0.375
26.785,0.518
26.804,0.569
26.821,0.492
26.822,0.569
26.841,0.582
26.858,0.556
26.858,0.582
26.877,0.582
26.894,0.582
26.894,0.582
26.913,0.556
26.930,0.582
26.931,0.556
26.948,0.492
26.966,0.556
26.967,0.518
26.985,0.388
27.003,0.518
27.003,0.414
27.021,0.168
27.021,0.440
27.039,0.233
27.058,0.259
27.058,0.272
27.075,0.207
27.093,0.440
27.094,0.168
27.112,0.414
27.129,0.453
27.129,0.401
27.147,0.544
27.166,0.375
27.166,0.531
27.184,0.608
27.202,0.531
27.202,0.621
27.220,0.660
27.239,0.608
27.239,0.660
27.256,0.673
27.275,0.673
27.275,0.686
27.295,0.660
27.295,0.686
27.312,0.673
27.329,0.608
27.347,0.699
27.348,0.634
27.367,0.505
27.367,0.647
27.385,0.556
27.405,0.272
27.405,0.582
27.425,0.349
27.448,0.375
27.448,0.427
27.468,0.298
27.468,0.556
27.488,0.207
27.488,0.531
27.508,0.647
27.527,0.492
27.527,0.621
27.546,0.453
27.546,0.608
27.563,0.686
27.581,0.595
27.581,0.686
27.599,0.712
27.619,0.673
27.619,0.699
27.637,0.712
27.656,0.699
27.656,0.712
27.674,0.686
27.693,0.712
27.693,0.699
27.712,0.647
27.712,0.712
27.730,0.647
27.750,0.556
27.750,0.660
27.767,0.569
27.785,0.324
27.785,0.582
27.804,0.401
27.822,0.311
27.822,0.466
27.839,0.582
27.858,0.531
27.858,0.181
27.875,0.479
27.894,0.608
27.894,0.427
27.912,0.582
27.930,0.362
27.930,0.556
27.948,0.621
27.966,0.518
27.966,0.608
27.984,0.634
28.003,0.582
28.003,0.621
28.021,0.608
28.021,0.608
28.039,0.608
28.057,0.569
28.057,0.595
28.076,0.569
28.093,0.518
28.093,0.582
28.114,0.518
28.132,0.427
28.133,0.544
28.151,0.466
28.169,0.582
28.169,0.492
28.187,0.336
28.204,0.194
28.204,0.375
28.222,0.181
28.239,0.440
28.239,0.168
28.257,0.401
28.275,0.544
28.275,0.388
28.292,0.699
28.311,0.336
28.311,0.544
28.327,0.647
28.345,0.544
28.345,0.647
28.364,0.699
28.381,0.647
28.381,0.712
28.399,0.725
28.417,0.725
28.417,0.738
28.434,0.738
28.452,0.751
28.452,0.764
28.469,0.712
28.488,0.764
28.488,0.725
28.507,0.660
28.524,0.751
28.524,0.686
28.541,0.492
28.559,0.712
28.559,0.569
28.577,0.324
28.595,0.608
28.595,0.168
28.614,0.621
28.631,0.298
28.631,0.569
28.649,0.725
28.667,0.582
28.667,0.712
28.685,0.440
28.704,0.686
28.704,0.776
28.722,0.660
28.739,0.764
28.739,0.802
28.757,0.751
28.774,0.802
28.775,0.802
28.792,0.789
28.810,0.802
28.810,0.789
28.828,0.802
28.846,0.802
28.846,0.751
28.865,0.802
28.883,0.764
28.883,0.686
28.901,0.764
28.919,0.712
28.919,0.531
28.936,0.712
28.954,0.569
28.954,0.181
28.972,0.608
28.989,0.207
28.989,0.569
29.008,0.362
29.025,0.518
29.026,0.699
29.045,0.453
29.062,0.660
29.062,0.349
29.080,0.712
29.097,0.725
29.097,0.582
29.116,0.686
29.135,0.738
29.135,0.673
29.153,0.725
29.153,0.738
29.172,0.738
29.190,0.725
29.190,0.725
29.208,0.712
29.225,0.712
29.225,0.673
29.243,0.699
29.261,0.673
29.261,0.595
29.279,0.673
29.296,0.595
29.296,0.440
29.314,0.608
29.331,0.466
29.331,0.181
29.349,0.492
29.367,0.220
29.367,0.414
29.386,0.259
29.403,0.362
29.403,0.531
29.421,0.285
29.439,0.492
29.439,0.207
29.456,0.453
29.474,0.544
29.492,0.712
29.492,0.518
29.511,0.556
29.511,0.492
29.528,0.544
29.547,0.556
29.547,0.531
29.564,0.556
29.581,0.556
29.581,0.556
29.600,0.556
29.618,0.518
29.618,0.544
29.636,0.518
29.654,0.453
29.654,0.531
29.672,0.466
29.690,0.647
29.690,0.479
29.708,0.362
29.727,0.181
29.727,0.401
29.746,0.194
29.763,0.285
29.763,0.233
29.781,0.246
29.799,0.414
29.799,0.259
29.817,0.388
29.834,0.181
29.834,0.362
29.853,0.466
29.871,0.324
29.871,0.453
29.890,0.673
29.908,0.427
29.908,0.492
29.927,0.518
29.927,0.492
29.944,0.518
29.962,0.518
29.962,0.518
29.981,0.531
29.999,0.492
29.999,0.518
30.017,0.505
30.035,0.453
30.035,0.518
30.053,0.466
30.071,0.349
30.071,0.492
30.089,0.388
30.107,0.220
30.107,0.427
30.125,0.233
30.143,0.285
30.144,0.298
30.162,0.246
30.180,0.440
30.180,0.207
30.199,0.544
30.218,0.194
30.218,0.375
30.236,0.479
30.254,0.311
30.254,0.453
30.273,0.505
30.273,0.427
30.291,0.492
30.310,0.518
30.310,0.479
30.329,0.518
30.346,0.531
30.348,0.518
30.365,0.531
30.384,0.505
30.384,0.544
30.402,0.531
30.421,0.492
30.421,0.556
30.439,0.505
30.439,0.414
30.457,0.544
30.476,0.466
30.476,0.246
30.494,0.518
30.512,0.324
30.512,0.336
30.529,0.401
30.548,0.259
30.548,0.544
30.566,0.181
30.585,0.518
30.585,0.647
30.603,0.492
30.621,0.686
30.622,0.453
30.639,0.647
30.658,0.725
30.658,0.634
30.675,0.712
30.693,0.764
30.693,0.725
30.712,0.764
30.730,0.764
30.730,0.764
30.749,0.764
30.749,0.751
30.767,0.776
30.784,0.764
30.785,0.712
30.804,0.764
30.822,0.725
30.822,0.621
30.840,0.738
30.859,0.660
30.859,0.414
30.876,0.686
30.894,0.492
30.895,0.388
30.913,0.556
30.932,0.259
30.932,0.634
30.949,0.142
30.967,0.608
30.968,0.725
30.986,0.569
31.005,0.712
31.005,0.518
31.025,0.699
31.025,0.776
31.045,0.673
31.063,0.764
31.063,0.802
31.081,0.764
31.100,0.802
31.100,0.815
31.119,0.802
31.119,0.802
31.137,0.789
31.157,0.815
31.157,0.802
31.176,0.751
31.193,0.815
31.193,0.764
31.211,0.673
31.230,0.776
31.230,0.712
31.249,0.492
31.249,0.725
31.267,0.569
31.285,0.414
31.285,0.595
31.306,0.220
31.327,0.647
31.327,0.207
31.348,0.608
31.348,0.738
31.368,0.556
31.368,0.712
31.388,0.492
31.407,0.699
31.407,0.764
31.428,0.673
31.428,0.751
31.448,0.802
31.467,0.738
31.467,0.802
31.487,0.802
31.488,0.776
31.508,0.802
31.529,0.776
31.529,0.802
31.550,0.789
31.550,0.738
31.570,0.789
31.589,0.751
31.589,0.673
31.608,0.751
31.609,0.686
31.630,0.492
31.630,0.699
31.650,0.544
31.673,0.259
31.673,0.582
31.693,0.155
31.693,0.556
31.714,0.285
31.714,0.518
31.735,0.673
31.753,0.660
31.753,0.634
31.772,0.349
31.790,0.595
31.790,0.686
31.809,0.569
31.809,0.673
31.827,0.712
31.845,0.647
31.845,0.712
31.863,0.712
31.881,0.699
31.881,0.712
31.901,0.699
31.918,0.712
31.918,0.699
31.936,0.660
31.954,0.699
31.954,0.660
31.972,0.569
31.990,0.660
31.990,0.582
32.009,0.414
32.027,0.582
32.027,0.453
32.045,0.168
32.064,0.466
32.064,0.181
32.082,0.388
32.082,0.246
32.100,0.336
32.119,0.505
32.119,0.285
32.136,0.479
32.155,0.207
32.155,0.427
32.174,0.531
32.192,0.401
32.192,0.518
32.209,0.556
32.228,0.505
32.228,0.544
32.246,0.556
32.264,0.544
32.264,0.556
32.281,0.556
32.299,0.556
32.299,0.556
32.317,0.518
32.335,0.556
32.335,0.531
32.355,0.466
32.372,0.569
32.372,0.505
32.390,0.362
32.407,0.531
32.407,0.414
32.426,0.168
32.444,0.466
32.444,0.220
32.462,0.401
32.480,0.285
32.480,0.349
32.499,0.544
32.516,0.272
32.516,0.531
32.534,0.207
32.552,0.505
32.552,0.621
32.570,0.466
32.589,0.595
32.589,0.660
32.607,0.595
32.607,0.673
32.624,0.686
32.643,0.660
32.643,0.699
32.660,0.699
32.678,0.699
32.678,0.712
32.696,0.673
32.714,0.712
32.714,0.699
32.732,0.621
32.750,0.712
32.750,0.660
32.768,0.505
32.787,0.673
32.787,0.556
32.805,0.207
32.824,0.582
32.824,0.285
32.845,0.466
32.845,0.401
32.866,0.401
32.886,0.608
32.886,0.311
32.906,0.595
32.906,0.220
32.927,0.569
32.947,0.686
32.947,0.531
32.968,0.699
32.968,0.725
32.986,0.647
33.005,0.725
33.005,0.751
33.023,0.725
33.023,0.738
33.042,0.738
33.060,0.738
33.060,0.751
33.080,0.725
33.098,0.764
33.098,0.738
33.116,0.673
33.136,0.738
33.136,0.686
33.155,0.569
33.155,0.712
33.175,0.595
33.195,0.285
33.195,0.647
33.213,0.401
33.230,0.466
33.230,0.492
33.250,0.375
33.250,0.647
33.267,0.233
33.286,0.621
33.286,0.220
33.303,0.582
33.323,0.699
33.323,0.518
33.341,0.699
33.359,0.751
33.359,0.673
33.377,0.738
33.395,0.776
33.395,0.725
33.412,0.764
33.430,0.776
33.430,0.764
33.449,0.789
33.466,0.751
33.466,0.789
33.484,0.764
33.502,0.712
33.502,0.776
33.521,0.725
33.540,0.608
33.540,0.751
33.558,0.647
33.576,0.375
33.577,0.686
33.594,0.544
33.612,0.440
33.612,0.518
33.631,0.349
33.631,0.647
33.650,0.194
33.668,0.621
33.668,0.738
33.685,0.595
33.704,0.725
33.704,0.531
33.721,0.712
33.740,0.789
33.740,0.686
33.758,0.764
33.779,0.802
33.779,0.764
33.797,0.802
33.797,0.815
33.815,0.789
33.833,0.802
33.851,0.776
33.851,0.802
33.869,0.789
33.869,0.738
33.888,0.802
33.905,0.751
33.905,0.647
33.924,0.764
33.942,0.673
33.942,0.414
33.960,0.699
33.979,0.505
33.979,0.582
33.996,0.569
34.014,0.298
34.014,0.647
34.033,0.155
34.051,0.608
34.052,0.738
34.070,0.569
34.088,0.725
34.088,0.505
34.106,0.712
34.124,0.776
34.124,0.686
34.141,0.776
34.160,0.815
34.160,0.764
34.178,0.815
34.178,0.815
34.198,0.802
34.217,0.828
34.217,0.789
34.235,0.815
34.253,0.802
34.253,0.764
34.271,0.802
34.290,0.776
34.290,0.673
34.307,0.789
34.325,0.699
34.325,0.505
34.343,0.725
34.362,0.569
34.362,0.336
34.379,0.608
34.397,0.194
34.397,0.647
34.416,0.220
34.434,0.595
34.434,0.738
34.452,0.544
34.469,0.725
34.469,0.479
34.487,0.699
34.504,0.776
34.505,0.686
34.523,0.764
34.541,0.815
34.541,0.751
34.561,0.802
34.561,0.815
34.579,0.802
34.598,0.815
34.598,0.802
34.617,0.815
34.635,0.815
34.635,0.764
34.655,0.815
34.673,0.776
34.673,0.686
34.692,0.789
34.692,0.712
34.711,0.531
34.730,0.725
34.730,0.582
34.749,0.311
34.768,0.634
34.768,0.207
34.787,0.621
34.787,0.298
34.805,0.582
34.824,0.725
34.824,0.518
34.842,0.699
34.861,0.440
34.861,0.686
34.879,0.764
34.898,0.647
34.898,0.764
34.916,0.802
34.933,0.751
34.933,0.802
34.951,0.815
34.970,0.789
34.970,0.815
34.987,0.789
35.005,0.802
35.005,0.802
35.024,0.764
35.041,0.802
35.041,0.776
35.059,0.699
35.077,0.789
35.077,0.725
35.096,0.556
35.096,0.738
35.113,0.595
35.131,0.181
35.131,0.647
35.149,0.272
35.167,0.595
35.167,0.401
35.186,0.531
35.205,0.712
35.205,0.466
35.223,0.686
35.242,0.336
35.242,0.660
35.259,0.764
35.279,0.621
35.279,0.738
35.297,0.789
35.314,0.738
35.314,0.789
35.332,0.802
35.350,0.776
35.350,0.802
35.368,0.789
35.386,0.789
35.386,0.789
35.405,0.764
35.422,0.789
35.422,0.764
35.439,0.699
35.457,0.776
35.457,0.699
35.475,0.556
35.493,0.725
35.493,0.595
35.511,0.233
35.528,0.621
35.528,0.298
35.545,0.505
35.563,0.388
35.563,0.440
35.581,0.621
35.600,0.336
35.600,0.582
35.618,0.207
35.636,0.544
35.636,0.647
35.654,0.505
35.672,0.621
35.672,0.673
35.690,0.595
35.709,0.673
35.709,0.686
35.727,0.660
35.727,0.686
35.745,0.686
35.762,0.686
35.762,0.699
35.781,0.673
35.798,0.699
35.798,0.673
35.816,0.621
35.833,0.686
35.833,0.634
35.851,0.492
35.869,0.660
35.888,0.531
35.888,0.233
35.905,0.569
35.922,0.311
35.922,0.440
35.940,0.401
35.957,0.375
35.957,0.582
35.976,0.285
35.994,0.582
35.994,0.194
36.012,0.544
36.030,0.673
36.030,0.505
36.047,0.660
36.066,0.725
36.066,0.660
36.084,0.725
36.084,0.751
36.102,0.725
36.120,0.751
36.120,0.751
36.137,0.764
36.156,0.764
36.156,0.738
36.174,0.764
36.191,0.751
36.191,0.686
36.210,0.764
36.227,0.712
36.227,0.595
36.245,0.725
36.263,0.621
36.263,0.324
36.280,0.660
36.298,0.440
36.316,0.466
36.316,0.505
36.334,0.375
36.335,0.660
36.352,0.233
36.369,0.634
36.369,0.738
36.387,0.595
36.405,0.725
36.405,0.556
36.423,0.712
36.441,0.764
36.459,0.673
36.459,0.764
36.476,0.802
36.494,0.751
36.494,0.789
36.512,0.802
36.529,0.776
36.529,0.802
36.546,0.789
36.564,0.802
36.564,0.789
36.582,0.725
36.600,0.802
36.600,0.751
36.618,0.634
36.636,0.764
36.636,0.673
36.654,0.375
36.673,0.699
36.673,0.479
36.692,0.453
36.692,0.556
36.710,0.336
36.728,0.647
36.728,0.207
36.746,0.634
36.764,0.738
36.764,0.582
36.781,0.712
36.800,0.531
36.800,0.699
36.818,0.776
36.836,0.686
36.836,0.764
36.854,0.789
36.872,0.751
36.872,0.789
36.891,0.789
36.908,0.776
36.908,0.789
36.926,0.776
36.945,0.789
36.945,0.776
36.963,0.725
36.981,0.776
36.981,0.751
36.998,0.647
37.017,0.751
37.017,0.673
37.034,0.453
37.052,0.686
37.052,0.582
37.070,0.349
37.089,0.556
37.089,0.220
37.107,0.634
37.125,0.168
37.125,0.582
37.143,0.725
37.160,0.531
37.161,0.699
37.178,0.479
37.196,0.673
37.197,0.751
37.214,0.660
37.234,0.751
37.234,0.789
37.251,0.738
37.252,0.789
37.269,0.789
37.287,0.776
37.304,0.789
37.304,0.764
37.322,0.789
37.341,0.776
37.341,0.725
37.359,0.776
37.359,0.725
37.376,0.634
37.394,0.738
37.394,0.647
37.413,0.440
37.430,0.660
37.430,0.492
37.448,0.298
37.466,0.531
37.466,0.168
37.484,0.531
37.502,0.207
37.502,0.466
37.520,0.595
37.538,0.401
37.538,0.544
37.556,0.298
37.573,0.505
37.573,0.556
37.591,0.440
37.609,0.518
37.609,0.531
37.628,0.492
37.646,0.544
37.646,0.556
37.664,0.556
37.682,0.608
37.682,0.621
37.699,0.673
37.717,0.673
37.717,0.673
37.735,0.725
37.754,0.712
37.754,0.647
37.772,0.764
37.789,0.686
37.789,0.531
37.808,0.725
37.826,0.608
37.827,0.207
37.844,0.647
37.862,0.194
37.862,0.621
37.881,0.401
37.901,0.569
37.901,0.725
37.919,0.492
37.919,0.699
37.937,0.375
37.956,0.647
37.956,0.738
37.973,0.582
37.992,0.673
37.992,0.712
38.010,0.608
38.028,0.634
38.028,0.608
38.045,0.544
38.064,0.531
38.064,0.492
38.082,0.569
38.101,0.531
38.101,0.505
38.119,0.569
38.137,0.582
38.137,0.531
38.156,0.634
38.173,0.582
38.173,0.453
38.192,0.634
38.192,0.505
38.211,0.168
38.231,0.556
38.231,0.259
38.249,0.492
38.267,0.336
38.267,0.466
38.287,0.699
38.306,0.388
38.306,0.621
38.325,0.298
38.325,0.608
38.346,0.712
38.366,0.582
38.366,0.699
38.386,0.751
38.386,0.699
38.406,0.751
38.425,0.776
38.425,0.751
38.444,0.776
38.444,0.776
38.462,0.776
38.481,0.776
38.481,0.751
38.498,0.789
38.517,0.764
38.517,0.699
38.534,0.776
38.553,0.725
38.553,0.582
38.573,0.738
38.573,0.608
38.592,0.544
38.610,0.647
38.610,0.349
38.629,0.544
38.648,0.453
38.649,0.466
38.667,0.686
38.686,0.362
38.686,0.647
38.705,0.246
38.705,0.621
38.723,0.738
38.741,0.582
38.741,0.725
38.759,0.776
38.778,0.712
38.778,0.776
38.795,0.802
38.813,0.764
38.813,0.802
38.831,0.789
38.849,0.789
38.849,0.802
38.866,0.751
38.884,0.802
38.884,0.776
38.903,0.712
38.921,0.776
38.921,0.725
38.938,0.595
38.956,0.725
38.956,0.634
38.975,0.311
38.993,0.647
38.993,0.401
39.011,0.492
39.028,0.492
39.028,0.414
39.047,0.660
39.065,0.285
39.065,0.621
39.084,0.246
39.104,0.595
39.104,0.725
39.122,0.544
39.122,0.686
39.141,0.751
39.158,0.673
39.158,0.738
39.176,0.776
39.194,0.712
39.194,0.764
39.213,0.764
39.230,0.751
39.231,0.751
39.249,0.725
39.267,0.751
39.267,0.738
39.285,0.673
39.303,0.738
39.303,0.686
39.321,0.569
39.338,0.699
39.339,0.595
39.356,0.298
39.375,0.608
39.375,0.388
39.392,0.414
39.411,0.466
39.411,0.311
39.428,0.582
39.447,0.233
39.447,0.531
39.465,0.660
39.484,0.492
39.484,0.634
39.502,0.440
39.520,0.608
39.521,0.673
39.538,0.582
39.538,0.686
39.556,0.686
39.574,0.647
39.574,0.686
39.592,0.686
39.610,0.673
39.610,0.673
39.628,0.686
39.646,0.673
39.646,0.660
39.664,0.595
39.682,0.660
39.682,0.608
39.701,0.505
39.719,0.621
39.719,0.531
39.736,0.311
39.755,0.544
39.755,0.349
39.772,0.272
39.791,0.401
39.791,0.194
39.811,0.453
39.828,0.375
39.828,0.427
39.846,0.531
39.864,0.375
39.864,0.505
39.881,0.324
39.901,0.492
39.901,0.556
39.920,0.453
39.920,0.634
39.937,0.569
39.955,0.518
39.955,0.556
39.973,0.569
39.992,0.544
39.992,0.556
40.010,0.531
40.028,0.544
40.028,0.531
40.046,0.479
40.065,0.531
40.065,0.492
40.082,0.388
40.100,0.505
40.100,0.414
40.118,0.233
40.136,0.440
40.136,0.272
40.154,0.220
40.173,0.324
40.173,0.194
40.190,0.362
40.209,0.181
40.209,0.324
40.227,0.466
40.245,0.388
40.245,0.453
40.264,0.272
40.264,0.440
40.283,0.518
40.301,0.414
40.301,0.518
40.320,0.569
40.337,0.518
40.337,0.569
40.354,0.582
40.372,0.569
40.372,0.595
40.390,0.582
40.409,0.608
40.409,0.595
40.427,0.569
40.445,0.621
40.445,0.582
40.463,0.505
40.480,0.595
40.480,0.544
40.499,0.375
40.516,0.569
40.516,0.440
40.534,0.207
40.552,0.686
40.552,0.207
40.570,0.479
40.588,0.246
40.588,0.440
40.606,0.608
40.625,0.401
40.625,0.608
40.643,0.608
40.660,0.582
40.660,0.673
40.678,0.544
40.696,0.673
40.696,0.712
40.714,0.660
40.733,0.712
40.733,0.738
40.751,0.699
40.768,0.738
40.768,0.725
40.786,0.751
40.803,0.738
40.803,0.699
40.822,0.738
40.840,0.712
40.840,0.634
40.858,0.725
40.875,0.660
40.875,0.492
40.893,0.673
40.912,0.531
40.912,0.207
40.930,0.582
40.930,0.207
40.949,0.556
40.967,0.336
40.967,0.492
40.985,0.673
41.003,0.427
41.003,0.647
41.021,0.349
41.039,0.621
41.039,0.725
41.058,0.608
41.076,0.725
41.076,0.764
41.093,0.712
41.111,0.764
41.111,0.789
41.130,0.764
41.148,0.776
41.148,0.776
41.166,0.776
41.183,0.789
41.183,0.751
41.201,0.789
41.219,0.776
41.219,0.699
41.238,0.776
41.255,0.712
41.255,0.569
41.276,0.738
41.294,0.608
41.294,0.168
41.311,0.647
41.329,0.311
41.329,0.556
41.347,0.453
41.365,0.492
41.365,0.699
41.382,0.401
41.400,0.673
41.400,0.285
41.418,0.647
41.436,0.751
41.436,0.608
41.454,0.738
41.472,0.789
41.472,0.712
41.489,0.776
41.507,0.789
41.507,0.776
41.527,0.802
41.543,0.789
41.543,0.802
41.562,0.802
41.578,0.764
41.578,0.802
41.597,0.776
41.614,0.699
41.614,0.776
41.632,0.725
41.650,0.595
41.650,0.738
41.669,0.634
41.687,0.246
41.687,0.660
41.705,0.401
41.705,0.518
41.723,0.505
41.740,0.453
41.760,0.686
41.760,0.349
41.777,0.660
41.777,0.181
41.795,0.621
41.812,0.738
41.812,0.569
41.830,0.725
41.848,0.789
41.866,0.686
41.866,0.802
41.884,0.802
41.884,0.776
41.902,0.802
41.919,0.802
41.919,0.789
41.937,0.802
41.954,0.776
41.972,0.802
41.972,0.789
41.990,0.725
42.007,0.776
42.007,0.738
42.025,0.621
42.043,0.751
42.043,0.660
42.061,0.324
42.078,0.686
42.078,0.440
42.096,0.582
42.114,0.518
42.114,0.427
42.133,0.660
42.151,0.285
42.151,0.647
42.168,0.738
42.186,0.699
42.186,0.725
42.203,0.556
42.221,0.712
42.221,0.776
42.241,0.699
42.241,0.751
42.258,0.789
42.276,0.751
42.294,0.789
42.295,0.776
42.313,0.776
42.313,0.789
42.331,0.764
42.348,0.789
42.348,0.764
42.366,0.725
42.384,0.776
42.401,0.725
42.401,0.621
42.418,0.738
42.438,0.647
42.438,0.388
42.455,0.660
42.472,0.479
42.473,0.401
42.490,0.621
42.509,0.285
42.509,0.621
42.525,0.155
42.544,0.595
42.544,0.725
42.562,0.544
42.579,0.686
42.580,0.492
42.597,0.673
42.614,0.738
42.614,0.647
42.632,0.725
42.650,0.764
42.650,0.712
42.668,0.764
42.686,0.751
42.686,0.751
42.703,0.751
42.720,0.738
42.720,0.751
42.739,0.751
42.756,0.686
42.756,0.738
42.774,0.686
42.792,0.595
42.792,0.699
42.811,0.621
42.829,0.388
42.829,0.634
42.848,0.453
42.865,0.298
42.865,0.505
42.883,0.220
42.902,0.647
42.902,0.181
42.919,0.518
42.938,0.634
42.938,0.466
42.956,0.621
42.956,0.401
42.972,0.595
42.991,0.673
43.010,0.595
43.010,0.647
43.028,0.686
43.028,0.634
43.046,0.673
43.064,0.686
43.064,0.660
43.082,0.673
43.101,0.660
43.101,0.673
43.118,0.673
43.137,0.608
43.137,0.647
43.156,0.621
43.174,0.531
43.174,0.621
43.191,0.531
43.209,0.336
43.209,0.634
43.226,0.388
43.244,0.220
43.245,0.427
43.263,0.233
43.281,0.440
43.281,0.194
43.301,0.401
43.320,0.531
43.320,0.324
43.339,0.518
43.339,0.259
43.359,0.492
43.379,0.556
43.379,0.440
43.397,0.544
43.397,0.582
43.418,0.531
43.438,0.569
43.438,0.595
43.457,0.569
43.457,0.595
43.476,0.569
43.493,0.582
43.493,0.582
43.512,0.569
43.529,0.582
43.529,0.544
43.548,0.466
43.566,0.556
43.566,0.479
43.584,0.311
43.602,0.505
43.602,0.362
43.619,0.220
43.637,0.401
43.637,0.194
43.655,0.375
43.674,0.194
43.674,0.324
43.691,0.479
43.708,0.272
43.710,0.466
43.727,0.207
43.744,0.440
43.745,0.518
43.763,0.401
43.781,0.518
43.781,0.569
43.800,0.492
43.820,0.569
43.820,0.582
43.839,0.544
43.839,0.582
43.859,0.556
43.878,0.582
43.878,0.569
43.898,0.531
43.898,0.569
43.917,0.544
43.936,0.479
43.936,0.556
43.955,0.505
43.973,0.349
43.973,0.518
43.992,0.401
43.992,0.155
44.011,0.440
44.030,0.194
44.030,0.362
44.050,0.259
44.070,0.311
44.070,0.492
44.090,0.272
44.090,0.479
44.108,0.220
44.128,0.453
44.128,0.556
44.148,0.414
44.148,0.544
44.168,0.595
44.186,0.518
44.186,0.582
44.205,0.608
44.224,0.582
44.224,0.608
44.244,0.608
44.244,0.608
44.265,0.608
44.282,0.582
44.282,0.621
44.301,0.582
44.320,0.518
44.320,0.608
44.339,0.544
44.339,0.414
44.357,0.556
44.375,0.453
44.375,0.168
44.393,0.479
44.411,0.233
44.411,0.362
44.430,0.479
44.447,0.298
44.447,0.505
44.464,0.246
44.482,0.479
44.482,0.181
44.500,0.453
44.519,0.569
44.519,0.427
44.538,0.556
44.556,0.608
44.556,0.544
44.574,0.608
44.591,0.647
44.591,0.608
44.610,0.647
44.627,0.647
44.627,0.634
44.645,0.647
44.664,0.621
44.664,0.660
44.682,0.634
44.701,0.569
44.701,0.634
44.719,0.595
44.719,0.453
44.740,0.608
44.759,0.492
44.759,0.207
44.779,0.518
44.779,0.285
44.797,0.375
44.815,0.362
44.815,0.298
44.832,0.518
44.851,0.427
44.851,0.505
44.869,0.453
44.887,0.466
44.887,0.582
44.904,0.427
44.923,0.582
44.923,0.647
44.941,0.569
44.960,0.647
44.960,0.673
44.979,0.634
44.997,0.660
44.997,0.673
45.015,0.660
45.032,0.673
45.032,0.647
45.051,0.673
45.071,0.660
45.071,0.595
45.088,0.660
45.088,0.608
45.106,0.505
45.123,0.634
45.124,0.531
45.141,0.285
45.160,0.556
45.160,0.349
45.178,0.324
45.197,0.414
45.197,0.246
45.215,0.518
45.233,0.155
45.233,0.492
45.251,0.608
45.269,0.440
45.269,0.582
45.287,0.388
45.306,0.569
45.306,0.647
45.324,0.544
45.344,0.634
45.344,0.673
45.364,0.621
45.364,0.673
45.381,0.673
45.400,0.660
45.400,0.686
45.418,0.647
45.436,0.673
45.436,0.660
45.453,0.608
45.472,0.673
45.472,0.634
45.489,0.518
45.508,0.634
45.508,0.544
45.526,0.311
45.543,0.582
45.543,0.388
45.562,0.298
45.580,0.453
45.580,0.233
45.598,0.505
45.617,0.181
45.617,0.492
45.635,0.608
45.653,0.453
45.653,0.595
45.672,0.401
45.672,0.569
45.690,0.647
45.708,0.544
45.708,0.634
45.726,0.686
45.745,0.621
45.745,0.660
45.764,0.673
45.782,0.673
45.783,0.686
45.801,0.660
45.819,0.686
45.819,0.673
45.838,0.621
45.838,0.673
45.856,0.634
45.874,0.556
45.874,0.647
45.892,0.569
45.909,0.375
45.910,0.595
45.928,0.440
45.946,0.246
45.946,0.492
45.964,0.142
45.982,0.492
45.982,0.220
46.001,0.466
46.018,0.608
46.018,0.414
46.036,0.595
46.055,0.324
46.055,0.556
46.074,0.647
46.091,0.531
46.091,0.647
46.111,0.686
46.128,0.621
46.128,0.686
46.146,0.686
46.164,0.673
46.165,0.686
46.181,0.673
46.200,0.686
46.200,0.686
46.217,0.634
46.237,0.686
46.237,0.647
46.254,0.556
46.254,0.660
46.275,0.621
46.293,0.414
46.293,0.608
46.311,0.466
46.329,0.207
46.329,0.505
46.349,0.181
46.369,0.479
46.369,0.246
46.387,0.518
46.387,0.595
46.404,0.388
46.423,0.569
46.423,0.298
46.441,0.544
46.459,0.647
46.459,0.518
46.477,0.634
46.496,0.686
46.496,0.621
46.513,0.686
46.531,0.699
46.531,0.660
46.551,0.699
46.569,0.686
46.569,0.699
46.588,0.699
46.588,0.673
46.607,0.699
46.624,0.673
46.624,0.595
46.643,0.686
46.660,0.621
46.660,0.453
46.678,0.634
46.697,0.505
46.697,0.207
46.715,0.544
46.733,0.207
46.733,0.479
46.750,0.324
46.768,0.414
46.769,0.608
46.786,0.336
46.804,0.582
46.804,0.246
46.824,0.569
46.841,0.660
46.841,0.531
46.861,0.660
46.880,0.699
46.880,0.634
46.900,0.699
46.901,0.712
46.920,0.686
46.940,0.712
46.940,0.712
46.960,0.712
46.960,0.712
46.983,0.673
46.983,0.712
47.004,0.725
47.024,0.621
47.024,0.699
47.052,0.634
47.052,0.505
47.074,0.647
47.074,0.544
47.094,0.207
47.094,0.569
47.112,0.298
47.112,0.453
47.133,0.388
47.153,0.388
47.153,0.608
47.173,0.324
47.173,0.595
47.193,0.207
47.211,0.556
47.211,0.673
47.230,0.518
47.250,0.660
47.250,0.725
47.268,0.634
47.269,0.712
47.289,0.738
47.309,0.712
47.309,0.712
47.328,0.725
47.328,0.712
47.348,0.712
47.370,0.686
47.371,0.712
47.392,0.699
47.392,0.621
47.415,0.712
47.415,0.634
47.438,0.518
47.438,0.660
47.464,0.544
47.464,0.569
47.486,0.582
47.486,0.324
47.507,0.401
47.507,0.388
47.528,0.349
47.547,0.569
47.547,0.259
47.568,0.544
47.568,0.194
47.590,0.518
47.590,0.634
47.609,0.466
47.628,0.608
47.628,0.673
47.646,0.595
47.665,0.673
47.665,0.699
47.683,0.660
47.702,0.699
47.702,0.712
47.721,0.699
47.721,0.712
47.740,0.712
47.758,0.738
47.758,0.725
47.777,0.673
47.795,0.738
47.795,0.699
47.814,0.582
47.833,0.712
47.833,0.608
47.852,0.324
47.852,0.634
47.873,0.414
47.891,0.414
47.891,0.479
47.910,0.298
47.910,0.595
47.929,0.246
47.947,0.531
47.947,0.647
47.966,0.479
47.984,0.621
47.984,0.427
48.004,0.595
48.021,0.673
48.021,0.582
48.040,0.673
48.059,0.712
48.059,0.660
48.077,0.712
48.077,0.725
48.096,0.712
48.114,0.725
48.114,0.699
48.133,0.725
48.151,0.712
48.151,0.647
48.169,0.712
48.188,0.660
48.188,0.556
48.207,0.673
48.227,0.582
48.227,0.349
48.244,0.621
48.244,0.427
48.263,0.349
48.280,0.466
48.280,0.272
48.298,0.556
48.316,0.194
48.316,0.518
48.335,0.647
48.354,0.479
48.354,0.621
48.373,0.427
48.393,0.608
48.393,0.673
48.412,0.582
48.412,0.686
48.430,0.712
48.448,0.673
48.448,0.712
48.466,0.738
48.485,0.712
48.485,0.725
48.504,0.712
48.522,0.725
48.522,0.725
48.539,0.673
48.557,0.712
48.557,0.686
48.575,0.569
48.595,0.673
48.595,0.595
48.613,0.388
48.613,0.608
48.630,0.453
48.649,0.285
48.649,0.518
48.666,0.207
48.685,0.531
48.685,0.220
48.702,0.518
48.721,0.647
48.721,0.466
48.738,0.634
48.757,0.401
48.757,0.608
48.776,0.699
48.794,0.595
48.794,0.673
48.812,0.725
48.829,0.673
48.829,0.738
48.848,0.725
48.866,0.712
48.866,0.725
48.884,0.712
48.902,0.725
48.904,0.712
48.921,0.673
48.938,0.712
48.938,0.673
48.956,0.595
48.975,0.686
48.975,0.621
48.992,0.479
49.011,0.634
49.011,0.479
49.030,0.233
49.031,0.531
49.048,0.246
49.067,0.518
49.067,0.233
49.084,0.492
49.102,0.634
49.102,0.440
49.121,0.608
49.139,0.362
49.139,0.595
49.157,0.673
49.175,0.556
49.175,0.660
49.192,0.712
49.210,0.647
49.210,0.712
49.229,0.725
49.248,0.699
49.248,0.725
49.266,0.712
49.286,0.725
49.286,0.712
49.305,0.673
49.305,0.725
49.326,0.686
49.345,0.595
49.345,0.699
49.365,0.621
49.365,0.453
49.384,0.647
49.404,0.505
49.404,0.220
49.422,0.544
49.441,0.207
49.441,0.505
49.460,0.531
49.460,0.466
49.477,0.621
49.497,0.388
49.497,0.608
49.516,0.298
49.534,0.569
49.535,0.673
49.554,0.544
49.554,0.660
49.574,0.699
49.593,0.647
49.593,0.712
49.612,0.725
49.630,0.699
49.630,0.725
49.649,0.699
49.649,0.725
49.667,0.712
49.685,0.673
49.685,0.712
49.703,0.686
49.721,0.608
49.722,0.699
49.738,0.634
49.756,0.479
49.756,0.647
49.775,0.531
49.792,0.168
49.793,0.556
49.811,0.259
49.828,0.466
49.828,0.349
49.846,0.440
49.865,0.608
49.865,0.336
49.883,0.582
49.901,0.246
49.901,0.544
49.920,0.660
49.937,0.531
49.937,0.660
49.955,0.712
49.973,0.634
49.973,0.699
49.992,0.712
50.011,0.686
50.011,0.712
50.030,0.712
50.030,0.712
50.048,0.725
50.067,0.686
50.067,0.725
50.087,0.686
50.104,0.621
50.104,0.699
50.123,0.647
50.141,0.505
50.141,0.660
50.159,0.544
50.176,0.155
50.176,0.556
50.195,0.285
50.213,0.453
50.213,0.375
50.231,0.388
50.247,0.595
50.249,0.285
50.266,0.569
50.283,0.233
50.283,0.544
50.302,0.660
50.320,0.518
50.320,0.647
50.337,0.699
50.355,0.621
50.356,0.699
50.374,0.712
50.391,0.686
50.391,0.712
50.413,0.725
50.413,0.712
50.431,0.712
50.448,0.686
50.448,0.712
50.465,0.686
50.482,0.634
50.482,0.699
50.500,0.647
50.518,0.531
50.518,0.660
50.536,0.556
50.555,0.246
50.555,0.595
50.572,0.647
50.589,0.427
50.589,0.414
50.608,0.349
50.626,0.595
50.626,0.220
50.644,0.556
50.662,0.259
50.662,0.531
50.680,0.647
50.697,0.466
50.697,0.634
50.716,0.699
50.734,0.608
50.734,0.686
50.751,0.725
50.769,0.686
50.769,0.712
50.788,0.725
50.806,0.712
50.806,0.712
50.823,0.699
50.841,0.712
50.841,0.699
50.858,0.647
50.875,0.712
50.875,0.660
50.893,0.544
50.910,0.673
50.928,0.569
50.928,0.272
50.947,0.595
50.947,0.375
50.965,0.388
50.983,0.453
50.983,0.479
51.001,0.569
51.017,0.194
51.036,0.544
51.036,0.660
51.053,0.505
51.071,0.647
51.071,0.466
51.089,0.608
51.106,0.686
51.106,0.608
51.123,0.686
51.141,0.712
51.141,0.673
51.159,0.699
51.176,0.712
51.176,0.712
51.194,0.712
51.211,0.699
51.211,0.712
51.230,0.712
51.247,0.647
51.247,0.712
51.264,0.673
51.282,0.569
51.282,0.673
51.300,0.582
51.318,0.336
51.318,0.608
51.336,0.427
51.354,0.349
51.354,0.492
51.372,0.220
51.391,0.556
51.391,0.142
51.409,0.518
51.428,0.647
51.428,0.479
51.446,0.634
51.466,0.414
51.466,0.608
51.485,0.686
51.485,0.582
51.505,0.686
51.524,0.712
51.524,0.660
51.544,0.712
51.544,0.712
51.563,0.712
51.583,0.725
51.583,0.699
51.605,0.725
51.605,0.712
51.627,0.660
51.627,0.725
51.647,0.673
51.668,0.569
51.668,0.686
51.687,0.608
51.687,0.401
51.706,0.621
51.730,0.453
51.730,0.298
51.751,0.492
51.751,0.207
51.771,0.544
51.771,0.181
51.793,0.492
51.812,0.647
51.812,0.453
51.833,0.621
51.833,0.388
51.854,0.595
51.854,0.686
51.874,0.569
51.894,0.673
51.894,0.699
51.914,0.660
51.915,0.712
51.934,0.712
51.952,0.699
51.952,0.725
51.970,0.699
51.987,0.712
51.987,0.712
52.005,0.673
52.022,0.712
52.022,0.673
52.042,0.595
52.060,0.686
52.060,0.608
52.078,0.427
52.095,0.634
52.095,0.479
52.112,0.233
52.130,0.531
52.131,0.207
52.148,0.518
52.166,0.259
52.166,0.479
52.183,0.634
52.202,0.414
52.202,0.621
52.219,0.336
52.237,0.595
52.237,0.673
52.255,0.556
52.273,0.660
52.273,0.712
52.291,0.647
52.308,0.699
52.308,0.725
52.326,0.712
52.343,0.725
52.343,0.699
52.361,0.712
52.378,0.712
52.378,0.673
52.395,0.712
52.414,0.686
52.414,0.595
52.434,0.686
52.451,0.621
52.451,0.479
52.468,0.647
52.487,0.505
52.487,0.466
52.505,0.544
52.523,0.220
52.523,0.505
52.541,0.311
52.558,0.440
52.558,0.621
52.576,0.388
52.595,0.595
52.595,0.544
52.613,0.569
52.632,0.673
52.632,0.544
52.651,0.647
52.651,0.699
52.669,0.647
52.687,0.699
52.687,0.725
52.705,0.686
52.725,0.725
52.725,0.712
52.744,0.725
52.761,0.712
52.761,0.673
52.779,0.712
52.798,0.686
52.798,0.608
52.814,0.686
52.834,0.647
52.834,0.466
52.852,0.647
52.870,0.518
52.870,0.194
52.887,0.556
52.905,0.259
52.905,0.479
52.924,0.336
52.924,0.414
52.942,0.608
52.960,0.336
52.960,0.582
52.978,0.272
52.999,0.556
52.999,0.647
53.018,0.518
53.036,0.647
53.036,0.699
53.054,0.634
53.054,0.699
53.073,0.712
53.091,0.699
53.091,0.712
53.110,0.712
53.128,0.712
53.128,0.725
53.146,0.673
53.164,0.725
53.164,0.699
53.181,0.621
53.198,0.699
53.198,0.634
53.218,0.518
53.235,0.647
53.235,0.556
53.255,0.259
53.272,0.569
53.272,0.285
53.290,0.440
53.307,0.388
53.307,0.375
53.325,0.595
53.344,0.608
53.344,0.569
53.362,0.246
53.379,0.544
53.379,0.660
53.398,0.492
53.417,0.634
53.417,0.699
53.435,0.621
53.454,0.699
53.454,0.712
53.472,0.686
53.472,0.712
53.491,0.699
53.508,0.712
53.508,0.712
53.527,0.686
53.546,0.725
53.546,0.699
53.564,0.634
53.584,0.699
53.584,0.647
53.602,0.518
53.620,0.673
53.620,0.556
53.637,0.233
53.655,0.595
53.655,0.349
53.674,0.414
53.691,0.427
53.692,0.324
53.710,0.582
53.727,0.259
53.727,0.556
53.745,0.285
53.763,0.531
53.763,0.647
53.780,0.492
53.798,0.634
53.798,0.699
53.816,0.608
53.833,0.686
53.833,0.712
53.852,0.673
53.868,0.712
53.868,0.712
53.886,0.699
53.904,0.712
53.904,0.699
53.922,0.725
53.940,0.699
53.940,0.647
53.957,0.699
53.975,0.660
53.975,0.531
53.993,0.673
54.011,0.569
54.011,0.298
54.029,0.608
54.049,0.388
54.049,0.388
54.067,0.466
54.067,0.285
54.085,0.569
54.104,0.194
54.104,0.544
54.122,0.660
54.140,0.505
54.140,0.647
54.158,0.453
54.177,0.621
54.177,0.686
54.194,0.595
54.211,0.686
54.211,0.712
54.230,0.673
54.248,0.725
54.248,0.712
54.266,0.712
54.284,0.725
54.284,0.699
54.301,0.725
54.319,0.699
54.319,0.647
54.336,0.712
54.354,0.660
54.354,0.634
54.371,0.673
54.389,0.582
54.389,0.375
54.408,0.608
54.426,0.414
54.426,0.336
54.443,0.479
54.462,0.220
54.462,0.608
54.479,0.181
54.497,0.518
54.497,0.647
54.515,0.466
54.532,0.621
54.532,0.414
54.550,0.608
54.567,0.686
54.567,0.582
54.585,0.673
54.602,0.712
54.620,0.660
54.620,0.712
54.639,0.712
54.657,0.699
54.657,0.725
54.675,0.699
54.675,0.712
54.695,0.712
54.715,0.660
54.715,0.712
54.735,0.673
54.735,0.582
54.756,0.686
54.778,0.595
54.778,0.388
54.799,0.621
54.799,0.453
54.817,0.272
54.835,0.505
54.835,0.207
54.853,0.544
54.853,0.181
54.871,0.569
54.889,0.634
54.889,0.453
54.907,0.621
54.926,0.388
54.926,0.595
54.947,0.686
54.967,0.569
54.967,0.660
54.988,0.712
54.988,0.660
55.007,0.699
55.026,0.725
55.026,0.699
55.046,0.712
55.046,0.712
55.065,0.725
55.085,0.699
55.085,0.660
55.104,0.712
55.104,0.686
55.122,0.582
55.140,0.673
55.140,0.621
55.158,0.440
55.175,0.634
55.175,0.518
55.193,0.207
55.211,0.531
55.212,0.194
55.229,0.518
55.246,0.259
55.246,0.466
55.265,0.621
55.283,0.388
55.283,0.608
55.300,0.324
55.319,0.582
55.319,0.673
55.338,0.544
55.356,0.660
55.356,0.699
55.376,0.634
55.395,0.699
55.396,0.725
55.414,0.699
55.414,0.725
55.433,0.712
55.451,0.712
55.451,0.712
55.473,0.660
55.473,0.712
55.493,0.686
55.510,0.608
55.510,0.699
55.528,0.634
55.546,0.466
55.546,0.647
55.564,0.505
55.581,0.155
55.581,0.544
55.600,0.207
55.617,0.492
55.617,0.285
55.635,0.466
55.653,0.621
55.653,0.375
55.672,0.595
55.689,0.285
55.689,0.569
55.707,0.673
55.726,0.544
55.726,0.647
55.743,0.699
55.762,0.647
55.763,0.699
55.781,0.725
55.799,0.699
55.799,0.725
55.818,0.712
55.835,0.725
55.835,0.712
55.854,0.673
55.854,0.712
55.873,0.686
55.890,0.621
55.890,0.699
55.907,0.634
55.926,0.492
55.926,0.660
55.944,0.531
55.962,0.181
55.962,0.569
55.981,0.259
55.999,0.466
55.999,0.440
56.017,0.401
56.035,0.608
56.035,0.311
56.054,0.582
56.073,0.194
56.073,0.569
56.092,0.660
56.110,0.518
56.110,0.647
56.127,0.699
56.145,0.634
56.145,0.699
56.163,0.725
56.182,0.686
56.182,0.712
56.200,0.712
56.200,0.712
56.217,0.725
56.235,0.686
56.235,0.712
56.253,0.699
56.271,0.621
56.271,0.699
56.290,0.647
56.307,0.518
56.307,0.660
56.326,0.544
56.344,0.207
56.344,0.569
56.362,0.298
56.380,0.440
56.380,0.388
56.399,0.362
56.417,0.595
56.418,0.285
56.435,0.569
56.452,0.181
56.452,0.518
56.472,0.647
56.490,0.492
56.490,0.634
56.509,0.686
56.509,0.621
56.527,0.686
56.546,0.725
56.546,0.686
56.564,0.725
56.581,0.712
56.581,0.712
56.599,0.712
56.617,0.686
56.617,0.712
56.635,0.699
56.652,0.647
56.653,0.699
56.670,0.660
56.688,0.531
56.688,0.673
56.705,0.569
56.723,0.505
56.723,0.595
56.742,0.375
56.760,0.401
56.760,0.453
56.777,0.336
56.797,0.582
56.797,0.207
56.814,0.556
56.832,0.660
56.832,0.505
56.851,0.647
56.868,0.466
56.868,0.634
56.886,0.699
56.905,0.608
56.905,0.686
56.923,0.712
56.942,0.673
56.942,0.712
56.959,0.712
56.977,0.712
56.977,0.725
56.995,0.686
57.013,0.725
57.013,0.699
57.031,0.647
57.049,0.699
57.049,0.660
57.067,0.544
57.087,0.673
57.087,0.569
57.105,0.311
57.105,0.608
57.122,0.401
57.139,0.362
57.157,0.466
57.157,0.285
57.176,0.556
57.176,0.181
57.194,0.531
57.213,0.673
57.213,0.479
57.231,0.634
57.248,0.440
57.248,0.608
57.267,0.686
57.285,0.595
57.285,0.673
57.303,0.712
57.321,0.660
57.321,0.712
57.339,0.725
57.358,0.686
57.358,0.725
57.375,0.699
57.393,0.725
57.393,0.712
57.411,0.660
57.428,0.712
57.428,0.673
57.447,0.556
57.464,0.686
57.464,0.595
57.482,0.362
57.502,0.621
57.502,0.466
57.520,0.336
57.539,0.492
57.539,0.233
57.558,0.544
57.558,0.181
57.575,0.518
57.593,0.647
57.593,0.466
57.612,0.621
57.630,0.414
57.630,0.608
57.650,0.673
57.667,0.582
57.667,0.673
57.685,0.712
57.704,0.660
57.704,0.699
57.721,0.712
57.739,0.712
57.739,0.725
57.758,0.699
57.776,0.725
57.776,0.699
57.794,0.660
57.811,0.712
57.811,0.673
57.829,0.595
57.846,0.686
57.846,0.608
57.865,0.414
57.882,0.621
57.882,0.479
57.901,0.246
57.918,0.518
57.918,0.168
57.936,0.531
57.954,0.233
57.954,0.492
57.972,0.647
57.991,0.440
57.991,0.608
58.009,0.362
58.009,0.595
58.027,0.686
58.046,0.569
58.046,0.673
58.065,0.712
58.082,0.647
58.082,0.699
58.100,0.725
58.119,0.699
58.119,0.712
58.138,0.712
58.155,0.725
58.156,0.712
58.174,0.673
58.191,0.712
58.191,0.686
58.210,0.595
58.227,0.699
58.227,0.621
58.245,0.440
58.262,0.647
58.262,0.479
58.279,0.207
58.298,0.531
58.298,0.181
58.316,0.518
58.334,0.272
58.334,0.479
58.353,0.621
58.370,0.531
58.370,0.608
58.388,0.311
58.406,0.582
58.407,0.673
58.425,0.544
58.443,0.660
58.443,0.699
58.461,0.647
58.479,0.699
58.479,0.712
58.497,0.699
58.497,0.725
58.516,0.712
58.533,0.712
58.533,0.712
58.552,0.673
58.570,0.712
58.571,0.686
58.589,0.608
58.608,0.699
58.608,0.634
58.626,0.479
58.643,0.660
58.643,0.531
58.661,0.181
58.679,0.556
58.679,0.246
58.697,0.479
58.716,0.336
58.716,0.427
58.734,0.608
58.753,0.362
58.753,0.595
58.770,0.582
58.788,0.569
58.788,0.673
58.807,0.518
58.807,0.634
58.824,0.712
58.843,0.634
58.843,0.699
58.861,0.712
58.879,0.699
58.879,0.712
58.898,0.712
58.915,0.712
58.915,0.712
58.933,0.686
58.950,0.712
58.950,0.699
58.969,0.621
58.986,0.699
58.986,0.647
59.005,0.492
59.023,0.647
59.023,0.544
59.040,0.181
59.058,0.556
59.059,0.272
59.076,0.453
59.094,0.582
59.094,0.401
59.112,0.595
59.131,0.336
59.131,0.569
59.149,0.233
59.166,0.544
59.166,0.660
59.184,0.518
59.203,0.634
59.203,0.699
59.221,0.621
59.239,0.686
59.239,0.712
59.256,0.686
59.274,0.712
59.274,0.712
59.292,0.712
59.310,0.712
59.310,0.686
59.328,0.712
59.346,0.699
59.346,0.634
59.363,0.699
59.382,0.647
59.382,0.634
59.400,0.673
59.417,0.556
59.417,0.246
59.435,0.595
59.453,0.336
59.453,0.427
59.472,0.427
59.489,0.362
59.489,0.582
59.509,0.259
59.527,0.556
59.527,0.194
59.545,0.531
59.545,0.647
59.563,0.492
59.581,0.634
59.581,0.699
59.599,0.621
59.617,0.686
59.635,0.712
59.635,0.686
59.653,0.712
59.653,0.699
59.671,0.712
59.688,0.712
59.688,0.699
59.707,0.712
59.725,0.699
59.725,0.634
59.743,0.699
59.760,0.647
59.760,0.544
59.780,0.673
59.797,0.569
59.797,0.285
59.815,0.595
59.832,0.388
59.832,0.375
59.850,0.453
59.869,0.285
59.869,0.569
59.887,0.233
59.905,0.556
59.905,0.660
59.922,0.505
59.941,0.647
59.941,0.466
59.958,0.621
59.976,0.686
59.976,0.595
59.994,0.673
60.013,0.712
60.013,0.673
60.032,0.712
60.051,0.712
60.051,0.699
60.069,0.725
60.087,0.699
60.087,0.725
60.105,0.699
60.105,0.647
60.125,0.712
60.143,0.660
60.143,0.556
60.164,0.673
60.183,0.595
60.183,0.336
60.202,0.621
60.202,0.401
60.222,0.362
60.241,0.479
60.241,0.272
60.261,0.556
60.261,0.155
60.279,0.518
60.297,0.647
60.298,0.479
60.315,0.634
60.334,0.401
60.334,0.608
60.351,0.686
60.372,0.582
60.372,0.673
60.391,0.712
60.391,0.660
60.410,0.712
60.429,0.725
60.430,0.712
60.449,0.712
60.468,0.699
60.468,0.725
60.487,0.712
60.487,0.660
60.505,0.712
60.526,0.673
60.527,0.582
60.544,0.686
60.562,0.595
60.562,0.401
60.580,0.621
60.598,0.466
60.598,0.285
60.616,0.518
60.634,0.220
60.634,0.531
60.652,0.168
60.670,0.505
60.670,0.634
60.688,0.453
60.706,0.621
60.706,0.388
60.725,0.595
60.725,0.686
60.742,0.569
60.761,0.673
60.761,0.712
60.779,0.660
60.798,0.712
60.798,0.725
60.816,0.699
60.833,0.725
60.833,0.699
60.851,0.725
60.869,0.712
60.869,0.660
60.887,0.712
60.905,0.673
60.905,0.582
60.923,0.686
60.942,0.621
60.942,0.414
60.959,0.621
60.977,0.466
60.977,0.233
60.995,0.531
61.012,0.155
61.012,0.621
61.030,0.233
61.048,0.479
61.048,0.634
61.067,0.414
61.085,0.608
61.085,0.336
61.103,0.582
61.121,0.673
61.122,0.621
61.141,0.660
61.158,0.712
61.158,0.660
61.175,0.712
61.193,0.725
61.193,0.686
61.212,0.725
61.229,0.712
61.229,0.712
61.247,0.712
61.264,0.673
61.266,0.712
61.283,0.686
61.301,0.608
61.301,0.686
61.321,0.634
61.322,0.466
61.340,0.647
61.357,0.518
61.357,0.181
61.375,0.556
61.393,0.220
61.393,0.505
61.410,0.298
61.429,0.453
61.429,0.621
61.447,0.388
61.465,0.595
61.465,0.272
61.482,0.569
61.499,0.673
61.499,0.544
61.518,0.660
61.536,0.699
61.536,0.647
61.555,0.712
61.573,0.712
61.574,0.699
61.591,0.738
61.609,0.712
61.609,0.725
61.628,0.725
61.645,0.686
61.645,0.712
61.663,0.686
61.682,0.621
61.682,0.699
61.700,0.621
61.717,0.479
61.717,0.647
61.735,0.518
61.753,0.142
61.753,0.556
61.771,0.233
61.788,0.466
61.788,0.362
61.807,0.401
61.824,0.608
61.824,0.324
61.843,0.608
61.862,0.233
61.862,0.556
61.880,0.660
61.880,0.518
61.898,0.634
61.917,0.699
61.917,0.621
61.935,0.699
61.953,0.725
61.953,0.699
61.970,0.725
61.987,0.712
61.987,0.712
62.005,0.699
62.024,0.686
62.024,0.712
62.042,0.699
62.060,0.634
62.060,0.699
62.079,0.660
62.096,0.518
62.096,0.660
62.114,0.556
62.133,0.194
62.133,0.582
62.151,0.298
62.170,0.453
62.170,0.388
62.187,0.375
62.205,0.595
62.205,0.272
62.222,0.569
62.240,0.181
62.240,0.544
62.258,0.673
62.276,0.518
62.276,0.660
62.294,0.725
62.313,0.647
62.313,0.725
62.330,0.751
62.348,0.712
62.348,0.751
62.366,0.751
62.385,0.738
62.385,0.751
62.403,0.725
62.421,0.751
62.421,0.725
62.440,0.660
62.457,0.738
62.457,0.686
62.474,0.556
62.493,0.699
62.493,0.582
62.510,0.285
62.529,0.621
62.529,0.401
62.547,0.414
62.547,0.466
62.566,0.324
62.584,0.608
62.584,0.220
62.603,0.582
62.620,0.686
62.620,0.544
62.640,0.673
62.658,0.505
62.659,0.660
62.677,0.725
62.695,0.634
62.695,0.725
62.713,0.751
62.732,0.712
62.732,0.751
62.750,0.751
62.750,0.738
62.768,0.751
62.786,0.738
62.786,0.751
62.804,0.738
62.821,0.673
62.821,0.751
62.840,0.699
62.858,0.582
62.858,0.712
62.876,0.621
62.894,0.324
62.894,0.647
62.913,0.427
62.932,0.414
62.932,0.518
62.952,0.311
62.970,0.608
62.970,0.181
62.989,0.582
62.989,0.699
63.008,0.544
63.026,0.673
63.026,0.492
63.045,0.660
63.064,0.725
63.064,0.647
63.083,0.725
63.083,0.751
63.101,0.725
63.121,0.751
63.121,0.764
63.139,0.751
63.158,0.751
63.158,0.738
63.176,0.764
63.193,0.751
63.193,0.699
63.211,0.751
63.229,0.712
63.229,0.608
63.246,0.725
63.264,0.634
63.265,0.427
63.282,0.673
63.300,0.492
63.300,0.336
63.318,0.544
63.336,0.207
63.336,0.595
63.355,0.194
63.373,0.556
63.373,0.699
63.390,0.505
63.409,0.673
63.409,0.440
63.426,0.647
63.445,0.725
63.445,0.621
63.464,0.712
63.464,0.751
63.481,0.699
63.500,0.751
63.501,0.751
63.518,0.738
63.538,0.751
63.538,0.738
63.556,0.751
63.576,0.751
63.576,0.699
63.593,0.751
63.612,0.712
63.612,0.608
63.629,0.712
63.648,0.647
63.648,0.440
63.665,0.673
63.683,0.505
63.683,0.336
63.702,0.556
63.702,0.155
63.721,0.556
63.739,0.233
63.739,0.531
63.758,0.673
63.776,0.479
63.776,0.647
63.794,0.414
63.811,0.634
63.811,0.699
63.829,0.608
63.847,0.699
63.847,0.751
63.864,0.699
63.882,0.738
63.882,0.751
63.901,0.738
63.918,0.751
63.918,0.751
63.937,0.751
63.954,0.751
63.954,0.725
63.972,0.764
63.990,0.725
63.990,0.647
64.008,0.738
64.027,0.673
64.027,0.505
64.046,0.686
64.063,0.544
64.063,0.194
64.081,0.582
64.099,0.453
64.099,0.531
64.117,0.336
64.135,0.492
64.135,0.660
64.153,0.427
64.172,0.634
64.172,0.324
64.189,0.595
64.208,0.686
64.208,0.569
64.225,0.686
64.245,0.725
64.245,0.699
64.265,0.725
64.265,0.738
64.282,0.725
64.300,0.751
64.300,0.738
64.318,0.751
64.335,0.751
64.335,0.712
64.354,0.751
64.373,0.712
64.373,0.647
64.389,0.738
64.407,0.673
64.407,0.518
64.424,0.686
64.442,0.556
64.442,0.155
64.461,0.582
64.480,0.259
64.480,0.518
64.498,0.349
64.516,0.466
64.516,0.634
64.533,0.388
64.552,0.621
64.552,0.272
64.570,0.582
64.590,0.699
64.590,0.556
64.608,0.686
64.609,0.751
64.626,0.686
64.645,0.738
64.645,0.764
64.662,0.738
64.681,0.764
64.681,0.751
64.700,0.751
64.719,0.764
64.719,0.738
64.738,0.764
64.738,0.738
64.759,0.673
64.777,0.751
64.777,0.686
64.796,0.544
64.815,0.699
64.815,0.582
64.833,0.194
64.851,0.621
64.851,0.336
64.870,0.505
64.870,0.440
64.887,0.440
64.906,0.647
64.906,0.466
64.924,0.621
64.941,0.168
64.941,0.595
64.960,0.712
64.979,0.544
64.979,0.699
64.997,0.751
65.014,0.660
65.015,0.738
65.033,0.764
65.052,0.725
65.052,0.764
65.069,0.751
65.088,0.751
65.088,0.751
65.107,0.725
65.126,0.751
65.126,0.738
65.144,0.673
65.144,0.738
65.164,0.686
65.183,0.569
65.183,0.712
65.202,0.608
65.221,0.285
65.221,0.634
65.240,0.401
65.240,0.466
65.258,0.492
65.277,0.388
65.277,0.647
65.296,0.259
65.314,0.608
65.314,0.311
65.332,0.569
65.351,0.699
65.351,0.518
65.369,0.686
65.369,0.738
65.388,0.660
65.406,0.738
65.406,0.764
65.423,0.725
65.441,0.764
65.441,0.751
65.458,0.751
65.475,0.751
65.494,0.725
65.494,0.764
65.511,0.751
65.530,0.686
65.530,0.751
65.549,0.699
65.549,0.582
65.567,0.712
65.586,0.621
65.586,0.349
65.609,0.647
65.609,0.427
65.628,0.427
65.646,0.492
65.646,0.336
65.666,0.621
65.688,0.181
65.688,0.582
65.707,0.699
65.707,0.544
65.725,0.673
65.743,0.492
65.743,0.673
65.761,0.738
65.781,0.647
65.781,0.738
65.802,0.764
65.802,0.712
65.821,0.751
65.840,0.764
65.840,0.751
65.859,0.764
65.859,0.751
65.880,0.764
65.899,0.751
65.899,0.712
65.918,0.764
65.918,0.712
65.938,0.621
65.956,0.725
65.956,0.634
65.975,0.401
65.993,0.660
65.993,0.479
66.013,0.375
66.013,0.544
66.031,0.246
66.051,0.595
66.051,0.194
66.070,0.569
66.089,0.699
66.089,0.518
66.107,0.686
66.125,0.440
66.125,0.660
66.142,0.725
66.162,0.634
66.162,0.725
66.180,0.751
66.180,0.712
66.199,0.751
66.217,0.764
66.217,0.738
66.235,0.764
66.253,0.751
66.253,0.764
66.271,0.751
66.289,0.712
66.289,0.764
66.308,0.712
66.325,0.621
66.326,0.725
66.344,0.660
66.362,0.440
66.362,0.673
66.381,0.505
66.398,0.324
66.399,0.544
66.417,0.181
66.435,0.556
66.435,0.194
66.452,0.544
66.471,0.673
66.471,0.492
66.489,0.660
66.489,0.427
66.507,0.634
66.525,0.712
66.525,0.608
66.543,0.699
66.561,0.751
66.561,0.699
66.580,0.738
66.599,0.764
66.599,0.725
66.619,0.751
66.638,0.738
66.638,0.751
66.658,0.738
66.658,0.712
66.675,0.751
66.693,0.712
66.693,0.634
66.713,0.725
66.733,0.660
66.733,0.479
66.751,0.673
66.751,0.531
66.770,0.272
66.790,0.569
66.790,0.168
66.807,0.556
66.825,0.311
66.825,0.492
66.844,0.660
66.863,0.556
66.863,0.634
66.882,0.336
66.901,0.621
66.901,0.712
66.919,0.582
66.919,0.699
66.937,0.738
66.962,0.673
66.962,0.738
66.984,0.738
66.984,0.725
67.003,0.751
67.003,0.725
67.023,0.738
67.041,0.725
67.041,0.686
67.060,0.725
67.080,0.686
67.080,0.608
67.098,0.699
67.098,0.634
67.116,0.466
67.134,0.647
67.136,0.505
67.154,0.181
67.173,0.647
67.173,0.220
67.192,0.479
67.192,0.298
67.210,0.414
67.229,0.608
67.229,0.349
67.248,0.582
67.265,0.362
67.266,0.556
67.285,0.647
67.304,0.518
67.304,0.634
67.323,0.699
67.323,0.621
67.342,0.686
67.360,0.712
67.360,0.686
67.379,0.712
67.398,0.699
67.399,0.712
67.417,0.712
67.435,0.673
67.435,0.712
67.453,0.673
67.472,0.621
67.472,0.699
67.490,0.634
67.490,0.492
67.509,0.647
67.527,0.531
67.527,0.207
67.547,0.556
67.565,0.259
67.565,0.453
67.584,0.388
67.584,0.388
67.603,0.582
67.622,0.298
67.623,0.556
67.639,0.194
67.658,0.518
67.658,0.621
67.676,0.518
67.694,0.595
67.694,0.660
67.712,0.582
67.730,0.647
67.730,0.660
67.748,0.634
67.765,0.660
67.765,0.647
67.784,0.660
67.802,0.660
67.802,0.647
67.821,0.686
67.838,0.673
67.838,0.634
67.857,0.725
67.874,0.686
67.874,0.608
67.893,0.725
67.911,0.621
67.911,0.285
67.929,0.660
67.947,0.414
67.947,0.492
67.965,0.505
67.965,0.427
67.985,0.673
68.002,0.298
68.002,0.647
68.020,0.168
68.038,0.608
68.038,0.725
68.057,0.569
68.075,0.712
68.075,0.789
68.093,0.699
68.110,0.776
68.111,0.802
68.128,0.764
68.147,0.789
68.147,0.776
68.164,0.751
68.183,0.764
68.183,0.712
68.200,0.712
68.219,0.673
68.219,0.595
68.237,0.634
68.254,0.544
68.254,0.401
68.273,0.518
68.291,0.388
68.291,0.194
68.309,0.414
68.327,0.233
68.327,0.246
68.345,0.311
68.363,0.207
68.363,0.453
68.383,0.194
68.383,0.479
68.401,0.582
68.418,0.440
68.418,0.582
68.436,0.414
68.455,0.582
68.455,0.647
68.473,0.582
68.491,0.660
68.492,0.699
68.511,0.660
68.528,0.699
68.528,0.712
68.546,0.712
68.564,0.725
68.564,0.712
68.582,0.738
68.601,0.725
68.601,0.673
68.619,0.738
68.637,0.699
68.637,0.608
68.655,0.712
68.672,0.647
68.672,0.401
68.690,0.686
68.708,0.531
68.708,0.427
68.726,0.569
68.744,0.298
68.744,0.647
68.762,0.155
68.779,0.608
68.779,0.751
68.797,0.556
68.815,0.725
68.815,0.505
68.832,0.712
68.850,0.789
68.850,0.686
68.869,0.776
68.886,0.815
68.886,0.764
68.904,0.802
68.923,0.815
68.923,0.802
68.940,0.802
68.958,0.802
68.958,0.815
68.976,0.802
68.994,0.764
68.994,0.789
69.013,0.764
69.031,0.686
69.031,0.776
69.049,0.686
69.049,0.479
69.068,0.712
69.086,0.531
69.086,0.362
69.104,0.582
69.123,0.673
69.123,0.621
69.142,0.220
69.160,0.582
69.160,0.712
69.178,0.531
69.197,0.699
69.197,0.466
69.215,0.673
69.233,0.764
69.233,0.660
69.250,0.751
69.268,0.802
69.268,0.738
69.286,0.776
69.305,0.789
69.305,0.764
69.322,0.789
69.340,0.789
69.340,0.776
69.357,0.776
69.375,0.738
69.375,0.776
69.395,0.751
69.414,0.660
69.414,0.764
69.432,0.673
69.432,0.479
69.450,0.699
69.468,0.531
69.468,0.272
69.487,0.582
69.505,0.181
69.505,0.569
69.522,0.285
69.540,0.544
69.540,0.673
69.559,0.479
69.577,0.660
69.577,0.375
69.597,0.634
69.597,0.712
69.615,0.595
69.635,0.699
69.636,0.738
69.656,0.673
69.674,0.725
69.674,0.738
69.692,0.725
69.711,0.738
69.711,0.712
69.729,0.725
69.729,0.725
69.748,0.673
69.766,0.712
69.766,0.673
69.784,0.595
69.801,0.686
69.802,0.621
69.820,0.440
69.838,0.621
69.838,0.492
69.857,0.207
69.876,0.531
69.876,0.207
69.894,0.466
69.912,0.285
69.912,0.427
69.932,0.595
69.932,0.362
69.949,0.556
69.968,0.272
69.968,0.518
69.986,0.634
70.005,0.492
70.005,0.608
70.025,0.660
70.042,0.582
70.043,0.647
70.062,0.660
70.062,0.634
70.081,0.660
70.101,0.647
70.101,0.647
70.121,0.647
70.121,0.608
70.140,0.647
70.160,0.608
70.160,0.531
70.179,0.608
70.198,0.544
70.198,0.388
70.219,0.556
70.219,0.440
70.239,0.531
70.259,0.453
70.259,0.194
70.278,0.388
70.278,0.259
70.297,0.324
70.318,0.505
70.318,0.259
70.338,0.479
70.338,0.259
70.358,0.440
70.377,0.544
70.377,0.401
70.396,0.531
70.396,0.582
70.415,0.505
70.434,0.582
70.434,0.595
70.454,0.608
70.474,0.582
70.474,0.569
70.495,0.582
70.495,0.569
70.514,0.544
70.533,0.569
70.533,0.544
70.552,0.544
70.554,0.544
70.573,0.492
70.592,0.349
70.592,0.492
70.611,0.388
70.611,0.220
70.630,0.414
70.650,0.207
70.650,0.324
70.670,0.246
70.670,0.285
70.689,0.453
70.708,0.259
70.708,0.427
70.729,0.194
70.729,0.388
70.748,0.673
70.767,0.375
70.767,0.492
70.786,0.569
70.806,0.492
70.806,0.556
70.824,0.595
70.824,0.556
70.843,0.595
70.862,0.647
70.862,0.595
70.880,0.608
70.899,0.582
70.899,0.621
70.918,0.608
70.938,0.531
70.938,0.608
70.958,0.582
70.958,0.440
70.978,0.595
70.999,0.479
70.999,0.220
71.019,0.518
71.019,0.272
71.040,0.362
71.042,0.362
71.063,0.311
71.063,0.531
71.085,0.272
71.107,0.505
71.108,0.362
71.127,0.492
71.127,0.608
71.147,0.453
71.147,0.608
71.166,0.673
71.186,0.595
71.186,0.673
71.206,0.699
71.206,0.660
71.227,0.699
71.247,0.699
71.247,0.699
71.268,0.712
71.268,0.699
71.288,0.725
71.289,0.699
71.309,0.647
71.331,0.712
71.331,0.673
71.351,0.556
71.351,0.673
71.371,0.595
71.390,0.336
71.390,0.621
71.410,0.401
71.410,0.414
71.429,0.466
71.448,0.311
71.448,0.608
71.468,0.492
71.468,0.582
71.487,0.686
71.506,0.544
71.506,0.686
71.525,0.492
71.546,0.673
71.546,0.738
71.566,0.647
71.566,0.738
71.585,0.764
71.605,0.725
71.605,0.764
71.624,0.764
71.624,0.764
71.645,0.776
71.664,0.751
71.664,0.776
71.685,0.764
71.685,0.699
71.704,0.764
71.724,0.712
71.724,0.621
71.744,0.738
71.744,0.634
71.764,0.388
71.783,0.673
71.784,0.518
71.804,0.414
71.805,0.531
71.824,0.285
71.824,0.621
71.845,0.142
71.864,0.582
71.864,0.712
71.884,0.531
71.884,0.699
71.904,0.492
71.924,0.686
71.924,0.738
71.945,0.660
71.945,0.738
71.964,0.776
71.983,0.738
71.983,0.776
72.001,0.789
72.020,0.776
72.020,0.789
72.039,0.776
72.039,0.789
72.059,0.776
72.078,0.738
72.078,0.776
72.096,0.738
72.116,0.647
72.116,0.764
72.134,0.673
72.134,0.453
72.154,0.699
72.172,0.544
72.172,0.362
72.192,0.569
72.211,0.155
72.211,0.621
72.230,0.181
72.230,0.582
72.250,0.712
72.267,0.531
72.267,0.699
72.287,0.518
72.307,0.673
72.307,0.751
72.326,0.660
72.326,0.738
72.345,0.776
72.364,0.738
72.364,0.776
72.383,0.776
72.401,0.776
72.401,0.789
72.420,0.764
72.420,0.789
72.440,0.776
72.459,0.725
72.459,0.776
72.478,0.751
72.496,0.647
72.496,0.764
72.516,0.686
72.516,0.492
72.536,0.699
72.556,0.544
72.556,0.259
72.575,0.595
72.575,0.142
72.596,0.647
72.615,0.285
72.615,0.531
72.635,0.699
72.635,0.479
72.655,0.673
72.673,0.388
72.673,0.660
72.693,0.738
72.713,0.621
72.713,0.725
72.732,0.776
72.732,0.712
72.752,0.764
72.771,0.789
72.771,0.764
72.789,0.776
72.789,0.764
72.809,0.802
72.827,0.776
72.827,0.738
72.847,0.776
72.865,0.751
72.865,0.673
72.884,0.764
72.902,0.686
72.902,0.518
72.921,0.712
72.921,0.569
72.940,0.168
72.958,0.608
72.958,0.388
72.977,0.569
72.997,0.324
72.997,0.544
73.016,0.686
73.016,0.466
73.035,0.673
73.054,0.362
73.054,0.634
73.073,0.738
73.091,0.608
73.091,0.725
73.110,0.764
73.132,0.699
73.132,0.764
73.153,0.776
73.153,0.751
73.174,0.764
73.174,0.764
73.193,0.776
73.212,0.764
73.212,0.725
73.230,0.764
73.230,0.738
73.249,0.673
73.268,0.751
73.268,0.686
73.287,0.544
73.305,0.699
73.305,0.608
73.324,0.181
73.343,0.621
73.343,0.298
73.361,0.518
73.361,0.414
73.380,0.466
73.400,0.673
73.400,0.388
73.419,0.634
73.437,0.259
73.437,0.608
73.456,0.712
73.457,0.569
73.476,0.699
73.495,0.751
73.495,0.673
73.513,0.738
73.532,0.764
73.532,0.738
73.552,0.764
73.552,0.751
73.570,0.764
73.588,0.764
73.588,0.725
73.608,0.751
73.626,0.725
73.626,0.660
73.644,0.751
73.665,0.673
73.665,0.544
73.683,0.699
73.683,0.582
73.702,0.194
73.722,0.608
73.722,0.324
73.739,0.479
73.758,0.427
73.758,0.414
73.777,0.634
73.795,0.336
73.795,0.608
73.813,0.194
73.813,0.647
73.831,0.686
73.849,0.531
73.849,0.660
73.867,0.725
73.884,0.647
73.884,0.725
73.903,0.738
73.920,0.699
73.938,0.738
73.938,0.738
73.956,0.725
73.956,0.738
73.975,0.712
73.993,0.738
73.993,0.712
74.015,0.647
74.035,0.712
74.035,0.660
74.056,0.531
74.056,0.673
74.075,0.569
74.094,0.272
74.094,0.608
74.114,0.362
74.114,0.427
74.133,0.440
74.156,0.336
74.157,0.595
74.182,0.220
74.182,0.556
74.182,0.660
74.209,0.518
74.210,0.647
74.231,0.479
74.231,0.634
74.252,0.699
74.274,0.608
74.274,0.686
74.296,0.712
74.296,0.673
74.316,0.699
74.316,0.712
74.335,0.686
74.359,0.699
74.359,0.686
74.384,0.712
74.384,0.699
74.384,0.621
74.405,0.686
74.426,0.634
74.426,0.518
74.447,0.647
74.447,0.544
74.469,0.285
74.469,0.569
74.495,0.362
74.495,0.324
74.517,0.414
74.517,0.233
74.535,0.518
74.554,0.181
74.555,0.479
74.572,0.608
74.590,0.453
74.590,0.582
74.608,0.414
74.625,0.556
74.625,0.634
74.643,0.582
74.661,0.621
74.661,0.660
74.680,0.608
74.701,0.647
74.701,0.647
74.725,0.647
74.725,0.647
74.744,0.621
74.744,0.647
74.763,0.634
74.782,0.582
74.782,0.634
74.801,0.595
74.802,0.492
74.821,0.595
74.839,0.518
74.839,0.427
74.858,0.531
74.876,0.349
74.876,0.272
74.894,0.401
74.912,0.194
74.912,0.466
74.929,0.155
74.947,0.440
74.947,0.569
74.965,0.388
74.984,0.544
74.984,0.336
75.003,0.518
75.021,0.595
75.022,0.492
75.039,0.595
75.058,0.634
75.058,0.582
75.077,0.621
75.077,0.621
75.094,0.608
75.112,0.621
75.112,0.608
75.130,0.634
75.148,0.608
75.148,0.569
75.166,0.621
75.183,0.582
75.183,0.492
75.202,0.595
75.219,0.505
75.219,0.324
75.236,0.531
75.255,0.375
75.255,0.194
75.273,0.414
75.291,0.207
75.291,0.453
75.309,0.168
75.326,0.401
75.326,0.544
75.344,0.349
75.362,0.531
75.362,0.311
75.380,0.505
75.398,0.595
75.398,0.479
75.417,0.582
75.434,0.621
75.434,0.569
75.453,0.621
75.470,0.634
75.470,0.608
75.489,0.634
75.505,0.621
75.505,0.634
75.524,0.621
75.542,0.582
75.542,0.647
75.560,0.595
75.578,0.505
75.578,0.608
75.595,0.544
75.613,0.349
75.613,0.569
75.630,0.414
75.648,0.207
75.648,0.466
75.666,0.207
75.684,0.453
75.684,0.220
75.701,0.401
75.720,0.556
75.720,0.349
75.738,0.544
75.755,0.285
75.755,0.518
75.774,0.608
75.793,0.479
75.793,0.595
75.810,0.647
75.829,0.582
75.829,0.634
75.847,0.660
75.865,0.621
75.865,0.647
75.882,0.634
75.901,0.647
75.901,0.647
75.921,0.608
75.938,0.647
75.938,0.621
75.955,0.544
75.974,0.621
75.974,0.556
75.992,0.401
76.010,0.582
76.010,0.453
76.028,0.168
76.046,0.479
76.046,0.194
76.065,0.414
76.065,0.285
76.083,0.388
76.101,0.556
76.101,0.311
76.120,0.544
76.137,0.246
76.137,0.505
76.155,0.608
76.173,0.479
76.174,0.595
76.192,0.647
76.210,0.569
76.210,0.647
76.229,0.660
76.248,0.634
76.249,0.673
76.267,0.660
76.267,0.660
76.287,0.673
76.305,0.621
76.305,0.673
76.329,0.634
76.329,0.569
76.351,0.647
76.351,0.582
76.371,0.440
76.395,0.595
76.396,0.492
76.422,0.181
76.422,0.518
76.422,0.207
76.446,0.414
76.446,0.311
76.470,0.349
76.470,0.556
76.495,0.298
76.495,0.531
76.519,0.207
76.519,0.505
76.543,0.608
76.543,0.466
76.562,0.595
76.583,0.660
76.583,0.582
76.605,0.647
76.605,0.660
76.623,0.634
76.624,0.660
76.644,0.660
76.664,0.673
76.664,0.673
76.683,0.634
76.704,0.660
76.704,0.647
76.728,0.595
76.728,0.660
76.751,0.595
76.751,0.479
76.778,0.608
76.778,0.492
76.802,0.207
76.802,0.531
76.802,0.298
76.832,0.388
76.832,0.375
76.853,0.324
76.853,0.556
76.873,0.220
76.893,0.518
76.893,0.440
76.914,0.492
76.914,0.608
76.935,0.440
76.935,0.582
76.955,0.660
76.976,0.582
76.976,0.647
76.995,0.660
76.995,0.634
77.013,0.673
77.032,0.660
77.032,0.673
77.050,0.673
77.070,0.647
77.070,0.686
77.090,0.660
77.090,0.595
77.108,0.673
77.127,0.608
77.127,0.492
77.145,0.634
77.164,0.518
77.164,0.233
77.182,0.544
77.200,0.324
77.200,0.556
77.219,0.401
77.219,0.272
77.238,0.531
77.256,0.181
77.256,0.505
77.275,0.621
77.294,0.479
77.294,0.608
77.313,0.427
77.331,0.582
77.331,0.647
77.349,0.556
77.368,0.647
77.368,0.673
77.387,0.634
77.388,0.686
77.406,0.686
77.424,0.673
77.424,0.686
77.443,0.660
77.461,0.686
77.461,0.673
77.479,0.621
77.498,0.673
77.498,0.634
77.516,0.531
77.535,0.647
77.535,0.556
77.553,0.298
77.553,0.569
77.572,0.388
77.590,0.349
77.590,0.440
77.608,0.272
77.628,0.544
77.628,0.194
77.645,0.505
77.664,0.608
77.664,0.466
77.682,0.608
77.701,0.401
77.701,0.595
77.721,0.660
77.721,0.569
77.739,0.660
77.757,0.686
77.757,0.634
77.775,0.686
77.794,0.686
77.794,0.686
77.812,0.699
77.830,0.673
77.830,0.699
77.848,0.686
77.868,0.634
77.868,0.699
77.887,0.673
77.887,0.569
77.905,0.686
77.925,0.608
77.925,0.388
77.943,0.634
77.963,0.466
77.963,0.324
77.982,0.518
77.982,0.194
78.001,0.582
78.019,0.168
78.019,0.531
78.041,0.673
78.041,0.466
78.060,0.621
78.079,0.401
78.079,0.595
78.097,0.686
78.115,0.569
78.115,0.673
78.133,0.712
78.151,0.660
78.151,0.712
78.170,0.725
78.188,0.712
78.188,0.725
78.206,0.712
78.223,0.725
78.223,0.725
78.242,0.673
78.258,0.725
78.258,0.686
78.276,0.595
78.296,0.699
78.296,0.608
78.314,0.427
78.331,0.647
78.331,0.466
78.349,0.246
78.367,0.518
78.367,0.233
78.385,0.531
78.403,0.207
78.403,0.492
78.421,0.634
78.439,0.621
78.439,0.621
78.456,0.375
78.474,0.595
78.474,0.673
78.492,0.569
78.510,0.673
78.510,0.712
78.528,0.660
78.546,0.699
78.546,0.725
78.564,0.712
78.582,0.725
78.582,0.712
78.599,0.725
78.618,0.712
78.618,0.673
78.636,0.725
78.654,0.686
78.654,0.608
78.671,0.686
78.689,0.621
78.689,0.453
78.710,0.647
78.710,0.492
78.729,0.336
78.746,0.544
78.746,0.233
78.766,0.505
78.783,0.285
78.783,0.440
78.800,0.608
78.818,0.375
78.819,0.595
78.837,0.285
78.854,0.569
78.855,0.673
78.873,0.544
78.890,0.660
78.890,0.712
78.908,0.647
78.926,0.712
78.926,0.725
78.945,0.699
78.963,0.725
78.963,0.712
78.980,0.725
78.997,0.725
78.997,0.673
79.016,0.725
79.033,0.699
79.033,0.608
79.051,0.699
79.068,0.634
79.068,0.479
79.086,0.647
79.105,0.518
79.105,0.142
79.123,0.556
79.140,0.246
79.140,0.492
79.158,0.324
79.175,0.440
79.175,0.608
79.194,0.362
79.212,0.595
79.212,0.259
79.230,0.556
79.247,0.673
79.247,0.531
79.265,0.647
79.284,0.712
79.284,0.634
79.301,0.699
79.320,0.712
79.320,0.686
79.338,0.712
79.355,0.712
79.355,0.725
79.373,0.712
79.391,0.686
79.391,0.725
79.410,0.699
79.427,0.621
79.427,0.699
79.445,0.647
79.462,0.492
79.462,0.660
79.480,0.531
79.498,0.207
79.498,0.569
79.517,0.285
79.534,0.466
79.534,0.388
79.552,0.388
79.570,0.608
79.570,0.285
79.588,0.569
79.607,0.194
79.607,0.556
79.625,0.673
79.625,0.505
79.644,0.647
79.662,0.699
79.662,0.660
79.680,0.699
79.697,0.712
79.697,0.686
79.716,0.712
79.733,0.712
79.733,0.712
79.751,0.725
79.771,0.686
79.771,0.725
79.788,0.686
79.805,0.621
79.806,0.699
79.824,0.647
79.841,0.518
79.841,0.673
79.859,0.556
79.876,0.608
79.876,0.582
79.895,0.336
79.913,0.414
79.913,0.414
79.933,0.324
79.951,0.595
79.951,0.246
79.969,0.556
79.987,0.181
79.987,0.531
80.004,0.647
80.022,0.479
80.022,0.634
80.040,0.699
80.058,0.608
80.058,0.686
80.076,0.712
80.093,0.673
80.093,0.712
80.110,0.712
80.128,0.712
80.128,0.725
80.146,0.699
80.164,0.712
80.164,0.699
80.182,0.634
80.200,0.712
80.200,0.660
80.217,0.544
80.236,0.673
80.236,0.569
80.253,0.272
80.270,0.608
80.270,0.673
80.288,0.388
80.307,0.453
80.307,0.298
80.325,0.569
80.343,0.168
80.343,0.544
80.361,0.660
80.379,0.531
80.379,0.634
80.396,0.453
80.414,0.621
80.414,0.699
80.432,0.608
80.450,0.686
80.450,0.712
80.470,0.660
80.487,0.686
80.487,0.712
80.504,0.712
80.522,0.712
80.522,0.699
80.541,0.725
80.558,0.699
80.558,0.647
80.576,0.712
80.593,0.673
80.593,0.569
80.612,0.673
80.631,0.595
80.631,0.362
80.650,0.608
80.650,0.466
80.668,0.336
80.685,0.479
80.703,0.220
80.703,0.556
80.720,0.168
80.720,0.518
80.738,0.647
80.757,0.479
80.757,0.634
80.774,0.427
80.793,0.608
80.793,0.686
80.811,0.595
80.829,0.673
80.829,0.712
80.846,0.660
80.864,0.712
80.864,0.725
80.883,0.712
80.901,0.725
80.901,0.712
80.919,0.725
80.936,0.712
80.936,0.660
80.954,0.712
80.971,0.673
80.971,0.569
80.988,0.686
81.006,0.608
81.006,0.401
81.025,0.634
81.042,0.453
81.059,0.298
81.059,0.505
81.077,0.233
81.095,0.544
81.095,0.194
81.112,0.505
81.130,0.647
81.130,0.453
81.148,0.621
81.165,0.375
81.165,0.595
81.183,0.673
81.200,0.582
81.201,0.673
81.220,0.712
81.239,0.660
81.239,0.712
81.256,0.712
81.273,0.699
81.273,0.725
81.291,0.699
81.309,0.712
81.309,0.699
81.329,0.673
81.329,0.712
81.348,0.673
81.368,0.582
81.368,0.686
81.386,0.608
81.405,0.505
81.405,0.634
81.424,0.492
81.424,0.220
81.443,0.531
81.463,0.168
81.463,0.518
81.481,0.272
81.499,0.466
81.499,0.634
81.516,0.414
81.535,0.608
81.535,0.311
81.553,0.582
81.570,0.686
81.570,0.556
81.589,0.673
81.607,0.712
81.607,0.647
81.624,0.699
81.642,0.725
81.642,0.699
81.660,0.725
81.678,0.712
81.678,0.725
81.695,0.712
81.713,0.673
81.713,0.712
81.731,0.686
81.748,0.608
81.748,0.699
81.767,0.621
81.786,0.466
81.787,0.647
81.806,0.505
81.806,0.168
81.824,0.544
81.842,0.220
81.842,0.492
81.860,0.285
81.877,0.453
81.878,0.621
81.899,0.388
81.917,0.621
81.917,0.285
81.937,0.569
81.937,0.673
81.956,0.544
81.976,0.647
81.976,0.699
81.997,0.634
81.997,0.699
82.017,0.725
82.037,0.686
82.037,0.725
82.055,0.712
82.056,0.712
82.074,0.712
82.091,0.673
82.091,0.712
82.109,0.686
82.127,0.621
82.127,0.699
82.146,0.647
82.165,0.492
82.165,0.647
82.183,0.531
82.201,0.181
82.201,0.569
82.220,0.272
82.239,0.608
82.239,0.375
82.258,0.401
82.259,0.621
82.278,0.336
82.294,0.582
82.294,0.220
82.313,0.556
82.331,0.660
82.331,0.518
82.348,0.660
82.369,0.712
82.369,0.634
82.387,0.699
82.404,0.712
82.404,0.686
82.421,0.712
82.439,0.712
82.440,0.725
82.458,0.712
82.475,0.686
82.475,0.725
82.493,0.699
82.511,0.621
82.511,0.699
82.530,0.647
82.549,0.505
82.549,0.660
82.568,0.556
82.568,0.220
82.586,0.582
82.605,0.311
82.605,0.440
82.623,0.401
82.642,0.349
82.642,0.595
82.661,0.272
82.682,0.556
82.682,0.168
82.701,0.518
82.701,0.647
82.720,0.492
82.738,0.634
82.739,0.699
82.756,0.621
82.775,0.686
82.775,0.712
82.793,0.686
82.794,0.712
82.813,0.712
82.833,0.712
82.833,0.712
82.853,0.686
82.853,0.725
82.872,0.699
82.890,0.634
82.890,0.712
82.909,0.660
82.928,0.531
82.928,0.673
82.947,0.582
82.967,0.272
82.967,0.595
82.985,0.375
82.985,0.414
83.004,0.440
83.024,0.324
83.024,0.582
83.042,0.233
83.060,0.544
83.060,0.660
83.078,0.505
83.097,0.634
83.097,0.466
83.115,0.621
83.115,0.686
83.133,0.608
83.151,0.699
83.151,0.712
83.169,0.673
83.188,0.712
83.188,0.712
83.206,0.699
83.223,0.725
83.223,0.699
83.241,0.712
83.259,0.712
83.259,0.647
83.276,0.712
83.293,0.673
83.293,0.556
83.311,0.673
83.330,0.582
83.330,0.336
83.348,0.608
83.367,0.414
83.367,0.336
83.385,0.466
83.402,0.233
83.402,0.569
83.420,0.194
83.438,0.531
83.438,0.660
83.458,0.492
83.475,0.634
83.475,0.440
83.494,0.621
83.512,0.686
83.512,0.595
83.530,0.673
83.547,0.725
83.547,0.673
83.565,0.699
83.583,0.712
83.583,0.699
83.600,0.712
83.618,0.712
83.619,0.725
83.637,0.712
83.655,0.673
83.655,0.712
83.673,0.673
83.690,0.582
83.690,0.686
83.709,0.595
83.730,0.375
83.730,0.621
83.754,0.453
83.754,0.311
83.775,0.569
83.775,0.233
83.795,0.556
83.795,0.220
83.815,0.518
83.836,0.634
83.836,0.466
83.856,0.621
83.856,0.401
83.876,0.595
83.899,0.686
83.899,0.582
83.921,0.673
83.921,0.712
83.943,0.660
83.943,0.712
83.964,0.725
83.964,0.712
83.984,0.712
83.984,0.699
84.004,0.725
84.026,0.699
84.026,0.660
84.046,0.712
84.046,0.673
84.068,0.595
84.068,0.686
84.094,0.608
84.094,0.414
84.118,0.634
84.118,0.479
84.138,0.246
84.159,0.518
84.159,0.220
84.180,0.531
84.180,0.259
84.201,0.492
84.201,0.634
84.219,0.440
84.236,0.621
84.236,0.362
84.253,0.595
84.271,0.673
84.271,0.569
84.290,0.673
84.308,0.712
84.308,0.647
84.325,0.699
84.343,0.712
84.343,0.699
84.360,0.725
84.379,0.699
84.379,0.725
84.397,0.725
84.415,0.660
84.415,0.725
84.433,0.686
84.451,0.608
84.451,0.699
84.469,0.621
84.486,0.505
84.486,0.647
84.504,0.505
84.523,0.220
84.523,0.544
84.540,0.233
84.558,0.505
84.558,0.272
84.576,0.466
84.593,0.621
84.593,0.388
84.611,0.595
84.629,0.311
84.629,0.569
84.647,0.660
84.664,0.544
84.664,0.660
84.682,0.712
84.700,0.647
84.700,0.699
84.720,0.725
84.739,0.699
84.739,0.725
84.758,0.712
84.776,0.725
84.776,0.725
84.794,0.686
84.794,0.712
84.814,0.699
84.832,0.621
84.832,0.699
84.852,0.634
84.870,0.479
84.870,0.647
84.888,0.531
84.904,0.233
84.904,0.556
84.923,0.246
84.941,0.479
84.941,0.362
84.959,0.427
84.977,0.621
84.977,0.336
84.995,0.582
85.013,0.233
85.013,0.556
85.030,0.660
85.048,0.531
85.048,0.647
85.067,0.712
85.084,0.634
85.085,0.699
85.101,0.712
85.119,0.686
85.119,0.712
85.136,0.712
85.154,0.725
85.154,0.712
85.172,0.686
85.191,0.725
85.191,0.686
85.209,0.621
85.226,0.699
85.226,0.647
85.243,0.505
85.262,0.647
85.262,0.544
85.280,0.207
85.297,0.582
85.297,0.336
85.315,0.440
85.332,0.388
85.332,0.388
85.349,0.608
85.367,0.324
85.367,0.569
85.385,0.168
85.404,0.531
85.404,0.660
85.421,0.505
85.439,0.634
85.439,0.699
85.457,0.621
85.475,0.686
85.476,0.712
85.493,0.673
85.511,0.712
85.511,0.712
85.529,0.699
85.548,0.712
85.548,0.686
85.565,0.712
85.583,0.699
85.583,0.634
85.602,0.699
85.620,0.647
85.620,0.518
85.636,0.660
85.655,0.556
85.655,0.233
85.673,0.595
85.691,0.349
85.691,0.414
85.708,0.440
85.727,0.324
85.727,0.582
85.746,0.246
85.763,0.556
85.763,0.660
85.782,0.518
85.801,0.634
85.801,0.479
85.820,0.634
85.820,0.686
85.837,0.608
85.855,0.686
85.855,0.712
85.873,0.673
85.893,0.712
85.893,0.712
85.911,0.699
85.930,0.712
85.930,0.699
85.947,0.725
85.964,0.699
85.964,0.647
85.982,0.699
86.000,0.647
86.000,0.544
86.017,0.660
86.035,0.569
86.036,0.311
86.053,0.595
86.070,0.388
86.070,0.349
86.088,0.453
86.105,0.246
86.105,0.556
86.124,0.194
86.142,0.531
86.142,0.647
86.160,0.492
86.177,0.634
86.177,0.440
86.194,0.621
86.211,0.686
86.212,0.595
86.229,0.673
86.247,0.712
86.248,0.673
86.265,0.712
86.283,0.725
86.283,0.699
86.301,0.712
86.318,0.699
86.318,0.712
86.336,0.699
86.354,0.660
86.354,0.712
86.372,0.660
86.390,0.556
86.390,0.673
86.409,0.582
86.426,0.349
86.426,0.608
86.445,0.427
86.462,0.324
86.462,0.492
86.483,0.233
86.500,0.556
86.500,0.220
86.518,0.518
86.536,0.647
86.536,0.466
86.554,0.621
86.572,0.414
86.572,0.608
86.591,0.686
86.608,0.595
86.608,0.673
86.627,0.712
86.644,0.660
86.644,0.699
86.661,0.712
86.678,0.699
86.678,0.725
86.697,0.712
86.715,0.725
86.715,0.712
86.733,0.673
86.750,0.725
86.750,0.673
86.767,0.595
86.784,0.686
86.784,0.608
86.803,0.414
86.821,0.634
86.821,0.479
86.838,0.259
86.856,0.518
86.856,0.207
86.874,0.518
86.893,0.233
86.893,0.479
86.910,0.634
86.927,0.427
86.927,0.608
86.945,0.362
86.964,0.582
86.964,0.686
86.980,0.569
86.998,0.660
86.998,0.712
87.017,0.647
87.034,0.699
87.034,0.712
87.051,0.699
87.071,0.712
87.071,0.712
87.088,0.712
87.106,0.712
87.106,0.660
87.123,0.712
87.140,0.686
87.140,0.595
87.158,0.699
87.176,0.608
87.176,0.440
87.194,0.647
87.212,0.505
87.212,0.220
87.230,0.544
87.247,0.207
87.247,0.518
87.266,0.272
87.284,0.466
87.284,0.621
87.303,0.401
87.322,0.595
87.322,0.311
87.340,0.569
87.359,0.673
87.359,0.544
87.378,0.660
87.378,0.699
87.397,0.634
87.415,0.699
87.415,0.712
87.436,0.686
87.454,0.712
87.454,0.712
87.473,0.725
87.492,0.712
87.492,0.673
87.510,0.712
87.510,0.673
87.529,0.621
87.547,0.699
87.547,0.621
87.566,0.466
87.585,0.647
87.585,0.518
87.604,0.298
87.623,0.556
87.623,0.233
87.641,0.479
87.641,0.336
87.662,0.660
87.680,0.608
87.680,0.349
87.700,0.582
87.700,0.220
87.718,0.556
87.735,0.660
87.735,0.531
87.754,0.647
87.773,0.699
87.773,0.621
87.790,0.686
87.809,0.699
87.809,0.686
87.827,0.712
87.845,0.712
87.845,0.712
87.864,0.712
87.884,0.673
87.884,0.712
87.903,0.686
87.903,0.621
87.921,0.699
87.939,0.647
87.939,0.505
87.957,0.660
87.975,0.544
87.975,0.220
87.993,0.569
88.014,0.285
88.014,0.453
88.031,0.375
88.050,0.375
88.050,0.595
88.067,0.298
88.085,0.569
88.085,0.181
88.103,0.531
88.122,0.647
88.122,0.505
88.140,0.634
88.158,0.686
88.158,0.608
88.176,0.699
88.176,0.725
88.194,0.686
88.213,0.712
88.213,0.712
88.232,0.712
88.250,0.725
88.250,0.686
88.268,0.712
88.286,0.699
88.286,0.621
88.304,0.699
88.324,0.647
88.324,0.518
88.342,0.660
88.359,0.556
88.359,0.233
88.376,0.582
88.394,0.336
88.394,0.414
88.413,0.414
88.431,0.362
88.431,0.595
88.449,0.272
88.467,0.556
88.467,0.233
88.485,0.518
88.503,0.647
88.503,0.479
88.521,0.634
88.540,0.686
88.540,0.621
88.559,0.686
88.559,0.712
88.576,0.673
88.595,0.712
88.595,0.712
88.612,0.699
88.630,0.712
88.630,0.699
88.648,0.712
88.666,0.699
88.666,0.634
88.685,0.699
88.703,0.647
88.703,0.544
88.722,0.673
88.741,0.569
88.741,0.285
88.759,0.595
88.759,0.401
88.778,0.375
88.798,0.453
88.798,0.285
88.815,0.569
88.834,0.168
88.834,0.531
88.852,0.673
88.870,0.492
88.870,0.647
88.887,0.453
88.907,0.621
88.907,0.686
88.925,0.595
88.944,0.673
88.944,0.712
88.961,0.673
88.979,0.712
88.979,0.712
88.998,0.699
88.998,0.712
89.016,0.699
89.034,0.712
89.034,0.699
89.052,0.647
89.070,0.712
89.070,0.660
89.089,0.556
89.108,0.673
89.108,0.569
89.125,0.336
89.146,0.608
89.146,0.388
89.164,0.362
89.184,0.466
89.184,0.246
89.202,0.556
89.202,0.129
89.221,0.505
89.240,0.647
89.241,0.479
89.260,0.621
89.260,0.427
89.279,0.608
89.300,0.673
89.300,0.595
89.318,0.673
89.337,0.712
89.337,0.660
89.354,0.699
89.372,0.712
89.372,0.699
89.391,0.712
89.391,0.699
89.408,0.699
89.427,0.712
89.427,0.660
89.445,0.699
89.463,0.673
89.463,0.569
89.481,0.673
89.500,0.595
89.500,0.388
89.518,0.608
89.536,0.453
89.536,0.285
89.555,0.492
89.576,0.194
89.576,0.544
89.595,0.181
89.595,0.492
89.614,0.647
89.633,0.453
89.633,0.608
89.652,0.388
89.652,0.582
89.672,0.673
89.692,0.569
89.692,0.660
89.710,0.712
89.728,0.647
89.728,0.699
89.748,0.712
89.765,0.699
89.765,0.712
89.784,0.699
89.784,0.725
89.802,0.699
89.821,0.660
89.821,0.712
89.840,0.673
89.859,0.569
89.859,0.686
89.877,0.595
89.894,0.401
89.894,0.621
89.914,0.531
89.934,0.220
89.934,0.505
89.952,0.168
89.952,0.505
89.971,0.233
89.990,0.466
89.990,0.621
90.008,0.414
90.028,0.608
90.028,0.336
90.047,0.569
90.047,0.673
90.065,0.556
90.084,0.660
90.084,0.712
90.102,0.647
90.121,0.699
90.121,0.712
90.140,0.686
90.160,0.725
90.160,0.699
90.178,0.712
90.178,0.712
90.196,0.673
90.214,0.712
90.214,0.686
90.233,0.595
90.250,0.686
90.250,0.621
90.270,0.453
90.288,0.634
90.288,0.505
90.307,0.220
90.325,0.544
90.325,0.194
90.344,0.518
90.344,0.272
90.361,0.466
90.380,0.621
90.381,0.401
90.399,0.595
90.418,0.298
90.418,0.569
90.437,0.673
90.455,0.544
90.455,0.660
90.474,0.686
90.474,0.634
90.493,0.686
90.511,0.712
90.511,0.686
90.531,0.725
90.550,0.699
90.550,0.699
90.568,0.699
90.587,0.673
90.587,0.738
90.605,0.686
90.623,0.608
90.623,0.686
90.642,0.621
90.642,0.466
90.659,0.647
90.677,0.518
90.677,0.168
90.695,0.544
90.714,0.233
90.714,0.479
90.733,0.336
90.752,0.414
90.752,0.608
90.769,0.336
90.787,0.582
90.787,0.259
90.804,0.556
90.824,0.660
90.824,0.518
90.844,0.647
90.844,0.699
90.862,0.634
90.882,0.686
90.882,0.712
90.900,0.686
90.920,0.725
90.920,0.712
90.939,0.712
90.957,0.712
90.957,0.673
90.975,0.673
90.976,0.686
90.993,0.608
91.011,0.686
91.011,0.634
91.030,0.505
91.047,0.660
91.048,0.544
91.065,0.155
91.085,0.569
91.085,0.272
91.103,0.453
91.121,0.375
91.121,0.466
91.140,0.595
91.160,0.298
91.160,0.569
91.178,0.168
91.178,0.544
91.196,0.660
91.214,0.505
91.214,0.634
91.233,0.699
91.251,0.608
91.251,0.699
91.269,0.712
91.287,0.673
91.287,0.712
91.305,0.712
91.324,0.712
91.324,0.712
91.342,0.673
91.360,0.712
91.360,0.699
91.378,0.621
91.396,0.699
91.396,0.660
91.414,0.531
91.433,0.660
91.433,0.582
91.451,0.336
91.451,0.582
91.470,0.349
91.488,0.466
91.488,0.440
91.506,0.336
91.524,0.608
91.524,0.246
91.542,0.556
91.561,0.168
91.561,0.518
91.578,0.647
91.596,0.479
91.596,0.621
91.616,0.699
91.633,0.608
91.633,0.686
91.652,0.712
91.672,0.673
91.672,0.712
91.689,0.712
91.689,0.712
91.708,0.712
91.727,0.686
91.727,0.712
91.745,0.699
91.764,0.634
91.764,0.699
91.781,0.647
91.800,0.544
91.800,0.673
91.818,0.556
91.836,0.272
91.836,0.582
91.855,0.375
91.874,0.375
91.874,0.440
91.894,0.285
91.894,0.569
91.912,0.168
91.931,0.531
91.931,0.647
91.950,0.505
91.970,0.634
91.970,0.466
91.987,0.621
91.987,0.686
92.005,0.595
92.022,0.673
92.022,0.712
92.041,0.660
92.059,0.712
92.059,0.712
92.077,0.699
92.095,0.712
92.095,0.699
92.113,0.725
92.131,0.699
92.131,0.647
92.150,0.699
92.167,0.673
92.167,0.556
92.186,0.673
92.203,0.595
92.203,0.362
92.222,0.608
92.240,0.427
92.240,0.349
92.259,0.479
92.278,0.233
92.278,0.556
92.295,0.181
92.315,0.518
92.315,0.647
92.333,0.466
92.333,0.634
92.352,0.414
92.372,0.608
92.372,0.686
92.390,0.582
92.408,0.673
92.408,0.712
92.425,0.660
92.443,0.712
92.443,0.712
92.462,0.712
92.480,0.725
92.480,0.699
92.499,0.712
92.516,0.699
92.516,0.660
92.535,0.712
92.535,0.673
92.552,0.569
92.571,0.673
92.571,0.595
92.589,0.388
92.608,0.621
92.608,0.453
92.625,0.272
92.644,0.492
92.644,0.155
92.662,0.531
92.681,0.194
92.682,0.505
92.699,0.634
92.718,0.453
92.718,0.621
92.736,0.388
92.755,0.595
92.755,0.673
92.775,0.582
92.775,0.673
92.796,0.712
92.819,0.647
92.819,0.699
92.838,0.699
92.838,0.686
92.857,0.712
92.857,0.699
92.877,0.712
92.894,0.699
92.894,0.673
92.914,0.712
92.932,0.673
92.932,0.582
92.950,0.686
92.968,0.608
92.968,0.427
92.987,0.621
93.007,0.479
93.007,0.246
93.027,0.518
93.027,0.207
93.045,0.531
93.063,0.233
93.063,0.479
93.082,0.621
93.100,0.414
93.100,0.608
93.121,0.336
93.121,0.582
93.139,0.673
93.158,0.556
93.158,0.660
93.177,0.699
93.195,0.634
93.195,0.699
93.213,0.725
93.231,0.699
93.231,0.712
93.249,0.699
93.266,0.712
93.266,0.712
93.285,0.673
93.285,0.712
93.302,0.673
93.320,0.595
93.339,0.699
93.339,0.621
93.359,0.466
93.359,0.634
93.377,0.505
93.396,0.324
93.396,0.544
93.415,0.181
93.433,0.492
93.433,0.285
93.452,0.440
93.452,0.621
93.470,0.375
93.488,0.595
93.488,0.298
93.506,0.569
93.524,0.660
93.524,0.544
93.543,0.660
93.571,0.699
93.571,0.647
93.571,0.699
93.592,0.712
93.614,0.699
93.614,0.712
93.637,0.699
93.637,0.712
93.658,0.699
93.658,0.673
93.679,0.712
93.679,0.686
93.699,0.608
93.717,0.699
93.717,0.634
93.737,0.466
93.737,0.647
93.758,0.518
93.776,0.142
93.776,0.556
93.797,0.246
93.818,0.479
93.818,0.336
93.846,0.414
93.846,0.608
93.846,0.324
93.870,0.582
93.870,0.207
93.894,0.699
93.894,0.660
93.917,0.518
93.917,0.647
93.940,0.699
93.940,0.634
93.968,0.686
93.968,0.725
93.992,0.686
93.992,0.712
94.012,0.712
94.012,0.712
94.031,0.712
94.051,0.686
94.051,0.712
94.071,0.686
94.071,0.621
94.094,0.686
94.115,0.647
94.116,0.518
94.134,0.660
94.135,0.544
94.156,0.194
94.156,0.582
94.177,0.324
94.198,0.440
94.199,0.582
94.220,0.375
94.220,0.595
94.239,0.272
94.239,0.569
94.258,0.142
94.277,0.544
94.277,0.647
94.296,0.492
94.316,0.634
94.316,0.686
94.336,0.621
94.336,0.686
94.357,0.712
94.377,0.673
94.377,0.712
94.397,0.712
94.397,0.712
94.416,0.712
94.436,0.686
94.436,0.712
94.454,0.686
94.454,0.634
94.474,0.699
94.494,0.647
94.494,0.518
94.515,0.660
94.515,0.544
94.534,0.233
94.553,0.582
94.553,0.336
94.572,0.414
94.573,0.414
94.591,0.336
94.610,0.569
94.610,0.207
94.629,0.544
94.647,0.181
94.647,0.518
94.665,0.647
94.684,0.479
94.684,0.621
94.703,0.699
94.703,0.608
94.722,0.673
94.740,0.725
94.741,0.673
94.760,0.699
94.780,0.712
94.780,0.712
94.800,0.712
94.800,0.699
94.821,0.712
94.841,0.699
94.841,0.634
94.861,0.712
94.861,0.660
94.881,0.544
94.901,0.660
94.901,0.582
94.920,0.556
94.920,0.608
94.939,0.401
94.957,0.388
94.957,0.453
94.978,0.272
94.978,0.569
94.999,0.155
95.017,0.531
95.017,0.660
95.036,0.492
95.036,0.634
95.057,0.440
95.076,0.608
95.076,0.699
95.095,0.595
95.113,0.686
95.113,0.725
95.133,0.673
95.133,0.712
95.151,0.725
95.170,0.699
95.170,0.725
95.188,0.699
95.206,0.712
95.206,0.699
95.226,0.647
95.244,0.712
95.244,0.660
95.264,0.569
95.264,0.673
95.283,0.582
95.300,0.349
95.300,0.608
95.318,0.427
95.337,0.311
95.337,0.479
95.357,0.194
95.374,0.544
95.374,0.142
95.393,0.518
95.412,0.647
95.412,0.479
95.430,0.660
95.430,0.414
95.448,0.608
95.466,0.673
95.467,0.569
95.485,0.673
95.503,0.712
95.504,0.647
95.522,0.699
95.540,0.712
95.540,0.699
95.558,0.712
95.577,0.699
95.577,0.712
95.595,0.712
95.595,0.660
95.614,0.712
95.633,0.673
95.633,0.582
95.653,0.686
95.673,0.608
95.673,0.401
95.691,0.621
95.691,0.466
95.709,0.285
95.728,0.492
95.728,0.155
95.746,0.531
95.764,0.194
95.764,0.492
95.782,0.647
95.801,0.440
95.801,0.608
95.820,0.375
95.840,0.582
95.840,0.686
95.859,0.569
95.859,0.673
95.881,0.712
95.901,0.660
95.901,0.699
95.921,0.712
95.921,0.699
95.941,0.725
95.941,0.712
95.966,0.725
95.966,0.699
95.989,0.660
95.989,0.712
96.009,0.660
96.028,0.582
96.028,0.686
96.051,0.608
96.052,0.440
96.073,0.621
96.073,0.479
96.093,0.207
96.117,0.518
96.117,0.142
96.138,0.505
96.139,0.259
96.161,0.466
96.161,0.621
96.181,0.401
96.181,0.595
96.202,0.311
96.223,0.569
96.223,0.673
96.243,0.544
96.243,0.660
96.266,0.699
96.266,0.634
96.288,0.699
96.288,0.712
96.313,0.686
96.313,0.712
96.335,0.712
96.335,0.712
96.357,0.712
96.378,0.673
96.378,0.712
96.401,0.673
96.401,0.595
96.424,0.686
96.424,0.621
96.449,0.466
96.449,0.673
96.469,0.505
96.469,0.168
96.489,0.544
96.489,0.181
96.510,0.492
96.531,0.285
96.531,0.440
96.549,0.621
96.549,0.375
96.570,0.595
96.588,0.272
96.588,0.569
96.607,0.660
96.627,0.531
96.627,0.647
96.647,0.712
96.647,0.634
96.665,0.699
96.688,0.712
96.688,0.686
96.712,0.712
96.712,0.712
96.733,0.699
96.734,0.712
96.755,0.673
96.755,0.712
96.776,0.686
96.776,0.634
96.798,0.686
96.819,0.634
96.819,0.492
96.840,0.647
96.840,0.518
96.861,0.142
96.862,0.556
96.888,0.272
96.888,0.466
96.909,0.362
96.909,0.388
96.930,0.608
96.930,0.298
96.950,0.569
96.971,0.453
96.971,0.556
96.992,0.660
96.992,0.505
97.016,0.647
97.016,0.699
97.043,0.608
97.043,0.699
97.067,0.712
97.067,0.686
97.089,0.725
97.089,0.725
97.110,0.712
97.110,0.712
97.132,0.673
97.132,0.725
97.154,0.699
97.178,0.621
97.178,0.699
97.201,0.647
97.201,0.518
97.221,0.647
97.221,0.544
97.241,0.324
97.241,0.582
97.260,0.311
97.280,0.414
97.280,0.427
97.299,0.349
97.299,0.582
97.318,0.259
97.337,0.556
97.337,0.168
97.357,0.531
97.376,0.647
97.376,0.518
97.394,0.634
97.394,0.686
97.412,0.608
97.432,0.686
97.433,0.712
97.450,0.686
97.468,0.699
97.468,0.712
97.490,0.699
97.490,0.712
97.507,0.686
97.527,0.712
97.527,0.699
97.547,0.634
97.565,0.699
97.565,0.647
97.584,0.531
97.584,0.660
97.605,0.569
97.623,0.285
97.624,0.595
97.642,0.362
97.661,0.401
97.661,0.440
97.680,0.311
97.680,0.569
97.698,0.181
97.717,0.544
97.717,0.647
97.736,0.505
97.755,0.634
97.755,0.453
97.772,0.621
97.791,0.686
97.791,0.595
97.810,0.686
97.828,0.712
97.828,0.673
97.846,0.712
97.863,0.712
97.863,0.712
97.883,0.712
97.883,0.686
97.900,0.712
97.919,0.699
97.919,0.647
97.938,0.699
97.956,0.660
97.956,0.544
97.974,0.673
97.992,0.582
97.993,0.324
98.011,0.595
98.030,0.414
98.030,0.336
98.049,0.466
98.049,0.246
98.067,0.556
98.087,0.259
98.087,0.531
98.105,0.647
98.123,0.479
98.123,0.621
98.142,0.427
98.160,0.608
98.160,0.686
98.178,0.582
98.198,0.673
98.198,0.712
98.219,0.660
98.219,0.712
98.241,0.725
98.241,0.699
98.261,0.699
98.280,0.699
98.280,0.712
98.299,0.699
98.299,0.660
98.318,0.712
98.339,0.673
98.339,0.556
98.358,0.673
98.375,0.582
98.376,0.362
98.394,0.621
98.395,0.440
98.412,0.492
98.431,0.492
98.431,0.181
98.450,0.544
98.468,0.142
98.469,0.505
98.487,0.634
98.507,0.453
98.508,0.621
98.528,0.388
98.528,0.595
98.547,0.686
98.571,0.569
98.571,0.673
98.591,0.712
98.591,0.673
98.611,0.712
98.611,0.712
98.630,0.699
98.650,0.725
98.650,0.699
98.668,0.712
98.668,0.699
98.687,0.660
98.706,0.712
98.706,0.686
98.725,0.582
98.744,0.673
98.744,0.595
98.769,0.427
98.769,0.634
98.789,0.479
98.789,0.233
98.807,0.518
98.830,0.155
98.830,0.518
98.853,0.194
98.853,0.479
98.873,0.621
98.873,0.427
98.895,0.608
98.895,0.349
98.914,0.621
98.934,0.673
98.934,0.556
98.953,0.660
98.971,0.699
98.971,0.647
98.993,0.699
98.993,0.712
99.013,0.699
99.013,0.712
99.036,0.712
99.059,0.712
99.059,0.712
99.082,0.660
99.082,0.712
99.103,0.673
99.103,0.595
99.125,0.686
99.125,0.608
99.148,0.427
99.148,0.634
99.169,0.479
99.169,0.181
99.193,0.531
99.193,0.142
99.214,0.505
99.237,0.285
99.237,0.453
99.260,0.608
99.260,0.388
99.283,0.608
99.283,0.298
99.305,0.569
99.305,0.660
99.327,0.569
99.327,0.647
99.348,0.699
99.348,0.634
99.368,0.699
99.386,0.712
99.386,0.686
99.405,0.712
99.425,0.712
99.425,0.712
99.446,0.699
99.446,0.673
99.465,0.712
99.483,0.686
99.483,0.608
99.503,0.686
99.503,0.621
99.522,0.492
99.541,0.647
99.541,0.518
99.559,0.168
99.578,0.556
99.578,0.233
99.596,0.466
99.615,0.336
99.615,0.427
99.633,0.608
99.634,0.336
99.653,0.582
99.671,0.220
99.672,0.556
99.689,0.660
99.707,0.518
99.707,0.647
99.725,0.699
99.745,0.634
99.745,0.686
99.765,0.712
99.765,0.686
99.782,0.725
99.802,0.712
99.802,0.712
99.819,0.712
99.838,0.686
99.838,0.712
99.856,0.686
99.875,0.621
99.875,0.699
99.894,0.621
99.912,0.492
99.912,0.647
99.931,0.531
99.931,0.375
99.951,0.569
99.970,0.272
99.970,0.453
99.988,0.375
100.007,0.388
100.007,0.582
100.026,0.285
100.026,0.556
100.046,0.544
100.065,0.531
100.065,0.634
100.085,0.492
100.104,0.634
100.104,0.699
100.123,0.621
100.123,0.686
100.142,0.712
100.160,0.686
100.160,0.725
100.178,0.712
100.197,0.712
100.197,0.712
100.216,0.673
100.234,0.712
100.234,0.699
100.254,0.621
100.254,0.699
100.273,0.647
100.291,0.518
100.291,0.660
100.311,0.556
100.330,0.220
100.330,0.582
100.349,0.556
100.349,0.453
100.368,0.427
100.387,0.324
100.387,0.569
100.406,0.194
100.426,0.556
100.426,0.142
100.444,0.518
100.444,0.647
100.465,0.479
100.484,0.634
100.484,0.699
100.505,0.608
100.506,0.686
100.525,0.712
100.544,0.673
100.544,0.712
100.564,0.712
100.564,0.712
100.584,0.712
100.603,0.673
100.603,0.712
100.622,0.699
100.622,0.634
100.640,0.699
100.658,0.660
100.658,0.544
100.676,0.673
100.695,0.569
100.695,0.285
100.713,0.595
100.731,0.388
100.731,0.375
100.750,0.453
100.768,0.259
100.768,0.556
100.787,0.155
100.804,0.621
100.804,0.647
100.823,0.492
100.840,0.634
100.840,0.453
100.859,0.608
100.859,0.686
100.878,0.595
100.896,0.686
100.896,0.712
100.915,0.660
100.935,0.712
100.935,0.699
100.954,0.699
100.974,0.712
100.974,0.699
100.992,0.699
100.992,0.699
101.010,0.647
101.028,0.712
101.028,0.673
101.047,0.556
101.068,0.673
101.068,0.582
101.086,0.349
101.086,0.608
101.104,0.414
101.123,0.349
101.123,0.479
101.142,0.220
101.160,0.556
101.160,0.142
101.179,0.518
101.197,0.634
101.197,0.466
101.215,0.621
101.233,0.414
101.233,0.608
101.251,0.686
101.269,0.582
101.269,0.673
101.289,0.712
101.289,0.660
101.308,0.712
101.325,0.712
101.325,0.712
101.343,0.712
101.361,0.686
101.361,0.725
101.380,0.699
101.398,0.660
101.398,0.699
101.418,0.673
101.435,0.582
101.435,0.673
101.453,0.595
101.472,0.401
101.472,0.621
101.492,0.466
101.492,0.246
101.512,0.492
101.531,0.168
101.531,0.518
101.549,0.207
101.566,0.492
101.566,0.647
101.586,0.440
101.604,0.621
101.604,0.375
101.622,0.582
101.622,0.686
101.641,0.556
101.658,0.660
101.658,0.712
101.677,0.647
101.694,0.699
101.694,0.712
101.713,0.699
101.732,0.712
101.732,0.699
101.750,0.712
101.768,0.712
101.768,0.660
101.786,0.712
101.803,0.673
101.803,0.582
101.820,0.699
101.839,0.621
101.840,0.427
101.859,0.634
101.876,0.479
101.876,0.427
101.894,0.531
101.914,0.129
101.914,0.518
101.934,0.220
101.934,0.466
101.951,0.608
101.969,0.414
101.969,0.608
101.987,0.336
102.004,0.569
102.004,0.660
102.023,0.544
102.041,0.660
102.041,0.686
102.059,0.647
102.079,0.686
102.079,0.699
102.098,0.686
102.115,0.712
102.115,0.712
102.134,0.712
102.135,0.699
102.153,0.673
102.171,0.712
102.171,0.686
102.189,0.608
102.207,0.699
102.207,0.621
102.225,0.466
102.242,0.634
102.242,0.505
102.260,0.298
102.279,0.544
102.279,0.220
102.296,0.492
102.314,0.324
102.314,0.427
102.331,0.595
102.351,0.349
102.351,0.582
102.369,0.233
102.387,0.569
102.387,0.660
102.406,0.531
102.422,0.647
102.423,0.699
102.440,0.621
102.460,0.699
102.460,0.712
102.479,0.686
102.497,0.712
102.497,0.699
102.516,0.712
102.516,0.699
102.535,0.673
102.554,0.712
102.554,0.686
102.572,0.608
102.592,0.686
102.592,0.634
102.609,0.492
102.628,0.660
102.628,0.518
102.646,0.168
102.664,0.569
102.664,0.272
102.683,0.466
102.683,0.336
102.700,0.375
102.719,0.595
102.719,0.311
102.738,0.569
102.755,0.194
102.755,0.544
102.774,0.647
102.792,0.505
102.792,0.634
102.810,0.686
102.828,0.621
102.828,0.686
102.846,0.712
102.864,0.673
102.864,0.699
102.881,0.699
102.900,0.712
102.900,0.712
102.919,0.673
102.936,0.712
102.936,0.686
102.955,0.621
102.972,0.686
102.972,0.647
102.991,0.505
103.009,0.660
103.009,0.556
103.028,0.207
103.028,0.582
103.046,0.336
103.063,0.427
103.063,0.414
103.083,0.362
103.102,0.595
103.102,0.634
103.121,0.556
103.138,0.155
103.138,0.531
103.156,0.647
103.174,0.479
103.174,0.634
103.191,0.699
103.210,0.621
103.210,0.699
103.229,0.712
103.246,0.673
103.246,0.712
103.265,0.712
103.283,0.712
103.283,0.712
103.300,0.686
103.319,0.712
103.319,0.686
103.336,0.634
103.356,0.699
103.356,0.634
103.373,0.531
103.373,0.660
103.391,0.556
103.409,0.259
103.409,0.582
103.427,0.362
103.445,0.388
103.445,0.440
103.465,0.272
103.485,0.556
103.485,0.168
103.504,0.531
103.504,0.647
103.524,0.492
103.544,0.634
103.544,0.453
103.564,0.608
103.564,0.686
103.583,0.595
103.606,0.673
103.606,0.712
103.628,0.673
103.628,0.699
103.646,0.712
103.646,0.699
103.666,0.712
103.686,0.686
103.686,0.712
103.706,0.699
103.706,0.634
103.727,0.712
103.748,0.660
103.748,0.544
103.768,0.673
103.768,0.582
103.787,0.336
103.806,0.608
103.806,0.401
103.824,0.362
103.843,0.466
103.843,0.259
103.862,0.544
103.862,0.168
103.881,0.531
103.901,0.647
103.901,0.466
103.920,0.621
103.938,0.414
103.938,0.608
103.957,0.686
103.957,0.569
103.977,0.673
103.996,0.699
103.996,0.660
104.015,0.699
104.033,0.699
104.033,0.686
104.051,0.712
104.070,0.686
104.070,0.712
104.089,0.686
104.089,0.647
104.108,0.699
104.126,0.660
104.126,0.569
104.143,0.673
104.162,0.582
104.162,0.375
104.179,0.608
104.196,0.453
104.197,0.259
104.215,0.492
104.232,0.142
104.234,0.531
104.251,0.194
104.269,0.492
104.269,0.634
104.288,0.453
104.306,0.621
104.306,0.375
104.326,0.582
104.326,0.673
104.344,0.569
104.362,0.673
104.362,0.712
104.378,0.647
104.397,0.699
104.397,0.712
104.415,0.699
104.432,0.712
104.432,0.699
104.450,0.699
104.468,0.699
104.468,0.660
104.487,0.712
104.504,0.673
104.504,0.569
104.522,0.673
104.539,0.608
104.539,0.427
104.557,0.621
104.575,0.466
104.593,0.220
104.593,0.505
104.611,0.168
104.611,0.505
104.630,0.220
104.648,0.466
104.648,0.621
104.667,0.401
104.684,0.595
104.685,0.324
104.704,0.569
104.723,0.660
104.723,0.544
104.740,0.660
104.761,0.699
104.761,0.647
104.780,0.699
104.780,0.712
104.800,0.686
104.820,0.712
104.820,0.712
104.839,0.712
104.839,0.699
104.859,0.673
104.878,0.712
104.878,0.686
104.895,0.595
104.914,0.686
104.914,0.621
104.932,0.453
104.932,0.647
104.952,0.518
104.969,0.142
104.969,0.544
104.989,0.181
105.006,0.505
105.006,0.285
105.026,0.440
105.045,0.608
105.045,0.375
105.061,0.595
105.080,0.259
105.080,0.556
105.098,0.673
105.119,0.531
105.119,0.647
105.138,0.699
105.138,0.634
105.156,0.699
105.174,0.712
105.174,0.686
105.192,0.712
105.212,0.699
105.212,0.712
105.230,0.712
105.249,0.673
105.249,0.712
105.267,0.673
105.267,0.608
105.285,0.686
105.303,0.621
105.303,0.466
105.321,0.634
105.340,0.518
105.340,0.168
105.359,0.556
105.376,0.233
105.377,0.466
105.395,0.349
105.415,0.401
105.415,0.595
105.433,0.336
105.450,0.582
105.450,0.233
105.468,0.544
105.487,0.647
105.487,0.505
105.504,0.634
105.523,0.699
105.523,0.608
105.541,0.686
105.541,0.712
105.559,0.673
105.576,0.712
105.576,0.712
105.594,0.699
105.612,0.712
105.612,0.673
105.630,0.712
105.648,0.686
105.648,0.621
105.666,0.686
105.684,0.634
105.684,0.505
105.701,0.660
105.719,0.544
105.719,0.155
105.737,0.569
105.755,0.298
105.755,0.440
105.773,0.388
105.791,0.362
105.791,0.582
105.809,0.259
105.827,0.556
105.827,0.129
105.846,0.531
105.864,0.647
105.864,0.492
105.882,0.634
105.900,0.686
105.900,0.608
105.919,0.686
105.937,0.712
105.937,0.673
105.955,0.712
105.974,0.712
105.974,0.699
105.992,0.712
106.009,0.686
106.009,0.712
106.029,0.673
106.029,0.621
106.047,0.699
106.063,0.647
106.063,0.531
106.082,0.660
106.100,0.556
106.100,0.285
106.119,0.569
106.136,0.349
106.136,0.388
106.154,0.427
106.173,0.298
106.173,0.569
106.193,0.194
106.211,0.518
106.212,0.647
106.230,0.505
106.248,0.634
106.248,0.440
106.266,0.608
106.283,0.673
106.283,0.595
106.302,0.673
106.302,0.699
106.321,0.660
106.339,0.712
106.339,0.712
106.358,0.699
106.375,0.712
106.375,0.686
106.393,0.712
106.411,0.699
106.411,0.647
106.429,0.699
106.446,0.660
106.446,0.544
106.465,0.673
106.482,0.582
106.482,0.634
106.500,0.608
106.520,0.401
106.520,0.362
106.537,0.466
106.554,0.233
106.554,0.556
106.573,0.233
106.591,0.531
106.591,0.647
106.610,0.479
106.628,0.634
106.628,0.440
106.646,0.608
106.664,0.686
106.664,0.582
106.683,0.673
106.701,0.699
106.701,0.660
106.720,0.699
106.721,0.712
106.738,0.699
106.756,0.712
106.756,0.699
106.774,0.712
106.792,0.699
106.793,0.647
106.811,0.699
106.829,0.660
106.829,0.569
106.847,0.673
106.865,0.582
106.865,0.362
106.883,0.608
106.901,0.440
106.901,0.285
106.921,0.492
106.939,0.168
106.939,0.518
106.957,0.246
106.974,0.505
106.974,0.647
106.993,0.453
107.011,0.621
107.011,0.388
107.028,0.595
107.028,0.673
107.047,0.569
107.066,0.673
107.066,0.699
107.084,0.647
107.102,0.699
107.102,0.712
107.123,0.699
107.141,0.712
107.141,0.686
107.160,0.712
107.160,0.699
107.178,0.647
107.196,0.712
107.196,0.673
107.213,0.582
107.232,0.686
107.232,0.595
107.250,0.401
107.267,0.621
107.267,0.466
107.286,0.233
107.304,0.518
107.305,0.207
107.321,0.518
107.339,0.207
107.339,0.492
107.358,0.621
107.376,0.440
107.376,0.595
107.393,0.362
107.412,0.582
107.412,0.673
107.431,0.544
107.448,0.660
107.448,0.712
107.467,0.634
107.485,0.699
107.485,0.699
107.503,0.686
107.520,0.712
107.520,0.699
107.538,0.699
107.557,0.699
107.557,0.673
107.574,0.712
107.591,0.673
107.591,0.582
107.609,0.673
107.626,0.608
107.626,0.440
107.644,0.634
107.662,0.492
107.662,0.194
107.679,0.531
107.696,0.155
107.696,0.492
107.715,0.621
107.732,0.453
107.732,0.621
107.750,0.388
107.768,0.608
107.768,0.285
107.785,0.569
107.803,0.673
107.803,0.531
107.822,0.647
107.841,0.699
107.841,0.634
107.858,0.686
107.875,0.712
107.875,0.686
107.893,0.712
107.910,0.699
107.910,0.712
107.928,0.699
107.946,0.660
107.946,0.699
107.964,0.673
107.982,0.608
107.982,0.686
108.001,0.634
108.019,0.466
108.019,0.673
108.039,0.518
108.057,0.155
108.057,0.544
108.075,0.220
108.093,0.466
108.093,0.324
108.111,0.427
108.129,0.608
108.129,0.362
108.148,0.582
108.148,0.259
108.167,0.556
108.184,0.660
108.184,0.518
108.202,0.647
108.219,0.686
108.219,0.621
108.238,0.673
108.257,0.699
108.257,0.686
108.276,0.712
108.293,0.699
108.293,0.712
108.312,0.712
108.329,0.673
108.329,0.712
108.347,0.686
108.365,0.608
108.365,0.686
108.383,0.634
108.400,0.479
108.400,0.647
108.418,0.531
108.435,0.142
108.435,0.556
108.453,0.311
108.471,0.466
108.471,0.375
108.489,0.388
108.507,0.595
108.507,0.298
108.524,0.569
108.542,0.181
108.542,0.531
108.560,0.634
108.578,0.492
108.578,0.634
108.595,0.686
108.614,0.621
108.614,0.699
108.632,0.712
108.650,0.673
108.650,0.712
108.668,0.699
108.686,0.699
108.686,0.699
108.705,0.673
108.722,0.712
108.722,0.686
108.739,0.621
108.757,0.699
108.757,0.634
108.775,0.518
108.792,0.647
108.792,0.544
108.811,0.259
108.828,0.569
108.828,0.311
108.846,0.569
108.863,0.401
108.863,0.336
108.881,0.582
108.900,0.246
108.900,0.544
108.917,0.207
108.934,0.505
108.934,0.660
108.952,0.466
108.970,0.621
108.970,0.699
108.988,0.595
109.006,0.686
109.024,0.712
109.024,0.673
109.043,0.712
109.043,0.699
109.063,0.699
109.082,0.712
109.082,0.686
109.103,0.712
109.103,0.699
109.123,0.647
109.144,0.699
109.144,0.647
109.165,0.531
109.165,0.660
109.185,0.569
109.185,0.272
109.203,0.595
109.221,0.362
109.221,0.375
109.239,0.440
109.259,0.324
109.259,0.569
109.276,0.220
109.295,0.531
109.295,0.647
109.314,0.492
109.333,0.634
109.333,0.466
109.354,0.621
109.354,0.699
109.375,0.595
109.394,0.673
109.394,0.699
109.413,0.673
109.413,0.712
109.433,0.699
109.454,0.699
109.454,0.712
109.473,0.699
109.475,0.712
109.493,0.699
109.511,0.634
109.511,0.699
109.530,0.660
109.530,0.544
109.548,0.660
109.566,0.595
109.566,0.336
109.585,0.595
109.603,0.414
109.603,0.324
109.622,0.479
109.639,0.207
109.640,0.544
109.658,0.194
109.675,0.518
109.676,0.647
109.693,0.479
109.710,0.634
109.710,0.427
109.728,0.608
109.745,0.686
109.745,0.595
109.765,0.673
109.783,0.699
109.783,0.647
109.802,0.699
109.820,0.699
109.820,0.699
109.837,0.712
109.855,0.699
109.855,0.712
109.872,0.699
109.893,0.647
109.893,0.712
109.912,0.660
109.912,0.556
109.930,0.673
109.946,0.582
109.947,0.375
109.965,0.660
109.983,0.427
109.983,0.298
110.001,0.479
110.019,0.207
110.019,0.531
110.037,0.194
110.055,0.505
110.055,0.634
110.073,0.453
110.092,0.621
110.092,0.401
110.110,0.595
110.128,0.673
110.128,0.569
110.146,0.660
110.164,0.699
110.164,0.660
110.183,0.699
110.202,0.712
110.203,0.686
110.220,0.712
110.220,0.686
110.239,0.712
110.258,0.699
110.258,0.660
110.277,0.738
110.295,0.673
110.295,0.582
110.314,0.686
110.332,0.595
110.333,0.414
110.352,0.621
110.352,0.466
110.371,0.233
110.390,0.518
110.390,0.168
110.408,0.518
110.426,0.233
110.426,0.479
110.445,0.634
110.462,0.427
110.462,0.608
110.481,0.673
110.499,0.595
110.499,0.686
110.517,0.556
110.534,0.660
110.534,0.712
110.554,0.647
110.571,0.699
110.572,0.712
110.589,0.699
110.589,0.712
110.606,0.699
110.624,0.712
110.643,0.699
110.643,0.660
110.661,0.699
110.661,0.673
110.679,0.582
110.696,0.686
110.696,0.621
110.715,0.440
110.732,0.634
110.750,0.492
110.750,0.220
110.768,0.518
110.768,0.220
110.786,0.699
110.804,0.272
110.821,0.453
110.821,0.608
110.840,0.388
110.865,0.595
110.865,0.311
110.865,0.556
110.883,0.660
110.902,0.544
110.902,0.647
110.919,0.699
110.938,0.634
110.938,0.699
110.955,0.712
110.974,0.699
110.974,0.699
110.992,0.699
111.010,0.699
111.010,0.699
111.027,0.673
111.045,0.712
111.045,0.673
111.062,0.595
111.080,0.686
111.080,0.621
111.099,0.466
111.116,0.634
111.117,0.505
111.134,0.155
111.152,0.544
111.152,0.207
111.170,0.466
111.189,0.336
111.189,0.414
111.207,0.608
111.225,0.336
111.225,0.582
111.242,0.246
111.259,0.556
111.260,0.660
111.277,0.531
111.295,0.647
111.295,0.699
111.314,0.621
111.331,0.686
111.331,0.712
111.349,0.686
111.366,0.712
111.366,0.699
111.385,0.712
111.403,0.712
111.403,0.673
111.422,0.712
111.439,0.686
111.439,0.608
111.458,0.699
111.475,0.634
111.475,0.505
111.494,0.647
111.512,0.544
111.512,0.181
111.532,0.556
111.533,0.272
111.551,0.440
111.568,0.362
111.568,0.375
111.587,0.595
111.605,0.285
111.605,0.556
111.623,0.207
111.641,0.518
111.641,0.647
111.658,0.492
111.677,0.634
111.677,0.686
111.696,0.608
111.715,0.686
111.715,0.712
111.733,0.673
111.733,0.712
111.752,0.712
111.770,0.699
111.770,0.712
111.790,0.673
111.810,0.712
111.810,0.686
111.829,0.634
111.829,0.699
111.849,0.647
111.866,0.518
111.867,0.673
111.886,0.556
111.903,0.246
111.903,0.582
111.921,0.324
111.939,0.414
111.939,0.388
111.957,0.362
111.975,0.582
111.975,0.259
111.993,0.544
112.011,0.155
112.011,0.608
112.029,0.634
112.047,0.479
112.047,0.621
112.065,0.686
112.084,0.608
112.084,0.673
112.101,0.712
112.118,0.660
112.118,0.699
112.137,0.712
112.154,0.699
112.154,0.699
112.172,0.673
112.189,0.712
112.189,0.686
112.208,0.634
112.225,0.699
112.225,0.647
112.243,0.531
112.261,0.660
112.261,0.556
112.279,0.298
112.297,0.595
112.297,0.375
112.314,0.375
112.332,0.466
112.332,0.285
112.349,0.569
112.367,0.220
112.367,0.531
112.385,0.647
112.403,0.492
112.403,0.634
112.422,0.453
112.439,0.621
112.439,0.686
112.457,0.595
112.474,0.673
112.474,0.699
112.493,0.660
112.512,0.712
112.512,0.712
112.530,0.699
112.548,0.712
112.548,0.686
112.567,0.712
112.567,0.699
112.585,0.634
112.603,0.699
112.603,0.647
112.622,0.544
112.641,0.660
112.641,0.569
112.659,0.336
112.679,0.595
112.679,0.401
112.698,0.336
112.698,0.466
112.717,0.233
112.737,0.544
112.737,0.168
112.759,0.518
112.759,0.634
112.779,0.479
112.797,0.621
112.797,0.414
112.817,0.595
112.817,0.673
112.835,0.582
112.854,0.660
112.854,0.712
112.873,0.660
112.892,0.699
112.892,0.712
112.911,0.699
112.930,0.712
112.930,0.699
112.948,0.712
112.948,0.699
112.967,0.647
112.986,0.699
112.986,0.647
113.004,0.569
113.024,0.673
113.025,0.595
113.044,0.492
113.044,0.621
113.062,0.453
113.081,0.272
113.081,0.505
113.100,0.207
113.119,0.544
113.119,0.220
113.138,0.492
113.156,0.647
113.156,0.453
113.175,0.608
113.175,0.388
113.193,0.595
113.213,0.673
113.213,0.569
113.231,0.673
113.252,0.699
113.252,0.647
113.271,0.699
113.271,0.712
113.289,0.686
113.309,0.712
113.309,0.686
113.328,0.712
113.346,0.686
113.346,0.660
113.364,0.699
113.381,0.673
113.382,0.582
113.401,0.673
113.401,0.595
113.419,0.414
113.438,0.621
113.438,0.466
113.458,0.233
113.477,0.492
113.477,0.194
113.497,0.505
113.498,0.259
113.517,0.466
113.535,0.621
113.535,0.414
113.555,0.647
113.574,0.349
113.574,0.582
113.595,0.673
113.595,0.544
113.613,0.647
113.632,0.699
113.632,0.634
113.650,0.699
113.667,0.712
113.667,0.686
113.685,0.712
113.703,0.699
113.703,0.712
113.722,0.712
113.722,0.673
113.741,0.712
113.758,0.686
113.758,0.582
113.776,0.686
113.795,0.608
113.795,0.440
113.814,0.621
113.832,0.492
113.832,0.168
113.852,0.544
113.871,0.492
113.871,0.492
113.890,0.285
113.890,0.440
113.910,0.621
113.929,0.375
113.929,0.582
113.948,0.298
113.948,0.569
113.967,0.660
113.986,0.544
113.986,0.647
114.005,0.699
114.024,0.634
114.024,0.686
114.043,0.712
114.060,0.686
114.060,0.712
114.078,0.699
114.096,0.699
114.097,0.699
114.114,0.660
114.133,0.699
114.133,0.673
114.150,0.595
114.150,0.686
114.168,0.621
114.186,0.479
114.204,0.634
114.204,0.518
114.222,0.194
114.223,0.556
114.240,0.233
114.258,0.466
114.258,0.324
114.276,0.505
114.294,0.608
114.294,0.324
114.314,0.569
114.332,0.246
114.332,0.544
114.350,0.647
114.369,0.505
114.369,0.634
114.387,0.699
114.405,0.621
114.405,0.686
114.423,0.712
114.441,0.673
114.441,0.712
114.459,0.699
114.478,0.712
114.478,0.712
114.496,0.673
114.496,0.712
114.516,0.686
114.535,0.608
114.535,0.699
114.554,0.634
114.575,0.492
114.576,0.660
114.597,0.531
114.597,0.207
114.619,0.569
114.619,0.285
114.637,0.440
114.656,0.375
114.656,0.375
114.674,0.582
114.692,0.414
114.692,0.569
114.712,0.233
114.712,0.531
114.733,0.660
114.753,0.492
114.753,0.621
114.773,0.686
114.773,0.608
114.794,0.673
114.794,0.699
114.814,0.673
114.834,0.699
114.834,0.699
114.859,0.712
114.859,0.699
114.878,0.673
114.878,0.712
114.898,0.686
114.916,0.634
114.916,0.686
114.935,0.634
114.956,0.518
114.956,0.647
114.974,0.544
114.974,0.233
114.995,0.582
115.013,0.349
115.013,0.414
115.033,0.427
115.033,0.324
115.053,0.569
115.072,0.207
115.072,0.544
115.091,0.492
115.109,0.518
115.110,0.634
115.128,0.453
115.128,0.621
115.147,0.686
115.164,0.595
115.164,0.673
115.183,0.699
115.201,0.673
115.201,0.712
115.220,0.712
115.239,0.699
115.239,0.712
115.257,0.686
115.276,0.712
115.277,0.686
115.293,0.621
115.293,0.699
115.312,0.647
115.330,0.531
115.330,0.660
115.347,0.569
115.365,0.298
115.384,0.595
115.384,0.388
115.401,0.401
115.403,0.440
115.420,0.285
115.440,0.556
115.440,0.155
115.458,0.531
115.477,0.647
115.477,0.492
115.494,0.621
115.512,0.440
115.512,0.608
115.530,0.673
115.548,0.595
115.548,0.673
115.566,0.699
115.584,0.660
115.584,0.699
115.601,0.699
115.619,0.686
115.619,0.712
115.638,0.686
115.655,0.699
115.655,0.699
115.673,0.647
115.690,0.699
115.690,0.647
115.709,0.556
115.729,0.660
115.729,0.582
115.747,0.336
115.747,0.608
115.765,0.427
115.784,0.324
115.784,0.492
115.803,0.233
115.822,0.544
115.822,0.155
115.842,0.518
115.842,0.621
115.861,0.466
115.880,0.621
115.881,0.414
115.898,0.595
115.918,0.686
115.918,0.582
115.937,0.673
115.937,0.699
115.955,0.647
115.973,0.699
115.973,0.699
115.991,0.699
116.010,0.712
116.010,0.686
116.029,0.699
116.047,0.686
116.047,0.647
116.065,0.699
116.084,0.660
116.085,0.569
116.103,0.686
116.122,0.582
116.122,0.388
116.140,0.621
116.140,0.453
116.157,0.285
116.174,0.492
116.193,0.194
116.193,0.531
116.211,0.207
116.211,0.492
116.230,0.621
116.249,0.440
116.249,0.608
116.268,0.362
116.286,0.582
116.286,0.673
116.304,0.556
116.324,0.660
116.324,0.699
116.342,0.647
116.359,0.699
116.359,0.712
116.377,0.686
116.394,0.712
116.394,0.699
116.413,0.712
116.432,0.712
116.432,0.660
116.450,0.699
116.450,0.673
116.467,0.582
116.485,0.686
116.485,0.595
116.504,0.414
116.522,0.621
116.522,0.479
116.540,0.207
116.558,0.518
116.558,0.207
116.575,0.505
116.593,0.246
116.593,0.453
116.611,0.621
116.628,0.414
116.628,0.595
116.647,0.336
116.664,0.569
116.664,0.660
116.682,0.544
116.699,0.660
116.699,0.699
116.717,0.647
116.737,0.699
116.737,0.712
116.757,0.686
116.779,0.712
116.779,0.699
116.800,0.712
116.800,0.699
116.819,0.660
116.819,0.712
116.838,0.686
116.856,0.608
116.856,0.686
116.874,0.621
116.891,0.453
116.891,0.634
116.911,0.492
116.929,0.168
116.929,0.544
116.949,0.194
116.967,0.479
116.967,0.298
116.985,0.440
117.003,0.608
117.003,0.349
117.020,0.595
117.020,0.272
117.038,0.556
117.056,0.660
117.056,0.518
117.074,0.647
117.093,0.699
117.093,0.634
117.110,0.686
117.129,0.712
117.129,0.686
117.146,0.712
117.165,0.686
117.165,0.699
117.183,0.712
117.203,0.673
117.203,0.712
117.220,0.673
117.240,0.608
117.240,0.686
117.256,0.621
117.276,0.479
117.276,0.647
117.296,0.531
117.296,0.155
117.314,0.556
117.333,0.233
117.333,0.466
117.352,0.349
117.371,0.388
117.371,0.595
117.388,0.311
117.407,0.569
117.407,0.246
117.425,0.556
117.444,0.660
117.444,0.608
117.463,0.634
117.463,0.712
117.482,0.621
117.500,0.686
117.500,0.699
117.518,0.686
117.536,0.712
117.536,0.699
117.554,0.699
117.574,0.712
117.574,0.673
117.592,0.699
117.609,0.673
117.609,0.608
117.628,0.686
117.647,0.634
117.647,0.505
117.665,0.647
117.665,0.531
117.684,0.220
117.703,0.569
117.703,0.311
117.722,0.440
117.740,0.401
117.740,0.349
117.759,0.582
117.759,0.233
117.779,0.556
117.796,0.181
117.796,0.518
117.815,0.647
117.832,0.479
117.832,0.621
117.850,0.699
117.869,0.608
117.869,0.686
117.887,0.699
117.904,0.673
117.904,0.712
117.922,0.712
117.941,0.699
117.941,0.712
117.959,0.686
117.978,0.725
117.978,0.699
117.996,0.621
118.014,0.699
118.014,0.634
118.032,0.531
118.053,0.660
118.053,0.556
118.071,0.272
118.071,0.582
118.090,0.336
118.109,0.401
118.109,0.414
118.127,0.298
118.145,0.556
118.145,0.181
118.165,0.531
118.165,0.647
118.183,0.492
118.202,0.621
118.202,0.466
118.220,0.608
118.238,0.686
118.238,0.595
118.256,0.673
118.276,0.699
118.276,0.660
118.294,0.699
118.312,0.699
118.312,0.699
118.330,0.712
118.348,0.686
118.348,0.712
118.367,0.699
118.385,0.634
118.385,0.712
118.403,0.660
118.403,0.544
118.420,0.673
118.438,0.569
118.456,0.311
118.456,0.595
118.475,0.505
118.476,0.349
118.493,0.453
118.512,0.246
118.512,0.556
118.529,0.168
118.547,0.531
118.548,0.647
118.565,0.479
118.582,0.634
118.582,0.427
118.600,0.608
118.618,0.673
118.619,0.582
118.637,0.673
118.654,0.686
118.655,0.660
118.672,0.699
118.690,0.712
118.690,0.686
118.711,0.725
118.734,0.686
118.734,0.712
118.758,0.699
118.759,0.634
118.780,0.686
118.780,0.673
118.799,0.556
118.799,0.673
118.817,0.582
118.839,0.362
118.839,0.608
118.864,0.427
118.864,0.285
118.883,0.492
118.883,0.181
118.901,0.531
118.920,0.155
118.921,0.492
118.940,0.634
118.940,0.466
118.959,0.621
118.976,0.401
118.976,0.699
118.994,0.673
119.012,0.569
119.012,0.660
119.031,0.699
119.049,0.647
119.049,0.686
119.068,0.712
119.086,0.699
119.086,0.699
119.104,0.686
119.122,0.712
119.122,0.699
119.143,0.660
119.143,0.699
119.163,0.660
119.179,0.582
119.180,0.725
119.198,0.595
119.218,0.401
119.218,0.621
119.243,0.466
119.243,0.233
119.261,0.505
119.261,0.155
119.279,0.518
119.298,0.194
119.298,0.479
119.318,0.621
119.336,0.427
119.337,0.608
119.358,0.349
119.358,0.582
119.378,0.673
119.400,0.556
119.400,0.660
119.427,0.699
119.427,0.647
119.427,0.686
119.447,0.699
119.465,0.699
119.465,0.712
119.483,0.699
119.502,0.712
119.502,0.686
119.520,0.660
119.539,0.712
119.539,0.673
119.558,0.595
119.558,0.686
119.576,0.608
119.595,0.440
119.595,0.634
119.614,0.492
119.633,0.220
119.633,0.531
119.651,0.207
119.671,0.492
119.671,0.285
119.693,0.440
119.694,0.621
119.714,0.362
119.714,0.582
119.735,0.311
119.755,0.569
119.755,0.660
119.775,0.531
119.775,0.647
119.793,0.699
119.812,0.725
119.812,0.699
119.830,0.712
119.848,0.686
119.848,0.712
119.867,0.699
119.867,0.712
119.887,0.699
119.904,0.673
119.904,0.712
119.924,0.673
119.943,0.595
119.943,0.686
119.964,0.621
119.964,0.466
119.984,0.647
120.004,0.505
120.004,0.699
120.023,0.544
120.023,0.220
120.043,0.479
120.063,0.311
120.063,0.427
120.081,0.595
120.100,0.349
120.100,0.582
120.118,0.259
120.118,0.544
120.137,0.660
120.156,0.518
120.156,0.647
120.175,0.699
120.195,0.621
120.195,0.686
120.214,0.712
120.214,0.673
120.234,0.712
120.253,0.699
120.253,0.712
120.272,0.712
120.272,0.673
120.292,0.712
120.313,0.686
120.313,0.621
120.333,0.699
120.333,0.634
120.358,0.492
120.358,0.647
120.379,0.531
120.397,0.181
120.397,0.556
120.416,0.298
120.416,0.440
120.433,0.388
120.451,0.375
120.451,0.595
120.470,0.285
120.487,0.569
120.487,0.194
120.506,0.544
120.524,0.647
120.524,0.492
120.541,0.634
120.559,0.699
120.559,0.608
120.577,0.686
120.595,0.699
120.595,0.673
120.617,0.712
120.635,0.725
120.635,0.712
120.653,0.712
120.672,0.673
120.672,0.699
120.690,0.686
120.690,0.621
120.707,0.699
120.729,0.634
120.729,0.518
120.749,0.647
120.749,0.544
120.767,0.220
120.792,0.582
120.792,0.324
120.812,0.401
120.812,0.414
120.833,0.324
120.833,0.569
120.853,0.233
120.874,0.544
120.874,0.194
120.896,0.518
120.896,0.634
120.916,0.479
120.916,0.621
120.936,0.686
120.954,0.608
120.955,0.686
120.974,0.699
120.992,0.673
120.992,0.686
121.010,0.712
121.010,0.699
121.029,0.712
121.049,0.686
121.049,0.712
121.067,0.699
121.084,0.634
121.086,0.699
121.104,0.647
121.122,0.544
121.122,0.673
121.141,0.569
121.159,0.272
121.159,0.595
121.178,0.375
121.178,0.388
121.198,0.453
121.215,0.285
121.215,0.569
121.234,0.207
121.253,0.582
121.253,0.647
121.272,0.492
121.289,0.634
121.290,0.440
121.310,0.621
121.310,0.686
121.328,0.595
121.346,0.673
121.346,0.712
121.364,0.673
121.382,0.712
121.382,0.712
121.401,0.699
121.420,0.712
121.420,0.686
121.437,0.699
121.455,0.699
121.455,0.634
121.473,0.699
121.490,0.660
121.490,0.556
121.508,0.673
121.526,0.595
121.526,0.349
121.544,0.621
121.562,0.427
121.562,0.336
121.580,0.466
121.597,0.220
121.597,0.544
121.614,0.168
121.633,0.505
121.633,0.634
121.651,0.453
121.668,0.621
121.668,0.414
121.687,0.595
121.704,0.673
121.704,0.582
121.722,0.673
121.739,0.712
121.739,0.673
121.758,0.699
121.777,0.712
121.777,0.699
121.794,0.712
121.814,0.699
121.814,0.712
121.831,0.712
121.849,0.660
121.849,0.712
121.866,0.673
121.886,0.569
121.886,0.686
121.903,0.595
121.921,0.375
121.921,0.621
121.938,0.440
121.956,0.285
121.956,0.505
121.974,0.168
121.993,0.531
121.993,0.207
122.012,0.505
122.012,0.634
122.029,0.453
122.046,0.621
122.046,0.608
122.064,0.595
122.082,0.686
122.100,0.569
122.100,0.660
122.117,0.699
122.136,0.647
122.136,0.699
122.153,0.725
122.171,0.699
122.171,0.712
122.188,0.699
122.208,0.712
122.208,0.699
122.227,0.647
122.227,0.712
122.244,0.673
122.263,0.569
122.263,0.673
122.281,0.608
122.300,0.440
122.300,0.621
122.321,0.492
122.321,0.181
122.339,0.531
122.357,0.142
122.357,0.518
122.377,0.259
122.394,0.466
122.395,0.634
122.412,0.401
122.431,0.595
122.431,0.324
122.450,0.569
122.467,0.673
122.467,0.544
122.485,0.660
122.503,0.699
122.503,0.634
122.520,0.699
122.539,0.699
122.539,0.686
122.558,0.725
122.576,0.699
122.576,0.712
122.594,0.712
122.595,0.660
122.614,0.725
122.633,0.686
122.633,0.595
122.652,0.686
122.670,0.608
122.670,0.453
122.690,0.634
122.707,0.505
122.707,0.142
122.726,0.531
122.726,0.194
122.745,0.492
122.764,0.311
122.764,0.518
122.783,0.608
122.801,0.375
122.801,0.582
122.819,0.272
122.837,0.556
122.837,0.660
122.856,0.544
122.874,0.647
122.874,0.699
122.892,0.634
122.893,0.686
122.912,0.712
122.928,0.673
122.928,0.699
122.948,0.699
122.965,0.712
122.965,0.699
122.985,0.673
123.005,0.699
123.005,0.686
123.025,0.621
123.025,0.699
123.267,0.621
123.267,0.479
123.267,0.647
123.267,0.518
123.267,0.142
123.267,0.556
123.267,0.259
123.267,0.466
123.267,0.362
123.267,0.401
123.267,0.595
123.267,0.298
123.267,0.569
123.267,0.194
123.267,0.556
123.267,0.660
123.267,0.505
123.267,0.634
123.267,0.699
123.268,0.621
123.285,0.686
